Name,Term,ES,NES,NOM p-val,FDR q-val,FWER p-val,Tag %,Gene %,Lead_genes
prerank,Regulation Of Myoblast Differentiation (GO:0045661),8.806813e-01,1.842821e+00,0.000000e+00,5.550108e-03,6.000000e-03,5/39,2.70%,RANBP3L;DPF3;SOX8;BOC;PLCB1
prerank,Positive Regulation Of Myoblast Differentiation (GO:0045663),9.137332e-01,1.796525e+00,0.000000e+00,1.156273e-02,2.200000e-02,4/29,2.70%,RANBP3L;DPF3;BOC;PLCB1
prerank,Mesenchymal Cell Differentiation (GO:0048762),8.620816e-01,1.787425e+00,2.178649e-03,1.017520e-02,2.800000e-02,11/40,7.64%,RANBP3L;TGFBR3;HGF;BMP7;FGFR2;SOX9;TRIM28;NOTCH4;TGFB2;S100A4;FGFR1
prerank,Regulation Of Smoothened Signaling Pathway (GO:0008589),8.465974e-01,1.733940e+00,0.000000e+00,4.416961e-02,1.460000e-01,7/36,6.40%,GLI3;RORA;FGFR2;ARMC9;PTCH1;PTCH2;TUBD1
prerank,Synaptic Vesicle Exocytosis (GO:0016079),-8.809387e-01,-1.717428e+00,0.000000e+00,9.941032e-02,7.900000e-02,15/32,6.28%,SYT1;CPLX1;SYT4;RAB3A;UNC13C;SYT5;SNAP25;STX19;RIMS3;CPLX2;SYT7;STX1B;RIMS1;CDK5;RIMS2
prerank,Regulation Of Secretion By Cell (GO:1903530),-8.307061e-01,-1.707090e+00,0.000000e+00,6.451096e-02,1.020000e-01,9/45,4.02%,SYT1;CPLX1;RAB3A;RAB3C;SCG5;SYN1;CPLX2;RIMS1;NSF
prerank,Regulation Of Regulated Secretory Pathway (GO:1903305),-8.957549e-01,-1.704851e+00,0.000000e+00,4.653249e-02,1.100000e-01,13/28,6.28%,SYT1;SYT4;RAB3A;SYT5;SYT13;RAB15;SYN1;RIMS3;SYT7;RIMS1;RPH3A;VPS18;RIMS2
prerank,Regulation Of Epithelial Cell Migration (GO:0010632),8.105241e-01,1.683171e+00,2.262443e-03,1.494829e-01,4.780000e-01,12/40,7.19%,SASH1;BMPER;EMP2;PLCG2;PTPRG;DOCK1;SOX9;DUSP10;PTN;ENPP2;DAB2IP;TGFB2
prerank,Regulation Of Osteoblast Differentiation (GO:0045667),7.507561e-01,1.679044e+00,0.000000e+00,1.356693e-01,5.140000e-01,16/65,6.08%,RANBP3L;YAP1;WWTR1;BMPR1B;PRKD1;FERMT2;GREM1;HGF;SMOC1;RORB;LTF;BMP7;FGFR2;TMEM64;SOX9;PTCH1
prerank,Regulation Of Catecholamine Secretion (GO:0050433),-9.092588e-01,-1.678522e+00,0.000000e+00,7.059191e-02,2.050000e-01,8/21,4.60%,SYT1;SYT4;SYT5;SYT13;CHRNB2;CHRNA4;SYT7;KCNB1
prerank,Regulation Of Vasculature Development (GO:1901342),8.668019e-01,1.678229e+00,0.000000e+00,1.186666e-01,5.200000e-01,6/23,7.56%,RAPGEF3;BMPER;GPNMB;FGF2;EMP2;PLXND1
prerank,Negative Regulation Of Osteoblast Differentiation (GO:0045668),8.786361e-01,1.675092e+00,2.212389e-03,1.118116e-01,5.450000e-01,6/23,6.08%,RANBP3L;GREM1;RORB;TMEM64;SOX9;PTCH1
prerank,Sensory Organ Development (GO:0007423),8.349946e-01,1.674011e+00,0.000000e+00,1.019575e-01,5.540000e-01,7/32,4.70%,BMPR1B;MEIS2;CPAMD8;SMOC1;ECE1;OLIG2;SOX2
prerank,Regulation Of Dopamine Secretion (GO:0014059),-9.337657e-01,-1.672054e+00,0.000000e+00,7.022176e-02,2.520000e-01,6/17,3.05%,SYT1;SYT4;SYT5;SYT13;CHRNB2;SYT7
prerank,ERBB Signaling Pathway (GO:0038127),8.073675e-01,1.668536e+00,0.000000e+00,1.034170e-01,5.900000e-01,13/41,8.22%,NRG3;EFEMP1;ERBB4;EGFR;AREG;GAB1;SLC30A10;PIK3CA;SOX9;TGFA;PLCE1;ERBIN;SOS1
prerank,Peptidyl-Tyrosine Phosphorylation (GO:0018108),7.719215e-01,1.665000e+00,2.386635e-03,1.011633e-01,6.200000e-01,17/50,8.70%,EFEMP1;ERBB4;EGFR;FYN;FGFR3;ALK;PDGFRB;FGFR2;PKDCC;IGF1R;PIBF1;RELN;EPHA3;FGFR1;DDR2;FER;INSR
prerank,Chemical Synaptic Transmission (GO:0007268),-6.754086e-01,-1.663063e+00,0.000000e+00,7.720163e-02,3.110000e-01,46/181,7.37%,GABRG2;SYT1;CPLX1;NSG1;GLRA3;UNC13C;SLC18A2;GABRA4;SNCG;SYT5;SLC32A1;TH;CBLN2;KIF5A;GRIN1;SCN2B;SLC1A1;CHRNB2;CHRNE;SNAP25;HTR2A;AMPH;GLRB;CACNA1E;CBLN1;SNCB;SYN1;CHRNA7;CHRNA4;DRD2;ERC2;SLC1A6;CHRNA6;CHRNB3;CACNB3;NTSR1;STXBP1;KCNMB1;DLG3;RIMBP2;CDK5;RIC3;BSN;HOMER1;GRIN3A;GLRA1
prerank,DNA Replication Initiation (GO:0006270),-9.232890e-01,-1.656931e+00,0.000000e+00,7.825919e-02,3.500000e-01,5/19,5.45%,MCM10;ORC6;CDC45;ORC1;MCM2
prerank,Extracellular Matrix Organization (GO:0030198),6.961333e-01,1.656597e+00,2.293578e-03,1.133147e-01,6.810000e-01,19/99,5.17%,FLRT2;COLGALT2;COL27A1;HPSE2;ADAMTS9;COL5A3;ELN;GREM1;MATN2;SMOC1;ADAMTS20;COL28A1;HMCN1;COL16A1;COL4A5;COL4A3;LAMC1;COL9A2;ADAMTS14
prerank,Establishment Of Epithelial Cell Polarity (GO:0090162),9.167210e-01,1.650414e+00,0.000000e+00,1.189716e-01,7.170000e-01,1/16,0.09%,PARD3
prerank,Negative Regulation Of Cell Differentiation (GO:0045596),6.618075e-01,1.640628e+00,0.000000e+00,1.368366e-01,7.900000e-01,21/135,7.13%,RANBP3L;YAP1;WWTR1;SOX8;MEIS2;EFEMP1;RORA;FERMT2;GREM1;EGFR;RORB;RUNX1T1;BMP7;SOX2;TMEM64;ZBTB16;SOX9;USF3;PTCH1;DAB2IP;NOTCH4
prerank,Embryonic Limb Morphogenesis (GO:0030326),8.567730e-01,1.636180e+00,2.100840e-03,1.430695e-01,8.240000e-01,6/21,7.43%,GLI3;ECE1;PTCH1;ZNF358;TGFB2;CACNA1C
prerank,Cartilage Development (GO:0051216),8.152925e-01,1.634921e+00,4.773270e-03,1.388105e-01,8.320000e-01,8/31,5.72%,NFIB;ITGB8;CHI3L1;FGFR3;FGF2;CD44;ZBTB16;SOX9
prerank,Regulated Exocytosis (GO:0045055),-8.031163e-01,-1.633512e+00,3.558719e-03,1.278322e-01,5.430000e-01,12/43,6.28%,CPLX1;RAB3A;SYT13;SNAP25;SYNGR3;RIMS3;CPLX2;RIMS1;STXBP1;PLEK;CDK5;RIMS2
prerank,Calcium-Ion Regulated Exocytosis (GO:0017156),-9.071079e-01,-1.627677e+00,0.000000e+00,1.343097e-01,6.040000e-01,8/19,3.20%,SYT1;SYT4;RAB3A;SYT5;SYT13;RIMS3;SYT7;RIMS1
prerank,Regulation Of SMAD Protein Signal Transduction (GO:0060390),8.606592e-01,1.625079e+00,2.247191e-03,1.592119e-01,8.830000e-01,3/19,3.49%,RBPMS;WWTR1;BMP7
prerank,BMP Signaling Pathway (GO:0030509),8.261775e-01,1.623960e+00,4.424779e-03,1.537072e-01,8.900000e-01,7/29,7.85%,TGFBR3;BMPR1B;RGMA;BMP7;RGMB;TGFB2;ACVR2B
prerank,Skeletal System Development (GO:0001501),7.029240e-01,1.623849e+00,0.000000e+00,1.457634e-01,8.900000e-01,19/80,8.45%,COL27A1;ITGB8;CHI3L1;GJA1;FBN1;FGFR3;CD44;KIAA1217;GLI2;BMP7;FGFR2;PKDCC;PTH1R;COL9A2;ZBTB16;SOX9;TGFB2;FGFR1;SOX5
prerank,Signal Release From Synapse (GO:0099643),-8.423351e-01,-1.621610e+00,1.745201e-03,1.429817e-01,6.580000e-01,10/31,5.74%,SYT1;CPLX1;RAB3A;SLC32A1;SNAP25;SYN1;CPLX2;RIMS1;STXBP1;CDK5
prerank,Mitotic Spindle Organization (GO:0007052),-7.159154e-01,-1.618647e+00,0.000000e+00,1.401743e-01,6.820000e-01,16/76,8.53%,CENPE;STMN1;KIF4A;MAP9;TTK;KIFC1;KIF11;DCTN2;NDC80;CCNB1;PLK3;KPNB1;DYNC1H1;CDCA8;SPC25;SBDS
prerank,Regulation Of Vesicle-Mediated Transport (GO:0060627),-7.276305e-01,-1.618087e+00,5.208333e-03,1.305201e-01,6.850000e-01,21/72,13.32%,SYT1;CPLX1;RAB3A;RAB3C;OCRL;CPLX2;NSF;PTPN1;RIMS2;AP2S1;PACSIN1;USP6;NELL1;BET1L;TPCN2;RINT1;RAB11A;SPHK1;DNAJC5;MAP2K2;RAB13
prerank,Negative Regulation Of Neurogenesis (GO:0050768),-8.667121e-01,-1.614678e+00,5.244755e-03,1.298354e-01,7.130000e-01,3/22,0.70%,IL1B;TNF;THY1
prerank,Oligodendrocyte Differentiation (GO:0048709),8.992601e-01,1.608574e+00,1.131222e-02,1.885649e-01,9.510000e-01,6/15,5.72%,SOX8;PTPRZ1;SOX13;MYRF;SOX10;SOX9
prerank,Positive Regulation Of DNA Repair (GO:0045739),6.912649e-01,1.604774e+00,4.662005e-03,1.931085e-01,9.580000e-01,6/79,2.20%,NPAS2;FMN2;DPF3;EYA1;EGFR;EYA2
prerank,Peptidyl-Tyrosine Modification (GO:0018212),7.686469e-01,1.603092e+00,1.190476e-02,1.904276e-01,9.610000e-01,14/43,8.70%,EFEMP1;ERBB4;EGFR;FYN;FGFR3;PDGFRB;FGFR2;PKDCC;RELN;EPHA3;FGFR1;DDR2;FER;INSR
prerank,Negative Regulation Of Smoothened Signaling Pathway (GO:0045879),8.800656e-01,1.602318e+00,4.535147e-03,1.846014e-01,9.610000e-01,5/20,6.24%,GLI3;RFX4;GLI2;PTCH1;PTCH2
prerank,Microtubule Cytoskeleton Organization Involved In Mitosis (GO:1902850),-7.584118e-01,-1.602136e+00,0.000000e+00,1.593134e-01,8.140000e-01,14/52,8.53%,CENPE;STMN1;KIF4A;TTK;KIF11;DCTN2;NDC80;CCNB1;PLK3;KPNB1;DYNC1H1;CDCA8;SPC25;SBDS
prerank,DNA-templated DNA Replication (GO:0006261),-7.337869e-01,-1.602083e+00,0.000000e+00,1.489040e-01,8.140000e-01,10/65,5.45%,MCM10;ORC6;CDC45;GINS2;MCM6;WDHD1;ORC1;BLM;RFC3;MCM2
prerank,Positive Regulation Of T Cell Activation (GO:0050870),-7.265244e-01,-1.600408e+00,3.442341e-03,1.458767e-01,8.230000e-01,13/75,9.75%,IL1B;THY1;HLA-DMA;CD80;CCL2;HLA-A;PRKCQ;PNP;CD1D;NOD2;RHOH;HLA-DQA1;TFRC
prerank,Neurotransmitter Secretion (GO:0007269),-8.151812e-01,-1.595954e+00,5.226481e-03,1.521637e-01,8.530000e-01,12/35,6.28%,SYT1;CPLX1;RAB3A;SLC32A1;SNAP25;SYN1;CPLX2;RIMS1;STXBP1;CDK5;RPH3A;RIMS2
prerank,Negative Regulation Of Cell Junction Assembly (GO:1901889),-8.682232e-01,-1.595511e+00,5.253940e-03,1.448265e-01,8.540000e-01,4/22,2.91%,DMTN;IL1B;TNF;ROBO2
prerank,DNA Metabolic Process (GO:0006259),-6.133810e-01,-1.595056e+00,0.000000e+00,1.388739e-01,8.560000e-01,25/251,6.08%,MCM10;ORC6;CHEK1;CDC45;POLQ;FANCA;NEIL3;MCM6;UBE2V2;GADD45A;TOP2A;FAM111B;TERF2IP;ISG20;CHRNA4;WDHD1;INSL6;BTG2;ORC1;XRCC3;BLM;RFC3;MCM2;PARP2;BRCA1
prerank,Adherens Junction Organization (GO:0034332),8.243078e-01,1.593343e+00,1.666667e-02,2.067801e-01,9.770000e-01,8/25,5.50%,FERMT2;CDH2;ZNF703;CDHR3;CDH10;CDH6;CDH26;TJP1
prerank,Intrinsic Apoptotic Signaling Pathway (GO:0097193),-6.941866e-01,-1.589526e+00,5.059022e-03,1.476878e-01,8.750000e-01,22/89,13.58%,MLLT11;MOAP1;BCL2A1;ATP2A3;SCN2A;E2F1;IFI6;BNIP3;IKBKE;HINT1;ZNF622;BRCA1;CUL1;CDKN1A;BAD;BCL2L2;CD24;MCL1;ZNF385B;PPP1R15A;ATF4;CYCS
prerank,Response To Organic Cyclic Compound (GO:0014070),-8.052221e-01,-1.588957e+00,7.285974e-03,1.420147e-01,8.770000e-01,10/34,3.71%,IL1B;TNF;SLC1A1;CDKN2D;FOXA1;CHRNB2;ABCB4;CCL3;DRD2;CCL2
prerank,DNA Integrity Checkpoint Signaling (GO:0031570),-8.033979e-01,-1.581231e+00,7.233273e-03,1.642578e-01,9.170000e-01,6/35,6.03%,CLSPN;CHEK1;CDC45;E2F1;ERCC6;PRPF19
prerank,Positive Regulation Of Signaling (GO:0023056),-8.198056e-01,-1.580865e+00,3.610108e-03,1.584496e-01,9.190000e-01,11/28,7.01%,SYT1;CLSTN3;CLSTN2;TNF;CD80;OCRL;RIMS3;RIMS1;NSF;RIMS2;HOMER1
prerank,Protein Depolymerization (GO:0051261),-8.579323e-01,-1.580646e+00,0.000000e+00,1.524204e-01,9.190000e-01,5/23,4.97%,STMN2;STMN1;DSTN;KIF18B;STMN3
prerank,Glial Cell Differentiation (GO:0010001),8.135259e-01,1.577898e+00,4.854369e-03,2.584130e-01,9.960000e-01,12/26,6.42%,NFIB;SOX8;PTPRZ1;ERBB3;MYRF;BCAN;SOX10;CDH2;SOX2;SOX9;GPR157;RELN
prerank,Cytoskeleton Organization (GO:0007010),-6.875173e-01,-1.577458e+00,1.745201e-03,1.564338e-01,9.320000e-01,12/91,7.35%,DMTN;RAC3;THY1;DIAPH3;CCL3;ARHGAP4;WASF3;CCL2;ANK1;MAST1;TNFAIP3;PACSIN1
prerank,Fibroblast Growth Factor Receptor Signaling Pathway (GO:0008543),8.466842e-01,1.576625e+00,1.372998e-02,2.543444e-01,9.970000e-01,5/20,4.25%,FLRT2;FGFR3;FGF2;FGFR2;FGF1
prerank,Mitotic G2/M Transition Checkpoint (GO:0044818),-7.726229e-01,-1.575422e+00,3.676471e-03,1.573319e-01,9.420000e-01,10/38,15.00%,CLSPN;CHEK1;ORC1;BLM;BRCA1;CDKN1A;NABP2;RINT1;PLK1;DEPDC1B
prerank,Mitotic Sister Chromatid Segregation (GO:0000070),-6.916730e-01,-1.570791e+00,3.565062e-03,1.675248e-01,9.550000e-01,24/94,13.79%,NCAPH;CENPE;MAP9;CENPK;NCAPG;KIFC1;CDCA5;KIF11;KIF18B;DCTN2;NDC80;CEP55;CCNB1;DSN1;TEX14;KPNB1;CDCA8;EML4;INO80;RAB11A;CENPI;NCAPG2;PLK1;BECN1
prerank,Cytoplasmic Translation (GO:0002181),6.691520e-01,1.570683e+00,0.000000e+00,2.688719e-01,9.990000e-01,45/88,19.62%,RPS27;RPL32;RPL37;RPLP2;RPS17;RPL30;RPS18;RPLP1;RPS28;RPL19;RPL28;FAU;RPL34;RPS8;RPS29;RPL7A;RPL10;RPS15;RPS15A;RPL36;RPS25;RPL31;RPL38;RPL41;RPL13;RPL23A;RPL11;RPL27;RPS14;RPL35;RPL37A;RPL35A;RPS19;RPL29;RPS27A;RPS4X;RPS5;RPS23;RACK1;RPS24;RPL18;RPS7;RPL12;RPS13;RPS11
prerank,Chloride Transmembrane Transport (GO:1902476),-7.826061e-01,-1.566238e+00,3.442341e-03,1.794069e-01,9.690000e-01,5/36,1.80%,GABRG2;GLRA3;GABRA4;SLC1A1;GLRB
prerank,Synaptic Vesicle Recycling (GO:0036465),-7.760413e-01,-1.565362e+00,3.710575e-03,1.765390e-01,9.690000e-01,11/38,7.35%,SYT1;RAB3A;SNCG;SYT5;SNCB;AP3B2;SYT7;CDK5;AP2S1;AP2M1;PACSIN1
prerank,Negative Regulation Of Cell Development (GO:0010721),-8.814222e-01,-1.561911e+00,8.635579e-03,1.844026e-01,9.750000e-01,2/16,0.62%,IL1B;TNF
prerank,Protein Secretion (GO:0009306),-7.370775e-01,-1.559693e+00,8.928571e-03,1.876651e-01,9.790000e-01,9/50,14.80%,RAB3A;RAB3C;PTPRN;RIMS2;NECAB3;SVBP;TVP23B;RAB13;PARK7
prerank,Monoatomic Anion Transmembrane Transport (GO:0098656),-7.741523e-01,-1.559236e+00,3.508772e-03,1.836183e-01,9.790000e-01,5/39,1.80%,GABRG2;GLRA3;GABRA4;SLC1A1;GLRB
prerank,Regulation Of Cell Migration (GO:0030334),5.677088e-01,1.559005e+00,0.000000e+00,3.096168e-01,9.990000e-01,43/316,6.42%,SASH1;LGR6;KANK1;PLXNB1;NTNG1;CTNNA2;SEMA4B;ERBB4;FERMT2;PTPRK;DAAM2;PRR5L;EGFR;HGF;FYN;NTRK3;MAGI2;GPNMB;PLXNA1;MITF;FRMD5;FGF2;CXCR4;TMEFF2;ALOX15B;ROR2;PDGFRB;PLEKHG3;SERPINE1;NEXN;ZNF703;FGF1;LIMCH1;SEMA3D;TJP1;IGF1R;RFFL;CD151;TNC;ADARB1;DUSP10;ENPP2;RELN
prerank,Positive Regulation Of Monooxygenase Activity (GO:0032770),-9.026018e-01,-1.557839e+00,0.000000e+00,1.833098e-01,9.800000e-01,3/17,0.62%,IL1B;GCH1;TNF
prerank,Synaptic Vesicle Cycle (GO:0099504),-8.138145e-01,-1.554512e+00,8.896797e-03,1.901425e-01,9.830000e-01,9/27,5.74%,CPLX1;RAB3A;SLC18A2;SLC32A1;SNAP25;CPLX2;SYT7;RIMS1;CDK5
prerank,Rho Protein Signal Transduction (GO:0007266),-7.572167e-01,-1.552488e+00,8.944544e-03,1.923544e-01,9.880000e-01,3/42,2.11%,AGTR1;ARHGDIG;ARHGAP4
prerank,Regulation Of DNA Repair (GO:0006282),6.448138e-01,1.548826e+00,7.125891e-03,3.498163e-01,1.000000e+00,10/117,5.74%,NPAS2;DPF3;EYA1;EGFR;SGF29;EYA2;TMEM98;KAT2B;KAT2A;TRIM28
prerank,Regulation Of Nitric Oxide Biosynthetic Process (GO:0045428),-8.058887e-01,-1.546863e+00,3.546099e-03,2.088968e-01,9.890000e-01,4/29,1.57%,IL1B;TNF;KLF2;CD36
prerank,Regulation Of Phagocytosis (GO:0050764),-7.706254e-01,-1.546783e+00,5.172414e-03,2.034510e-01,9.890000e-01,6/39,4.76%,IL1B;TNF;SYT7;FPR2;TUB;SLC11A1
prerank,Adenylate Cyclase-Inhibiting G Protein-Coupled Receptor Signaling Pathway (GO:0007193),-7.960631e-01,-1.546733e+00,5.208333e-03,1.982084e-01,9.890000e-01,5/28,4.11%,AKAP12;MARCO;DRD2;FPR2;OPRM1
prerank,Cellular Response To BMP Stimulus (GO:0071773),7.800858e-01,1.545924e+00,1.555556e-02,3.511985e-01,1.000000e+00,8/32,7.85%,TGFBR3;BMPR1B;RGMA;BMP7;SOX9;RGMB;TGFB2;ACVR2B
prerank,Negative Regulation Of Epithelial Cell Proliferation (GO:0050680),7.135237e-01,1.544190e+00,1.327434e-02,3.484632e-01,1.000000e+00,13/48,7.19%,NFIB;TGFBR3;PTPRK;RGCC;NUPR1;FGFR2;SPARC;SOX2;SOX9;DUSP10;RUNX3;DAB2IP;TGFB2
prerank,Limb Development (GO:0060173),8.465282e-01,1.544074e+00,1.293103e-02,3.379207e-01,1.000000e+00,7/19,7.66%,GLI3;GREM1;SMOC1;KAT2B;KAT2A;PTCH1;LRP4
prerank,Anterograde Trans-Synaptic Signaling (GO:0098916),-6.563212e-01,-1.543889e+00,1.730104e-03,2.049491e-01,9.900000e-01,33/122,7.37%,SYT1;CPLX1;GLRA3;UNC13C;SLC18A2;SNCG;SYT5;KIF5A;GRIN1;SCN2B;SLC1A1;CHRNB2;CHRNE;SNAP25;HTR2A;AMPH;GLRB;CACNA1E;CBLN1;SNCB;SYN1;CHRNA4;SLC1A6;CHRNA6;CHRNB3;CACNB3;NTSR1;KCNMB1;DLG3;CDK5;BSN;HOMER1;GLRA1
prerank,Regulation Of Calcium Ion-Dependent Exocytosis (GO:0017158),-8.375919e-01,-1.543024e+00,5.484461e-03,2.033417e-01,9.900000e-01,9/22,5.99%,SYT1;SYT4;SYT5;SYT13;SYT7;SCAMP5;KCNB1;STXBP1;RPH3A
prerank,Mitotic G2 DNA Damage Checkpoint Signaling (GO:0007095),-8.100455e-01,-1.542985e+00,5.607477e-03,1.985627e-01,9.900000e-01,5/26,7.25%,CLSPN;CHEK1;BLM;BRCA1;CDKN1A
prerank,Visual System Development (GO:0150063),8.110194e-01,1.542601e+00,1.576577e-02,3.358937e-01,1.000000e+00,6/24,7.19%,BMPR1B;MEIS2;CPAMD8;SMOC1;SOX2;TGFB2
prerank,Establishment Of Protein Localization To Extracellular Region (GO:0035592),-7.751977e-01,-1.542509e+00,1.036269e-02,1.952703e-01,9.900000e-01,6/33,13.32%,RAB3A;RAB3C;NECAB3;SVBP;TVP23B;RAB13
prerank,Smoothened Signaling Pathway (GO:0007224),7.885747e-01,1.540980e+00,9.280742e-03,3.338499e-01,1.000000e+00,5/25,6.85%,GLI3;GLI2;PTCHD1;PTCH1;DYRK2
prerank,Ventricular Cardiac Muscle Tissue Morphogenesis (GO:0055010),8.350233e-01,1.540548e+00,2.164502e-02,3.263728e-01,1.000000e+00,7/19,8.38%,TGFBR3;ZFPM2;FGFR2;LRP2;TGFB2;PROX1;RYR2
prerank,Positive Regulation Of Nitric Oxide Metabolic Process (GO:1904407),-8.526071e-01,-1.539072e+00,1.065719e-02,2.028049e-01,9.940000e-01,4/20,1.57%,IL1B;TNF;KLF2;CD36
prerank,Cellular Response To Ketone (GO:1901655),7.833148e-01,1.538221e+00,2.380952e-02,3.287154e-01,1.000000e+00,3/30,4.57%,ADCY8;ADCY2;AQP1
prerank,Regulation Of Wnt Signaling Pathway (GO:0030111),6.705122e-01,1.537013e+00,9.615385e-03,3.248813e-01,1.000000e+00,9/70,4.42%,CTNND2;LGR6;KANK1;DAAM2;AMER2;TCF7L1;FGFR2;ZNF703;TLE1
prerank,Regulation Of Cell Motility (GO:2000145),6.511333e-01,1.536007e+00,1.098901e-02,3.203970e-01,1.000000e+00,12/84,7.56%,PLXNB1;ERBB4;FYN;PLXNA1;FRMD5;FGF2;PLEKHG3;NEXN;FGF1;TNC;ENPP2;PLXND1
prerank,Regulation Of Chondrocyte Differentiation (GO:0032330),8.536923e-01,1.534988e+00,1.511879e-02,3.160241e-01,1.000000e+00,6/16,5.72%,BMPR1B;EFEMP1;GREM1;PKDCC;ZBTB16;SOX9
prerank,Regulation Of Peptide Hormone Secretion (GO:0090276),-8.118122e-01,-1.533315e+00,1.289134e-02,2.193949e-01,9.950000e-01,4/27,3.05%,IL1B;TNF;SNAP25;SYT7
prerank,Positive Regulation Of Protein Localization To Nucleus (GO:1900182),6.978569e-01,1.532805e+00,2.050114e-02,3.172812e-01,1.000000e+00,3/59,0.98%,YAP1;WWTR1;FERMT2
prerank,Inorganic Anion Transmembrane Transport (GO:0098661),-7.430960e-01,-1.529211e+00,5.235602e-03,2.302888e-01,9.970000e-01,10/47,9.12%,GABRG2;GLRA3;GABRA4;SLC1A1;GLRB;SLC25A3;GLRA1;GABRA1;SLC20A1;GABRB3
prerank,Positive Regulation Of Nitric Oxide Biosynthetic Process (GO:0045429),-8.596967e-01,-1.529014e+00,3.629764e-03,2.261562e-01,9.970000e-01,4/19,1.57%,IL1B;TNF;KLF2;CD36
prerank,Cellular Response To Lipopolysaccharide (GO:0071222),-6.766482e-01,-1.527057e+00,8.375209e-03,2.295348e-01,9.970000e-01,18/88,13.22%,IL1B;IL1A;TNF;CCL3;CXCL10;CD80;ZFP36;IL10;CCL2;MYD88;TNFAIP3;NOD2;PPM1E;LYN;LDOC1;NLRP3;ZC3H12A;TNIP2
prerank,Regulation Of Proteolysis Involved In Protein Catabolic Process (GO:1903050),-8.426414e-01,-1.526984e+00,8.818342e-03,2.250613e-01,9.970000e-01,3/20,3.11%,PINK1;UBB;ATP5IF1
prerank,Negative Regulation Of Peptidyl-Tyrosine Phosphorylation (GO:0050732),-8.267687e-01,-1.526172e+00,7.366483e-03,2.239862e-01,9.970000e-01,9/23,10.09%,DMTN;THY1;OCRL;SOCS3;PARP14;SAMSN1;SH2B3;PTPN2;PPP2R1A
prerank,Positive Regulation Of Release Of Cytochrome C From Mitochondria (GO:0090200),-8.331754e-01,-1.525256e+00,1.234568e-02,2.229329e-01,9.980000e-01,5/21,5.26%,MLLT11;MOAP1;PINK1;BNIP3;PPIF
prerank,Regulation Of Cell Morphogenesis (GO:0022604),8.006544e-01,1.524641e+00,1.357466e-02,3.463177e-01,1.000000e+00,5/27,5.38%,NTNG1;FERMT2;CD44;SPARC;SH3D19
prerank,Negative Regulation Of DNA Recombination (GO:0045910),-8.026985e-01,-1.523827e+00,8.944544e-03,2.244094e-01,9.980000e-01,4/26,5.10%,POLQ;TERF2IP;INSL6;BLM
prerank,Regulation Of Cellular Metabolic Process (GO:0031323),-7.655502e-01,-1.522827e+00,1.301115e-02,2.238969e-01,9.980000e-01,3/38,1.61%,SLC2A6;PINK1;PGAM1
prerank,Regulation Of Phosphatidylinositol 3-Kinase Signaling (GO:0014066),6.694061e-01,1.521716e+00,7.125891e-03,3.515289e-01,1.000000e+00,20/67,8.70%,PLXNB1;RAPGEF3;EGFR;HGF;ERBB3;NTRK3;ROR1;FGF2;ROR2;PDGFRB;PPP1R16B;IGF1R;SOX9;DAB2IP;TGFB2;FGFR1;DDR2;NTRK2;PTPN13;INSR
prerank,cAMP-mediated Signaling (GO:0019933),8.286060e-01,1.518319e+00,2.888889e-02,3.583692e-01,1.000000e+00,3/18,1.07%,PDE7B;ADCY2;RAPGEF3
prerank,Negative Regulation Of Mitotic Metaphase/Anaphase Transition (GO:0045841),-8.115150e-01,-1.517359e+00,2.018349e-02,2.407637e-01,1.000000e+00,7/23,8.48%,BUB1;BUB1B;MAD2L1;TTK;NDC80;TEX14;SPC25
prerank,Regulation Of Canonical Wnt Signaling Pathway (GO:0060828),6.024815e-01,1.515758e+00,4.914005e-03,3.614508e-01,1.000000e+00,27/152,6.84%,GLI3;CTNND2;LGR6;WWTR1;GPC5;KANK1;GPRC5B;GREM1;DAAM2;LGR5;EGFR;SOX13;MLLT3;LYPD6;AMER2;LGR4;SHISA6;FGFR2;ZNF703;TLE1;SOX2;LZTS2;TMEM64;SOX9;APC2;RNF220;DAB2IP
prerank,Epidermal Growth Factor Receptor Signaling Pathway (GO:0007173),7.552026e-01,1.513391e+00,2.217295e-02,3.639843e-01,1.000000e+00,11/34,8.22%,EFEMP1;EGFR;AREG;GAB1;SLC30A10;PIK3CA;SOX9;TGFA;PLCE1;ERBIN;SOS1
prerank,Chondrocyte Differentiation (GO:0002062),8.214252e-01,1.512773e+00,4.035874e-02,3.586858e-01,1.000000e+00,3/19,2.14%,NFIB;BMPR1B;FGFR3
prerank,Pyruvate Metabolic Process (GO:0006090),-7.601685e-01,-1.512063e+00,1.792115e-02,2.585530e-01,1.000000e+00,18/35,17.59%,ENO2;PGAM1;GAPDHS;HK3;LDHB;HK2;GAPDH;HK1;LDHA;PFKFB2;ENO4;PFKM;PKM;TPI1;SDS;NR4A3;PGK1;PDHB
prerank,Glycolytic Process (GO:0006096),-8.120606e-01,-1.510800e+00,1.384083e-02,2.590052e-01,1.000000e+00,13/21,15.34%,ENO2;PGAM1;GAPDHS;HK3;HK2;GAPDH;HK1;LDHA;PFKFB2;ENO4;PFKM;PKM;TPI1
prerank,Sister Chromatid Segregation (GO:0000819),-7.755059e-01,-1.510345e+00,2.380952e-02,2.562686e-01,1.000000e+00,10/29,13.56%,CENPK;TOP2A;KIFC1;KIF18B;NDC80;DSN1;INO80;CENPI;NCAPG2;PLK1
prerank,Bone Development (GO:0060348),7.711638e-01,1.510182e+00,3.803132e-02,3.628432e-01,1.000000e+00,5/24,4.11%,RANBP3L;GJA1;FGFR3;LTF;FGFR2
prerank,Carbohydrate Catabolic Process (GO:0016052),-7.688408e-01,-1.509755e+00,8.896797e-03,2.541847e-01,1.000000e+00,13/29,15.34%,ENO2;PGAM1;GAPDHS;HK3;HK2;GAPDH;HK1;LDHA;PFKFB2;ENO4;PFKM;PKM;TPI1
prerank,Regulation Of Dendrite Extension (GO:1903859),-8.805844e-01,-1.509695e+00,5.084746e-03,2.459626e-01,1.000000e+00,6/15,10.08%,SYT1;SYT4;RIMS1;RIMS2;UNC13A;CPNE6
prerank,Positive Regulation Of Dendrite Extension (GO:1903861),-8.805844e-01,-1.509695e+00,5.084746e-03,2.459626e-01,1.000000e+00,6/15,10.08%,SYT1;SYT4;RIMS1;RIMS2;UNC13A;CPNE6
prerank,Positive Regulation Of Cell Communication (GO:0010647),-8.508708e-01,-1.509337e+00,9.041591e-03,2.433438e-01,1.000000e+00,9/20,7.01%,SYT1;CLSTN3;CLSTN2;TNF;CD80;RIMS3;RIMS1;RIMS2;HOMER1
prerank,Connective Tissue Development (GO:0061448),7.666055e-01,1.508231e+00,2.558140e-02,3.636863e-01,1.000000e+00,6/28,5.72%,SOX8;ITGB8;CHI3L1;CD44;ZBTB16;SOX9
prerank,Gliogenesis (GO:0042063),8.400176e-01,1.502575e+00,2.505695e-02,3.820513e-01,1.000000e+00,6/16,7.86%,NFIB;BCAN;CDH2;RELN;TGFB2;CD9
prerank,Maintenance Of Protein Localization In Organelle (GO:0072595),-8.657185e-01,-1.499675e+00,1.950355e-02,2.795070e-01,1.000000e+00,4/15,9.66%,PINK1;HK2;SKP1;HK1
prerank,Regulation Of Microtubule Polymerization Or Depolymerization (GO:0031110),-8.217548e-01,-1.498794e+00,9.293680e-03,2.787344e-01,1.000000e+00,7/21,4.97%,STMN2;MAP1A;MAP1B;STMN1;MAPRE3;MAP2;STMN3
prerank,Regulation Of Postsynaptic Membrane Potential (GO:0060078),-8.121695e-01,-1.498452e+00,9.157509e-03,2.754515e-01,1.000000e+00,9/25,8.30%,GABRG2;GABRA4;GRIN1;MAPK8IP2;CHRNA4;DRD2;GLRA1;GRIN2B;GABRA1
prerank,DNA Replication (GO:0006260),-6.805737e-01,-1.498329e+00,9.107468e-03,2.716268e-01,1.000000e+00,8/64,6.76%,CHEK1;MCM6;FAM111B;WDHD1;BLM;RFC3;MCM2;RNASEH1
prerank,Regulation Of Chromosome Segregation (GO:0051983),-8.262025e-01,-1.497612e+00,2.075472e-02,2.703115e-01,1.000000e+00,5/22,3.72%,BUB1;NCAPH;NCAPG;MKI67;CDCA2
prerank,Signal Transduction In Response To DNA Damage (GO:0042770),-7.102419e-01,-1.497284e+00,1.230228e-02,2.675458e-01,1.000000e+00,10/53,8.25%,CLSPN;CHEK1;GADD45A;E2F1;E2F7;BATF;ERCC6;PRPF19;MAPK12;GRB2
prerank,Transmembrane Receptor Protein Serine/Threonine Kinase Signaling Pathway (GO:0007178),6.413037e-01,1.493956e+00,1.392111e-02,4.155366e-01,1.000000e+00,7/78,3.49%,TGFBR3;BMPR1B;RGMA;FERMT2;PTPRK;MAGI2;BMP7
prerank,Negative Regulation Of miRNA Metabolic Process (GO:2000629),8.231991e-01,1.493624e+00,2.293578e-02,4.086222e-01,1.000000e+00,2/20,5.72%,NFIB;SOX9
prerank,Tight Junction Assembly (GO:0120192),7.480076e-01,1.493551e+00,2.325581e-02,4.010487e-01,1.000000e+00,7/29,5.53%,PARD3;MPDZ;FRMPD2;CLDN9;MICALL2;OCLN;CLDN12
prerank,Receptor Recycling (GO:0001881),-8.588137e-01,-1.493251e+00,1.245552e-02,2.808523e-01,1.000000e+00,2/16,7.94%,NSG1;PHETA1
prerank,Negative Regulation Of Intracellular Protein Transport (GO:0090317),-8.003676e-01,-1.492507e+00,2.333932e-02,2.795682e-01,1.000000e+00,2/22,3.31%,DMTN;SIAH3
prerank,Positive Regulation Of Programmed Cell Death (GO:0043068),-5.961434e-01,-1.491792e+00,1.712329e-03,2.786125e-01,1.000000e+00,27/194,10.95%,MLLT11;PNMA3;TNF;MOAP1;PNMA2;BCL2A1;ADAMTSL4;FOXA1;MELK;OLFM1;GADD45A;TOP2A;E2F1;BNIP3;SMPD1;CLIP3;SOD1;ZNF622;GADD45B;PHLDA1;TNFRSF8;BAD;MTCH1;PNMA1;SAP18;NEURL1;MCL1
prerank,Regulation Of Neurotransmitter Secretion (GO:0046928),-7.829615e-01,-1.490750e+00,1.950355e-02,2.788021e-01,1.000000e+00,8/26,6.28%,CPLX1;SYN1;RIMS3;CPLX2;STX1B;RIMS1;VPS18;RIMS2
prerank,Spindle Assembly Checkpoint Signaling (GO:0071173),-8.202388e-01,-1.490658e+00,1.855288e-02,2.677212e-01,1.000000e+00,7/21,8.48%,BUB1;BUB1B;MAD2L1;TTK;NDC80;TEX14;SPC25
prerank,Mitotic Spindle Checkpoint Signaling (GO:0071174),-8.202388e-01,-1.490658e+00,1.855288e-02,2.677212e-01,1.000000e+00,7/21,8.48%,BUB1;BUB1B;MAD2L1;TTK;NDC80;TEX14;SPC25
prerank,Mitotic Spindle Assembly Checkpoint Signaling (GO:0007094),-8.202388e-01,-1.490658e+00,1.855288e-02,2.677212e-01,1.000000e+00,7/21,8.48%,BUB1;BUB1B;MAD2L1;TTK;NDC80;TEX14;SPC25
prerank,mRNA Stabilization (GO:0048255),-7.358926e-01,-1.488308e+00,1.763668e-02,2.741215e-01,1.000000e+00,7/37,5.44%,ZFP36;DND1;E2F1;SLC11A1;FUS;MYD88;ELAVL4
prerank,Cell-Cell Junction Assembly (GO:0007043),6.911135e-01,1.487960e+00,1.975309e-02,4.193997e-01,1.000000e+00,13/50,7.86%,CTNND2;MPDZ;GJA1;CDH2;ZNF703;CDHR3;CDH10;CDH6;CDH26;TJP1;CLDN12;PKP4;CD9
prerank,Regulation Of Cell Death (GO:0010941),-7.577522e-01,-1.487545e+00,6.993007e-03,2.733572e-01,1.000000e+00,4/36,3.17%,SNCG;SNCB;CHRNA7;DHCR24
prerank,Negative Regulation Of miRNA Transcription (GO:1902894),8.232095e-01,1.486563e+00,2.471910e-02,4.180568e-01,1.000000e+00,2/19,5.72%,NFIB;SOX9
prerank,Regulation Of DNA Biosynthetic Process (GO:2000278),7.561843e-01,1.485888e+00,2.386117e-02,4.140044e-01,1.000000e+00,5/28,3.40%,HGF;FGF2;RGCC;JADE2;PDGFRB
prerank,Cilium Movement (GO:0003341),7.840116e-01,1.482018e+00,2.528736e-02,4.252605e-01,1.000000e+00,10/25,12.63%,CFAP54;DNAH7;DNAH5;CCDC40;HYDIN;DNAH9;CFAP61;CFAP70;DNAAF2;CFAP53
prerank,Regulation Of Establishment Of Cell Polarity (GO:2000114),8.438249e-01,1.481799e+00,2.850356e-02,4.187735e-01,1.000000e+00,2/15,3.53%,KANK1;PLEKHG3
prerank,Regulation Of Nitric-Oxide Synthase Activity (GO:0050999),-8.100842e-01,-1.481278e+00,2.189781e-02,2.969369e-01,1.000000e+00,4/22,0.62%,IL1B;GCH1;IL1A;TNF
prerank,Cytoskeleton-Dependent Intracellular Transport (GO:0030705),-8.210686e-01,-1.478278e+00,1.069519e-02,3.059223e-01,1.000000e+00,7/20,10.99%,TUBB2A;TUBA1A;DYNC1I1;KIF1A;HOOK1;HOOK2;TUBA1B
prerank,Negative Regulation Of B Cell Activation (GO:0050869),-8.535862e-01,-1.477406e+00,1.648352e-02,3.060406e-01,1.000000e+00,7/15,9.44%,TNFRSF21;ID2;IL10;TNFAIP3;SAMSN1;INHBA;LYN
prerank,Positive Regulation Of Nitrogen Compound Metabolic Process (GO:0051173),-7.825611e-01,-1.477094e+00,2.456140e-02,3.037062e-01,1.000000e+00,5/25,2.85%,AGTR1;TNF;KLF2;UHRF1;CHRNA7
prerank,Regulation Of Protein Localization To Nucleus (GO:1900180),7.125088e-01,1.475312e+00,4.608295e-02,4.414409e-01,1.000000e+00,5/39,4.50%,YAP1;WWTR1;FERMT2;OTUD7B;MFHAS1
prerank,Anterograde Axonal Transport (GO:0008089),-7.566430e-01,-1.474302e+00,1.940035e-02,3.124683e-01,1.000000e+00,8/33,5.89%,NEFL;MAP1A;KIF5A;KIF4A;AP3B2;KIF3A;KIF1A;SOD1
prerank,Positive Regulation Of Lymphocyte Proliferation (GO:0050671),-7.062670e-01,-1.473751e+00,2.376910e-02,3.110653e-01,1.000000e+00,15/49,19.25%,IL1B;CHRNB2;CD80;PNP;GPR183;CD1D;TFRC;NCK2;IL7;SLC7A1;CD40;FCGR3A;ZNF335;NCKAP1L;SASH3
prerank,Amyloid Precursor Protein Metabolic Process (GO:0042982),-8.363983e-01,-1.473056e+00,2.401372e-02,3.100318e-01,1.000000e+00,2/16,0.71%,NSG1;ACHE
prerank,Microtubule Polymerization Or Depolymerization (GO:0031109),-7.929252e-01,-1.471920e+00,3.171642e-02,3.114823e-01,1.000000e+00,6/23,4.97%,STMN2;STMN1;TPPP3;KIF18B;PIN1;STMN3
prerank,Positive Regulation Of Cell Cycle Process (GO:0090068),-6.488611e-01,-1.470268e+00,2.112676e-02,3.154037e-01,1.000000e+00,14/84,8.34%,IL1B;IL1A;NCAPH;NCAPG;MAD2L1;NPM2;DRD2;E2F7;PLK4;XRCC3;NDC80;CIT;DYNC1H1;CDCA8
prerank,Response To Lipid (GO:0033993),-6.653075e-01,-1.468887e+00,1.136364e-02,3.181379e-01,1.000000e+00,7/74,4.76%,IL1B;GCH1;CDKN2D;FOXA1;CD36;GPX3;SLC11A1
prerank,Chloride Transport (GO:0006821),-6.889655e-01,-1.467375e+00,2.680067e-02,3.209193e-01,1.000000e+00,5/54,1.80%,GABRG2;GLRA3;GABRA4;SLC1A1;GLRB
prerank,Exocytosis (GO:0006887),-6.691065e-01,-1.466751e+00,2.094241e-02,3.198319e-01,1.000000e+00,12/71,5.99%,CPLX1;RAB3A;SNAP25;SYNGR3;CCL3;STX19;STX1B;RIMS1;ANK1;NSF;CADPS;RPH3A
prerank,Regulation Of Establishment Or Maintenance Of Cell Polarity (GO:0032878),8.361084e-01,1.466662e+00,4.838710e-02,4.766038e-01,1.000000e+00,3/15,5.08%,KANK1;PLEKHG3;LLGL1
prerank,Regulation Of Microtubule-Based Process (GO:0032886),7.282805e-01,1.466454e+00,3.809524e-02,4.697087e-01,1.000000e+00,8/37,8.50%,MPDZ;FRMPD2;MAPT;MEMO1;PHLDB1;EPHA3;BICD1;FAM107A
prerank,Base-Excision Repair (GO:0006284),-7.470675e-01,-1.465137e+00,2.564103e-02,3.231557e-01,1.000000e+00,7/33,14.86%,POLQ;NEIL3;ERCC6;LIG3;LIG1;RPA3;APEX1
prerank,Regulation Of Type II Interferon Production (GO:0032649),-6.884440e-01,-1.464451e+00,1.798561e-02,3.226617e-01,1.000000e+00,15/61,12.33%,IL1B;IL18R1;CD244;HLA-A;SLC11A1;ISG15;ZFPM1;HAVCR2;INHBA;BTN3A1;CR1;IL12RB1;SLC7A5;BTN3A2;ZC3H12A
prerank,Cellular Response To Molecule Of Bacterial Origin (GO:0071219),-6.667915e-01,-1.464448e+00,1.528014e-02,3.190766e-01,1.000000e+00,18/80,14.89%,IL1B;IL1A;CXCL10;CD80;ZFP36;IL10;CCL2;MYD88;TNFAIP3;NOD2;PPM1E;LDOC1;NLRP3;TLR2;ZC3H12A;TNIP2;CX3CR1;ADAM9
prerank,Regulation Of Monoatomic Ion Transmembrane Transporter Activity (GO:0032412),-6.969477e-01,-1.463410e+00,2.772964e-02,3.199399e-01,1.000000e+00,15/52,9.57%,SCN3B;SCN2B;PRRT1;MAPK8IP2;FGF12;OPRM1;CACNG8;PPIF;FHL1;CACNG2;HOMER1;FXYD7;YWHAE;GSG1L;TRPC6
prerank,Regulation Of Protein Localization To Cell Surface (GO:2000008),-7.631252e-01,-1.463200e+00,3.096539e-02,3.173475e-01,1.000000e+00,5/29,7.76%,TNF;MAP1A;TMEM35A;RIC3;BDNF
prerank,Positive Regulation Of Phosphatidylinositol 3-Kinase Activity (GO:0043552),7.986390e-01,1.462491e+00,3.782506e-02,4.818737e-01,1.000000e+00,4/18,3.40%,PRKD1;FGFR3;FGF2;PDGFRB
prerank,Positive Regulation Of Protein Localization To Plasma Membrane (GO:1903078),6.913624e-01,1.458934e+00,3.539823e-02,4.918261e-01,1.000000e+00,4/42,1.25%,DPP10;SORBS1;LGALS3;EGFR
prerank,Circulatory System Development (GO:0072359),6.036005e-01,1.458533e+00,1.941748e-02,4.859575e-01,1.000000e+00,23/91,8.83%,ERBB4;CRB2;GJA1;ERBB3;NTRK3;PDLIM3;FBN1;ZFPM2;GLI2;ECE1;PIK3CA;DVL2;KAT2B;KAT2A;SOX9;APLNR;PLCE1;NOTCH4;LDB3;TGFB2;CACNA1C;SLC2A12;DVL1
prerank,Positive Regulation Of Type II Interferon Production (GO:0032729),-7.108855e-01,-1.456900e+00,3.035714e-02,3.411359e-01,1.000000e+00,10/41,11.93%,IL1B;IL18R1;CD244;HLA-A;SLC11A1;ISG15;ZFPM1;IL12RB1;SLC7A5;BTN3A2
prerank,Regulation Of Glucose Metabolic Process (GO:0010906),7.471328e-01,1.455637e+00,5.034325e-02,4.926155e-01,1.000000e+00,2/25,1.24%,RORA;SLC45A3
prerank,Regulation Of Protein Serine/Threonine Kinase Activity (GO:0071900),-6.381564e-01,-1.455136e+00,8.591065e-03,3.455060e-01,1.000000e+00,15/89,7.25%,THY1;CDK5R2;CDKN2D;SLC8A2;GADD45A;CALM3;HRAS;EZH2;CALM1;CDC37;CDC25C;BLM;CDK5R1;CCNB1;CDKN1A
prerank,Positive Regulation Of Phagocytosis (GO:0050766),-7.347337e-01,-1.454313e+00,2.604167e-02,3.454648e-01,1.000000e+00,6/37,4.76%,IL1B;TNF;FPR2;CCL2;TUB;SLC11A1
prerank,Zinc Ion Transmembrane Transport (GO:0071577),8.016870e-01,1.453824e+00,5.392157e-02,4.934046e-01,1.000000e+00,2/15,3.08%,SLC39A12;SLC30A10
prerank,Positive Regulation Of Protein Localization To Cell Periphery (GO:1904377),6.845444e-01,1.452611e+00,5.580357e-02,4.914088e-01,1.000000e+00,4/43,1.25%,DPP10;SORBS1;LGALS3;EGFR
prerank,Regulation Of Protein Deacetylation (GO:0090311),8.005093e-01,1.452107e+00,8.370044e-02,4.864767e-01,1.000000e+00,3/15,5.60%,SGF29;KAT2B;KAT2A
prerank,Negative Regulation Of Protein Localization To Membrane (GO:1905476),-7.925060e-01,-1.451626e+00,3.157895e-02,3.535214e-01,1.000000e+00,3/22,9.88%,DMTN;AP2M1;MRAP2
prerank,Lymphocyte Chemotaxis (GO:0048247),-8.388832e-01,-1.451292e+00,2.877698e-02,3.512723e-01,1.000000e+00,7/16,8.19%,CH25H;CCL3;CXCL10;CCL2;CCL3L1;GPR183;HSD3B7
prerank,Negative Regulation Of Notch Signaling Pathway (GO:0045746),-8.195922e-01,-1.451241e+00,2.898551e-02,3.479253e-01,1.000000e+00,4/19,4.32%,NRARP;DLK1;EGFL7;BEND6
prerank,Neural Crest Cell Development (GO:0014032),6.978537e-01,1.448939e+00,4.555809e-02,4.942453e-01,1.000000e+00,6/36,5.35%,SOX8;SEMA4B;ERBB4;SOX10;CDH2;SEMA3D
prerank,Positive Regulation Of Interleukin-2 Production (GO:0032743),-7.958243e-01,-1.448231e+00,2.961672e-02,3.579135e-01,1.000000e+00,4/23,6.11%,IL1B;IL1A;CD80;PNP
prerank,Acylglycerol Metabolic Process (GO:0006639),7.462461e-01,1.448143e+00,5.183585e-02,4.908762e-01,1.000000e+00,6/25,12.31%,DGKG;DGKB;APOC1;DGKI;APOE;DGAT1
prerank,Regulation Of Microtubule Depolymerization (GO:0031114),-7.913372e-01,-1.448009e+00,3.663004e-02,3.553073e-01,1.000000e+00,3/21,1.23%,STMN2;MAP1A;MAP1B
prerank,Positive Regulation Of Reactive Oxygen Species Metabolic Process (GO:2000379),-7.090145e-01,-1.446566e+00,3.717472e-02,3.579253e-01,1.000000e+00,9/39,8.25%,AGTR1;GRIN1;CD36;GADD45A;FPR2;ITGAM;SOD1;CDKN1A;GRB2
prerank,Response To Lipopolysaccharide (GO:0032496),-6.143126e-01,-1.445905e+00,1.520270e-02,3.575267e-01,1.000000e+00,17/111,12.33%,IL1B;GCH1;IL1A;CXCL10;CD80;ZFP36;IL10;CCL2;SLC11A1;MYD88;TNFAIP3;NOD2;PPM1E;TRIB1;LDOC1;NLRP3;ZC3H12A
prerank,DNA Modification (GO:0006304),-8.106806e-01,-1.445821e+00,4.520796e-02,3.543431e-01,1.000000e+00,2/17,6.05%,NEIL3;PARP2
prerank,Mitochondrion Organization (GO:0007005),-5.965546e-01,-1.445283e+00,1.376936e-02,3.535595e-01,1.000000e+00,45/140,22.75%,ATCAY;BCL2A1;PINK1;SLC25A4;TYMP;TOMM34;CHCHD2;BNIP3;HK2;CHCHD7;COX7A2;WDR81;MCL1;TIMM13;RAB38;TIMM17A;RHOT2;PARK7;APEX1;YME1L1;TOMM20;SLC25A33;MFF;TOMM70;TIMM10;OXA1L;MFN2;PITRM1;HSD17B10;DNM1L;STOML2;TMEM70;MGME1;MTFR1L;COX7A2L;SUPV3L1;BID;PHB2;PID1;TIMM9;TIMM8B;LONP1;MIEF1;FBXO7;TOMM40
prerank,Axonal Transport (GO:0098930),-7.198244e-01,-1.445155e+00,4.201681e-02,3.507764e-01,1.000000e+00,12/34,16.82%,NEFL;KIF4A;AP3B2;KIF3A;KIF1A;SOD1;DYNC1H1;AP3M1;AP3M2;APEX1;DCTN1;ARL8A
prerank,Cellular Response To Interleukin-6 (GO:0071354),7.824765e-01,1.444894e+00,5.707763e-02,5.002101e-01,1.000000e+00,4/20,8.49%,YAP1;ST18;SELPLG;FER
prerank,Positive Regulation Of Osteoblast Differentiation (GO:0045669),7.154243e-01,1.444249e+00,4.954955e-02,4.961745e-01,1.000000e+00,8/36,3.49%,YAP1;WWTR1;BMPR1B;PRKD1;FERMT2;HGF;LTF;BMP7
prerank,Positive Regulation Of T Cell Cytokine Production (GO:0002726),-8.260786e-01,-1.443490e+00,2.116402e-02,3.549100e-01,1.000000e+00,3/17,4.19%,IL1B;IL18R1;HLA-A
prerank,Cellular Response To Peptide Hormone Stimulus (GO:0071375),6.394385e-01,1.441842e+00,2.391304e-02,5.007303e-01,1.000000e+00,10/63,9.17%,ADCY8;SORBS1;CPEB1;SLC30A10;KAT2B;DENND4C;FER;INSR;FOXO1;IRS1
prerank,Lytic Vacuole Organization (GO:0080171),-7.535075e-01,-1.439205e+00,2.522523e-02,3.706489e-01,1.000000e+00,5/30,10.86%,CLVS2;VPS18;HOOK1;HOOK2;TPCN2
prerank,Mitochondrial ATP Synthesis Coupled Electron Transport (GO:0042775),-6.689998e-01,-1.439069e+00,2.268431e-02,3.677849e-01,1.000000e+00,38/57,26.90%,NDUFB9;UQCRHL;NDUFA4;COX6C;NDUFB1;COX7A2;NDUFAB1;SDHC;COX7C;COX5A;NDUFA8;NDUFB3;UQCRFS1;UQCRQ;NDUFA5;NDUFB10;CYCS;UQCRH;NDUFA10;UQCC3;NDUFS5;NDUFS3;NDUFV2;NDUFB4;COX4I1;NDUFA6;NDUFS2;NDUFS6;UQCRC1;SDHB;NDUFA12;UQCRB;UQCR10;NDUFA3;NDUFA1;NDUFB5;NDUFV1;COX7B
prerank,Intracellular Steroid Hormone Receptor Signaling Pathway (GO:0030518),7.412986e-01,1.438565e+00,4.481132e-02,5.085572e-01,1.000000e+00,1/31,0.17%,YAP1
prerank,Regulation Of Interleukin-2 Production (GO:0032663),-7.285132e-01,-1.437196e+00,2.966841e-02,3.728712e-01,1.000000e+00,8/39,9.16%,IL1B;IL1A;CD80;ZFP36;PNP;TNFAIP3;HAVCR2;CR1
prerank,Cellular Response To Alcohol (GO:0097306),7.183100e-01,1.436897e+00,4.377880e-02,5.098474e-01,1.000000e+00,5/35,6.08%,ADCY8;ADCY2;GRAMD1C;CES1;PTCH1
prerank,"Wnt Signaling Pathway, Planar Cell Polarity Pathway (GO:0060071)",7.638100e-01,1.436330e+00,7.029478e-02,5.055162e-01,1.000000e+00,5/20,9.34%,MAGI2;PRICKLE2;DVL2;DVL1;FZD6
prerank,Monoubiquitinated Protein Deubiquitination (GO:0035520),7.180157e-01,1.435344e+00,4.921700e-02,5.033680e-01,1.000000e+00,4/32,5.60%,SGF29;TMEM98;KAT2B;KAT2A
prerank,Integrated Stress Response Signaling (GO:0140467),-7.718355e-01,-1.435184e+00,2.504472e-02,3.781342e-01,1.000000e+00,4/26,5.35%,FOSL1;JUNB;FOS;BATF
prerank,Nuclear Export (GO:0051168),6.825523e-01,1.435133e+00,5.240175e-02,4.976597e-01,1.000000e+00,1/42,0.04%,RANBP3L
prerank,Epithelial To Mesenchymal Transition (GO:0001837),7.162113e-01,1.434458e+00,4.319654e-02,4.940901e-01,1.000000e+00,9/32,7.64%,TGFBR3;HGF;BMP7;SOX9;TRIM28;NOTCH4;TGFB2;S100A4;FGFR1
prerank,RNA Transport (GO:0050658),-7.351114e-01,-1.434035e+00,3.185841e-02,3.801011e-01,1.000000e+00,4/32,7.73%,PEG10;RFTN1;ZFP36;KPNB1
prerank,Lipopolysaccharide-Mediated Signaling Pathway (GO:0031663),-8.249281e-01,-1.432027e+00,3.478261e-02,3.855833e-01,1.000000e+00,4/16,3.71%,IL1B;TNF;CCL3;CCL2
prerank,T Cell Differentiation (GO:0030217),7.311260e-01,1.431831e+00,5.568445e-02,4.998844e-01,1.000000e+00,2/30,1.42%,GLI3;SOX13
prerank,Fc-gamma Receptor Signaling Pathway (GO:0038094),7.511056e-01,1.431325e+00,5.399061e-02,4.957172e-01,1.000000e+00,3/23,1.63%,CD247;FYN;PLPP4
prerank,Enzyme-Linked Receptor Protein Signaling Pathway (GO:0007167),6.116849e-01,1.429444e+00,2.195122e-02,4.978082e-01,1.000000e+00,26/82,7.91%,ERBB4;LIFR;FRK;EGFR;ERBB3;FYN;NTRK3;ROR1;FGFR3;TYRO3;ALK;PTPRD;ROR2;PDGFRB;PTPRG;FGFR2;SHC2;SAMD12;MERTK;PTN;SHC4;EFS;FGFR1;DDR2;ACVR2B;NTRK2
prerank,Protein Localization To Chromatin (GO:0071168),7.762927e-01,1.428937e+00,5.405405e-02,4.940499e-01,1.000000e+00,2/21,1.75%,FAM47E;SGF29
prerank,Establishment Or Maintenance Of Epithelial Cell Apical/Basal Polarity (GO:0045197),6.913848e-01,1.428935e+00,5.932203e-02,4.880975e-01,1.000000e+00,6/35,7.10%,PARD3;CRB2;CRB1;DLG2;LLGL1;ERBIN
prerank,Transmembrane Receptor Protein Tyrosine Kinase Signaling Pathway (GO:0007169),5.542824e-01,1.427750e+00,2.564103e-03,4.882003e-01,1.000000e+00,46/198,9.63%,FLRT2;PRKD1;SORBS1;ERBB4;GHR;FRK;EGFR;HGF;ERBB3;FYN;NTRK3;KALRN;ROR1;FGFR3;FGF2;GAB1;TYRO3;PLCB1;ALK;ROR2;PDGFRB;PTPRG;ANKS1B;FGFR2;FGF1;SHC2;PIK3CA;SAMD12;IGF1R;MERTK;SHC4;FOXO4;EPHA3;EFS;EPHB1;FGFR1;DDR2;NTRK2;GRB10;FER;INSR;FOXO1;MMP2;IRS1;COL4A2;GFRA2
prerank,Aerobic Electron Transport Chain (GO:0019646),-6.687212e-01,-1.427460e+00,2.666667e-02,4.034813e-01,1.000000e+00,37/55,26.90%,NDUFB9;UQCRHL;NDUFA4;COX6C;NDUFB1;COX7A2;NDUFAB1;SDHC;COX7C;COX5A;NDUFA8;NDUFB3;UQCRFS1;UQCRQ;NDUFA5;NDUFB10;CYCS;UQCRH;NDUFA10;UQCC3;NDUFS5;NDUFS3;NDUFV2;NDUFB4;COX4I1;NDUFA6;NDUFS2;NDUFS6;UQCRC1;SDHB;UQCRB;UQCR10;NDUFA3;NDUFA1;NDUFB5;NDUFV1;COX7B
prerank,Positive Regulation Of Interleukin-6 Production (GO:0032755),-6.812020e-01,-1.427092e+00,3.024911e-02,4.016118e-01,1.000000e+00,8/53,9.14%,IL1B;IL1A;TNF;RAB7B;MYD88;NOD2;IL17RA;CARD9
prerank,Regulation Of Interleukin-6 Production (GO:0032675),-6.388062e-01,-1.425552e+00,2.214651e-02,4.050994e-01,1.000000e+00,12/79,9.14%,IL1B;IL1A;TNF;IL10;RAB7B;MYD88;TNFAIP3;C5AR2;NOD2;GHRL;IL17RA;CARD9
prerank,Neural Crest Cell Migration (GO:0001755),7.242083e-01,1.424518e+00,6.487696e-02,4.966259e-01,1.000000e+00,7/26,9.27%,SOX8;SEMA4B;ERBB4;SOX10;SEMA3D;SEMA6A;SEMA3B
prerank,Negative Regulation Of Wnt Signaling Pathway (GO:0030178),5.974238e-01,1.424282e+00,1.909308e-02,4.920881e-01,1.000000e+00,21/92,9.91%,GLI3;WWTR1;GREM1;SOX13;MLLT3;AMER2;SHISA6;TLE1;SOX2;LZTS2;TMEM64;SOX9;APC2;DAB2IP;LRP4;APCDD1;GRB10;CCDC88C;AMER1;FZD6;APOE
prerank,Regulation Of Nucleotide-Excision Repair (GO:2000819),7.341698e-01,1.424131e+00,7.399103e-02,4.870273e-01,1.000000e+00,1/24,0.41%,DPF3
prerank,Positive Regulation Of Extrinsic Apoptotic Signaling Pathway (GO:2001238),-7.639881e-01,-1.423979e+00,4.861111e-02,4.087092e-01,1.000000e+00,2/23,0.62%,RET;TNF
prerank,Protein Kinase B Signaling (GO:0043491),-8.034065e-01,-1.423021e+00,3.225806e-02,4.096179e-01,1.000000e+00,7/20,7.57%,IL1B;TNF;CCL3;CCL2;PIK3R3;MT3;PLK3
prerank,Positive Regulation Of Protein Metabolic Process (GO:0051247),-5.791035e-01,-1.422514e+00,1.546392e-02,4.085216e-01,1.000000e+00,16/164,9.52%,AGTR1;IL1B;TNF;KLF2;UHRF1;PERP;CD80;CHRNA7;NSF;CYFIP2;RBM3;TNFAIP3;BAD;INHBA;CARD9;TFR2
prerank,Chemokine-Mediated Signaling Pathway (GO:0070098),-8.084617e-01,-1.422428e+00,4.436860e-02,4.054530e-01,1.000000e+00,6/18,9.44%,CCL3;CXCL10;CCL2;CCL3L1;SH2B3;LYN
prerank,Plasma Membrane Bounded Cell Projection Organization (GO:0120036),-6.116699e-01,-1.422299e+00,1.718213e-02,4.025942e-01,1.000000e+00,24/100,13.89%,STMN2;ATCAY;MAP1B;STMN1;RAB6B;L1CAM;NCDN;BTG2;MAP2;STMN3;CDK5R1;PLEK;CDK5;ERCC6;CNTN4;LYN;LIMA1;FAM161A;CAMSAP1;RAB11A;CCDC32;RAB35;RAB13;KIFAP3
prerank,Regulation Of Neuron Migration (GO:2001222),7.440568e-01,1.421641e+00,4.640371e-02,4.921727e-01,1.000000e+00,5/24,7.84%,NTNG1;CTNNA2;RELN;DAB2IP;SEMA6A
prerank,Mitotic Metaphase Plate Congression (GO:0007080),-6.974185e-01,-1.421627e+00,4.020979e-02,4.022648e-01,1.000000e+00,12/43,13.79%,CENPE;KIFC1;CDCA5;DCTN2;NDC80;CEP55;CCNB1;KPNB1;CDCA8;EML4;RAB11A;BECN1
prerank,Regulation Of Trans-Synaptic Signaling (GO:0099177),7.110068e-01,1.420648e+00,4.377880e-02,4.909351e-01,1.000000e+00,6/35,7.27%,NRG3;GRIK4;GRID1;RELN;NLGN4X;NLGN1
prerank,Negative Regulation Of Plasma Membrane Bounded Cell Projection Assembly (GO:0120033),7.294390e-01,1.420485e+00,5.855856e-02,4.860764e-01,1.000000e+00,2/26,0.40%,YAP1;KANK1
prerank,Presynaptic Endocytosis (GO:0140238),-7.478169e-01,-1.419865e+00,3.759398e-02,4.070726e-01,1.000000e+00,9/27,9.50%,SYT1;SNCG;SYT5;SNCB;CDK5;AP2S1;AP2M1;PACSIN1;DNM1
prerank,Positive Regulation Of Receptor-Mediated Endocytosis (GO:0048260),7.206575e-01,1.419083e+00,5.399061e-02,4.866205e-01,1.000000e+00,10/30,11.69%,GREM1;MAGI2;F3;SERPINE1;SGIP1;ARRB1;BICD1;INSR;HIP1;LDLRAP1
prerank,Positive Regulation Of Stress Fiber Assembly (GO:0051496),7.010415e-01,1.418945e+00,6.506024e-02,4.817836e-01,1.000000e+00,5/32,5.56%,FERMT2;RAPGEF3;RGCC;LIMCH1;SORBS3
prerank,Apical Junction Assembly (GO:0043297),7.097749e-01,1.418260e+00,5.760369e-02,4.794180e-01,1.000000e+00,5/31,4.60%,PARD3;FRMPD2;CLDN9;MICALL2;OCLN
prerank,Regulation Of Endothelial Cell Migration (GO:0010594),6.331334e-01,1.417427e+00,3.333333e-02,4.779194e-01,1.000000e+00,12/63,7.70%,SASH1;ADAMTS9;PRKD1;BMPER;FGF2;EMP2;FGF1;SPARC;PLPP3;PTN;DAB2IP;PROX1
prerank,Regulation Of Reactive Oxygen Species Biosynthetic Process (GO:1903426),-8.044625e-01,-1.417144e+00,6.206897e-02,4.157573e-01,1.000000e+00,3/16,1.57%,SLC18A2;GRIN1;CD36
prerank,Defense Response To Gram-positive Bacterium (GO:0050830),-7.235834e-01,-1.415619e+00,6.329114e-02,4.194150e-01,1.000000e+00,6/32,8.91%,IL1B;CHGA;HLA-A;RNASE2;MYD88;RNASE3
prerank,Mesenchymal Cell Migration (GO:0090497),7.271352e-01,1.415563e+00,6.575964e-02,4.806296e-01,1.000000e+00,7/25,9.27%,SOX8;SEMA4B;ERBB4;SOX10;SEMA3D;SEMA6A;SEMA3B
prerank,Positive Regulation Of Lipid Biosynthetic Process (GO:0046889),7.147716e-01,1.415279e+00,6.466513e-02,4.767312e-01,1.000000e+00,10/31,10.78%,SORBS1;SLC45A3;PLIN5;MID1IP1;KAT2B;SIRT2;SIRT4;APOE;CREBL2;SLC27A1
prerank,Positive Regulation Of T Cell Mediated Immunity (GO:0002711),-7.600443e-01,-1.414681e+00,4.929577e-02,4.202561e-01,1.000000e+00,5/25,9.96%,IL1B;HLA-A;HLA-C;CD1D;IL12RB1
prerank,Synaptic Vesicle Endocytosis (GO:0048488),-7.090333e-01,-1.414043e+00,3.333333e-02,4.198584e-01,1.000000e+00,12/36,12.63%,SYT1;SNCG;SYT5;SNCB;CDK5;AP2S1;AP2M1;PACSIN1;DNM1;SNAP91;STX1A;SYNJ1
prerank,Positive Regulation Of Phosphatidylinositol 3-Kinase Signaling (GO:0014068),6.450497e-01,1.412081e+00,4.672897e-02,4.846046e-01,1.000000e+00,15/51,8.70%,PLXNB1;HGF;ERBB3;NTRK3;ROR1;FGF2;ROR2;PDGFRB;IGF1R;SOX9;TGFB2;FGFR1;DDR2;NTRK2;INSR
prerank,RNA Stabilization (GO:0043489),-7.399135e-01,-1.411905e+00,5.956679e-02,4.261370e-01,1.000000e+00,6/28,13.61%,DND1;E2F1;SLC11A1;FUS;ZCCHC17;CIRBP
prerank,Positive Regulation Of Proteolysis (GO:0045862),-6.904799e-01,-1.411400e+00,3.728814e-02,4.252617e-01,1.000000e+00,8/45,8.84%,IL1B;TNF;PINK1;PERP;ATP5IF1;CYFIP2;MAPK12;BAD
prerank,Chondroitin Sulfate Metabolic Process (GO:0030204),7.891312e-01,1.411063e+00,8.578431e-02,4.837561e-01,1.000000e+00,4/15,8.89%,CHST3;CSGALNACT1;CHST9;CHSY3
prerank,Regulation Of Protein Localization To Membrane (GO:1905475),7.300287e-01,1.410976e+00,8.577878e-02,4.793088e-01,1.000000e+00,2/24,1.41%,GPC5;FYN
prerank,Positive Regulation Of B Cell Activation (GO:0050871),-6.886722e-01,-1.410853e+00,3.272727e-02,4.242196e-01,1.000000e+00,15/42,21.33%,CHRNB2;INSL6;BTK;GPR183;NOD2;TFRC;PAXIP1;TNIP2;IL7;CD40;NCKAP1L;SASH3;TP53BP1;XBP1;TNFRSF13C
prerank,Regulation Of Microtubule Polymerization (GO:0031113),-6.977464e-01,-1.410841e+00,4.693141e-02,4.210296e-01,1.000000e+00,7/35,5.52%,STMN2;STMN1;MAPRE3;TUBB4A;MAP2;CLIP3;CDK5R1
prerank,Regulation Of Tubulin Deacetylation (GO:0090043),7.981324e-01,1.410578e+00,7.373272e-02,4.758570e-01,1.000000e+00,4/16,5.60%,SGF29;MAPT;KAT2B;KAT2A
prerank,Cardiac Muscle Contraction (GO:0060048),-7.997170e-01,-1.409390e+00,6.666667e-02,4.244758e-01,1.000000e+00,3/17,4.12%,SCN3B;SCN2B;ATP1B1
prerank,Regulation Of Embryonic Development (GO:0045995),6.575984e-01,1.408722e+00,6.178490e-02,4.784541e-01,1.000000e+00,13/47,13.32%,CRB2;SGF29;PLCB1;PHLDB1;KAT2B;KAT2A;BAG6;INSR;ZBED3;NR2C2;CLASP1;INO80D;DAG1
prerank,Fat Cell Differentiation (GO:0045444),6.652588e-01,1.407673e+00,4.225352e-02,4.782071e-01,1.000000e+00,5/46,5.82%,PRDM16;SOX8;ZFPM2;PPARGC1A;BBS9
prerank,Protein Heterooligomerization (GO:0051291),-7.960362e-01,-1.405917e+00,5.451448e-02,4.365466e-01,1.000000e+00,3/17,8.13%,GRIN1;KCNC2;GRIN2B
prerank,Collagen Fibril Organization (GO:0030199),7.200091e-01,1.405244e+00,6.864989e-02,4.832815e-01,1.000000e+00,4/27,1.02%,COLGALT2;COL27A1;COL5A3;GREM1
prerank,Mitotic Spindle Assembly (GO:0090307),-7.108271e-01,-1.404929e+00,5.263158e-02,4.379159e-01,1.000000e+00,7/35,11.62%,KIF4A;MAP9;KIFC1;KIF11;KPNB1;CDCA8;RAB11A
prerank,Positive Regulation Of CREB Transcription Factor Activity (GO:0032793),7.997691e-01,1.403948e+00,7.158837e-02,4.837666e-01,1.000000e+00,2/15,0.50%,ADCY8;PRKD1
prerank,Chromosome Condensation (GO:0030261),-7.733397e-01,-1.400864e+00,6.216696e-02,4.537392e-01,1.000000e+00,4/19,3.12%,NCAPH;NCAPG;TOP2A;CDCA5
prerank,Protein Complex Oligomerization (GO:0051259),-6.257108e-01,-1.400762e+00,2.788104e-02,4.508011e-01,1.000000e+00,30/86,21.60%,GLRA3;PEG10;POLQ;PRMT8;CLDN1;FUS;BLM;HGSNAT;KCNC2;HOMER1;CARD9;NLRP3;SLC31A1;ZC3H12A;KCNC1;EHD1;YME1L1;G3BP2;FOXM1;OXA1L;ATL1;DNM1L;STOML2;TMEM70;EHD4;TIFA;TP53BP1;JMJD6;HLA-DRB1;LRRC8A
prerank,Regulation Of Exocytosis (GO:0017157),-6.891579e-01,-1.400212e+00,4.347826e-02,4.502625e-01,1.000000e+00,8/45,6.28%,SYT1;CPLX1;RAB3A;RAB3C;CPLX2;NSF;CADPS;RIMS2
prerank,Regulation Of Epithelial Cell Proliferation (GO:0050678),6.425580e-01,1.399598e+00,5.066079e-02,4.964792e-01,1.000000e+00,14/54,7.19%,YAP1;TGFBR3;PRKD1;EGFR;NUPR1;FGFR2;SOX2;LAMC1;SOX9;DUSP10;TGFA;RUNX3;DAB2IP;TGFB2
prerank,Positive Regulation Of Blood Coagulation (GO:0030194),-8.172023e-01,-1.399134e+00,4.710145e-02,4.519395e-01,1.000000e+00,3/15,2.98%,DMTN;PLAT;THBD
prerank,Regulation Of Extracellular Matrix Organization (GO:1903053),7.652865e-01,1.397105e+00,6.320542e-02,5.019706e-01,1.000000e+00,9/19,16.39%,LAMA2;LAMC1;LAMB2;LAMA1;DDR2;DDR1;ZNF469;EFEMP2;AGT
prerank,Transforming Growth Factor Beta Receptor Signaling Pathway (GO:0007179),6.354094e-01,1.397036e+00,5.502392e-02,4.976683e-01,1.000000e+00,3/50,1.13%,TGFBR3;FERMT2;PTPRK
prerank,Regulation Of Platelet Aggregation (GO:0090330),-7.629945e-01,-1.396590e+00,6.194690e-02,4.604356e-01,1.000000e+00,7/22,11.22%,DMTN;PRKCQ;PRKCA;ALOX12;SH2B3;LYN;PDPN
prerank,Negative Regulation Of G2/M Transition Of Mitotic Cell Cycle (GO:0010972),-7.576437e-01,-1.396323e+00,7.692308e-02,4.584927e-01,1.000000e+00,6/22,15.00%,CHEK1;FHL1;BRCA1;NABP2;GPR132;DEPDC1B
prerank,Heart Development (GO:0007507),5.706887e-01,1.395589e+00,3.883495e-02,4.985676e-01,1.000000e+00,24/106,8.83%,FLRT2;TGFBR3;ERBB4;GJA1;ERBB3;NTRK3;PDLIM3;FBN1;ZFPM2;GLI2;ECE1;BMP7;DVL2;KAT2B;KAT2A;SOX9;APLNR;PLCE1;LDB3;TGFB2;CACNA1C;SGCZ;INSR;DVL1
prerank,Neurotransmitter Transport (GO:0006836),-6.902521e-01,-1.395481e+00,3.730018e-02,4.591231e-01,1.000000e+00,9/39,5.18%,SYT1;SLC18A2;SLC32A1;SLC1A1;SNAP25;SLC6A3;SYN1;SLC1A6;STXBP1
prerank,Regulation Of Cell-Substrate Junction Assembly (GO:0090109),7.631791e-01,1.394642e+00,7.517084e-02,4.975324e-01,1.000000e+00,6/20,12.76%,FYN;LIMCH1;EPHA3;GPM6B;LDB1;CLASP1
prerank,Regulation Of Receptor-Mediated Endocytosis (GO:0048259),7.189149e-01,1.394574e+00,8.274232e-02,4.932953e-01,1.000000e+00,9/28,12.89%,F3;SERPINE1;APOC1;HIP1R;SGIP1;BICD1;HIP1;LDLRAP1;MKLN1
prerank,DNA Repair (GO:0006281),-5.387512e-01,-1.394407e+00,5.217391e-03,4.611622e-01,1.000000e+00,41/253,15.00%,CHEK1;POLQ;FANCA;CDKN2D;NEIL3;UBE2V2;GADD45A;CHRNA4;WDHD1;CDCA5;EME2;BTG2;XRCC3;BLM;RFC3;ERCC6;FANCI;PARP2;BRCA1;TRAIP;FANCD2;LIG3;UBE2T;NABP2;INO80;RAD51AP1;ZGRF1;ATRIP;XRCC6;RRM1;ALKBH2;FBXO6;EXO1;FAAP100;XRCC2;LIG1;POLE2;RPA3;PARK7;APEX1;DEPDC1B
prerank,Bicellular Tight Junction Assembly (GO:0070830),7.289223e-01,1.394217e+00,9.523810e-02,4.901096e-01,1.000000e+00,5/24,4.60%,PARD3;FRMPD2;CLDN9;MICALL2;OCLN
prerank,Neural Crest Cell Differentiation (GO:0014033),7.734275e-01,1.394083e+00,8.391608e-02,4.861961e-01,1.000000e+00,1/16,0.43%,SOX8
prerank,Regulation Of Mitotic Cell Cycle Spindle Assembly Checkpoint (GO:0090266),-7.993908e-01,-1.393875e+00,7.168459e-02,4.602978e-01,1.000000e+00,5/15,8.34%,MAD2L1;XRCC3;NDC80;CCNB1;CDCA8
prerank,Positive Regulation Of Apoptotic Signaling Pathway (GO:2001235),6.339270e-01,1.393796e+00,5.800464e-02,4.828512e-01,1.000000e+00,7/48,7.25%,TPD52L1;CRADD;NUPR1;BOK;S100A8;DAB2IP;DEDD2
prerank,Regulation Of Protein Localization To Plasma Membrane (GO:1903076),6.132717e-01,1.393221e+00,4.545455e-02,4.807741e-01,1.000000e+00,4/68,1.25%,DPP10;SORBS1;LGALS3;EGFR
prerank,Vesicle Transport Along Microtubule (GO:0047496),-7.657067e-01,-1.392415e+00,5.933682e-02,4.636461e-01,1.000000e+00,4/21,5.63%,KIF5A;DYNC1I1;KIF3A;KIF1A
prerank,Regulation Of Glycogen Biosynthetic Process (GO:0005979),7.601470e-01,1.392347e+00,7.478632e-02,4.797626e-01,1.000000e+00,6/19,12.96%,SORBS1;DYRK2;INSR;IRS1;AKT2;IRS2
prerank,Rac Protein Signal Transduction (GO:0016601),-7.869311e-01,-1.391919e+00,7.692308e-02,4.629601e-01,1.000000e+00,1/16,0.61%,RAC3
prerank,Negative Regulation Of Microtubule Polymerization Or Depolymerization (GO:0031111),-7.290137e-01,-1.391475e+00,4.664179e-02,4.618240e-01,1.000000e+00,5/27,5.46%,STMN2;STMN1;TUBB4A;MAP2;CLIP3
prerank,Positive Regulation Of Chemokine Production (GO:0032722),-7.086407e-01,-1.390474e+00,4.419890e-02,4.631446e-01,1.000000e+00,3/35,1.33%,IL1B;TNF;EGR1
prerank,Metaphase Plate Congression (GO:0051310),-6.922892e-01,-1.390413e+00,4.174229e-02,4.602314e-01,1.000000e+00,12/42,13.79%,CENPE;KIFC1;CDCA5;DCTN2;NDC80;CEP55;CCNB1;KPNB1;CDCA8;EML4;RAB11A;BECN1
prerank,Replication Fork Processing (GO:0031297),-6.672758e-01,-1.390096e+00,6.204380e-02,4.585366e-01,1.000000e+00,13/40,24.68%,EME2;BLM;TONSL;BRCA1;TRAIP;SAMHD1;CENPX;BRCA2;GEN1;FANCM;ASF1A;CARM1;ETAA1
prerank,Positive Regulation Of G1/S Transition Of Mitotic Cell Cycle (GO:1900087),7.190348e-01,1.388250e+00,7.280514e-02,4.916471e-01,1.000000e+00,3/26,2.70%,EGFR;RGCC;PLCB1
prerank,Positive Regulation Of Amyloid Precursor Protein Catabolic Process (GO:1902993),-7.947411e-01,-1.386950e+00,6.428571e-02,4.700023e-01,1.000000e+00,3/17,9.44%,TNF;CHRNA7;LYN
prerank,Positive Regulation Of Cholesterol Efflux (GO:0010875),7.616065e-01,1.386860e+00,9.490741e-02,4.927658e-01,1.000000e+00,5/18,11.67%,ABCA8;CES1;PTCH1;APOE;ZDHHC8
prerank,Mitotic Cell Cycle Checkpoint Signaling (GO:0007093),-7.694226e-01,-1.386858e+00,7.017544e-02,4.673272e-01,1.000000e+00,4/19,11.10%,CHEK1;BRCA1;PLK3;NABP2
prerank,Monoubiquitinated Histone Deubiquitination (GO:0035521),7.359308e-01,1.385771e+00,6.103286e-02,4.885572e-01,1.000000e+00,4/26,5.60%,SGF29;TMEM98;KAT2B;KAT2A
prerank,Monoubiquitinated Histone H2A Deubiquitination (GO:0035522),7.359308e-01,1.385771e+00,6.103286e-02,4.885572e-01,1.000000e+00,4/26,5.60%,SGF29;TMEM98;KAT2B;KAT2A
prerank,Cell Projection Organization (GO:0030030),-7.750285e-01,-1.385673e+00,7.445008e-02,4.695271e-01,1.000000e+00,4/19,5.71%,RAC3;NEFH;CYFIP2;PLEK
prerank,Negative Regulation Of Fat Cell Differentiation (GO:0045599),7.205450e-01,1.384920e+00,7.603687e-02,4.877466e-01,1.000000e+00,5/23,3.26%,YAP1;WWTR1;RORA;FERMT2;RUNX1T1
prerank,Eye Development (GO:0001654),6.888446e-01,1.383703e+00,6.465517e-02,4.884936e-01,1.000000e+00,6/32,1.69%,BMPR1B;MEIS2;EFEMP1;CPAMD8;SMOC1;FBN1
prerank,Negative Regulation Of BMP Signaling Pathway (GO:0030514),6.993517e-01,1.383512e+00,7.032967e-02,4.852402e-01,1.000000e+00,3/27,1.69%,GREM1;BMPER;FBN1
prerank,Negative Regulation Of Developmental Process (GO:0051093),5.964706e-01,1.381567e+00,5.203620e-02,4.885449e-01,1.000000e+00,7/77,3.90%,NFIB;KANK1;GREM1;RAPGEF3;FGFR3;ZNF706;MAPT
prerank,Muscle Cell Differentiation (GO:0042692),7.361166e-01,1.380758e+00,9.589041e-02,4.876337e-01,1.000000e+00,4/22,7.75%,MEGF10;RORA;SPEG;SGCZ
prerank,Oligosaccharide Metabolic Process (GO:0009311),-7.190044e-01,-1.380036e+00,5.935252e-02,4.918612e-01,1.000000e+00,6/29,10.90%,B3GALT1;ST8SIA3;B3GALT2;ST6GALNAC5;ST8SIA6;B4GALT1
prerank,Male Gonad Development (GO:0008584),7.812936e-01,1.378213e+00,7.964602e-02,4.932418e-01,1.000000e+00,5/15,7.19%,SOX8;ADAM32;SOX9;LRP2;TGFB2
prerank,Female Gamete Generation (GO:0007292),7.779038e-01,1.377721e+00,8.333333e-02,4.912727e-01,1.000000e+00,2/16,6.21%,FMN2;PTN
prerank,mRNA Splice Site Recognition (GO:0006376),-7.273008e-01,-1.377692e+00,5.828780e-02,4.996782e-01,1.000000e+00,4/26,11.21%,CELF4;CELF3;CELF5;SRSF1
prerank,"Chemical Synaptic Transmission, Postsynaptic (GO:0099565)",-7.783874e-01,-1.376059e+00,5.576208e-02,5.035549e-01,1.000000e+00,6/18,8.13%,GRIN1;MAPK8IP2;CHRNA4;DRD2;GLRA1;GRIN2B
prerank,Regulation Of Spindle Organization (GO:0090224),-7.588007e-01,-1.375898e+00,9.225092e-02,5.010430e-01,1.000000e+00,3/19,7.92%,MAP9;FSD1;DYNC1H1
prerank,Protein Autophosphorylation (GO:0046777),5.587155e-01,1.375784e+00,2.534562e-02,4.944404e-01,1.000000e+00,23/134,10.92%,PRKD1;ERBB4;EGFR;FYN;STK33;TNIK;FGFR3;TYRO3;ALK;PDGFRB;FGFR2;IGF1R;EPHB1;MKNK2;FGFR1;DDR2;NTRK2;FER;INSR;DAPK2;DDR1;ULK1;EEF2K
prerank,Positive Regulation Of mRNA Processing (GO:0050685),-7.571463e-01,-1.374683e+00,7.058824e-02,5.037563e-01,1.000000e+00,4/22,7.98%,CELF4;CELF3;RBM3;NCBP2
prerank,Lipid Modification (GO:0030258),6.947963e-01,1.374514e+00,6.277056e-02,4.954483e-01,1.000000e+00,7/30,5.97%,PLPPR1;PLPP4;DGKG;DGKB;ALOX15B;DGKI;PLPP3
prerank,Protein Export From Nucleus (GO:0006611),7.236251e-01,1.374468e+00,9.012876e-02,4.917869e-01,1.000000e+00,2/25,3.61%,RANBP3L;DUSP16
prerank,In Utero Embryonic Development (GO:0001701),7.782937e-01,1.373850e+00,1.227273e-01,4.904303e-01,1.000000e+00,3/17,4.11%,SOX8;ARNT2;FGFR2
prerank,"Nuclear-Transcribed mRNA Catabolic Process, Exonucleolytic (GO:0000291)",-7.968063e-01,-1.372550e+00,7.732865e-02,5.110019e-01,1.000000e+00,1/15,1.84%,NT5C3B
prerank,Regulation Of Membrane Protein Ectodomain Proteolysis (GO:0051043),-7.951501e-01,-1.370781e+00,7.931034e-02,5.160609e-01,1.000000e+00,3/16,3.34%,IL1B;TNF;IL10
prerank,Cognition (GO:0050890),-6.896288e-01,-1.370625e+00,6.545455e-02,5.136200e-01,1.000000e+00,7/35,7.45%,TNF;CHRNB2;SLC8A2;CHRNA7;CHRNA4;TUSC3;CBR3
prerank,Negative Regulation Of Double-Strand Break Repair Via Homologous Recombination (GO:2000042),-7.644990e-01,-1.370033e+00,7.787611e-02,5.132851e-01,1.000000e+00,2/19,3.35%,POLQ;INSL6
prerank,Phospholipase C-activating G Protein-Coupled Receptor Signaling Pathway (GO:0007200),-6.738065e-01,-1.369342e+00,7.652174e-02,5.133419e-01,1.000000e+00,11/42,10.74%,AGTR1;HTR2A;DRD2;FPR2;OPRM1;P2RY6;HOMER1;C5AR2;FPR1;OPRK1;C5AR1
prerank,Development Of Primary Male Sexual Characteristics (GO:0046546),7.793757e-01,1.369113e+00,8.258929e-02,5.041136e-01,1.000000e+00,5/15,7.19%,SOX8;ADAM32;SOX9;LRP2;TGFB2
prerank,Transport Along Microtubule (GO:0010970),-7.795773e-01,-1.367666e+00,9.259259e-02,5.182941e-01,1.000000e+00,2/15,5.46%,DYNC1I1;CLIP3
prerank,Regulation Of Defense Response (GO:0031347),-6.203254e-01,-1.367545e+00,4.137931e-02,5.157178e-01,1.000000e+00,18/71,19.46%,AGTR1;MYD88;FBXL2;NOD2;PTGS2;NLRP4;SAMHD1;ALOX5;APLP2;PARK7;SPATA2;BCL6;SBNO2;PTPN22;IRF1;FGR;USP18;TRAF3
prerank,Translational Elongation (GO:0006414),-6.975246e-01,-1.367075e+00,5.390335e-02,5.148237e-01,1.000000e+00,4/33,11.98%,EEF1A2;TUFM;EIF5A2;PTRH1
prerank,Regulation Of Sodium Ion Transmembrane Transporter Activity (GO:2000649),-7.141167e-01,-1.366827e+00,7.407407e-02,5.127547e-01,1.000000e+00,6/27,9.25%,SCN3B;SCN2B;FGF12;FXYD7;HECW1;FGF13
prerank,Retina Homeostasis (GO:0001895),7.547732e-01,1.365703e+00,8.944954e-02,5.131818e-01,1.000000e+00,6/17,4.01%,AZGP1;CRB2;F3;LTF;WHRN;HSPB1
prerank,Regulation Of Macrophage Derived Foam Cell Differentiation (GO:0010743),-7.634517e-01,-1.365210e+00,7.567568e-02,5.170369e-01,1.000000e+00,2/19,1.57%,AGTR1;CD36
prerank,Positive Regulation Of Actin Filament Bundle Assembly (GO:0032233),6.437514e-01,1.365139e+00,8.837209e-02,5.114446e-01,1.000000e+00,5/38,5.56%,FERMT2;RAPGEF3;RGCC;LIMCH1;SORBS3
prerank,Establishment Of Vesicle Localization (GO:0051650),-7.560717e-01,-1.364845e+00,1.005484e-01,5.155620e-01,1.000000e+00,7/18,18.42%,KIF5A;LIMK2;CDK5;RAB11A;SYNJ1;SYT11;IKBKG
prerank,Endosome Organization (GO:0007032),-6.596770e-01,-1.362539e+00,7.522936e-02,5.234968e-01,1.000000e+00,9/46,12.55%,LAPTM4B;SNX10;VPS18;HOOK1;PHETA1;ATP6V1D;DNM1;HOOK2;RILP
prerank,Interstrand Cross-Link Repair (GO:0036297),-7.027691e-01,-1.362280e+00,8.170515e-02,5.216570e-01,1.000000e+00,10/32,19.27%,FANCA;NEIL3;XRCC3;FANCI;FANCD2;RAD51AP1;FAAP100;CENPX;VCP;RNF8
prerank,Positive Regulation Of Cell Differentiation (GO:0045597),5.241426e-01,1.362135e+00,1.719902e-02,5.189282e-01,1.000000e+00,34/193,7.85%,RANBP3L;YAP1;WWTR1;BMPR1B;DPF3;BOC;PRKD1;GPRC5B;FERMT2;CRB2;GJA1;HGF;LAMA2;BRINP3;RGCC;LTF;PLCB1;ALOX15B;ADRA2C;BMP7;PKDCC;ZNF703;LAMC1;TMEM64;ZBTB16;SOX9;PTN;LAMB2;BRINP2;TGFB2;LAMA1;FGFR1;DDR2;ACVR2B
prerank,ATP Biosynthetic Process (GO:0006754),-7.685595e-01,-1.361841e+00,8.872458e-02,5.209400e-01,1.000000e+00,5/18,14.31%,ATP5F1A;ATP5F1B;ATP5MC3;ATP5PB;ATP5MC1
prerank,Regulation Of Interleukin-17 Production (GO:0032660),-7.657200e-01,-1.361665e+00,1.044248e-01,5.187779e-01,1.000000e+00,7/18,12.04%,RFTN1;OSM;PRKCQ;MYD88;NOD2;SLC7A5;SPHK1
prerank,Positive Regulation Of Glucose Import (GO:0046326),7.307943e-01,1.360456e+00,1.208054e-01,5.218678e-01,1.000000e+00,7/18,12.96%,SORBS1;OCLN;INSR;IRS1;CREBL2;AKT2;IRS2
prerank,Negative Regulation Of mRNA Catabolic Process (GO:1902373),-7.161426e-01,-1.359923e+00,9.430605e-02,5.237611e-01,1.000000e+00,4/28,4.95%,DND1;E2F1;SLC11A1;FUS
prerank,ncRNA-mediated Post-Transcriptional Gene Silencing (GO:0035194),-7.844384e-01,-1.358138e+00,7.652174e-02,5.290106e-01,1.000000e+00,3/15,10.38%,MOV10L1;NCBP2;HELZ2
prerank,Regulation Of Erythrocyte Differentiation (GO:0045646),-6.965353e-01,-1.358078e+00,8.274648e-02,5.262256e-01,1.000000e+00,13/33,20.79%,ZFP36;ACVR1B;RHEX;ZFPM1;INHBA;LYN;ANKRD54;STAT1;ZFP36L1;TAL1;NCKAP1L;ETS1;BRD1
prerank,Response To Steroid Hormone (GO:0048545),7.415635e-01,1.357961e+00,6.904232e-02,5.272603e-01,1.000000e+00,3/19,7.19%,YAP1;ATP1A2;TGFB2
prerank,Regulation Of Protein Metabolic Process (GO:0051246),-6.027257e-01,-1.357711e+00,6.076389e-02,5.246690e-01,1.000000e+00,4/76,2.85%,AGTR1;KLF2;UHRF1;CHRNA7
prerank,DNA-templated DNA Replication Maintenance Of Fidelity (GO:0045005),-6.706610e-01,-1.357104e+00,7.246377e-02,5.245962e-01,1.000000e+00,4/37,7.20%,EME2;BLM;TONSL;TRAIP
prerank,Regulation Of Kinase Activity (GO:0043549),6.078584e-01,1.355517e+00,7.142857e-02,5.326348e-01,1.000000e+00,21/62,8.70%,ERBB4;EGFR;ERBB3;NTRK3;ROR1;FGFR3;TYRO3;ROR2;PDGFRB;EMP2;MAPT;FGFR2;NPRL2;IGF1R;MERTK;VAC14;PLCE1;FGFR1;DDR2;NTRK2;INSR
prerank,Regulation Of Synaptic Vesicle Exocytosis (GO:2000300),-7.832878e-01,-1.355064e+00,9.890110e-02,5.313117e-01,1.000000e+00,6/15,9.14%,SYN1;RIMS3;RIMS1;VPS18;RIMS2;PREPL
prerank,Cellular Response To Radiation (GO:0071478),-6.996757e-01,-1.354966e+00,6.782609e-02,5.287843e-01,1.000000e+00,12/31,20.66%,GADD45A;BLM;BRCA1;CDKN1A;GRB2;INO80;RHOB;RAD51AP1;DEPDC1B;BRCA2;RAD9B;TP53
prerank,Positive Regulation Of Release Of Sequestered Calcium Ion Into Cytosol (GO:0051281),-7.455091e-01,-1.352026e+00,9.722222e-02,5.393066e-01,1.000000e+00,5/19,6.59%,THY1;CXCL10;CALM3;CALM1;P2RY6
prerank,Regulation Of Anatomical Structure Morphogenesis (GO:0022603),5.686489e-01,1.351492e+00,1.913876e-02,5.438235e-01,1.000000e+00,16/105,5.38%,FERMT2;RAPGEF3;CRB2;BMPER;GPNMB;TNIK;CDH2;FGF2;EMP2;MAPT;FGFR2;SPARC;ZDHHC15;PHLDB1;HECW2;SH3D19
prerank,Positive Regulation Of Protein Localization To Membrane (GO:1905477),5.963083e-01,1.350276e+00,6.487696e-02,5.443898e-01,1.000000e+00,5/66,1.41%,DPP10;SORBS1;LGALS3;EGFR;FYN
prerank,Chordate Embryonic Development (GO:0043009),6.789793e-01,1.349459e+00,9.259259e-02,5.434217e-01,1.000000e+00,10/34,8.83%,SOX8;ARNT2;KIAA1217;BMP7;FGFR2;PTCH1;ZNF358;FGFR1;PROX1;DVL1
prerank,Positive Regulation Of Macroautophagy (GO:0016239),-6.325809e-01,-1.349431e+00,6.878307e-02,5.482491e-01,1.000000e+00,6/55,4.99%,MOAP1;OPTN;PINK1;SLC25A4;BNIP3;SCOC
prerank,Regulation Of Mitotic Nuclear Division (GO:0007088),-6.822302e-01,-1.348323e+00,7.706422e-02,5.503385e-01,1.000000e+00,8/38,7.16%,IL1B;CHEK1;IL1A;MKI67;CDCA2;PIN1;CDC25C;CCNB1
prerank,Lung Development (GO:0030324),7.618113e-01,1.348238e+00,1.238938e-01,5.444092e-01,1.000000e+00,7/18,8.61%,CHI3L1;GLI2;CCDC40;FGFR2;BAG6;PROX1;ITGA3
prerank,Positive Regulation Of Response To Stimulus (GO:0048584),6.134377e-01,1.348170e+00,7.488987e-02,5.409010e-01,1.000000e+00,5/57,2.20%,NPAS2;EYA1;EGFR;CNKSR3;EYA2
prerank,Positive Regulation Of T Cell Differentiation (GO:0045582),6.446619e-01,1.347978e+00,8.466819e-02,5.377913e-01,1.000000e+00,2/43,2.98%,GLI3;GLI2
prerank,Positive Regulation Of Lymphocyte Activation (GO:0051251),-7.053568e-01,-1.347565e+00,9.322034e-02,5.506965e-01,1.000000e+00,8/31,13.22%,THY1;HLA-DMA;CCL2;PRKCQ;NOD2;HLA-DQA1;XRCC6;TNIP2
prerank,Aminoglycan Biosynthetic Process (GO:0006023),-7.782994e-01,-1.346027e+00,9.026549e-02,5.544082e-01,1.000000e+00,2/15,2.34%,B4GAT1;HS3ST1
prerank,Endosomal Transport (GO:0016197),-5.508347e-01,-1.345394e+00,3.741497e-02,5.542574e-01,1.000000e+00,21/158,17.45%,NSG1;LAPTM4B;CALY;RAB6B;NSG2;PHETA1;PREPL;YKT6;BET1L;AP5Z1;SNX4;RILP;RAB35;RAB13;EHD1;CLTCL1;ARL4C;UBE2O;DCTN1;VTI1B;HEATR5B
prerank,Regulation Of Cytokine Production Involved In Inflammatory Response (GO:1900015),-6.891406e-01,-1.345092e+00,8.462867e-02,5.526734e-01,1.000000e+00,9/35,13.85%,TNF;MYD88;NOD2;IL17RA;CARD9;ZC3H12A;PLD3;ALOX5;APLP2
prerank,Organelle Membrane Fusion (GO:0090174),-7.285776e-01,-1.344903e+00,8.214286e-02,5.506061e-01,1.000000e+00,3/23,3.08%,SYT4;SYT7;STX1B
prerank,Cardiac Muscle Cell Action Potential (GO:0086001),-7.198169e-01,-1.344884e+00,1.036364e-01,5.477691e-01,1.000000e+00,7/24,5.43%,SCN3B;SCN2B;CACNA1G;FGF12;ATP1B1;KCND3;SLC4A3
prerank,Negative Regulation Of Protein Modification Process (GO:0031400),5.997034e-01,1.344855e+00,4.411765e-02,5.461525e-01,1.000000e+00,12/68,9.05%,WWTR1;PRR5L;SNTA1;NTRK3;MAPT;PPP1R16B;MFHAS1;OCLN;PLPP3;DAB2IP;PTPN13;ZBED3
prerank,Regulation Of Angiogenesis (GO:0045765),5.395813e-01,1.344378e+00,3.500000e-02,5.440637e-01,1.000000e+00,29/135,7.98%,SASH1;PRKD1;ITGB8;CHI3L1;RAPGEF3;BMPER;GPNMB;FGF2;RGCC;GAB1;THBS2;THBS4;EMP2;ANGPTL4;SERPINE1;PPP1R16B;HSPB1;COL4A3;FGF1;SPARC;AQP1;APLNR;FOXO4;DAB2IP;TGFB2;PLXND1;FOXJ2;SEMA6A;ISM1
prerank,Embryonic Organ Development (GO:0048568),6.556739e-01,1.344287e+00,8.139535e-02,5.406477e-01,1.000000e+00,6/41,4.14%,GLI3;COL27A1;COBL;GLI2;FGFR2;PKDCC
prerank,Negative Regulation Of Interleukin-6 Production (GO:0032715),-7.448734e-01,-1.343383e+00,9.363958e-02,5.518814e-01,1.000000e+00,10/21,18.35%,TNF;IL10;TNFAIP3;C5AR2;GHRL;ZC3H12A;CD200R1;SYT11;PTPN22;NCKAP1L
prerank,Positive Regulation Of miRNA Metabolic Process (GO:2000630),-6.710860e-01,-1.341649e+00,9.205776e-02,5.568511e-01,1.000000e+00,7/35,3.34%,TNF;FOXA1;EGR1;FOSL1;HRAS;FOS;IL10
prerank,Regulation Of Type I Interferon-Mediated Signaling Pathway (GO:0060338),-7.022015e-01,-1.341473e+00,7.168459e-02,5.548332e-01,1.000000e+00,10/28,19.88%,CDC37;ISG15;IKBKE;PTPN1;PTPN2;SAMHD1;NLRC5;YTHDF3;USP18;YTHDF2
prerank,Positive Regulation Of Immune Effector Process (GO:0002699),-7.537847e-01,-1.340765e+00,1.032609e-01,5.551453e-01,1.000000e+00,2/19,3.34%,IL1B;IL10
prerank,Vesicle Cytoskeletal Trafficking (GO:0099518),-6.722235e-01,-1.340564e+00,9.420290e-02,5.532288e-01,1.000000e+00,8/36,14.86%,SYT4;DYNC1I1;MYO1H;KIF1A;MYO1G;MYO1B;HTT;APEX1
prerank,Stress-Activated MAPK Cascade (GO:0051403),-6.712500e-01,-1.339868e+00,6.976744e-02,5.532227e-01,1.000000e+00,9/38,16.55%,MAPK8IP2;ZFP36;MAP2K3;TRIB1;SH2D3C;MAP4K1;ZFP36L1;PTGER4;MAPK8IP1
prerank,Receptor Metabolic Process (GO:0043112),-7.581703e-01,-1.339625e+00,8.241758e-02,5.515321e-01,1.000000e+00,2/19,7.94%,NSG1;PHETA1
prerank,Modulation Of Excitatory Postsynaptic Potential (GO:0098815),-7.127685e-01,-1.339475e+00,9.430605e-02,5.493329e-01,1.000000e+00,9/27,8.13%,GRIN1;SLC8A2;CBLN1;CHRNA7;STX1B;RIMS1;TMEM25;RIMS2;GRIN2B
prerank,Diacylglycerol Metabolic Process (GO:0046339),7.419637e-01,1.339324e+00,1.065760e-01,5.550423e-01,1.000000e+00,4/18,6.89%,DGKG;DGKB;DGKI;PLCE1
prerank,Regulation Of Cytokinesis (GO:0032465),-6.184003e-01,-1.338828e+00,7.578558e-02,5.495572e-01,1.000000e+00,9/56,7.57%,MAP9;CALM3;FSD1;DRD2;PIN1;E2F7;CALM1;CIT;PLK3
prerank,Regulation Of Cyclin-Dependent Protein Kinase Activity (GO:1904029),-6.563883e-01,-1.338596e+00,8.849558e-02,5.477284e-01,1.000000e+00,9/42,7.25%,CDK5R2;CDKN2D;GADD45A;CDC37;CDC25C;BLM;CDK5R1;CCNB1;CDKN1A
prerank,Positive Regulation Of RNA Metabolic Process (GO:0051254),-6.943566e-01,-1.338463e+00,1.053640e-01,5.456779e-01,1.000000e+00,8/30,17.11%,IL1B;HRAS;GRSF1;UTP15;HABP4;POLR2A;ZPR1;NFKB1
prerank,Protein Localization To Golgi Apparatus (GO:0034067),-6.974055e-01,-1.338199e+00,1.000000e-01,5.442218e-01,1.000000e+00,2/26,1.35%,OPTN;RAB6B
prerank,Cyclic-Nucleotide-Mediated Signaling (GO:0019935),6.672223e-01,1.337906e+00,1.048951e-01,5.563171e-01,1.000000e+00,6/28,5.72%,PDE7B;ADCY2;RAPGEF3;GUCY1A2;AQP1;SOX9
prerank,Negative Regulation Of Viral Process (GO:0048525),-6.429834e-01,-1.337654e+00,6.739526e-02,5.437903e-01,1.000000e+00,10/47,12.99%,TNF;ISG20;ZFP36;PITX3;ISG15;PPIA;MX1;RSAD2;STAT1;IFIT1
prerank,Mitotic DNA Damage Checkpoint Signaling (GO:0044773),-6.352299e-01,-1.337507e+00,7.794677e-02,5.417689e-01,1.000000e+00,7/50,7.88%,CLSPN;CHEK1;EME2;BLM;BRCA1;CDKN1A;FANCD2
prerank,Establishment Of Protein Localization To Mitochondrion (GO:0072655),-6.716211e-01,-1.337174e+00,8.974359e-02,5.404900e-01,1.000000e+00,20/39,23.29%,PINK1;TOMM34;TOMM40L;HK2;HK1;TIMM13;TIMM17A;TOMM20;MFF;TOMM70;TIMM10;MFN2;PITRM1;AKT1;GRPEL1;TIMM9;TIMM8B;FBXO7;TOMM40;HSPD1
prerank,Establishment Or Maintenance Of Apical/Basal Cell Polarity (GO:0035088),7.123285e-01,1.336825e+00,9.799555e-02,5.566187e-01,1.000000e+00,6/23,7.10%,PARD3;CRB2;CRB1;DLG2;LLGL1;ERBIN
prerank,Regulation Of Protein Targeting To Mitochondrion (GO:1903214),-6.838438e-01,-1.336443e+00,9.233449e-02,5.410210e-01,1.000000e+00,5/34,8.07%,PINK1;ATP5IF1;SIAH3;PIN1;UBE2L3
prerank,Regulation Of Insulin Secretion Involved In Cellular Response To Glucose Stimulus (GO:0061178),7.423729e-01,1.335549e+00,1.197183e-01,5.575885e-01,1.000000e+00,1/19,0.12%,ADCY8
prerank,Hepaticobiliary System Development (GO:0061008),7.756519e-01,1.335470e+00,1.211454e-01,5.542512e-01,1.000000e+00,4/15,10.48%,TGFBR3;COBL;PROX1;PRKCSH
prerank,Regulation Of Heterotypic Cell-Cell Adhesion (GO:0034114),-7.799353e-01,-1.335414e+00,9.773124e-02,5.428635e-01,1.000000e+00,4/15,3.34%,IL1B;TNF;THY1;IL10
prerank,Positive Regulation Of Peptidyl-Tyrosine Phosphorylation (GO:0050731),5.780629e-01,1.334970e+00,7.294118e-02,5.525522e-01,1.000000e+00,13/77,6.42%,GPRC5B;ERBB4;GHR;GREM1;HGF;ERBB3;FGFR3;CD44;THBS4;PLCG2;PIBF1;ENPP2;RELN
prerank,Cell Junction Assembly (GO:0034329),5.985669e-01,1.334911e+00,6.954436e-02,5.491826e-01,1.000000e+00,14/60,8.13%,CTNND2;ADGRL3;CDH2;CDHR3;CDH10;CDH6;GPM6A;CDH26;TJP1;NLGN1;PLXND1;PKP4;FARP1;NRXN1
prerank,Innate Immune Response Activating Cell Surface Receptor Signaling Pathway (GO:0002220),7.320876e-01,1.334139e+00,1.390135e-01,5.486618e-01,1.000000e+00,3/18,3.91%,KLRD1;FYN;PLCG2
prerank,Respiratory Tube Development (GO:0030323),7.657308e-01,1.333590e+00,1.431767e-01,5.472526e-01,1.000000e+00,7/16,8.61%,CHI3L1;GLI2;CCDC40;FGFR2;BAG6;PROX1;ITGA3
prerank,Positive Regulation Of Chemotaxis (GO:0050921),6.874184e-01,1.333145e+00,1.029083e-01,5.453337e-01,1.000000e+00,6/29,6.21%,PRKD1;NTRK3;FGF2;PDGFRB;HSPB1;PTN
prerank,Positive Regulation Of Dephosphorylation (GO:0035306),-7.084064e-01,-1.332614e+00,1.223776e-01,5.523283e-01,1.000000e+00,7/24,6.90%,CALM3;CDCA2;PIN1;SMPD1;CALM1;PPIA;NSMF
prerank,Dendritic Spine Organization (GO:0097061),7.063034e-01,1.330312e+00,1.215596e-01,5.521061e-01,1.000000e+00,7/23,8.70%,CTNND2;ZNF365;FYN;IGF1R;EPHB1;ITGA3;INSR
prerank,Positive Regulation Of Calcium Ion Transmembrane Transport (GO:1904427),-7.481388e-01,-1.330141e+00,8.211679e-02,5.608438e-01,1.000000e+00,3/19,1.86%,THY1;GRIN1;CXCL10
prerank,Cortical Cytoskeleton Organization (GO:0030865),-6.975577e-01,-1.330106e+00,1.151203e-01,5.583031e-01,1.000000e+00,4/27,6.99%,RAC3;TNF;PLEK;FHOD1
prerank,Regulation Of Protein Modification By Small Protein Conjugation Or Removal (GO:1903320),-7.069063e-01,-1.330063e+00,1.025641e-01,5.558528e-01,1.000000e+00,4/28,11.47%,EGR1;PINK1;COPS8;COPS4
prerank,Regulation Of Plasma Membrane Bounded Cell Projection Organization (GO:0120035),6.913209e-01,1.329934e+00,1.228448e-01,5.498413e-01,1.000000e+00,5/25,3.10%,ZNF365;NTNG1;CTNNA2;IL1RAPL1;ZNF804A
prerank,Immunoglobulin Mediated Immune Response (GO:0016064),-7.357909e-01,-1.329515e+00,1.076389e-01,5.556575e-01,1.000000e+00,5/21,9.52%,IL21R;HLA-DMA;CSF2RB;CARD9;HLA-DQA1
prerank,Establishment Of Protein Localization To Plasma Membrane (GO:0061951),-6.746941e-01,-1.328760e+00,1.087719e-01,5.565870e-01,1.000000e+00,6/31,10.32%,OPTN;NSF;RILPL2;PREPL;RAB31;GGA2
prerank,Positive Regulation Of Cell Population Proliferation (GO:0008284),4.844467e-01,1.328208e+00,7.371007e-03,5.523347e-01,1.000000e+00,43/302,9.20%,YAP1;TGFBR3;WWTR1;SOX8;MEIS2;MEGF10;ERBB4;GREM1;LIFR;EGFR;GJA1;ERBB3;NTRK3;ZFPM2;FGFR3;AREG;FGF2;BMI1;LTF;PDGFRB;EMP2;SPDYA;FGFR2;ZNF703;FGF1;AQP1;LAMC1;TJP1;IGF1R;TOX;SOX9;PTN;TGFA;TGFB2;FGFR1;PROX1;DDR2;NTRK2;FER;INSR;POU3F3;IRS1;TMEM250
prerank,Cellular Response To Virus (GO:0098586),-6.706201e-01,-1.327794e+00,9.671848e-02,5.582496e-01,1.000000e+00,10/35,18.40%,CXCL10;IFI6;IFNGR2;NLRP3;ZC3H12A;POU2F2;TOMM70;VWCE;IFNLR1;RRP1B
prerank,Nucleotide Biosynthetic Process (GO:0009165),-7.480357e-01,-1.327741e+00,1.210526e-01,5.558159e-01,1.000000e+00,3/17,6.11%,NMNAT2;PRPS1;PNP
prerank,Cellular Response To Xenobiotic Stimulus (GO:0071466),-7.269475e-01,-1.327546e+00,1.188811e-01,5.540157e-01,1.000000e+00,3/20,9.75%,IL1B;PPM1E;TFRC
prerank,Organelle Organization (GO:0006996),-5.013138e-01,-1.327526e+00,1.468189e-02,5.515603e-01,1.000000e+00,36/337,12.40%,DMTN;THY1;OPTN;RAB6B;KIF4A;PINK1;DIAPH3;ATP8B3;CCL3;ARHGAP4;WASF3;CHGA;CHCHD2;KIF3A;CCL2;ANK1;MAST1;SNX10;PPIA;VPS18;CEP55;GOLGA8A;TNFAIP3;PACSIN1;SEC23IP;CDCA8;PEX11B;RAB31;WDR81;FAM161A;CAMSAP1;RAB38;PCLO;CCDC32;ATP8B1;VMP1
prerank,Regulation Of Reactive Oxygen Species Metabolic Process (GO:2000377),-6.389009e-01,-1.327208e+00,1.131059e-01,5.503722e-01,1.000000e+00,7/44,8.25%,AGTR1;PINK1;GADD45A;MT3;BRCA1;CDKN1A;GRB2
prerank,Regulation Of Interleukin-1 Beta Production (GO:0032651),-6.192845e-01,-1.327191e+00,7.706422e-02,5.478731e-01,1.000000e+00,14/61,15.62%,TNF;EGR1;CD36;CCL3;MYD88;TNFAIP3;NOD2;GHRL;NLRP3;ZC3H12A;SERPINB1;CX3CR1;AIM2;PANX1
prerank,Response To Molecule Of Bacterial Origin (GO:0002237),-6.373568e-01,-1.326355e+00,9.888060e-02,5.491058e-01,1.000000e+00,7/46,10.52%,IL1B;GCH1;IL10;SLC11A1;TNFAIP3;TRIB1;CD24
prerank,Stimulatory C-type Lectin Receptor Signaling Pathway (GO:0002223),7.399812e-01,1.325801e+00,1.210046e-01,5.539824e-01,1.000000e+00,3/16,3.91%,KLRD1;FYN;PLCG2
prerank,Cellular Response To Lectin (GO:1990858),7.399812e-01,1.325801e+00,1.210046e-01,5.539824e-01,1.000000e+00,3/16,3.91%,KLRD1;FYN;PLCG2
prerank,Response To Glucocorticoid (GO:0051384),-7.560040e-01,-1.324835e+00,1.144902e-01,5.527528e-01,1.000000e+00,5/18,8.07%,TNF;ZFP36;IL10;GOT1;UBE2L3
prerank,Vesicle-Mediated Transport (GO:0016192),-4.983016e-01,-1.323021e+00,1.468189e-02,5.581002e-01,1.000000e+00,53/346,13.84%,CPLX1;NSG1;SYT4;RAB3A;CALY;KIF5A;SNAP25;AMPH;CCL3;DENND3;SYP;NSG2;STX19;AP3B2;SPTBN2;SYT7;STX1B;DNER;ANK1;NSF;NECAP1;RAB7B;STXBP1;GDI2;OCIAD2;KIF1A;CADPS;RPH3A;VPS18;HOOK1;AP2S1;RAB39B;AP2M1;DNM1;IFT27;HOOK2;RHOBTB2;AP3M1;EXOC7;AP5Z1;MYCBPAP;RAB11A;SYTL3;RHOB;TVP23B;STX1A;RILP;DNAJC5;RAB35;AP3M2;RAB13;BECN1;NAPA
prerank,Apoptotic Process (GO:0006915),-5.298619e-01,-1.322449e+00,2.397260e-02,5.579669e-01,1.000000e+00,38/182,12.92%,IL1B;NSG1;TNFRSF21;CHEK1;IL1A;ATCAY;MELK;SCN2A;GADD45A;IL2RA;DHCR24;RFK;IER3;IFI6;BNIP3;MYD88;MCM2;CYFIP2;CDK5;PPIA;CIT;HK2;TRAIP;PLK3;GAPDH;IFI27L1;BAD;DPF1;PPP2R1A;RNF152;DYNLL1;MX1;NLRP3;RHOB;TLR2;PPP1R15A;BCL2L13;FASTKD2
prerank,Endoplasmic Reticulum Organization (GO:0007029),-6.504210e-01,-1.321316e+00,8.797127e-02,5.603854e-01,1.000000e+00,14/42,23.50%,REEP1;REEP2;VAPB;RTN4;REEP5;SEC16A;GAK;JAGN1;DNM1L;STX18;REEP4;SEC61A1;TMEM33;RTN3
prerank,Diterpenoid Metabolic Process (GO:0016101),-7.593080e-01,-1.319608e+00,1.085409e-01,5.650306e-01,1.000000e+00,2/16,3.90%,ALDH1A1;E2F1
prerank,"Mitochondrial Electron Transport, NADH To Ubiquinone (GO:0006120)",-6.918981e-01,-1.318884e+00,1.135940e-01,5.653992e-01,1.000000e+00,19/30,26.72%,NDUFB9;NDUFA4;NDUFB1;NDUFAB1;NDUFA8;NDUFB3;NDUFA5;NDUFB10;NDUFA10;NDUFS5;NDUFS3;NDUFV2;NDUFB4;NDUFA6;NDUFS2;NDUFS6;NDUFA3;NDUFB5;NDUFV1
prerank,Protein Transport (GO:0015031),-5.068962e-01,-1.318715e+00,2.283850e-02,5.636210e-01,1.000000e+00,38/264,15.56%,RAB3A;RAB3C;SCG5;OPTN;RAB6B;CD36;STX19;STX1B;SCAMP5;KIF3A;NSF;STXBP1;IFT22;SEC23IP;NECAB3;PREPL;TFR2;IFT27;SVBP;TFRC;RAB31;GGA2;RAB38;TIMM17A;SEC13;SNX4;TVP23B;ERP29;VMP1;STX1A;RILP;RAB35;RAB13;NAPA;EHD1;SNX8;ARRDC1;ARL4C
prerank,Negative Regulation Of Double-Strand Break Repair (GO:2000780),-6.746883e-01,-1.318703e+00,1.281588e-01,5.611490e-01,1.000000e+00,3/28,5.78%,POLQ;INSL6;ERCC6
prerank,Positive Regulation Of Protein Tyrosine Kinase Activity (GO:0061098),6.751139e-01,1.318360e+00,1.210046e-01,5.773255e-01,1.000000e+00,6/26,6.42%,GPRC5B;ERBB3;AREG;DOCK3;TGFA;RELN
prerank,Cell-Substrate Junction Assembly (GO:0007044),6.905061e-01,1.318035e+00,1.415525e-01,5.748561e-01,1.000000e+00,5/25,4.87%,ITGB4;SORBS1;FERMT2;PTPRK;LAMC1
prerank,Regulation Of Neuronal Synaptic Plasticity (GO:0048168),-6.942277e-01,-1.317936e+00,1.072664e-01,5.619557e-01,1.000000e+00,9/30,8.52%,RAB3A;GRIN1;SLC8A2;NCDN;SYP;DRD2;NSMF;GRIN2B;SLC4A10
prerank,RNA Catabolic Process (GO:0006401),-6.335221e-01,-1.317575e+00,1.123188e-01,5.610222e-01,1.000000e+00,10/52,20.68%,ISG20;ZFP36;RNASE2;RNASEH1;RNASE3;MTREX;ZPR1;XRN2;YTHDF2;SUPV3L1
prerank,Regulation Of Cardiac Muscle Contraction (GO:0055117),-7.020282e-01,-1.316348e+00,1.097561e-01,5.637241e-01,1.000000e+00,9/24,18.79%,CALM3;CHGA;ATP1B1;CALM1;ZC3H12A;RNF207;RGS2;ATP2A2;P2RX4
prerank,Positive Regulation Of Cellular Metabolic Process (GO:0031325),-6.530968e-01,-1.316187e+00,1.052632e-01,5.619413e-01,1.000000e+00,8/40,8.25%,AGTR1;GADD45A;CHCHD2;MT3;GHITM;CCNB1;CDKN1A;GRB2
prerank,Regulation Of Hippo Signaling (GO:0035330),7.310598e-01,1.315411e+00,1.476510e-01,5.807929e-01,1.000000e+00,3/19,4.53%,FRMD6;WWC1;WWC3
prerank,Carboxylic Acid Transmembrane Transport (GO:1905039),6.750062e-01,1.315196e+00,1.215596e-01,5.779905e-01,1.000000e+00,4/28,5.98%,SLC7A11;SLC38A2;SLC13A3;SLC16A9
prerank,Negative Regulation Of DNA Metabolic Process (GO:0051053),-6.877156e-01,-1.314995e+00,1.241379e-01,5.646111e-01,1.000000e+00,5/27,11.30%,TSPYL2;TERF2IP;BLM;CDKN1A;SUB1
prerank,Negative Regulation Of Protein Secretion (GO:0050709),-7.165263e-01,-1.314950e+00,1.129326e-01,5.624141e-01,1.000000e+00,10/23,14.21%,IL1B;CHGA;DRD2;OPRM1;KCNB1;MIDN;RSAD2;ERP29;HMGCR;RAB11FIP5
prerank,Histone H3 Acetylation (GO:0043966),6.565931e-01,1.314861e+00,1.125828e-01,5.756398e-01,1.000000e+00,4/34,5.60%,SGF29;TMEM98;KAT2B;KAT2A
prerank,Spindle Assembly (GO:0051225),-6.106187e-01,-1.313779e+00,9.357798e-02,5.649541e-01,1.000000e+00,8/61,11.62%,MAP9;KIFC1;MAPRE3;KIF11;GOLGA8A;KPNB1;INO80;RAB11A
prerank,Positive Regulation Of Developmental Process (GO:0051094),5.090158e-01,1.312204e+00,3.092784e-02,5.817256e-01,1.000000e+00,28/179,9.05%,BMPR1B;DPF3;SOX8;RAPGEF3;GJA1;COBL;PLCB1;ALK;BMP7;ZNF703;ZDHHC15;PHLDB1;DVL2;ZBTB16;SOX9;PTN;ENPP2;RELN;SPIRE1;DAB2IP;NLGN1;FGFR1;NRXN1;KMT5C;SOX5;INSR;DVL1;ZBED3
prerank,Regulation Of Synapse Assembly (GO:0051963),-6.453294e-01,-1.311619e+00,8.445946e-02,5.714891e-01,1.000000e+00,8/42,8.33%,SLITRK4;CLSTN3;CLSTN2;CHRNB2;ROBO2;BDNF;EPHB3;GHRL
prerank,Integrin-Mediated Signaling Pathway (GO:0007229),5.898648e-01,1.311393e+00,7.317073e-02,5.812197e-01,1.000000e+00,11/67,7.10%,PRKD1;ITGB4;ITGB8;FERMT2;COL16A1;ITGA2;DOCK1;ITGA1;PLPP3;PTN;ERBIN
prerank,Cellular Response To Fibroblast Growth Factor Stimulus (GO:0044344),6.602940e-01,1.311002e+00,1.428571e-01,5.791160e-01,1.000000e+00,6/31,4.25%,FLRT2;FGFR3;FGF2;CD44;FGFR2;FGF1
prerank,Regulation Of Cell Cycle Process (GO:0010564),-5.649770e-01,-1.310235e+00,7.610619e-02,5.747911e-01,1.000000e+00,12/103,5.45%,CHEK1;BUB1;MAP9;MKI67;CALM3;FSD1;CDCA2;KIF11;PIN1;CALM1;CDC25C;MCM2
prerank,Spliceosomal Complex Assembly (GO:0000245),-6.132903e-01,-1.309897e+00,9.890110e-02,5.736637e-01,1.000000e+00,7/57,15.72%,CELF4;CELF3;PRPF19;CELF5;SRSF1;SRSF9;SNRPA1
prerank,Regulation Of Histone Deacetylation (GO:0031063),7.166538e-01,1.309833e+00,1.589862e-01,5.800298e-01,1.000000e+00,3/19,5.60%,SGF29;KAT2B;KAT2A
prerank,Mitochondrion Disassembly (GO:0061726),-6.691266e-01,-1.309750e+00,1.045872e-01,5.717931e-01,1.000000e+00,8/33,14.79%,MAP1LC3A;PINK1;BNIP3;MAP1LC3B2;GABARAPL2;MAP1LC3B;BECN1;FUNDC2
prerank,Response To Peptide Hormone (GO:0043434),6.408145e-01,1.309214e+00,1.388235e-01,5.788395e-01,1.000000e+00,6/36,10.78%,TGFBR3;SLC24A4;ZBED3;IRS1;SORT1;SLC27A1
prerank,Very Long-Chain Fatty Acid Metabolic Process (GO:0000038),6.958441e-01,1.307398e+00,1.362637e-01,5.821805e-01,1.000000e+00,6/22,9.76%,HACD1;ACSBG1;SLC27A4;SLC27A6;TECR;ABCD4
prerank,Cardiac Muscle Cell Contraction (GO:0086003),-7.649335e-01,-1.306590e+00,1.292639e-01,5.826780e-01,1.000000e+00,4/15,2.53%,SCN3B;SCN2B;CACNA1G;FGF12
prerank,Digestive Tract Development (GO:0048565),7.146511e-01,1.306365e+00,1.222222e-01,5.826919e-01,1.000000e+00,6/19,4.14%,GLI3;COBL;GLI2;CCDC40;FGFR2;PKDCC
prerank,Defense Response To Virus (GO:0051607),-5.373454e-01,-1.306321e+00,5.128205e-02,5.813362e-01,1.000000e+00,36/143,20.40%,TNF;CXCL10;ISG20;IFI6;BNIP3;ISG15;RNASE2;MYD88;IKBKE;MX2;OPRK1;SAMHD1;MX1;RSAD2;TLR2;STAT1;IFIT1;IRF7;NLRC5;AIM2;IFI27;PQBP1;TLR3;CD40;UBE2N;DHX15;IRF1;TRIM25;OASL;IFNLR1;DDX60;USP18;TRAF3;GBP2;DDIT4;TRIM5
prerank,Positive Regulation Of Epithelial Cell Migration (GO:0010634),5.728180e-01,1.306084e+00,7.177033e-02,5.803319e-01,1.000000e+00,12/74,7.70%,SASH1;PRKD1;FGF2;PLCG2;FGF1;DOCK1;SPARC;SOX9;PLPP3;ENPP2;TGFB2;PROX1
prerank,Anterior/Posterior Pattern Specification (GO:0009952),-7.288801e-01,-1.305408e+00,1.167763e-01,5.827535e-01,1.000000e+00,2/20,2.79%,HES4;BASP1
prerank,Fc-gamma Receptor Signaling Pathway Involved In Phagocytosis (GO:0038096),7.013855e-01,1.305373e+00,1.529680e-01,5.795476e-01,1.000000e+00,2/20,1.63%,FYN;PLPP4
prerank,Regulation Of Platelet Activation (GO:0010543),-7.377643e-01,-1.305303e+00,1.364452e-01,5.807220e-01,1.000000e+00,8/17,14.79%,THBD;PRKCQ;PRKCA;PLEK;LYN;PDGFA;PLA2G4A;FUNDC2
prerank,Positive Regulation Of Interleukin-1 Beta Production (GO:0032731),-6.392426e-01,-1.304940e+00,1.213768e-01,5.798394e-01,1.000000e+00,6/44,8.02%,TNF;EGR1;CD36;CCL3;MYD88;NOD2
prerank,Myeloid Cell Development (GO:0061515),-7.520135e-01,-1.304371e+00,1.456140e-01,5.797202e-01,1.000000e+00,4/16,12.12%,DMTN;SH2B3;ALAS1;TLR2
prerank,Positive Regulation Of Peptide Hormone Secretion (GO:0090277),-6.834136e-01,-1.304251e+00,1.130435e-01,5.778394e-01,1.000000e+00,5/26,9.52%,NNAT;DRD2;GHRL;BAD;TFR2
prerank,Modulation Of Chemical Synaptic Transmission (GO:0050804),-5.655065e-01,-1.303788e+00,7.056799e-02,5.773479e-01,1.000000e+00,21/103,7.21%,SYT1;CPLX1;IL1B;CLSTN3;CLSTN2;TNF;CHRNB2;SLC8A2;MAPK8IP2;PLPPR4;SYN1;RIMS3;CHRNA7;CPLX2;RIMS1;DRD2;DLGAP3;CDK5;RIMS2;HOMER1;GRIN3A
prerank,Regulation Of Mitotic Spindle Organization (GO:0060236),-6.583496e-01,-1.303691e+00,1.080139e-01,5.754101e-01,1.000000e+00,5/35,16.39%,MAP9;FSD1;DYNC1H1;PLK1;DCTN1
prerank,Positive Regulation Of B Cell Proliferation (GO:0030890),-7.034422e-01,-1.303176e+00,1.366782e-01,5.751732e-01,1.000000e+00,8/21,21.33%,CHRNB2;GPR183;TFRC;IL7;CD40;NCKAP1L;SASH3;TNFRSF13C
prerank,Double-Strand Break Repair Via Homologous Recombination (GO:0000724),-5.604763e-01,-1.302986e+00,7.029877e-02,5.735382e-01,1.000000e+00,22/98,17.26%,CDC45;GINS2;MCM6;XRCC3;BLM;TONSL;MCM2;BRCA1;LIG3;MCMDC2;NABP2;AP5Z1;GINS4;INO80;SAMHD1;RAD51AP1;MCM4;XRCC2;RPA3;RAD54B;UBE2N;AUNIP
prerank,Regulation Of Myotube Differentiation (GO:0010830),7.422285e-01,1.302111e+00,1.508121e-01,5.877701e-01,1.000000e+00,1/15,0.99%,DMPK
prerank,Positive Regulation Of Erythrocyte Differentiation (GO:0045648),-7.042197e-01,-1.301727e+00,1.289134e-01,5.764665e-01,1.000000e+00,9/24,20.79%,ACVR1B;RHEX;INHBA;ANKRD54;STAT1;TAL1;NCKAP1L;ETS1;BRD1
prerank,Regulation Of Cell Adhesion Mediated By Integrin (GO:0033628),-7.025749e-01,-1.301604e+00,1.372549e-01,5.746100e-01,1.000000e+00,6/24,10.64%,RET;RAC3;DPP4;LYN;NEXMIF;TESC
prerank,Regulation Of Release Of Cytochrome C From Mitochondria (GO:0090199),-6.681949e-01,-1.301601e+00,1.115108e-01,5.723285e-01,1.000000e+00,6/33,5.26%,MLLT11;MOAP1;PINK1;BNIP3;GHITM;PPIF
prerank,Negative Regulation Of Canonical Wnt Signaling Pathway (GO:0090090),5.580306e-01,1.301319e+00,6.746988e-02,5.874335e-01,1.000000e+00,15/77,7.66%,GLI3;WWTR1;GREM1;SOX13;MLLT3;AMER2;SHISA6;TLE1;SOX2;LZTS2;TMEM64;SOX9;APC2;DAB2IP;LRP4
prerank,Positive Regulation Of Endocytosis (GO:0045807),-6.144545e-01,-1.301250e+00,9.589041e-02,5.714008e-01,1.000000e+00,8/58,5.46%,IL1B;CALY;TNF;FPR2;TUB;SLC11A1;SMPD1;CLIP3
prerank,DNA Biosynthetic Process (GO:0071897),-7.630237e-01,-1.300471e+00,1.243433e-01,5.721256e-01,1.000000e+00,3/15,15.51%,RFC3;RRM1;TYMS
prerank,Autophagy Of Mitochondrion (GO:0000422),-6.453950e-01,-1.300253e+00,1.070111e-01,5.708131e-01,1.000000e+00,9/43,14.79%,MAP1LC3A;PINK1;BNIP3;MAP1LC3B2;GABARAPL2;SPATA33;MAP1LC3B;BECN1;FUNDC2
prerank,Morphogenesis Of An Epithelium (GO:0002009),7.146442e-01,1.300186e+00,1.505882e-01,5.881919e-01,1.000000e+00,5/17,5.88%,SOX8;SOX10;FGFR2;SOX9;TNC
prerank,External Encapsulating Structure Organization (GO:0045229),5.862598e-01,1.299889e+00,8.474576e-02,5.860532e-01,1.000000e+00,12/59,5.17%,HPSE2;ADAMTS9;COL5A3;MATN2;SMOC1;ADAMTS20;COL28A1;COL16A1;COL4A5;COL4A3;COL9A2;ADAMTS14
prerank,One-Carbon Compound Transport (GO:0019755),7.288956e-01,1.299612e+00,1.618625e-01,5.837994e-01,1.000000e+00,4/18,5.07%,SLC14A1;SLC4A4;CA2;SLC26A6
prerank,Cellular Response To Transforming Growth Factor Beta Stimulus (GO:0071560),5.709985e-01,1.298405e+00,8.780488e-02,5.848465e-01,1.000000e+00,6/65,8.45%,TGFBR3;FERMT2;PTPRK;SOX9;TGFB2;SOX5
prerank,Positive Regulation Of Synaptic Transmission (GO:0050806),-6.056354e-01,-1.297996e+00,1.095890e-01,5.778298e-01,1.000000e+00,14/58,6.59%,SYT1;CLSTN3;CLSTN2;TNF;GRIN1;SLC8A2;RIMS3;CHRNA7;STX1B;RIMS1;CCL2;CACNG8;RIMS2;CACNG2
prerank,Cell-Matrix Adhesion (GO:0007160),5.522119e-01,1.297891e+00,9.237875e-02,5.834678e-01,1.000000e+00,10/80,5.15%,ADAMTS9;ITGB4;ITGB8;SORBS1;FERMT2;PTPRK;CD44;EMP2;ITGA2;ITGA1
prerank,Regulation Of Lipid Biosynthetic Process (GO:0046890),6.870595e-01,1.297353e+00,1.377778e-01,5.819172e-01,1.000000e+00,7/22,11.34%,SORBS1;MID1IP1;ASXL3;SIRT4;APOE;CREBL2;ASAH1
prerank,Vascular Endothelial Growth Factor Receptor Signaling Pathway (GO:0048010),6.957094e-01,1.297046e+00,1.445498e-01,5.798003e-01,1.000000e+00,4/22,6.84%,PRKD1;FYN;HSPB1;DAB2IP
prerank,Positive Regulation Of Chromosome Organization (GO:2001252),-6.799914e-01,-1.296778e+00,1.074681e-01,5.804244e-01,1.000000e+00,9/27,17.69%,NCAPH;NCAPG;TERF2IP;NCAPG2;TINF2;SMC2;TAL1;PPP1R10;NCAPD3
prerank,Response To Metal Ion (GO:0010038),-6.201900e-01,-1.296290e+00,1.046099e-01,5.800616e-01,1.000000e+00,7/46,9.52%,IL1A;CALM3;CALM1;HAMP;MELTF;HOMER1;TFR2
prerank,Blood Vessel Diameter Maintenance (GO:0097746),-7.133139e-01,-1.296210e+00,1.560799e-01,5.781749e-01,1.000000e+00,2/19,1.19%,AGTR1;KLF2
prerank,Positive Regulation Of Secretion By Cell (GO:1903532),-6.052069e-01,-1.295784e+00,1.152482e-01,5.777293e-01,1.000000e+00,9/55,7.69%,IL1B;RAB3A;IL1A;ACHE;STX1B;KCNB1;CADPS;PPIA;MYH10
prerank,Regulation Of Myeloid Cell Differentiation (GO:0045637),7.208005e-01,1.295386e+00,1.490826e-01,5.828764e-01,1.000000e+00,3/20,9.69%,MEIS2;ZBTB16;L3MBTL1
prerank,Retinoid Metabolic Process (GO:0001523),-7.020100e-01,-1.295310e+00,1.477477e-01,5.774708e-01,1.000000e+00,3/24,5.83%,ALDH1A1;E2F1;CYP27C1
prerank,Positive Regulation Of miRNA Transcription (GO:1902895),-6.668648e-01,-1.295183e+00,1.250000e-01,5.757216e-01,1.000000e+00,6/30,3.34%,TNF;FOXA1;EGR1;FOSL1;FOS;IL10
prerank,Positive Regulation Of Cyclin-Dependent Protein Kinase Activity (GO:1904031),7.052251e-01,1.294829e+00,1.589862e-01,5.816275e-01,1.000000e+00,6/18,9.45%,EGFR;RGCC;SPDYA;CCND3;PROX1;STOX1
prerank,Regulation Of Pathway-Restricted SMAD Protein Phosphorylation (GO:0060393),6.495586e-01,1.294343e+00,1.294643e-01,5.800160e-01,1.000000e+00,4/30,3.49%,RBPMS;GREM1;BMPER;BMP7
prerank,Regulation Of Cell-Substrate Adhesion (GO:0010810),-6.703521e-01,-1.294217e+00,1.373239e-01,5.775758e-01,1.000000e+00,6/31,8.35%,DMTN;THY1;NPNT;PTPRO;RELL2;ECM2
prerank,Regulation Of Stress-Activated MAPK Cascade (GO:0032872),6.143975e-01,1.293990e+00,9.354120e-02,5.779887e-01,1.000000e+00,9/46,8.73%,TGFBR3;GREM1;EGFR;PHLPP1;IGF1R;DAB2IP;TGFB2;EPHB1;FOXO1
prerank,Non-Canonical Wnt Signaling Pathway (GO:0035567),6.731918e-01,1.293683e+00,1.299304e-01,5.760317e-01,1.000000e+00,6/25,13.11%,PRICKLE2;DVL2;CCDC88C;DVL1;FZD6;CELSR2
prerank,Positive Regulation Of Leukocyte Cell-Cell Adhesion (GO:1903039),-6.835927e-01,-1.293499e+00,1.039861e-01,5.783422e-01,1.000000e+00,5/32,4.84%,TNF;THY1;HLA-DMA;CCL2;PRKCQ
prerank,Positive Regulation Of Myeloid Leukocyte Differentiation (GO:0002763),-6.987682e-01,-1.293277e+00,1.227437e-01,5.770761e-01,1.000000e+00,6/25,13.47%,TNF;ID2;PRKCA;TESC;CD4;ZFP36L1
prerank,Intrinsic Apoptotic Signaling Pathway In Response To DNA Damage (GO:0008630),-6.268293e-01,-1.292601e+00,1.189189e-01,5.778425e-01,1.000000e+00,8/44,10.95%,MOAP1;BCL2A1;E2F1;CDIP1;IKBKE;BRCA1;BCL2L2;MCL1
prerank,Neuron Development (GO:0048666),-5.447026e-01,-1.291647e+00,6.500000e-02,5.794253e-01,1.000000e+00,17/116,5.78%,STMN2;ATCAY;MAP1B;STMN1;RAB6B;L1CAM;NCDN;POU3F2;NOVA2;ROBO2;MYT1L;BTG2;MAP2;STMN3;CDK5R1;CDK5;ERCC6
prerank,Positive Regulation Of Catabolic Process (GO:0009896),-6.000959e-01,-1.291632e+00,1.061947e-01,5.772908e-01,1.000000e+00,4/63,6.86%,IL1B;TNF;NSF;TNFAIP3
prerank,Positive Regulation Of Canonical Wnt Signaling Pathway (GO:0090263),5.704353e-01,1.291443e+00,8.715596e-02,5.804586e-01,1.000000e+00,10/68,4.11%,LGR6;GPC5;KANK1;GPRC5B;DAAM2;LGR5;EGFR;LYPD6;LGR4;FGFR2
prerank,Liver Development (GO:0001889),6.954803e-01,1.291302e+00,1.696429e-01,5.779232e-01,1.000000e+00,3/22,3.23%,TGFBR3;COBL;CCDC40
prerank,Negative Regulation Of Protein Serine/Threonine Kinase Activity (GO:0071901),-5.939471e-01,-1.291162e+00,8.633094e-02,5.770774e-01,1.000000e+00,10/67,9.44%,IL1B;UCHL1;GADD45A;SMPD1;PRKAR2B;PTPN1;PKIB;CDKN1A;SH2B3;LYN
prerank,Negative Regulation Of Transmembrane Receptor Protein Serine/Threonine Kinase Signaling Pathway (GO:0090101),5.533412e-01,1.290836e+00,9.027778e-02,5.763922e-01,1.000000e+00,5/81,1.83%,PRDM16;GREM1;BMPER;MAGI2;CD109
prerank,Establishment Of Endothelial Barrier (GO:0061028),6.924268e-01,1.290789e+00,1.376344e-01,5.735399e-01,1.000000e+00,5/22,11.02%,RAPGEF3;PPP1R16B;TJP1;RAP2B;F2RL1
prerank,Mitotic Chromosome Condensation (GO:0007076),-7.453972e-01,-1.290303e+00,1.518987e-01,5.782862e-01,1.000000e+00,3/15,3.12%,NCAPH;NCAPG;CDCA5
prerank,Mitochondrial Fusion (GO:0008053),-7.211631e-01,-1.289744e+00,1.600688e-01,5.784717e-01,1.000000e+00,5/18,18.74%,BCL2A1;MCL1;MFF;MFN2;STOML2
prerank,DNA Recombination (GO:0006310),-6.537687e-01,-1.289435e+00,1.273997e-01,5.775160e-01,1.000000e+00,12/34,20.68%,XRCC3;BLM;BRCA1;ENDOG;XRCC6;EXO1;XRCC2;RAD54B;ERCC1;GEN1;DMC1;SUPV3L1
prerank,Lamellipodium Assembly (GO:0030032),-6.958982e-01,-1.288064e+00,1.552680e-01,5.806064e-01,1.000000e+00,1/21,0.09%,DMTN
prerank,Actomyosin Structure Organization (GO:0031032),5.948485e-01,1.288007e+00,1.050328e-01,5.802962e-01,1.000000e+00,8/52,6.72%,SORBS1;FAM171A1;FRMD5;MYLK3;TJP1;TMOD2;ARRB1;CDC42BPA
prerank,Response To Exogenous dsRNA (GO:0043330),-7.470988e-01,-1.286828e+00,1.391753e-01,5.832192e-01,1.000000e+00,8/16,20.65%,RFTN1;COLEC12;IFIT1;RALB;PQBP1;TLR3;FLOT1;TICAM1
prerank,Epithelial Cell Migration (GO:0010631),6.577249e-01,1.286372e+00,1.441860e-01,5.828610e-01,1.000000e+00,5/29,7.56%,KANK1;DAAM2;PIK3CA;ANLN;PLXND1
prerank,Positive Regulation Of DNA Metabolic Process (GO:0051054),5.478941e-01,1.286108e+00,8.000000e-02,5.808783e-01,1.000000e+00,12/89,5.74%,NPAS2;EYA1;EGFR;HGF;GINS3;EYA2;FGF2;RGCC;GLI2;PDGFRB;TOX;TRIM28
prerank,Negative Regulation Of Interleukin-1 Production (GO:0032692),-7.076020e-01,-1.285951e+00,1.368613e-01,5.846622e-01,1.000000e+00,7/22,14.66%,IL10;TNFAIP3;GHRL;NLRP3;ZC3H12A;SERPINB1;CX3CR1
prerank,Regulation Of Potassium Ion Transmembrane Transport (GO:1901379),6.481370e-01,1.285852e+00,1.565996e-01,5.789627e-01,1.000000e+00,3/29,7.14%,DPP10;KCNIP3;DPP6
prerank,Regulation Of Protein Targeting To Membrane (GO:0090313),-6.800521e-01,-1.285436e+00,1.399317e-01,5.847053e-01,1.000000e+00,4/26,4.60%,DMTN;HRAS;ITGAM;KCNB1
prerank,Regulation Of Multicellular Organismal Development (GO:2000026),6.010267e-01,1.285252e+00,1.235431e-01,5.781363e-01,1.000000e+00,7/46,8.70%,SGF29;ALOX15B;KAT2B;KAT2A;PTN;BAG6;INSR
prerank,Negative Regulation Of Endocytosis (GO:0045806),6.645679e-01,1.285154e+00,1.572770e-01,5.756076e-01,1.000000e+00,4/25,6.43%,PRKD1;LGALS3;APOC1;EPHA3
prerank,Regulation Of Amyloid-Beta Formation (GO:1902003),-6.721520e-01,-1.284911e+00,1.183746e-01,5.845865e-01,1.000000e+00,3/30,4.03%,TNF;CHRNA7;PIN1
prerank,Proton Motive Force-Driven ATP Synthesis (GO:0015986),-6.222794e-01,-1.284289e+00,1.098485e-01,5.849323e-01,1.000000e+00,26/48,26.72%,NDUFB9;ATP5F1B;NDUFB1;NDUFAB1;ATP5MC3;SDHC;ATP5PB;NDUFA8;NDUFB3;NDUFA5;NDUFB10;ATP5MC1;NDUFA10;NDUFS5;NDUFS3;NDUFV2;NDUFB4;NDUFA6;NDUFS2;NDUFS6;SDHB;NDUFA12;NDUFA3;NDUFA1;NDUFB5;NDUFV1
prerank,Water-Soluble Vitamin Metabolic Process (GO:0006767),-6.436644e-01,-1.284203e+00,1.298482e-01,5.831871e-01,1.000000e+00,6/36,8.85%,SLC2A3;VNN2;RFK;SLC25A19;MMAB;MTHFD2
prerank,Negative Regulation Of MAPK Cascade (GO:0043409),-5.753288e-01,-1.284098e+00,7.785467e-02,5.814621e-01,1.000000e+00,16/78,10.09%,IL1B;UCHL1;DUSP26;PEBP1;LMO3;PIN1;SMPD1;DUSP8;PPIA;PTPN1;DUSP2;RPS6KA6;SH2B3;PTPN2;LYN;PPP2R1A
prerank,Mitotic Nuclear Division (GO:0140014),-6.416933e-01,-1.283377e+00,1.484230e-01,5.822134e-01,1.000000e+00,9/37,13.56%,CENPK;KIFC1;KIF18B;NDC80;DSN1;INO80;CENPI;NCAPG2;PLK1
prerank,Positive Regulation Of Interleukin-1 Production (GO:0032732),-6.207245e-01,-1.283331e+00,1.297989e-01,5.803380e-01,1.000000e+00,6/48,8.02%,TNF;EGR1;CD36;CCL3;MYD88;NOD2
prerank,Axon Extension (GO:0048675),-7.000627e-01,-1.282179e+00,1.627486e-01,5.827476e-01,1.000000e+00,5/20,8.60%,MAP1B;CDK5;NELL2;SEMA5A;NELL1
prerank,Lamellipodium Organization (GO:0097581),-6.679493e-01,-1.282177e+00,1.627486e-01,5.806886e-01,1.000000e+00,1/26,0.09%,DMTN
prerank,Purine Nucleotide Biosynthetic Process (GO:0006164),-7.244439e-01,-1.282061e+00,1.576087e-01,5.791225e-01,1.000000e+00,2/19,5.40%,NMNAT2;PRPS1
prerank,Response To Estradiol (GO:0032355),-7.106129e-01,-1.281919e+00,1.649306e-01,5.776494e-01,1.000000e+00,2/18,1.20%,SSTR1;FOXA1
prerank,Transcription Initiation-Coupled Chromatin Remodeling (GO:0045815),6.452572e-01,1.280986e+00,1.510297e-01,5.865863e-01,1.000000e+00,3/30,5.31%,FAM47E;SGF29;KAT2B
prerank,Regulation Of Interleukin-4 Production (GO:0032673),-7.293718e-01,-1.280724e+00,1.570681e-01,5.802869e-01,1.000000e+00,9/17,22.49%,PRKCQ;ZFPM1;HAVCR2;SLC7A5;NLRP3;DDIT3;HLA-DRB1;CEBPB;FCER1G
prerank,Positive Regulation Of Growth (GO:0045927),5.779866e-01,1.280602e+00,9.975062e-02,5.848921e-01,1.000000e+00,8/61,8.70%,YAP1;EGFR;PLCB1;LGI1;S100A8;WFS1;TGFB2;INSR
prerank,Extracellular Structure Organization (GO:0043062),5.744141e-01,1.280222e+00,9.482759e-02,5.833017e-01,1.000000e+00,12/61,5.17%,HPSE2;ADAMTS9;COL5A3;MATN2;SMOC1;ADAMTS20;COL28A1;COL16A1;COL4A5;COL4A3;COL9A2;ADAMTS14
prerank,Regulation Of Cytokine-Mediated Signaling Pathway (GO:0001959),-6.482291e-01,-1.280154e+00,1.288566e-01,5.805062e-01,1.000000e+00,11/36,17.66%,CDC37;IKBKE;PTPN1;TNFAIP3;IRAK2;PTPN2;CD24;SPHK1;IL7;SPATA2;SPPL2B
prerank,Positive Regulation Of Angiogenesis (GO:0045766),5.524738e-01,1.279377e+00,1.200000e-01,5.830803e-01,1.000000e+00,16/78,5.75%,SASH1;PRKD1;ITGB8;CHI3L1;RAPGEF3;BMPER;FGF2;GAB1;EMP2;ANGPTL4;SERPINE1;HSPB1;FGF1;AQP1;TJP1;APLNR
prerank,Positive Regulation Of Cyclin-Dependent Protein Serine/Threonine Kinase Activity (GO:0045737),7.192169e-01,1.279096e+00,1.662763e-01,5.811154e-01,1.000000e+00,5/15,7.70%,EGFR;RGCC;SPDYA;CCND3;PROX1
prerank,Regulation Of B Cell Proliferation (GO:0030888),-6.483010e-01,-1.278915e+00,1.245614e-01,5.831891e-01,1.000000e+00,6/32,9.75%,TNFRSF21;CHRNB2;IL10;GPR183;LYN;TFRC
prerank,Double-Strand Break Repair Via Nonhomologous End Joining (GO:0006303),-6.332165e-01,-1.278785e+00,1.202873e-01,5.816708e-01,1.000000e+00,15/39,27.92%,POLQ;ERCC6;PRPF19;XRCC6;IFFO1;ERCC1;RNF8;TP53BP1;CYREN;DCLRE1B;DCLRE1C;PNKP;ERCC8;PSMD14;NSMCE2
prerank,Glial Cell Development (GO:0021782),7.050935e-01,1.278721e+00,1.689498e-01,5.796028e-01,1.000000e+00,2/17,2.31%,MYRF;SOX10
prerank,Negative Regulation Of Epithelial Cell Migration (GO:0010633),6.729694e-01,1.278628e+00,1.784038e-01,5.771035e-01,1.000000e+00,5/21,9.91%,ADAMTS9;PTPRG;DUSP10;DAB2IP;APOE
prerank,DNA Damage Checkpoint Signaling (GO:0000077),-6.584572e-01,-1.278594e+00,1.397059e-01,5.803973e-01,1.000000e+00,5/31,6.03%,CLSPN;CHEK1;E2F1;ERCC6;PRPF19
prerank,MAPK Cascade (GO:0000165),-5.732634e-01,-1.276555e+00,9.138840e-02,5.863386e-01,1.000000e+00,12/79,9.26%,IL1B;TNF;CCL3;HRAS;ZFP36;CCL2;MT3;PLVAP;MAP2K3;MAPK12;FGF13;YWHAE
prerank,Negative Chemotaxis (GO:0050919),6.657046e-01,1.276041e+00,1.468531e-01,5.829982e-01,1.000000e+00,5/26,9.27%,LGR6;SEMA4B;SEMA3D;SEMA6A;SEMA3B
prerank,Positive Regulation Of Oxidoreductase Activity (GO:0051353),-7.455295e-01,-1.275551e+00,1.581818e-01,5.881650e-01,1.000000e+00,3/15,3.73%,AGTR1;TNF;RFK
prerank,Sensory Perception (GO:0007600),-6.661648e-01,-1.275441e+00,1.596330e-01,5.865999e-01,1.000000e+00,11/26,11.66%,CHRNB2;CHRNA7;CHRNA4;CCL2;OPRM1;NIPSNAP1;PCDH15;OPRK1;OR3A2;C5AR1;USH2A
prerank,Endoplasmic Reticulum Tubular Network Organization (GO:0071786),-7.469294e-01,-1.274139e+00,1.505922e-01,5.895102e-01,1.000000e+00,2/15,3.41%,REEP1;REEP2
prerank,Epithelium Development (GO:0060429),5.554397e-01,1.273966e+00,9.976798e-02,5.871685e-01,1.000000e+00,13/75,8.83%,SOX8;LGALS3;SOX10;CES1;FGFR2;CNN3;SOX9;TNC;PTCH1;ZNF358;PPP2R3A;PROX1;DVL1
prerank,Defense Response To Bacterium (GO:0042742),-5.585895e-01,-1.273043e+00,9.172662e-02,5.916058e-01,1.000000e+00,11/88,5.06%,IL1B;OPTN;LPO;ANXA3;CHGA;FPR2;HLA-A;SLC11A1;ISG15;RNASE2;MYD88
prerank,"Alternative mRNA Splicing, Via Spliceosome (GO:0000380)",-7.159460e-01,-1.272972e+00,1.732419e-01,5.898370e-01,1.000000e+00,3/16,11.21%,CELF4;NCBP2;SRSF1
prerank,Calcium-Dependent Cell-Cell Adhesion Via Plasma Membrane Cell Adhesion Molecules (GO:0016339),7.242139e-01,1.272755e+00,1.929412e-01,5.885106e-01,1.000000e+00,6/16,7.27%,CDH2;CDHR3;CDH10;CDH6;CDH26;NLGN1
prerank,Regulation Of Glucose Import (GO:0046324),6.509856e-01,1.272689e+00,1.360544e-01,5.859417e-01,1.000000e+00,8/27,12.96%,SORBS1;OCLN;GRB10;INSR;IRS1;CREBL2;AKT2;IRS2
prerank,"Regulation Of Alternative mRNA Splicing, Via Spliceosome (GO:0000381)",-6.098532e-01,-1.272030e+00,1.421053e-01,5.915422e-01,1.000000e+00,7/48,9.81%,CELF4;CELF3;RBM11;NOVA2;RBM25;CELF5;SAP18
prerank,Excitatory Postsynaptic Potential (GO:0060079),-7.433243e-01,-1.271935e+00,1.555556e-01,5.898602e-01,1.000000e+00,4/15,8.13%,GRIN1;MAPK8IP2;DRD2;GRIN2B
prerank,Response To Calcium Ion (GO:0051592),-5.644807e-01,-1.271174e+00,9.249564e-02,5.907199e-01,1.000000e+00,11/79,5.26%,DMTN;SYT1;SYT4;SYT5;SYT13;CALM3;SYT7;SMPD1;CALM1;KCNMB1;PPIF
prerank,Positive Regulation Of Neuron Apoptotic Process (GO:0043525),-6.893238e-01,-1.271073e+00,1.785064e-01,5.891510e-01,1.000000e+00,5/20,5.74%,TNF;CCL3;ITGAM;CDK5R1;CDK5
prerank,Antiviral Innate Immune Response (GO:0140374),-6.388554e-01,-1.270672e+00,1.545624e-01,5.887770e-01,1.000000e+00,2/34,1.86%,TNF;CXCL10
prerank,Coenzyme A Metabolic Process (GO:0015936),-7.278288e-01,-1.269842e+00,1.914530e-01,5.900604e-01,1.000000e+00,1/15,0.81%,ACOT7
prerank,Positive Regulation Of Intracellular Signal Transduction (GO:1902533),4.520091e-01,1.267575e+00,1.634877e-02,6.001745e-01,1.000000e+00,46/393,7.91%,SASH1;RBPMS;PLXNB1;PRKD1;CHI3L1;GPRC5B;FRMD6;WWC1;FERMT2;EGFR;GJA1;HGF;ERBB3;NTRK3;ROR1;FGFR3;FGF2;LTF;ADRA2C;NUPR1;ROR2;PDGFRB;BOK;BMP7;PLCG2;FGFR2;FGF1;MFHAS1;SOX2;PIK3CA;RPL37;S100A8;IGF1R;PELI1;SOX9;RELN;DAB2IP;PLCE1;LRP2;TGFB2;NLGN1;S100A4;FGFR1;DDR2;TRIM58;NTRK2
prerank,Positive Regulation Of Transport (GO:0051050),-6.324247e-01,-1.267568e+00,1.466905e-01,5.969802e-01,1.000000e+00,7/40,9.52%,CALY;TNF;SYNGR3;SMPD1;CLIP3;DYNC1H1;TFR2
prerank,Cellular Response To Decreased Oxygen Levels (GO:0036294),5.670508e-01,1.267402e+00,1.153846e-01,5.979282e-01,1.000000e+00,8/59,4.57%,FMN2;RORA;CPEB1;KCND2;EGLN3;RGCC;BMP7;AQP1
prerank,Regulation Of Establishment Of Planar Polarity (GO:0090175),6.798576e-01,1.265500e+00,2.049550e-01,6.013616e-01,1.000000e+00,5/19,13.11%,PRICKLE2;DVL2;DVL1;FZD6;CELSR2
prerank,Neurogenesis (GO:0022008),6.183550e-01,1.264719e+00,1.610577e-01,6.010240e-01,1.000000e+00,11/36,7.66%,ERBB4;EGFR;ERBB3;FAT4;CXCR4;SPOCK1;MAPT;VXN;TGFB2;EPHB1;LRP4
prerank,Insulin Receptor Signaling Pathway (GO:0008286),6.174719e-01,1.264167e+00,1.381910e-01,5.998290e-01,1.000000e+00,13/40,12.96%,SORBS1;GAB1;PIK3CA;IGF1R;FOXO4;GRB10;FER;INSR;FOXO1;IRS1;STXBP4;AKT2;IRS2
prerank,Activation Of GTPase Activity (GO:0090630),5.566903e-01,1.263848e+00,1.238095e-01,5.981312e-01,1.000000e+00,15/78,13.01%,NTRK3;ARHGEF26;SLC27A4;ARHGAP29;SGSM3;TBC1D16;APC2;RALGAPA2;AGAP1;TBC1D10A;TIAM2;ARHGAP42;RASGRF1;DOCK7;SIPA1
prerank,Oxidative Phosphorylation (GO:0006119),-6.036261e-01,-1.263667e+00,1.297710e-01,6.100252e-01,1.000000e+00,27/51,26.72%,NDUFB9;ATP5F1B;NDUFB1;NDUFAB1;SDHC;ATP5PB;NDUFA8;NDUFB3;NDUFA5;NDUFB10;UQCRH;NDUFA10;NDUFS5;NDUFS3;NDUFV2;NDUFB4;NDUFA6;NDUFS2;NDUFS6;UQCRC1;SDHB;NDUFA12;UQCRB;NDUFA3;NDUFA1;NDUFB5;NDUFV1
prerank,Glycosphingolipid Biosynthetic Process (GO:0006688),-7.170307e-01,-1.263490e+00,1.734513e-01,6.087143e-01,1.000000e+00,5/15,12.86%,ST8SIA3;B4GALNT1;ST6GALNAC5;ST8SIA6;B4GALT6
prerank,Postsynaptic Membrane Organization (GO:0001941),7.155243e-01,1.262678e+00,1.918977e-01,5.992753e-01,1.000000e+00,9/15,20.81%,NLGN4X;NLGN1;LRP4;NRXN1;GPHN;NLGN2;CHRNB1;DNAJA3;NLGN4Y
prerank,Cellular Response To Chemokine (GO:1990869),-6.903157e-01,-1.262200e+00,1.758621e-01,6.118260e-01,1.000000e+00,7/22,14.86%,CCL3;CXCL10;CCL2;CCL3L1;SH2B3;ZC3H12A;DUSP1
prerank,Protein Monoubiquitination (GO:0006513),-6.214151e-01,-1.261954e+00,1.388889e-01,6.106215e-01,1.000000e+00,11/43,18.12%,FANCA;UHRF1;KBTBD8;RNF40;NEURL1;UBE2T;TRIM37;FAAP100;UBE2O;STUB1;TRIM25
prerank,Heart Contraction (GO:0060047),-6.918333e-01,-1.261716e+00,1.651376e-01,6.096487e-01,1.000000e+00,4/22,5.89%,SCN3B;SCN2B;ATP1B1;SOD1
prerank,Stem Cell Differentiation (GO:0048863),6.478033e-01,1.260548e+00,1.545455e-01,6.035828e-01,1.000000e+00,5/26,7.19%,MLLT3;FGFR2;GPM6A;FOXO4;TGFB2
prerank,Positive Regulation Of Cell-Substrate Adhesion (GO:0010811),-5.944162e-01,-1.260007e+00,1.321429e-01,6.142756e-01,1.000000e+00,8/49,8.60%,DMTN;RAC3;CD36;NPNT;ENC1;RELL2;ECM2;NELL1
prerank,Membrane Protein Proteolysis (GO:0033619),-6.690575e-01,-1.259704e+00,1.572650e-01,6.134000e-01,1.000000e+00,2/27,4.84%,RET;PRKCQ
prerank,Vascular Transport (GO:0010232),5.523509e-01,1.259448e+00,1.098398e-01,6.045394e-01,1.000000e+00,24/67,10.12%,ABCC3;ABCC9;SLC4A4;SLC1A2;SLCO1C1;ATP1A2;SLC27A4;SLC29A1;SLCO3A1;SLC44A1;SLC38A2;SLC6A1;SLC13A3;SLC24A3;SLC22A3;SLC12A2;LRP2;SLC6A9;ATP8A1;INSR;SLC29A2;SLC29A4;SLC7A2;SLC15A2
prerank,Golgi To Plasma Membrane Protein Transport (GO:0043001),-6.708216e-01,-1.259136e+00,1.646018e-01,6.137445e-01,1.000000e+00,5/23,10.32%,OPTN;NSF;PREPL;RAB31;GGA2
prerank,Regulation Of Vascular Endothelial Growth Factor Receptor Signaling Pathway (GO:0030947),-6.996520e-01,-1.258016e+00,1.764706e-01,6.160590e-01,1.000000e+00,4/19,8.60%,IL1B;MT3;PTPN1;NELL1
prerank,Proton Motive Force-Driven Mitochondrial ATP Synthesis (GO:0042776),-6.162595e-01,-1.257078e+00,1.506591e-01,6.177283e-01,1.000000e+00,24/44,26.72%,NDUFB9;ATP5F1B;NDUFB1;NDUFAB1;SDHC;ATP5PB;NDUFA8;NDUFB3;NDUFA5;NDUFB10;NDUFA10;NDUFS5;NDUFS3;NDUFV2;NDUFB4;NDUFA6;NDUFS2;NDUFS6;SDHB;NDUFA12;NDUFA3;NDUFA1;NDUFB5;NDUFV1
prerank,Negative Regulation Of Axonogenesis (GO:0050771),-7.119741e-01,-1.257004e+00,1.814947e-01,6.160183e-01,1.000000e+00,6/18,15.55%,THY1;MAP2;MT3;FGF13;RTN4;DCC
prerank,Cell-Cell Adhesion Via Plasma-Membrane Adhesion Molecules (GO:0098742),5.218241e-01,1.256275e+00,8.088235e-02,6.118658e-01,1.000000e+00,26/108,7.27%,NTNG1;ADGRL3;CRB2;CNTN2;DSCAML1;FAT4;CADM1;CRB1;IL1RAPL1;CDH2;IGSF11;PTPRD;HMCN1;CLDN9;SLITRK2;NEXN;CDHR3;CDH10;CDH6;CDH26;CLDN12;GPC4;NECTIN1;TGFB2;UNC5D;NLGN1
prerank,Mitochondrial Respiratory Chain Complex Assembly (GO:0033108),-5.586492e-01,-1.255771e+00,1.289753e-01,6.187077e-01,1.000000e+00,30/75,26.36%,COA3;NDUFB9;CHCHD7;NDUFB1;NDUFAB1;NDUFA8;NDUFB3;UQCRFS1;NDUFA5;NDUFB10;NDUFA10;UQCC3;SLC25A33;FASTKD3;NDUFS5;OXA1L;NDUFS3;DMAC2;NDUFB4;FOXRED1;NDUFA6;NDUFS2;COA5;SAMM50;SDHAF3;NDUFA3;NDUFA1;PET100;NDUFB5;TMEM223
prerank,Vasculogenesis (GO:0001570),7.004233e-01,1.255701e+00,2.100457e-01,6.109095e-01,1.000000e+00,4/17,5.75%,TGFBR3;ITGB8;PDGFRB;APLNR
prerank,Response To Insulin (GO:0032868),5.643704e-01,1.254292e+00,1.238739e-01,6.128411e-01,1.000000e+00,16/60,14.38%,SORBS1;CPEB1;KAT2B;DENND4C;FER;INSR;FOXO1;ZBED3;IRS1;SORT1;SLC27A1;AKT2;IRS2;LPIN1;KHK;CPEB2
prerank,Regulation Of Stress Fiber Assembly (GO:0051492),5.666176e-01,1.254271e+00,1.291080e-01,6.101635e-01,1.000000e+00,9/57,5.56%,FERMT2;RAPGEF3;ASAP3;RGCC;TMEFF2;RHPN1;LIMCH1;TJP1;SORBS3
prerank,Positive Regulation Of Neurogenesis (GO:0050769),5.646836e-01,1.254194e+00,1.355140e-01,6.077203e-01,1.000000e+00,6/60,2.86%,PLXNB1;SOX8;PLXNA1;BCAN;IL1RAPL1;PTPRD
prerank,Response To Tumor Necrosis Factor (GO:0034612),-5.828751e-01,-1.253897e+00,1.267361e-01,6.237838e-01,1.000000e+00,9/67,6.08%,TNFRSF21;GCH1;CCL3;ZFP36;CCL2;CCL3L1;NPNT;SMPD1;BRCA1
prerank,Organelle Fusion (GO:0048284),-6.772633e-01,-1.253720e+00,1.699115e-01,6.224959e-01,1.000000e+00,5/24,16.67%,BCL2A1;VPS18;MCL1;MFF;MFN2
prerank,Regulation Of Endopeptidase Activity (GO:0052548),6.046554e-01,1.253407e+00,1.194379e-01,6.075888e-01,1.000000e+00,4/42,3.93%,SERPINI2;CRB2;SPOCK1;SERPINE1
prerank,"Regulation Of Synaptic Transmission, Glutamatergic (GO:0051966)",-6.183358e-01,-1.253006e+00,1.544118e-01,6.232078e-01,1.000000e+00,13/44,9.40%,SYT1;TNF;GRIN1;MAPK8IP2;PLPPR4;DRD2;CCL2;CACNG8;CDK5;CACNG2;HOMER1;GRIN2B;UNC13A
prerank,Regulation Of Phosphatidylinositol 3-Kinase Activity (GO:0043551),6.533540e-01,1.252908e+00,1.875000e-01,6.065253e-01,1.000000e+00,7/25,11.13%,PRKD1;FGFR3;FGF2;PDGFRB;DAB2IP;IRS1;PIK3IP1
prerank,Regulation Of Blood Coagulation (GO:0030193),-7.243640e-01,-1.251861e+00,2.021858e-01,6.257011e-01,1.000000e+00,2/16,2.98%,DMTN;THBD
prerank,Second-Messenger-Mediated Signaling (GO:0019932),-5.967138e-01,-1.251297e+00,1.572438e-01,6.260205e-01,1.000000e+00,12/51,12.04%,AGTR1;CD36;CCL3;FPR2;BTK;GUCY1B1;POMC;FPR1;RCAN2;PPP2R1A;TPCN2;SPHK1
prerank,Fc Receptor Mediated Stimulatory Signaling Pathway (GO:0002431),6.654842e-01,1.250370e+00,1.763341e-01,6.118444e-01,1.000000e+00,2/22,1.63%,FYN;PLPP4
prerank,Gluconeogenesis (GO:0006094),-6.671390e-01,-1.249960e+00,1.813285e-01,6.292132e-01,1.000000e+00,6/25,10.54%,ENO2;PGAM1;MDH1;SLC25A1;MDH2;SLC37A4
prerank,Positive Regulation Of Nervous System Development (GO:0051962),-6.362834e-01,-1.246883e+00,1.744387e-01,6.392057e-01,1.000000e+00,7/36,8.33%,SLITRK4;CLSTN3;CLSTN2;OPRM1;SERPINF1;EPHB3;GHRL
prerank,"Positive Regulation Of mRNA Splicing, Via Spliceosome (GO:0048026)",-7.189407e-01,-1.246438e+00,1.688963e-01,6.390401e-01,1.000000e+00,5/17,18.24%,CELF4;RBM3;CIRBP;WDR77;NUP98
prerank,Regulation Of mRNA Stability (GO:0043488),-5.793077e-01,-1.246416e+00,1.461676e-01,6.371566e-01,1.000000e+00,11/62,15.72%,ZFP36;DND1;E2F1;SLC11A1;PRKCA;FUS;FASTKD2;ZFP36L1;CIRBP;APEX1;FASTKD3
prerank,Positive Regulation Of Inflammatory Response (GO:0050729),-5.636555e-01,-1.246378e+00,1.336898e-01,6.353174e-01,1.000000e+00,6/73,5.18%,AGTR1;IL1B;TNF;CCL3;OSM;NFKBIZ
prerank,Regulation Of Response To External Stimulus (GO:0032101),-5.472532e-01,-1.245856e+00,1.175468e-01,6.354614e-01,1.000000e+00,22/88,20.68%,AGTR1;CD36;MYD88;FBXL2;NOD2;PTGS2;NLRP4;SAMHD1;ALOX5;APLP2;PARK7;SPATA2;BCL6;SBNO2;PTPN22;IRF1;P2RX4;FGR;USP18;TRAF3;TRIM5;DAGLB
prerank,DNA Duplex Unwinding (GO:0032508),-6.307416e-01,-1.245732e+00,1.819887e-01,6.339890e-01,1.000000e+00,10/35,13.72%,CDC45;GINS2;MCM6;BLM;MCM2;GINS1;HMGA1;GINS4;MCM4;IGHMBP2
prerank,Insulin Secretion (GO:0030073),-7.217490e-01,-1.245114e+00,2.041166e-01,6.343658e-01,1.000000e+00,5/15,14.80%,PTPRN;RIMS2;PTPRN2;RAB11FIP5;PARK7
prerank,"Regulation Of mRNA Splicing, Via Spliceosome (GO:0048024)",-5.554000e-01,-1.244625e+00,1.275862e-01,6.342148e-01,1.000000e+00,18/82,19.29%,CELF4;CELF3;RBM11;NOVA2;RBM25;RBM3;CELF5;SAP18;CIRBP;SRSF7;SRSF9;RBM4;RNPS1;KHDRBS2;WDR77;NUP98;SRSF4;HNRNPL
prerank,Long-Chain Fatty Acid Metabolic Process (GO:0001676),5.987632e-01,1.244294e+00,1.569087e-01,6.283023e-01,1.000000e+00,5/43,3.86%,EPHX1;CYP2J2;ALOX15B;ACSBG1;SLC27A4
prerank,Negative Regulation Of Nucleic Acid-Templated Transcription (GO:1903507),4.539007e-01,1.243932e+00,3.561644e-02,6.265967e-01,1.000000e+00,37/335,9.25%,GLI3;PRDM16;SOX8;PTPRK;SOX13;ZFPM2;RORB;CDKN2A;PLCB1;ZNF706;GCLC;ZNF827;RUNX1T1;BMP7;ZNF703;ZBTB33;TLE1;ZNF423;PIAS4;ZBTB16;SOX9;TRIM28;ZNF24;NACC2;DAB2IP;NDUFA13;DEDD2;PROX1;BAHD1;MECOM;IKZF4;FOXO1;POU3F3;SPINDOC;KCTD1;ZNF540;SIRT2
prerank,Inflammatory Response (GO:0006954),-5.142699e-01,-1.243717e+00,8.843537e-02,6.356848e-01,1.000000e+00,30/135,12.12%,AGTR1;IL1B;IL1A;TNF;OLR1;CDO1;CCL3;CXCL10;IL2RA;FOS;FPR2;PITX3;CCL2;RELB;CCL3L1;SLC11A1;ADM;SCUBE1;C5AR2;NFKB2;FPR1;IRAK2;MMP24;ITGAL;NOD1;C5AR1;TAC1;PLA2G4C;NLRP3;TLR2
prerank,Glucose Metabolic Process (GO:0006006),-6.078845e-01,-1.243372e+00,1.687840e-01,6.349666e-01,1.000000e+00,10/44,10.54%,ENO2;PGAM1;HK3;MDH1;SLC25A1;HK2;GHRL;HK1;MDH2;SLC37A4
prerank,Response To Organonitrogen Compound (GO:0010243),-6.248241e-01,-1.242919e+00,1.663620e-01,6.346554e-01,1.000000e+00,4/34,3.21%,GLRA3;CHRNB2;CHRNA7;DRD2
prerank,B Cell Activation (GO:0042113),-5.901704e-01,-1.242705e+00,1.494058e-01,6.334478e-01,1.000000e+00,8/53,9.23%,CHRNB2;CHRNA4;IL10;PIK3R3;BTK;AKAP17A;GPR183;PTPN2
prerank,Negative Regulation Of Transport (GO:0051051),6.225070e-01,1.242570e+00,1.746835e-01,6.284854e-01,1.000000e+00,8/32,11.33%,PRKD1;LGALS3;ERBB3;EPHA3;PXK;SNX12;LRSAM1;NDFIP2
prerank,Histone Acetylation (GO:0016573),5.692310e-01,1.241966e+00,1.589862e-01,6.276788e-01,1.000000e+00,4/56,5.60%,SGF29;TMEM98;KAT2B;KAT2A
prerank,Response To Type II Interferon (GO:0034341),-6.088823e-01,-1.241964e+00,1.632653e-01,6.342545e-01,1.000000e+00,11/47,12.54%,GCH1;CCL3;CCL2;CCL3L1;SLC11A1;CALM1;GAPDH;IL12RB1;SLC22A5;TLR2;STAT1
prerank,Protein Targeting To Membrane (GO:0006612),5.595743e-01,1.241574e+00,1.523605e-01,6.261575e-01,1.000000e+00,5/59,6.93%,PARD3;ZDHHC11B;ZDHHC9;ZDHHC15;BAG6
prerank,Learning (GO:0007612),-6.294686e-01,-1.241343e+00,1.672241e-01,6.347335e-01,1.000000e+00,6/36,3.21%,MAP1A;TH;CHRNB2;SLC8A2;MAPK8IP2;DRD2
prerank,Positive Regulation Of Synapse Assembly (GO:0051965),-6.648091e-01,-1.241216e+00,1.919721e-01,6.332902e-01,1.000000e+00,7/25,8.33%,SLITRK4;CLSTN3;CLSTN2;SEMA4A;BDNF;EPHB3;GHRL
prerank,Nuclear Envelope Organization (GO:0006998),6.965983e-01,1.240480e+00,2.263736e-01,6.268764e-01,1.000000e+00,1/16,0.99%,DMPK
prerank,Xenobiotic Transport (GO:0042908),6.975816e-01,1.240404e+00,2.151300e-01,6.244386e-01,1.000000e+00,3/17,1.27%,ABCC3;ABCA8;GJA1
prerank,Cell Junction Organization (GO:0034330),-5.942082e-01,-1.239725e+00,1.663748e-01,6.369324e-01,1.000000e+00,11/49,4.03%,PTK7;SNCG;CBLN2;SLC8A2;L1CAM;CBLN1;SNCB;CHRNA7;PAK3;CLDN1;PIN1
prerank,Long-Chain fatty-acyl-CoA Metabolic Process (GO:0035336),6.905211e-01,1.239684e+00,2.088167e-01,6.242888e-01,1.000000e+00,3/17,6.61%,HACD1;ACSBG1;TECR
prerank,Actin Cytoskeleton Reorganization (GO:0031532),-6.062834e-01,-1.239521e+00,1.669477e-01,6.358928e-01,1.000000e+00,5/43,8.25%,DMTN;PTK7;PLEK;PTPN1;GRB2
prerank,Negative Regulation Of Signaling Receptor Activity (GO:2000272),-6.853831e-01,-1.239222e+00,2.053571e-01,6.350565e-01,1.000000e+00,1/21,0.62%,TNF
prerank,Substrate Adhesion-Dependent Cell Spreading (GO:0034446),6.282895e-01,1.238545e+00,1.976744e-01,6.253827e-01,1.000000e+00,5/29,8.49%,FERMT2;TYRO3;MICALL2;LAMC1;FER
prerank,Regulation Of Cytosolic Calcium Ion Concentration (GO:0051480),-6.530073e-01,-1.238542e+00,1.806569e-01,6.357350e-01,1.000000e+00,4/27,9.57%,ATP2B3;SLC8A2;YWHAE;TRPC6
prerank,Positive Regulation Of Wnt Signaling Pathway (GO:0030177),5.245273e-01,1.238539e+00,1.305361e-01,6.227557e-01,1.000000e+00,10/85,4.11%,LGR6;GPC5;KANK1;GPRC5B;DAAM2;LGR5;EGFR;LYPD6;LGR4;FGFR2
prerank,Regulation Of Extrinsic Apoptotic Signaling Pathway In Absence Of Ligand (GO:2001239),-6.735061e-01,-1.237960e+00,1.971581e-01,6.360581e-01,1.000000e+00,4/21,0.62%,IL1B;RET;IL1A;TNF
prerank,Generation Of Neurons (GO:0048699),-5.253712e-01,-1.237767e+00,1.105169e-01,6.348999e-01,1.000000e+00,20/107,9.25%,CCK;IER2;MAP1B;TUBB2B;EN1;POU3F2;NOVA2;MYT1L;DNER;PIN1;WNT3;CDK5R1;CDK5;ERCC6;EN2;CIT;NIF3L1;NELL1;LMX1B;FGF13
prerank,Regulation Of Centrosome Cycle (GO:0046605),-6.923251e-01,-1.237318e+00,2.086957e-01,6.347350e-01,1.000000e+00,2/18,5.45%,XRCC3;MCM2
prerank,Cell-Cell Junction Organization (GO:0045216),6.015870e-01,1.235773e+00,1.760563e-01,6.289423e-01,1.000000e+00,11/40,7.58%,CTNND2;CDH2;CDHR3;CDH10;OCLN;CDH6;CDH26;TJP1;NLGN4X;TGFB2;PKP4
prerank,Positive Regulation Of Immune Response (GO:0050778),-5.731609e-01,-1.235568e+00,1.722222e-01,6.393192e-01,1.000000e+00,24/55,26.87%,IL10;FPR2;ITGAM;CD1D;NOD2;IL12RB1;SKAP1;NLRP3;RSAD2;SLC15A4;POLR3G;POLR3B;ITGB2;SASH3;CD226;HLA-DRB1;XBP1;TLR8;IFI35;HLA-DMB;NRG1;LILRB1;DHX9;STX4
prerank,Negative Regulation Of Interleukin-1 Beta Production (GO:0032691),-6.980916e-01,-1.235017e+00,2.128801e-01,6.394313e-01,1.000000e+00,6/18,14.66%,TNFAIP3;GHRL;NLRP3;ZC3H12A;SERPINB1;CX3CR1
prerank,Endothelial Cell Development (GO:0001885),7.062839e-01,1.234845e+00,2.182628e-01,6.294612e-01,1.000000e+00,2/15,3.95%,RAPGEF3;PPP1R16B
prerank,Positive Regulation Of T Cell Migration (GO:2000406),-7.138447e-01,-1.234623e+00,1.971067e-01,6.390401e-01,1.000000e+00,1/16,1.86%,CXCL10
prerank,Lipid Translocation (GO:0034204),-6.880087e-01,-1.233531e+00,2.014134e-01,6.410749e-01,1.000000e+00,2/20,1.76%,ABCB4;ATP8B3
prerank,Potassium Ion Transport (GO:0006813),5.389527e-01,1.233264e+00,1.351981e-01,6.319068e-01,1.000000e+00,18/75,8.68%,ABCC9;KCNJ10;KCND2;NALCN;SLC24A2;KCNH8;KCNJ3;KCNK1;SLC24A4;ATP1A2;KCNJ16;AQP1;SLC24A3;KCNH1;KCNJ5;KCNK10;KCNC4;KCNH7
prerank,Negative Regulation Of Signaling (GO:0023057),-6.982801e-01,-1.232031e+00,2.258621e-01,6.446189e-01,1.000000e+00,5/18,6.21%,IL1B;OPTN;OSM;OPRM1;PTPN1
prerank,Positive Regulation Of Dendrite Morphogenesis (GO:0050775),6.907152e-01,1.232016e+00,2.312925e-01,6.333265e-01,1.000000e+00,4/16,10.40%,IL1RAPL1;PTPRD;RELN;CDKL3
prerank,Negative Regulation Of Endopeptidase Activity (GO:0010951),6.035871e-01,1.231654e+00,1.905882e-01,6.318638e-01,1.000000e+00,5/33,3.93%,SERPINI2;CRB2;LTF;SPOCK1;SERPINE1
prerank,Mitochondrial Translation (GO:0032543),-5.459307e-01,-1.231102e+00,1.250000e-01,6.462036e-01,1.000000e+00,33/88,29.47%,MRPL27;TUFM;MRPS33;MRPL55;MRPL54;MRPL40;FASTKD2;MRPL28;MRPL34;MRPL13;MRPL57;MRPS7;MRPL23;MRPL9;CHCHD1;MRPL14;MRPL22;MRPS15;MRPL43;GADD45GIP1;MRPL17;MRPL42;MRPL4;MRPS21;MRPS26;MRPL41;MRPL44;MRPL20;MRPL37;MRPL24;MRPS25;TSFM;MRPL16
prerank,Response To Axon Injury (GO:0048678),-7.058600e-01,-1.230533e+00,2.346760e-01,6.463035e-01,1.000000e+00,5/15,13.15%,GAP43;SOD1;NREP;RTN4RL1;DPYSL3
prerank,Cortical Actin Cytoskeleton Organization (GO:0030866),-6.760288e-01,-1.230221e+00,2.097315e-01,6.455960e-01,1.000000e+00,3/19,6.99%,TNF;PLEK;FHOD1
prerank,RNA-mediated Gene Silencing (GO:0031047),-6.717222e-01,-1.229905e+00,1.989150e-01,6.448414e-01,1.000000e+00,2/21,10.38%,MOV10L1;HELZ2
prerank,Negative Regulation Of Phosphorylation (GO:0042326),5.497768e-01,1.227963e+00,1.371158e-01,6.409119e-01,1.000000e+00,14/65,9.73%,WWTR1;PRR5L;NTRK3;CDKN2A;BMP7;MAPT;CDKN2C;OCLN;NPRL2;PLPP3;DAB2IP;PTPN13;ZBED3;CDKN2B
prerank,Negative Regulation Of Protein Tyrosine Kinase Activity (GO:0061099),-6.846232e-01,-1.227360e+00,2.224231e-01,6.524944e-01,1.000000e+00,1/20,0.70%,THY1
prerank,Negative Regulation Of Cell Migration (GO:0030336),4.955134e-01,1.227169e+00,1.170732e-01,6.407494e-01,1.000000e+00,14/116,6.84%,KANK1;PTPRK;GJA1;MAGI2;MITF;FGF2;TMEFF2;ALOX15B;PTPRG;SERPINE1;LIMCH1;ADARB1;DUSP10;DAB2IP
prerank,Positive Regulation Of T Cell Mediated Cytotoxicity (GO:0001916),-7.011800e-01,-1.227153e+00,2.103387e-01,6.514100e-01,1.000000e+00,5/17,13.79%,HLA-A;HLA-C;CD1D;IL12RB1;HLA-F
prerank,Positive Regulation Of Nucleic Acid-Templated Transcription (GO:1903508),4.376126e-01,1.226926e+00,3.047091e-02,6.388439e-01,1.000000e+00,30/423,5.74%,GLI3;NFIB;YAP1;PRDM16;NPAS2;SOX8;ERBB4;RORA;EGFR;ARNT2;MYRF;MLLT3;SGF29;MITF;RORB;SOX10;TMEM98;FGF2;PLCB1;GLI2;PPARGC1A;BMP7;TFAM;SOX2;ZNF423;KAT2B;KAT2A;ZBTB16;SOX9;TRIM28
prerank,Positive Regulation Of Response To External Stimulus (GO:0032103),-5.262911e-01,-1.226507e+00,1.148410e-01,6.518731e-01,1.000000e+00,11/111,5.18%,AGTR1;IL1B;TNF;OPTN;PLAT;CCL3;THBD;FPR2;OSM;PRKCA;NFKBIZ
prerank,Positive Regulation Of Substrate Adhesion-Dependent Cell Spreading (GO:1900026),-6.334928e-01,-1.226025e+00,2.043011e-01,6.518183e-01,1.000000e+00,2/27,0.61%,DMTN;RAC3
prerank,Non-Motile Cilium Assembly (GO:1905515),6.164820e-01,1.225506e+00,1.995662e-01,6.408758e-01,1.000000e+00,5/28,10.10%,IFT88;PIBF1;CCDC13;BBS10;TMEM216
prerank,Positive Regulation Of Transcription Initiation By RNA Polymerase II (GO:0060261),-5.917752e-01,-1.225113e+00,1.924399e-01,6.530204e-01,1.000000e+00,10/45,17.61%,PSMC6;MED29;MED18;GTF2A1;ZNHIT1;MED8;PAXIP1;TAF7;TAF2;MDC1
prerank,Protein N-linked Glycosylation Via Asparagine (GO:0018279),-6.710975e-01,-1.224685e+00,2.056239e-01,6.527198e-01,1.000000e+00,5/22,12.78%,NUDT14;TUSC3;PSMD2;STT3A;UBE2J1
prerank,Autophagy Of Nucleus (GO:0044804),6.746492e-01,1.223731e+00,2.281106e-01,6.440522e-01,1.000000e+00,5/17,13.77%,ATG7;ULK1;ATG9A;ATG2A;SNX7
prerank,Cell Cycle G2/M Phase Transition (GO:0044839),6.020671e-01,1.223236e+00,1.995754e-01,6.429882e-01,1.000000e+00,3/34,2.70%,TPD52L1;FBXL7;PLCB1
prerank,Negative Regulation Of Proteolysis (GO:0045861),-6.669434e-01,-1.222818e+00,2.149362e-01,6.578682e-01,1.000000e+00,4/23,5.74%,PLAT;IL10;CTSB;CDK5
prerank,Cellular Response To Organic Cyclic Compound (GO:0071407),-5.187233e-01,-1.222785e+00,1.344828e-01,6.561270e-01,1.000000e+00,9/111,1.76%,GABRG2;SSTR1;DMTN;IL1B;TNF;SLC1A1;EGR1;ABCB4;CCL3
prerank,Inositol Phosphate Metabolic Process (GO:0043647),-6.916664e-01,-1.222441e+00,1.982301e-01,6.554560e-01,1.000000e+00,3/19,3.10%,OCRL;NUDT11;IPPK
prerank,Cell Chemotaxis (GO:0060326),-6.460621e-01,-1.221968e+00,2.153558e-01,6.554771e-01,1.000000e+00,8/29,8.60%,AGTR1;EGR3;VEGFA;PRKCQ;ENC1;HBEGF;SEMA5A;NELL1
prerank,Positive Regulation Of Apoptotic Process (GO:0043065),-4.787855e-01,-1.220986e+00,6.375839e-02,6.573562e-01,1.000000e+00,28/212,9.81%,MLLT11;PNMA3;TNF;MOAP1;PNMA2;BCL2A1;ADAMTSL4;FOXA1;MELK;OLFM1;CCL3;GADD45A;TOP2A;E2F1;BNIP3;SMPD1;CLIP3;CDK5R1;CDK5;SOD1;ZNF622;GADD45B;PHLDA1;TNFRSF8;BAD;MTCH1;PNMA1;SAP18
prerank,Positive Regulation Of Vasculature Development (GO:1904018),5.361802e-01,1.220484e+00,1.629630e-01,6.492104e-01,1.000000e+00,13/69,4.57%,SASH1;PRKD1;ITGB8;CHI3L1;RAPGEF3;FGF2;GAB1;EMP2;ANGPTL4;SERPINE1;HSPB1;FGF1;AQP1
prerank,Cellular Response To Hypoxia (GO:0071456),5.496112e-01,1.220376e+00,1.465116e-01,6.469354e-01,1.000000e+00,8/58,4.57%,FMN2;RORA;CPEB1;KCND2;EGLN3;RGCC;BMP7;AQP1
prerank,Histone H4-K5 Acetylation (GO:0043981),6.872227e-01,1.220341e+00,2.264151e-01,6.418891e-01,1.000000e+00,1/15,2.46%,JADE2
prerank,Histone H4-K8 Acetylation (GO:0043982),6.872227e-01,1.220341e+00,2.264151e-01,6.418891e-01,1.000000e+00,1/15,2.46%,JADE2
prerank,Negative Regulation Of Ubiquitin-Protein Transferase Activity (GO:0051444),-7.109675e-01,-1.220098e+00,2.128440e-01,6.589423e-01,1.000000e+00,2/15,2.06%,BUB1B;MAD2L1
prerank,Regulation Of Inflammatory Response (GO:0050727),-4.965509e-01,-1.217625e+00,1.074380e-01,6.663246e-01,1.000000e+00,24/152,12.60%,AGTR1;IL1B;TNF;CCL3;IL10;FPR2;OSM;MYD88;NFKBIZ;FBXL2;METRNL;FNDC4;TNFAIP3;NOD2;GHRL;IL17RA;PTPN2;PTGS2;ENPP3;NLRP4;NLRP3;SPHK1;TLR2;ALOX5
prerank,Regulation Of Release Of Sequestered Calcium Ion Into Cytosol (GO:0051279),-6.267994e-01,-1.217049e+00,2.183709e-01,6.666055e-01,1.000000e+00,4/31,4.85%,THY1;CXCL10;CALM3;CALM1
prerank,Negative Regulation Of ERBB Signaling Pathway (GO:1901185),7.002463e-01,1.216574e+00,2.376471e-01,6.513553e-01,1.000000e+00,3/16,6.84%,EGFR;ITGA1;DAB2IP
prerank,Positive Regulation Of Nervous System Process (GO:0031646),6.913482e-01,1.216401e+00,2.385542e-01,6.493372e-01,1.000000e+00,2/15,1.61%,PARD3;MYRF
prerank,Regulation Of Defense Response To Virus By Host (GO:0050691),-6.305434e-01,-1.216089e+00,2.010490e-01,6.681851e-01,1.000000e+00,12/29,26.45%,TNFAIP3;IL12RB1;ZC3H12A;STAT1;TOMM70;PQBP1;PTPN22;IFNLR1;PARP9;DTX3L;LILRB1;DHX9
prerank,Mitotic Sister Chromatid Cohesion (GO:0007064),-6.989879e-01,-1.215653e+00,2.441230e-01,6.679897e-01,1.000000e+00,3/17,9.29%,CDCA5;ESCO2;DSCC1
prerank,Regulation Of Arp2/3 Complex-Mediated Actin Nucleation (GO:0034315),6.386791e-01,1.215648e+00,2.161572e-01,6.493772e-01,1.000000e+00,1/23,0.58%,CTNNA2
prerank,Regulation Of Mitochondrial Translation (GO:0070129),-6.732753e-01,-1.215179e+00,2.094718e-01,6.679189e-01,1.000000e+00,5/20,15.95%,COA3;FASTKD2;MPV17L2;FASTKD3;C1QBP
prerank,Aerobic Respiration (GO:0009060),-5.726236e-01,-1.214939e+00,1.742424e-01,6.669170e-01,1.000000e+00,28/50,26.72%,NDUFB9;NDUFB1;NDUFAB1;SDHC;MDH2;NDUFA8;NDUFB3;NDUFA5;NDUFB10;UQCRH;NDUFA10;NDUFS5;OXA1L;NDUFS3;NDUFV2;MTFR1L;NDUFB4;NDUFA6;NDUFS2;NDUFS6;UQCRC1;SDHB;NDUFA12;UQCRB;NDUFA3;NDUFA1;NDUFB5;NDUFV1
prerank,Positive Regulation Of Endothelial Cell Proliferation (GO:0001938),-5.841125e-01,-1.214903e+00,1.767857e-01,6.652174e-01,1.000000e+00,9/48,8.60%,AGTR1;NRARP;EGR3;EGFL7;VEGFA;PRKCA;NELL2;SEMA5A;NELL1
prerank,Cellular Response To Calcium Ion (GO:0071277),-5.725706e-01,-1.214891e+00,1.793478e-01,6.634757e-01,1.000000e+00,8/54,5.26%,DMTN;SYT1;SYT4;SYT5;SYT13;SYT7;SMPD1;PPIF
prerank,Positive Regulation Of Mitotic Nuclear Division (GO:0045840),-6.853604e-01,-1.214428e+00,2.159292e-01,6.633638e-01,1.000000e+00,2/19,0.51%,IL1B;IL1A
prerank,Plasma Membrane Invagination (GO:0099024),-6.425709e-01,-1.213096e+00,2.184116e-01,6.664280e-01,1.000000e+00,3/24,4.56%,MARCO;CD36;ITGAM
prerank,Axon Guidance (GO:0007411),4.955415e-01,1.212929e+00,1.149144e-01,6.556680e-01,1.000000e+00,24/120,8.22%,NFIB;KIAA1755;LGR6;PLXNB1;BOC;SEMA4B;CNTN2;DSCAML1;FYN;KALRN;PLXNA1;GLI2;LGI1;NEXN;SEMA3D;NFASC;RELN;EPHA3;NCAM1;EPHB1;PLXND1;SEMA6A;NRXN1;SOS1
prerank,Metallo-Sulfur Cluster Assembly (GO:0031163),-6.633542e-01,-1.212821e+00,2.307692e-01,6.639341e-01,1.000000e+00,6/21,15.11%,NDUFAB1;CIAO1;ISCU;NDOR1;CIAPIN1;IBA57
prerank,Iron-Sulfur Cluster Assembly (GO:0016226),-6.633542e-01,-1.212821e+00,2.307692e-01,6.639341e-01,1.000000e+00,6/21,15.11%,NDUFAB1;CIAO1;ISCU;NDOR1;CIAPIN1;IBA57
prerank,Vesicle Organization (GO:0016050),-5.377714e-01,-1.212793e+00,1.571675e-01,6.623005e-01,1.000000e+00,12/78,10.69%,SYT4;LAPTM4B;SYT7;STX1B;SNX10;VPS18;HOOK1;AP2M1;PHETA1;SRGN;DNM1;HOOK2
prerank,Regulation Of Sodium Ion Transmembrane Transport (GO:1902305),-6.783043e-01,-1.212765e+00,2.314647e-01,6.606335e-01,1.000000e+00,3/18,2.53%,SCN3B;SCN2B;FGF12
prerank,intra-Golgi Vesicle-Mediated Transport (GO:0006891),-6.312198e-01,-1.212167e+00,1.888112e-01,6.608778e-01,1.000000e+00,5/28,16.98%,RAB6B;NSF;GABARAPL2;NAPA;VTI1B
prerank,Negative Regulation Of I-kappaB kinase/NF-kappaB Signaling (GO:0043124),5.965647e-01,1.211960e+00,1.958042e-01,6.561725e-01,1.000000e+00,4/36,6.84%,RORA;OTUD7B;TLE1;DAB2IP
prerank,Positive Regulation Of Cell Cycle G1/S Phase Transition (GO:1902808),6.068622e-01,1.211840e+00,2.142857e-01,6.540415e-01,1.000000e+00,4/31,3.91%,EGFR;RGCC;PLCB1;PLCG2
prerank,Positive Regulation Of Defense Response (GO:0031349),-5.329884e-01,-1.211707e+00,1.315789e-01,6.607078e-01,1.000000e+00,8/88,5.18%,AGTR1;IL1B;TNF;OPTN;CCL3;FPR2;OSM;NFKBIZ
prerank,Positive Regulation Of Transcription By RNA Polymerase I (GO:0045943),-6.220538e-01,-1.211464e+00,2.082552e-01,6.598207e-01,1.000000e+00,5/30,14.85%,IPPK;ERCC6;UTP15;ATF4;DDX21
prerank,Positive Regulation Of Cellular Process (GO:0048522),4.335492e-01,1.211241e+00,4.663212e-02,6.533842e-01,1.000000e+00,49/381,9.25%,PARD3;YAP1;WWTR1;DPF3;MEIS2;ERBB4;GREM1;LIFR;EGFR;ERBB3;NTRK3;MYRF;LAMA2;FRMD5;FGFR3;AREG;FGF2;NUPR1;PDGFRB;LGI1;EMP2;SPDYA;MAPT;FGFR2;ZNF703;FGF1;LAMC1;S100A8;TJP1;IGF1R;SOX9;PTN;TGFA;LAMB2;TGFB2;LAMA1;TNPO1;FGFR1;PROX1;NTRK2;RYR2;FER;CXCL12;ECHDC3;INSR;POU3F3;IRS1;TMEM250;SIRT2
prerank,Positive Regulation Of Cytokine Production (GO:0001819),-4.816738e-01,-1.209912e+00,1.085526e-01,6.636071e-01,1.000000e+00,45/219,13.62%,IL1B;IL1A;TNF;EGR1;IL18R1;RFTN1;CD80;DRD2;SCAMP5;IL10;CD244;OSM;SULF2;HLA-A;SLC11A1;PRKCQ;RAB7B;ISG15;MYD88;IKBKE;BATF;SOD1;BRCA1;PNP;GAPDH;NOD2;ZFPM1;IL17RA;HAVCR2;BTN3A1;CARD9;PTGS2;IL12RB1;SLC7A5;NOD1;NLRP3;BTN3A2;SPHK1;CD4;TLR2;AGPAT1;NFAM1;ATF4;IRF7;CLEC9A
prerank,Positive Regulation Of Translational Initiation (GO:0045948),-6.915580e-01,-1.209893e+00,2.473310e-01,6.619474e-01,1.000000e+00,4/15,19.88%,CDC123;HABP4;YTHDF3;YTHDF2
prerank,Histone Deubiquitination (GO:0016578),6.082273e-01,1.209665e+00,2.252874e-01,6.559374e-01,1.000000e+00,4/32,5.60%,SGF29;TMEM98;KAT2B;KAT2A
prerank,Calcium-Mediated Signaling (GO:0019722),-5.665978e-01,-1.209435e+00,1.826568e-01,6.618979e-01,1.000000e+00,7/61,5.58%,AGTR1;DMTN;CCL3;FPR2;ATP1B1;BTK;POMC
prerank,Regulation Of Axon Extension (GO:0030516),-6.344208e-01,-1.208390e+00,2.194245e-01,6.638950e-01,1.000000e+00,4/29,4.97%,OLFM1;L1CAM;MAP2;MT3
prerank,Extrinsic Apoptotic Signaling Pathway Via Death Domain Receptors (GO:0008625),-6.718237e-01,-1.208277e+00,2.108108e-01,6.625304e-01,1.000000e+00,2/24,0.79%,TNF;MOAP1
prerank,Regulation Of Cilium Assembly (GO:1902017),5.455296e-01,1.207831e+00,1.585082e-01,6.593677e-01,1.000000e+00,5/63,5.27%,YAP1;CDKL1;IFT88;SGSM3;TBC1D16
prerank,Negative Regulation Of Tumor Necrosis Factor Production (GO:0032720),-6.159591e-01,-1.207793e+00,2.135593e-01,6.625428e-01,1.000000e+00,8/34,12.33%,CHRNA7;IL10;POMC;TNFAIP3;C5AR2;GHRL;HAVCR2;ZC3H12A
prerank,Cellular Respiration (GO:0045333),-5.477824e-01,-1.207179e+00,1.644359e-01,6.629705e-01,1.000000e+00,45/73,26.90%,NDUFB9;NDUFA4;COX6C;NDUFB1;COX7A2;NDUFAB1;SDHC;COX7C;MDH2;COX5A;NDUFA8;NDUFB3;UQCRFS1;ETFB;UQCRQ;NDUFA5;NDUFB10;CYCS;UQCRH;NDUFA10;ETFA;NDUFS5;OXA1L;ETFRF1;NR4A3;NDUFS3;ETFDH;NDUFV2;MTFR1L;NDUFB4;COX4I1;NDUFA6;NDUFS2;NDUFS6;UQCRC1;CHCHD5;SDHB;NDUFA12;UQCRB;UQCR10;NDUFA3;NDUFA1;NDUFB5;NDUFV1;COX7B
prerank,G2/M Transition Of Mitotic Cell Cycle (GO:0000086),6.000598e-01,1.207147e+00,2.212766e-01,6.591212e-01,1.000000e+00,3/33,2.70%,TPD52L1;FBXL7;PLCB1
prerank,Positive Regulation Of T Cell Proliferation (GO:0042102),-5.941863e-01,-1.206568e+00,2.228070e-01,6.634205e-01,1.000000e+00,7/42,10.52%,IL1B;CD80;PNP;CD1D;TFRC;IL12RB1;CD24
prerank,Positive Regulation Of Immunoglobulin Production (GO:0002639),-6.361619e-01,-1.206537e+00,2.379249e-01,6.618374e-01,1.000000e+00,8/25,21.17%,IL10;INSL6;TFRC;PAXIP1;SASH3;TP53BP1;XBP1;PHB2
prerank,Negative Regulation Of Peptidyl-Serine Phosphorylation (GO:0033137),-6.889803e-01,-1.206106e+00,2.349823e-01,6.616101e-01,1.000000e+00,2/16,1.99%,DMTN;GADD45A
prerank,Hexose Biosynthetic Process (GO:0019319),-6.369060e-01,-1.206002e+00,2.329749e-01,6.602372e-01,1.000000e+00,8/28,15.34%,ENO2;PGAM1;MDH1;SLC25A1;MDH2;SLC37A4;ATF4;TPI1
prerank,Defense Response To Symbiont (GO:0140546),-5.154958e-01,-1.205339e+00,1.592466e-01,6.609082e-01,1.000000e+00,31/112,20.40%,ISG20;IFI6;BNIP3;ISG15;RNASE2;MYD88;IKBKE;MX2;OPRK1;SAMHD1;MX1;RSAD2;TLR2;STAT1;IFIT1;IRF7;NLRC5;AIM2;IFI27;PQBP1;TLR3;CD40;DHX15;IRF1;OASL;IFNLR1;DDX60;TRAF3;GBP2;DDIT4;TRIM5
prerank,Neuron Migration (GO:0001764),-5.828420e-01,-1.205191e+00,1.941392e-01,6.597324e-01,1.000000e+00,9/47,9.25%,CCK;MAP1B;TUBB2B;DNER;VEGFA;CDK5R1;CDK5;NELL1;FGF13
prerank,Peptide Hormone Secretion (GO:0030072),-7.008819e-01,-1.204177e+00,2.643885e-01,6.615822e-01,1.000000e+00,3/15,8.33%,PTPRN;RIMS2;GHRL
prerank,Neuron Apoptotic Process (GO:0051402),-6.799405e-01,-1.203542e+00,2.113677e-01,6.621027e-01,1.000000e+00,6/17,8.00%,TNFRSF21;SCN2A;BNIP3;CDK5;CIT;GAPDH
prerank,Dendrite Morphogenesis (GO:0048813),6.043741e-01,1.203190e+00,2.165899e-01,6.692347e-01,1.000000e+00,8/32,8.83%,CTNND2;ZNF365;CTNNA2;PTN;EPHB1;LRP4;FARP1;DVL1
prerank,Cellular Response To Oxygen-Containing Compound (GO:1901701),-4.629551e-01,-1.203077e+00,8.914100e-02,6.620251e-01,1.000000e+00,29/285,6.90%,SSTR1;DMTN;SYT1;IL1B;SYT4;PTK7;RET;IL1A;SYT5;SYT13;EGR1;ABCB4;CXCL10;CD80;FOS;ZFP36;SYT7;IL10;CCL2;WNT3;SMPD1;MT3;GUCY1B1;MYD88;PPIF;P2RY6;KCNC2;TNFAIP3;NSMF
prerank,Myelination (GO:0042552),5.801923e-01,1.202610e+00,2.037915e-01,6.687075e-01,1.000000e+00,10/41,6.14%,PARD3;LGI4;MYRF;SOX10;CXCR4;ACSBG1;GAL3ST1;MAL;NFASC;ZNF24
prerank,Regulation Of Double-Strand Break Repair (GO:2000779),5.262101e-01,1.202561e+00,1.355140e-01,6.663306e-01,1.000000e+00,3/80,0.41%,FMN2;ZNF365;DPF3
prerank,Positive Regulation Of Cell Junction Assembly (GO:1901890),-5.845049e-01,-1.202532e+00,1.933884e-01,6.622995e-01,1.000000e+00,9/44,8.60%,SLITRK4;CLSTN3;CLSTN2;THY1;VEGFA;BDNF;EPHB3;GHRL;NELL1
prerank,Negative Regulation Of Protein Localization To Nucleus (GO:1900181),6.666146e-01,1.201876e+00,2.597701e-01,6.660478e-01,1.000000e+00,2/18,4.50%,OTUD7B;MFHAS1
prerank,Mitotic Cytokinesis (GO:0000281),-5.800134e-01,-1.201699e+00,1.948529e-01,6.634388e-01,1.000000e+00,10/50,13.56%,STMN1;KIF4A;CIT;CEP55;MYH10;CDCA8;EXOC7;RHOB;RAB35;PLK1
prerank,Calcium Ion Import Across Plasma Membrane (GO:0098703),-6.486591e-01,-1.200734e+00,2.464029e-01,6.650865e-01,1.000000e+00,6/23,5.59%,CACNA1G;SCN7A;SLC8A2;SCN2A;CACNA1E;SCN3A
prerank,Protein Acylation (GO:0043543),6.065080e-01,1.200298e+00,1.991051e-01,6.683966e-01,1.000000e+00,9/32,18.27%,ZDHHC9;ZDHHC15;KAT2B;KAT2A;FOXO1;ZDHHC8;ING4;CREBBP;ZDHHC2
prerank,DNA Unwinding Involved In DNA Replication (GO:0006268),-6.834772e-01,-1.200174e+00,2.434944e-01,6.652824e-01,1.000000e+00,7/18,11.27%,CDC45;GINS2;MCM6;MCM2;GINS1;HMGA1;GINS4
prerank,mRNA Transport (GO:0051028),-5.754925e-01,-1.199912e+00,1.929499e-01,6.645306e-01,1.000000e+00,3/52,7.98%,PEG10;ZFP36;NCBP2
prerank,Regulation Of Myelination (GO:0031641),6.305061e-01,1.199147e+00,2.139738e-01,6.695508e-01,1.000000e+00,5/24,2.34%,PARD3;LGI4;PTPRZ1;MYRF;TMEM98
prerank,Positive Regulation Of Response To Biotic Stimulus (GO:0002833),6.128793e-01,1.199146e+00,2.232558e-01,6.670618e-01,1.000000e+00,1/31,0.10%,SASH1
prerank,Regulation Of Protein Dephosphorylation (GO:0035304),-6.104093e-01,-1.198493e+00,2.182469e-01,6.678207e-01,1.000000e+00,12/35,13.64%,CALM3;CDCA2;PIN1;SMPD1;CALM1;YWHAB;PPIA;NSMF;PPP6R2;DYNLL1;PPP1R15A;HTT
prerank,Positive Regulation Of MAP Kinase Activity (GO:0043406),5.318493e-01,1.197788e+00,1.753986e-01,6.689936e-01,1.000000e+00,12/67,6.84%,TPD52L1;SASH1;GHR;EGFR;NTRK3;FGF2;PDGFRB;NEK10;FGF1;DVL2;TGFA;DAB2IP
prerank,Response To Cytokine (GO:0034097),-5.186695e-01,-1.197667e+00,1.598639e-01,6.691263e-01,1.000000e+00,20/98,13.15%,IL1B;CH25H;GCH1;RELB;SLC11A1;SMPD1;PRKCA;ISG15;MYD88;IKBKE;NFKB2;IRAK2;MX2;MCL1;SLC22A5;MX1;SPHK1;SELL;STAT1;DPYSL3
prerank,Negative Regulation Of G Protein-Coupled Receptor Signaling Pathway (GO:0045744),-6.951091e-01,-1.197330e+00,2.703640e-01,6.686899e-01,1.000000e+00,6/16,15.30%,STMN1;YWHAB;PLEK;MRAP2;RGS2;RPGRIP1L
prerank,Negative Regulation Of Type II Interferon Production (GO:0032689),-6.756742e-01,-1.196810e+00,2.556918e-01,6.689477e-01,1.000000e+00,8/19,21.89%,HAVCR2;INHBA;CR1;ZC3H12A;C1QBP;DDIT3;HLA-DRB1;VSIR
prerank,Positive Regulation Of Type I Interferon Production (GO:0032481),-5.555413e-01,-1.196707e+00,1.947368e-01,6.676621e-01,1.000000e+00,23/55,24.45%,ISG15;MYD88;IKBKE;GAPDH;TLR2;STAT1;IRF7;TOMM70;PQBP1;TLR3;POLR3G;POLR3B;PTPN22;IRF1;TRAF3;FLOT1;TICAM1;TLR8;DHX36;TBK1;OAS1;HSPD1;PTPN11
prerank,Immune Response-Activating Cell Surface Receptor Signaling Pathway (GO:0002429),-6.686714e-01,-1.195280e+00,2.636986e-01,6.709300e-01,1.000000e+00,6/17,10.74%,FPR2;C5AR2;FPR1;CR1;LYN;C5AR1
prerank,Cellular Response To Amino Acid Stimulus (GO:0071230),6.085094e-01,1.194611e+00,2.309417e-01,6.765910e-01,1.000000e+00,6/31,9.16%,CPEB1;FYN;CASTOR2;SESN1;SH3BP4;CASTOR1
prerank,Regulation Of Cytoskeleton Organization (GO:0051493),5.051663e-01,1.194038e+00,1.655012e-01,6.760351e-01,1.000000e+00,21/96,8.50%,PLXNB1;MPDZ;RAPGEF3;DAAM2;FRMPD2;CORO2B;PDGFRB;IQGAP2;MAPT;NEXN;HIP1R;PHLDB1;S100A8;TJP1;SORBS3;CAPN2;EPHA3;P2RX7;BICD1;GPM6B;FAM107A
prerank,Cellular Response To Reactive Oxygen Species (GO:0034614),5.341648e-01,1.193629e+00,1.900238e-01,6.747990e-01,1.000000e+00,6/60,6.26%,PTPRK;EGFR;FYN;MAPT;AQP1;PLEKHA1
prerank,Regulation Of Cardiac Conduction (GO:1903779),-6.897327e-01,-1.193413e+00,2.279412e-01,6.758513e-01,1.000000e+00,3/17,1.52%,ATP2B3;ATP2A3;SLC8A2
prerank,Cellular Response To Insulin Stimulus (GO:0032869),5.139163e-01,1.193261e+00,1.732102e-01,6.733861e-01,1.000000e+00,18/80,13.39%,SORBS1;CPEB1;GAB1;SLC27A4;KAT2B;IGF1R;FOXO4;DENND4C;GRB10;FER;INSR;FOXO1;IRS1;SLC27A1;STXBP4;AKT2;IRS2;LPIN1
prerank,Cell-Cell Adhesion Mediated By Cadherin (GO:0044331),6.633560e-01,1.193131e+00,2.686916e-01,6.713445e-01,1.000000e+00,9/18,15.73%,CDH2;CDHR3;CDH10;CDH6;CDH26;FER;PLEKHA7;CDH3;CDH4
prerank,Regulation Of G2/M Transition Of Mitotic Cell Cycle (GO:0010389),-6.172765e-01,-1.193021e+00,2.222222e-01,6.755486e-01,1.000000e+00,11/31,21.82%,CDC25C;FHL1;CCNB1;CDKN1A;RAB11A;GPR132;RRM1;CENPF;KIF14;DBF4B;RCC2
prerank,Regulation Of Programmed Cell Death (GO:0043067),-4.895158e-01,-1.192897e+00,1.459370e-01,6.743342e-01,1.000000e+00,12/139,7.28%,BEX1;TNF;MOAP1;PINK1;CXCL10;GLS2;CTSB;BNIP3;RBM25;MCM2;CDK5;PSMC5
prerank,Semaphorin-Plexin Signaling Pathway (GO:0071526),6.052370e-01,1.192846e+00,2.334096e-01,6.697633e-01,1.000000e+00,6/28,9.27%,PLXNB1;SEMA4B;SEMA3D;PLXND1;SEMA6A;SEMA3B
prerank,Determination Of Left/Right Symmetry (GO:0007368),6.419521e-01,1.192697e+00,2.389381e-01,6.677829e-01,1.000000e+00,2/19,3.23%,DNAH5;CCDC40
prerank,Intracellular Lipid Transport (GO:0032365),6.801258e-01,1.192205e+00,2.681704e-01,6.667617e-01,1.000000e+00,1/15,0.58%,GRAMD1C
prerank,Regulation Of Proteolysis (GO:0030162),-5.872114e-01,-1.191739e+00,2.197802e-01,6.766536e-01,1.000000e+00,10/37,19.46%,PLAT;PERP;CYFIP2;CDK5;BAD;PLK1;AURKAIP1;PLAUR;STUB1;TRAF3
prerank,Positive Regulation Of Mitochondrion Organization (GO:0010822),-5.621756e-01,-1.190862e+00,2.155172e-01,6.780350e-01,1.000000e+00,5/51,5.26%,MLLT11;MOAP1;PINK1;BNIP3;PPIF
prerank,Negative Regulation Of Amide Metabolic Process (GO:0034249),-5.333846e-01,-1.190548e+00,1.724138e-01,6.775200e-01,1.000000e+00,16/78,15.51%,ATCAY;CHRNA7;PIN1;BTG2;ENC1;ORMDL1;GAPDH;NHLRC3;IGF2BP3;SPHK1;EIF4E2;RTN4;MRPL13;APEX1;RBM4;TYMS
prerank,Negative Regulation Of Cell Motility (GO:2000146),4.973390e-01,1.190009e+00,1.609756e-01,6.709729e-01,1.000000e+00,11/97,6.20%,KANK1;PTPRK;MAGI2;MITF;FRMD5;TMEFF2;ALOX15B;SERPINE1;LIMCH1;ADARB1;DUSP10
prerank,Positive Regulation Of Cell-Cell Adhesion (GO:0022409),-6.135133e-01,-1.189860e+00,2.189055e-01,6.783255e-01,1.000000e+00,5/31,3.34%,IL1B;TNF;THY1;FOXA1;IL10
prerank,Ventricular Septum Development (GO:0003281),6.229615e-01,1.189464e+00,2.545045e-01,6.702978e-01,1.000000e+00,5/25,7.70%,TGFBR3;ZFPM2;APLNR;TGFB2;PROX1
prerank,Neuron Projection Guidance (GO:0097485),4.957679e-01,1.188781e+00,1.670702e-01,6.698842e-01,1.000000e+00,20/99,8.63%,KIAA1755;LGR6;BOC;SEMA4B;CNTN2;DSCAML1;FYN;KALRN;GLI2;LGI1;NEXN;SEMA3D;NFASC;RELN;EPHA3;EPHB1;SEMA6A;NRXN1;SOS1;CXCL12
prerank,Glycoprotein Metabolic Process (GO:0009100),-5.714016e-01,-1.188348e+00,2.098765e-01,6.819788e-01,1.000000e+00,4/45,4.41%,FBXO2;ST8SIA3;B4GAT1;FBXO44
prerank,Regulation Of Peptidase Activity (GO:0052547),-6.604905e-01,-1.187079e+00,2.267135e-01,6.846205e-01,1.000000e+00,4/19,9.73%,PINK1;CTSB;MAPK12;SVBP
prerank,Positive Regulation Of Protein Catabolic Process (GO:0045732),-5.360039e-01,-1.186735e+00,1.764706e-01,6.841225e-01,1.000000e+00,7/73,7.57%,IL1B;TNF;PSMC6;NSF;TNFAIP3;PSMC5;PLK3
prerank,Cytoskeleton-Dependent Cytokinesis (GO:0061640),-5.535405e-01,-1.186348e+00,2.065217e-01,6.836471e-01,1.000000e+00,11/58,13.56%,STMN1;KIF4A;DCTN3;CIT;CEP55;MYH10;CDCA8;EXOC7;RHOB;RAB35;PLK1
prerank,Axon Development (GO:0061564),-5.364518e-01,-1.186169e+00,1.799660e-01,6.826339e-01,1.000000e+00,20/72,8.83%,SLITRK4;CCK;RAB3A;GAP43;MAP1A;NEFH;MAP1B;NMNAT2;L1CAM;PLPPR4;DRD2;PAK3;S100B;CDK5R1;CDK5;NREP;EPHB3;SEMA5A;AMIGO1;CNTN4
prerank,Negative Regulation Of Stem Cell Population Maintenance (GO:1902455),6.474959e-01,1.184924e+00,2.863741e-01,6.795471e-01,1.000000e+00,1/19,2.72%,ZNF706
prerank,Regulation Of Tumor Necrosis Factor Production (GO:0032680),-5.169862e-01,-1.184854e+00,1.625874e-01,6.855712e-01,1.000000e+00,12/95,8.76%,IL1A;CCL3;CHRNA7;ZFP36;IL10;POMC;TNFAIP3;C5AR2;TNFRSF8;NOD2;GHRL;HAVCR2
prerank,Focal Adhesion Assembly (GO:0048041),6.471508e-01,1.184538e+00,2.593458e-01,6.782866e-01,1.000000e+00,3/19,1.13%,SORBS1;FERMT2;PTPRK
prerank,Protein Targeting To ER (GO:0045047),-6.492167e-01,-1.183910e+00,2.513562e-01,6.872988e-01,1.000000e+00,12/20,29.14%,SRP54;SRP14;SGTB;SEC63;SEC61A1;SRP72;SRPRA;ZFAND2B;SEC62;SRPRB;SPCS1;EDEM1
prerank,Blood Circulation (GO:0008015),-6.176239e-01,-1.183769e+00,2.430939e-01,6.861663e-01,1.000000e+00,6/28,5.89%,AGTR1;OLR1;CXCL10;GUCY1B1;TBC1D8;SOD1
prerank,Cholesterol Metabolic Process (GO:0008203),-5.857910e-01,-1.182913e+00,2.049037e-01,6.874593e-01,1.000000e+00,11/45,19.09%,CH25H;CYP46A1;DHCR24;INSIG1;NSDHL;ABCA5;HMGCR;MVD;ACLY;APOL2;MSMO1
prerank,Regulation Of Histone Modification (GO:0031056),6.699578e-01,1.182778e+00,2.770563e-01,6.812986e-01,1.000000e+00,3/15,5.60%,SGF29;KAT2B;KAT2A
prerank,Ventricular Septum Morphogenesis (GO:0060412),6.410735e-01,1.182752e+00,2.853881e-01,6.789892e-01,1.000000e+00,5/21,7.70%,TGFBR3;ZFPM2;APLNR;TGFB2;PROX1
prerank,Nucleosome Assembly (GO:0006334),-5.904551e-01,-1.182700e+00,2.313167e-01,6.865962e-01,1.000000e+00,4/33,5.86%,NAP1L3;CHAF1A;NAP1L2;CHAF1B
prerank,Regulation Of Lipopolysaccharide-Mediated Signaling Pathway (GO:0031664),6.509173e-01,1.182308e+00,2.885086e-01,6.778894e-01,1.000000e+00,2/18,2.51%,SASH1;LTF
prerank,Negative Regulation Of Epithelial Cell Apoptotic Process (GO:1904036),6.349807e-01,1.181595e+00,2.666667e-01,6.776482e-01,1.000000e+00,4/21,5.58%,YAP1;NUPR1;SERPINE1;WFS1
prerank,Regulation Of Nucleic Acid-Templated Transcription (GO:1903506),4.236856e-01,1.181026e+00,7.253886e-02,6.770233e-01,1.000000e+00,71/350,16.67%,WWTR1;EFEMP1;RORA;WWC1;SOX13;ARNT2;SGF29;MITF;RORB;ZNF536;JADE2;TCF7L1;PPARGC1A;SNAI3;ZNF703;WWC3;ASCC1;ZNF98;SOX2;ZNF423;SSBP2;DVL2;KAT2B;KAT2A;FOXO4;RUNX3;ZNF273;ACVR2B;ZNF263;APBB2;INSR;DVL1;ZNF395;ZNF274;BNC2;NFIA;ZNF737;CREBL2;ZNF562;REST;NR2C2;HINFP;POU6F2;FOXN2;ZNF219;CLOCK;SOX6;CELSR2;TESMIN;THAP1;HP1BP3;RPS6KA5;TULP3;ZNF675;ZNF33A;CXXC1;ATF7IP;PFDN5;RELA;NFIL3;PPIE;NFXL1;NAB1;RYBP;ZFPL1;TCF7;ING4;CREBBP;SPIN4;KAT14;PPARGC1B
prerank,Protein Homotetramerization (GO:0051289),5.788959e-01,1.180471e+00,2.219680e-01,6.763578e-01,1.000000e+00,9/38,14.37%,RYR3;ACACB;AQP4;CRYZ;TNPO1;ALDH9A1;SHMT1;SSBP1;KCNJ2
prerank,Negative Regulation Of Microtubule Depolymerization (GO:0007026),-6.661894e-01,-1.180056e+00,2.857143e-01,6.938841e-01,1.000000e+00,1/17,0.18%,STMN2
prerank,Osteoclast Differentiation (GO:0030316),-6.432721e-01,-1.179043e+00,2.539964e-01,6.957432e-01,1.000000e+00,5/19,17.64%,SNX10;GPR183;OSCAR;FARP2;SBNO2
prerank,Ubiquitin-Dependent ERAD Pathway (GO:0030433),-5.410950e-01,-1.178149e+00,2.135036e-01,6.970388e-01,1.000000e+00,11/68,18.53%,FBXO2;PSMC6;CLGN;FBXO44;UBE2J1;FBXO6;TMUB2;DERL2;STUB1;TRIM25;VCP
prerank,Vesicle Fusion (GO:0006906),-5.452472e-01,-1.177921e+00,2.048193e-01,6.961465e-01,1.000000e+00,6/68,6.03%,SYT4;SYT7;STX1B;RAB7B;STXBP1;VPS18
prerank,Negative Regulation Of Protein Ubiquitination (GO:0031397),-5.735420e-01,-1.177880e+00,2.321117e-01,6.946693e-01,1.000000e+00,5/46,9.73%,BUB1B;MAD2L1;ISG15;TNFAIP3;SVBP
prerank,Regulation Of Inflammatory Response To Antigenic Stimulus (GO:0002861),6.597345e-01,1.177539e+00,2.825607e-01,6.835213e-01,1.000000e+00,1/15,1.41%,FYN
prerank,Transport Across Blood-Brain Barrier (GO:0150104),5.175059e-01,1.177521e+00,1.877934e-01,6.812361e-01,1.000000e+00,24/69,10.12%,ABCC3;ABCC9;SLC4A4;SLC1A2;SLCO1C1;ATP1A2;SLC27A4;SLC29A1;SLCO3A1;SLC44A1;SLC38A2;SLC6A1;SLC13A3;SLC24A3;SLC22A3;SLC12A2;LRP2;SLC6A9;ATP8A1;INSR;SLC29A2;SLC29A4;SLC7A2;SLC15A2
prerank,Positive Regulation Of Innate Immune Response (GO:0045089),-5.970752e-01,-1.177386e+00,2.304833e-01,6.948442e-01,1.000000e+00,7/34,17.03%,FPR2;IKBKE;CD1D;SLC15A4;NLRC5;POLR3G;POLR3B
prerank,Positive Regulation Of RNA Splicing (GO:0033120),-6.142244e-01,-1.177183e+00,2.470187e-01,6.938676e-01,1.000000e+00,8/29,18.24%,CELF4;RBM3;CIRBP;HABP4;POLR2A;ZPR1;WDR77;NUP98
prerank,Regulation Of Receptor Internalization (GO:0002090),6.109100e-01,1.176889e+00,2.465116e-01,6.808418e-01,1.000000e+00,6/25,12.89%,GREM1;MAGI2;ARRB1;INSR;SDCBP;MKLN1
prerank,Regulation Of Macroautophagy (GO:0016241),-5.256116e-01,-1.175711e+00,1.865009e-01,6.971918e-01,1.000000e+00,12/83,8.89%,UCHL1;PINK1;ATP6V0E2;BNIP3;SCOC;CDK5R1;ATP6V1E1;CDK5;ATP6V1G1;GAPDH;CAPNS1;ATP6V1D
prerank,Cytokine-Mediated Signaling Pathway (GO:0019221),-4.857708e-01,-1.175377e+00,1.282496e-01,6.967051e-01,1.000000e+00,24/156,9.96%,IL1B;IL1A;TNF;IL21R;EGR1;IL18R1;CCL3;CXCL10;IL2RA;IL4R;PLP2;CCL2;OSM;CCL3L1;MT3;MYD88;PLVAP;RHEX;CSF2RB;IL17RA;IRAK2;LYN;CSF3R;IL12RB1
prerank,Organic Cyclic Compound Biosynthetic Process (GO:1901362),-6.611480e-01,-1.174854e+00,2.595041e-01,6.968884e-01,1.000000e+00,1/17,0.48%,GCH1
prerank,protein-DNA Complex Assembly (GO:0065004),-5.777449e-01,-1.174244e+00,2.397138e-01,6.973358e-01,1.000000e+00,4/37,5.86%,NAP1L3;CHAF1A;NAP1L2;CHAF1B
prerank,Positive Regulation Of Glucose Transmembrane Transport (GO:0010828),6.045291e-01,1.174234e+00,2.571429e-01,6.868433e-01,1.000000e+00,7/23,12.96%,SORBS1;OCLN;INSR;IRS1;CREBL2;AKT2;IRS2
prerank,Axonemal Dynein Complex Assembly (GO:0070286),6.461234e-01,1.174109e+00,2.682927e-01,6.848815e-01,1.000000e+00,4/18,3.81%,DNAH7;DNAH5;CCDC40;SPAG1
prerank,Positive Regulation Of Telomere Maintenance (GO:0032206),-5.685205e-01,-1.173971e+00,2.532110e-01,6.966363e-01,1.000000e+00,12/44,21.00%,TERF2IP;PRKCQ;PKIB;NABP2;INO80;TINF2;RUVBL1;PPP1R10;ACTR5;ERCC1;TERF2;TFPT
prerank,Regulation Of Potassium Ion Transport (GO:0043266),6.379527e-01,1.173675e+00,2.678571e-01,6.838455e-01,1.000000e+00,3/22,7.14%,DPP10;KCNIP3;DPP6
prerank,Gonad Development (GO:0008406),6.490295e-01,1.173591e+00,2.895928e-01,6.818133e-01,1.000000e+00,5/18,7.19%,SOX8;ADAM32;SOX9;LRP2;TGFB2
prerank,Skeletal Muscle Tissue Development (GO:0007519),-6.391028e-01,-1.173136e+00,2.532588e-01,6.979946e-01,1.000000e+00,8/22,22.43%,LMOD3;EGR2;MYL6;MYL6B;SVIL;SELENON;PPP3CB;SKI
prerank,Nucleosome Organization (GO:0034728),-5.489890e-01,-1.172976e+00,2.181818e-01,6.969660e-01,1.000000e+00,6/50,11.46%,NAP1L3;CHAF1A;NAP1L2;CHAF1B;HMGA1;SART3
prerank,Negative Regulation Of Small Molecule Metabolic Process (GO:0062014),6.496320e-01,1.172789e+00,2.721088e-01,6.819937e-01,1.000000e+00,2/19,5.60%,NUPR1;KAT2A
prerank,Purine Ribonucleotide Metabolic Process (GO:0009150),-5.562798e-01,-1.171886e+00,2.010772e-01,6.989534e-01,1.000000e+00,14/54,16.72%,ACOT7;ATP1B1;HINT1;BAD;ENPP3;ACOT9;GPAT4;ACOT8;TPST2;GNAI3;ACSM3;HSPA8;SULT1A1;ACLY
prerank,Response To Purine-Containing Compound (GO:0014074),6.498306e-01,1.171780e+00,2.782609e-01,6.828154e-01,1.000000e+00,5/17,10.76%,ADORA1;P2RX7;RYR2;TLR7;NT5E
prerank,mRNA Destabilization (GO:0061157),-5.807446e-01,-1.171389e+00,2.410256e-01,6.990161e-01,1.000000e+00,8/38,19.88%,ZFP36;DND1;ZC3H12D;ZC3H12A;ZFP36L1;DCPS;YTHDF3;YTHDF2
prerank,Modified Amino Acid Transport (GO:0072337),6.482327e-01,1.170804e+00,2.645012e-01,6.834058e-01,1.000000e+00,3/20,9.72%,SLC7A11;SLC16A9;SLC7A2
prerank,Cellular Response To Tumor Necrosis Factor (GO:0071356),-5.298058e-01,-1.170614e+00,2.166667e-01,6.999250e-01,1.000000e+00,9/77,6.08%,TNFRSF21;TNF;CCL3;ZFP36;CCL2;CCL3L1;NPNT;PLVAP;BRCA1
prerank,Regulation Of Biomineral Tissue Development (GO:0070167),6.588590e-01,1.170284e+00,2.985782e-01,6.826664e-01,1.000000e+00,5/15,17.55%,SOX9;DDR2;NBR1;S1PR1;BMP2K
prerank,Regulation Of JNK Cascade (GO:0046328),4.996040e-01,1.170056e+00,1.923077e-01,6.811452e-01,1.000000e+00,13/88,7.32%,TPD52L1;TGFBR3;EGFR;TNIK;PLCB1;PHLPP1;ANKS1B;MFHAS1;IGF1R;SH3RF1;DUSP10;DAB2IP;EPHB1
prerank,Positive Regulation Of Transcription By RNA Polymerase III (GO:0045945),-6.678068e-01,-1.169763e+00,3.130590e-01,7.011385e-01,1.000000e+00,3/15,16.58%,ERCC6;DDX21;ZNF143
prerank,Cellular Response To Salt (GO:1902075),-5.177198e-01,-1.169658e+00,1.900533e-01,6.998733e-01,1.000000e+00,9/81,5.26%,DMTN;SYT1;SYT4;SYT5;SYT13;EGR1;SYT7;SMPD1;PPIF
prerank,Proteasomal Protein Catabolic Process (GO:0010498),-4.635614e-01,-1.169594e+00,1.336717e-01,6.985233e-01,1.000000e+00,54/200,25.05%,UCHL1;PSMD12;SPSB1;PSMC1;SIAH3;PSMC6;FBXO44;ENC1;PRPF19;CUL1;SKP1;PSMC5;PSMB6;RNF187;PSMD7;ANKRD9;NHLRC3;PSMB5;PSMD4;PSMD2;KCTD10;PSMB7;PSMA8;IFI27;RMND5B;DDIT3;PJA2;KIF14;PSMA5;UBXN6;AXIN1;STUB1;VCP;CSNK1A1;KCTD5;RNF34;PSMB2;PSMD8;PSMA3;XBP1;UBXN11;PSMD13;SPSB2;FBXO7;SMURF1;RNF122;PSMA4;PSMB4;ZFAND2B;USP44;KLHDC3;MAEA;SKP2;RNF5
prerank,Establishment Of Protein Localization To Vacuole (GO:0072666),-6.281367e-01,-1.169437e+00,2.621185e-01,6.975097e-01,1.000000e+00,5/23,16.95%,CACNG8;CACNG2;UBAP1;VPS37B;VPS37C
prerank,JNK Cascade (GO:0007254),-6.226431e-01,-1.169307e+00,2.622061e-01,6.963062e-01,1.000000e+00,6/26,16.55%,MAPK8IP2;TRIB1;SH2D3C;MAP4K1;PTGER4;MAPK8IP1
prerank,Regulation Of BMP Signaling Pathway (GO:0030510),5.487357e-01,1.169136e+00,2.222222e-01,6.817107e-01,1.000000e+00,9/46,9.96%,GREM1;CRB2;BMPER;PCSK6;FSTL5;ZNF423;LRP2;ITGA3;TMEM53
prerank,Response To Amino Acid Starvation (GO:1990928),5.649487e-01,1.169118e+00,2.391304e-01,6.795036e-01,1.000000e+00,3/37,5.78%,PRKD1;NPRL2;SESN1
prerank,Protein Alkylation (GO:0008213),-6.439118e-01,-1.169090e+00,2.736486e-01,6.954511e-01,1.000000e+00,3/20,8.65%,PRMT8;PCMT1;EEF2KMT
prerank,Cellular Response To Topologically Incorrect Protein (GO:0035967),-6.417001e-01,-1.168604e+00,2.782931e-01,6.955276e-01,1.000000e+00,2/21,6.21%,OPTN;PTPN1
prerank,Proteoglycan Biosynthetic Process (GO:0030166),6.123393e-01,1.167639e+00,2.607710e-01,6.817779e-01,1.000000e+00,4/26,6.85%,BMPR1B;CSGALNACT1;B3GAT1;CHST9
prerank,Negative Regulation Of Programmed Cell Death (GO:0043069),4.355672e-01,1.167531e+00,1.096606e-01,6.798306e-01,1.000000e+00,27/281,8.78%,FMN2;SLC7A11;SOX8;ERBB4;GREM1;EGFR;HGF;ERBB3;LTF;CD44;GCLC;NUPR1;ANGPTL4;HSPB1;AQP1;TJP1;IGF1R;WFS1;SOX9;SH3RF1;LRP2;TPT1;NAA16;MECOM;BNIP3L;FOXO1;POU3F3
prerank,Regulation Of Chemokine Production (GO:0032642),-6.095667e-01,-1.166957e+00,2.394881e-01,6.996526e-01,1.000000e+00,2/29,1.33%,TNF;EGR1
prerank,Notch Signaling Pathway (GO:0007219),-6.156927e-01,-1.166734e+00,2.543860e-01,6.987935e-01,1.000000e+00,1/27,0.07%,NRARP
prerank,Endosome Transport Via Multivesicular Body Sorting Pathway (GO:0032509),-6.480771e-01,-1.166562e+00,2.765599e-01,6.978467e-01,1.000000e+00,1/18,0.37%,LAPTM4B
prerank,Negative Regulation Of Epidermal Growth Factor Receptor Signaling Pathway (GO:0042059),6.361916e-01,1.165610e+00,2.658824e-01,6.835974e-01,1.000000e+00,5/20,13.05%,EGFR;ITGA1;DAB2IP;ZFYVE28;CHMP6
prerank,Positive Regulation Of Cell Development (GO:0010720),-6.587455e-01,-1.165413e+00,2.854671e-01,7.000300e-01,1.000000e+00,6/19,17.55%,LMOD3;OPRM1;SERPINF1;BAD;CX3CR1;ZNF335
prerank,Response To Retinoic Acid (GO:0032526),-5.830310e-01,-1.164124e+00,2.490909e-01,7.027709e-01,1.000000e+00,4/33,4.77%,PTK7;RET;CDKN2D;WNT3
prerank,Central Nervous System Development (GO:0007417),4.424259e-01,1.164068e+00,1.094527e-01,6.858813e-01,1.000000e+00,26/210,6.93%,NFIB;NPAS2;SOX8;MEIS2;ADGRL3;PTPRZ1;DSCAML1;ARNT2;MYRF;BRINP3;SOX10;CDH2;CXCR4;SPOCK1;UGT8;SYNJ2;MAL;ADAM22;SH3GL3;ZBTB16;SOX9;NFASC;PTCH1;RELN;GRIN2C;BAG6
prerank,Negative Regulation Of Protein Polymerization (GO:0032272),-6.209244e-01,-1.164068e+00,2.665370e-01,7.014070e-01,1.000000e+00,6/22,5.46%,STMN2;STMN1;KANK4;TUBB4A;MAP2;CLIP3
prerank,Mitochondrial Respiratory Chain Complex I Assembly (GO:0032981),-5.524507e-01,-1.163421e+00,2.365591e-01,7.005223e-01,1.000000e+00,16/48,21.40%,NDUFB9;NDUFB1;NDUFAB1;NDUFA8;NDUFB3;NDUFA5;NDUFB10;NDUFA10;NDUFS5;OXA1L;NDUFS3;DMAC2;NDUFB4;FOXRED1;NDUFA6;NDUFS2
prerank,NADH Dehydrogenase Complex Assembly (GO:0010257),-5.524507e-01,-1.163421e+00,2.365591e-01,7.005223e-01,1.000000e+00,16/48,21.40%,NDUFB9;NDUFB1;NDUFAB1;NDUFA8;NDUFB3;NDUFA5;NDUFB10;NDUFA10;NDUFS5;OXA1L;NDUFS3;DMAC2;NDUFB4;FOXRED1;NDUFA6;NDUFS2
prerank,Negative Regulation Of Protein Binding (GO:0032091),-5.393118e-01,-1.163108e+00,2.305085e-01,7.000261e-01,1.000000e+00,8/57,14.84%,ATP2A3;PIN1;MAP2;CDKN1A;ZFPM1;IFIT1;PARK7;RALB
prerank,Respiratory System Development (GO:0060541),6.415350e-01,1.162088e+00,2.933333e-01,6.898142e-01,1.000000e+00,7/19,8.61%,CHI3L1;GLI2;CCDC40;FGFR2;BAG6;PROX1;ITGA3
prerank,Autophagosome Organization (GO:1905037),-5.562864e-01,-1.161940e+00,2.473684e-01,7.022407e-01,1.000000e+00,11/51,19.76%,MAP1LC3A;MAP1LC3B2;GABARAPL2;MAP1LC3B;VMP1;RAB35;BECN1;TMEM41B;ATP2A2;TP53INP2;GABARAPL1
prerank,Cellular Response To Interleukin-1 (GO:0071347),-5.613591e-01,-1.161715e+00,2.487223e-01,7.015126e-01,1.000000e+00,6/48,5.06%,IL1B;EGR1;CCL3;CCL2;CCL3L1;MYD88
prerank,NAD Metabolic Process (GO:0019674),-6.411115e-01,-1.161414e+00,3.023256e-01,7.009577e-01,1.000000e+00,5/19,18.53%,NMNAT2;MDH1;KMO;QPRT;VCP
prerank,Positive Regulation Of Chromosome Segregation (GO:0051984),-6.658452e-01,-1.161292e+00,3.024575e-01,6.998502e-01,1.000000e+00,3/16,7.16%,NCAPH;NCAPG;CCNB1
prerank,Calcium Ion Transmembrane Import Into Cytosol (GO:0097553),-5.456122e-01,-1.160843e+00,2.321117e-01,6.997683e-01,1.000000e+00,10/56,5.59%,GRIN1;CACNA1G;SCN7A;SLC8A2;HTR2A;SCN2A;CACNA1E;DRD2;CACNB3;SCN3A
prerank,Positive Regulation Of Establishment Of Protein Localization To Mitochondrion (GO:1903749),-6.119120e-01,-1.160757e+00,2.750000e-01,6.985242e-01,1.000000e+00,3/29,8.07%,PINK1;PIN1;UBE2L3
prerank,Cellular Response To Organic Substance (GO:0071310),-5.656009e-01,-1.160684e+00,2.548330e-01,6.972672e-01,1.000000e+00,7/47,4.42%,IL1B;TNF;SLC1A1;CCL3;ROBO2;CCL2;NPFFR1
prerank,Cell Morphogenesis Involved In Neuron Differentiation (GO:0048667),-5.277273e-01,-1.160575e+00,2.060811e-01,6.961224e-01,1.000000e+00,12/67,4.46%,SLITRK4;CCK;RAB3A;MAP1A;NEFH;MAP1B;MAPK8IP2;PLPPR4;DRD2;PAK3;MAP2;S100B
prerank,Peptidyl-Serine Phosphorylation (GO:0018105),-4.812461e-01,-1.160271e+00,1.606218e-01,6.955704e-01,1.000000e+00,11/143,5.74%,CLSPN;CAMKV;CAMK1G;PINK1;TTK;MAST1;PRKCQ;PRKCA;IKBKE;CDK5R1;CDK5
prerank,Regulation Of Fat Cell Differentiation (GO:0045598),5.299728e-01,1.160062e+00,2.105263e-01,6.935719e-01,1.000000e+00,7/53,5.67%,YAP1;WWTR1;RORA;FERMT2;RUNX1T1;TMEM64;ZBTB16
prerank,Ras Protein Signal Transduction (GO:0007265),-4.824420e-01,-1.159945e+00,1.971326e-01,6.951476e-01,1.000000e+00,6/130,2.50%,AGTR1;DOK6;RAC3;ARHGDIG;ARHGAP4;HRAS
prerank,Protein-Containing Complex Disassembly (GO:0032984),-5.508378e-01,-1.159379e+00,2.286689e-01,6.954791e-01,1.000000e+00,15/53,22.84%,MAP1LC3A;NSF;APEH;GSPT2;MAP1LC3B;BECN1;NAPA;HSPA8;VTI1B;VCP;VAMP7;PYM1;MYC;VIPAS39;ATG14
prerank,Negative Regulation Of Metabolic Process (GO:0009892),-5.786217e-01,-1.158823e+00,2.508961e-01,6.957911e-01,1.000000e+00,4/38,2.44%,IL1B;ALDH1A1;IL18R1;NOVA2
prerank,Regulation Of Cholesterol Efflux (GO:0010874),6.038441e-01,1.158395e+00,2.907801e-01,6.963297e-01,1.000000e+00,6/25,14.18%,ABCA8;CES1;PTCH1;APOE;ZDHHC8;ABCA2
prerank,Regulation Of Cytokine Production Involved In Immune Response (GO:0002718),-6.698241e-01,-1.157254e+00,3.176044e-01,6.993802e-01,1.000000e+00,5/16,10.04%,TNF;IL10;BTK;NOD2;SLC7A5
prerank,Positive Regulation Of Protein Targeting To Mitochondrion (GO:1903955),-6.163585e-01,-1.156855e+00,2.922297e-01,6.991392e-01,1.000000e+00,3/27,8.07%,PINK1;PIN1;UBE2L3
prerank,Negative Regulation Of Peptidase Activity (GO:0010466),5.819755e-01,1.156591e+00,2.789116e-01,6.995278e-01,1.000000e+00,4/31,3.93%,SERPINI2;CRB2;SPOCK1;SERPINE1
prerank,Antigen Processing And Presentation Of Peptide Antigen Via MHC Class I (GO:0002474),-6.677842e-01,-1.156497e+00,3.152174e-01,6.988455e-01,1.000000e+00,5/15,22.49%,HLA-A;TAP1;MFSD6;B2M;FCER1G
prerank,Positive Regulation Of Defense Response To Virus By Host (GO:0002230),-6.341783e-01,-1.155790e+00,2.824561e-01,6.997738e-01,1.000000e+00,9/21,26.05%,IL12RB1;ZC3H12A;STAT1;TOMM70;PQBP1;PTPN22;PARP9;DTX3L;LILRB1
prerank,Cellular Response To Unfolded Protein (GO:0034620),-6.561708e-01,-1.155768e+00,2.844037e-01,6.983689e-01,1.000000e+00,2/17,6.21%,OPTN;PTPN1
prerank,Positive Regulation Of Vascular Endothelial Growth Factor Production (GO:0010575),-6.536431e-01,-1.155718e+00,3.144876e-01,6.955812e-01,1.000000e+00,4/16,6.08%,IL1B;IL1A;SULF2;BRCA1
prerank,Regulation Of Vascular Endothelial Growth Factor Production (GO:0010574),-6.536431e-01,-1.155718e+00,3.144876e-01,6.955812e-01,1.000000e+00,4/16,6.08%,IL1B;IL1A;SULF2;BRCA1
prerank,"Negative Regulation Of Gene Expression, Epigenetic (GO:0045814)",-5.661593e-01,-1.155458e+00,2.581227e-01,6.949522e-01,1.000000e+00,5/42,7.45%,CHEK1;UHRF1;INSL6;EZH2;DNMT1
prerank,RNA Phosphodiester Bond Hydrolysis (GO:0090501),-6.262926e-01,-1.155218e+00,2.755633e-01,6.943634e-01,1.000000e+00,7/26,14.78%,RNASE2;ZC3H12D;RNASEH1;POP7;ZC3H12A;NHP2;TRIR
prerank,Negative Regulation Of Lymphocyte Activation (GO:0051250),6.432855e-01,1.154091e+00,3.055556e-01,7.047896e-01,1.000000e+00,3/15,5.84%,LGALS3;GPNMB;PIBF1
prerank,Positive Regulation Of Developmental Growth (GO:0048639),-5.753997e-01,-1.153619e+00,2.709790e-01,6.978085e-01,1.000000e+00,9/38,10.08%,SYT1;SYT4;L1CAM;RIMS1;RIMS2;BDNF;GHRL;UNC13A;CPNE6
prerank,Regulation Of Endothelial Cell Apoptotic Process (GO:2000351),-6.112945e-01,-1.153082e+00,2.910321e-01,6.980337e-01,1.000000e+00,6/24,8.10%,TNF;IL10;CCL2;ICAM1;TNFAIP3;SEMA5A
prerank,Positive Regulation Of Cysteine-Type Endopeptidase Activity (GO:2001056),-5.443348e-01,-1.152848e+00,2.591304e-01,6.973366e-01,1.000000e+00,12/56,14.75%,TNF;GRIN1;PERP;CYFIP2;GRIN2B;BAD;CARD9;NOD1;NLRP3;CYCS;TNFSF10;AIM2
prerank,Autophagosome Assembly (GO:0000045),-5.487477e-01,-1.151989e+00,2.525952e-01,6.987575e-01,1.000000e+00,15/55,22.95%,MAP1LC3A;MAP1LC3B2;GABARAPL2;MAP1LC3B;VMP1;RAB35;BECN1;TMEM41B;MFN2;ATP2A2;TP53INP2;GABARAPL1;TOM1;ATG14;SMURF1
prerank,Cellular Response To Mechanical Stimulus (GO:0071260),-5.634464e-01,-1.151987e+00,2.504440e-01,6.973174e-01,1.000000e+00,7/44,8.84%,IL1B;CHEK1;GADD45A;BNIP3;MYD88;TNFRSF8;BAD
prerank,Cardiac Muscle Tissue Development (GO:0048738),5.997978e-01,1.151506e+00,2.953488e-01,7.104375e-01,1.000000e+00,4/26,3.49%,ADAMTS9;GREM1;GJA1;BMP7
prerank,Membrane Assembly (GO:0071709),5.663113e-01,1.151022e+00,2.606635e-01,7.095124e-01,1.000000e+00,10/32,13.05%,IL1RAPL1;PTPRD;EMP2;NLGN4X;NLGN1;LRP4;NRXN1;STX2;UBXN2A;CHMP6
prerank,Protein K48-linked Deubiquitination (GO:0071108),6.313880e-01,1.150968e+00,2.860636e-01,7.073863e-01,1.000000e+00,2/21,2.83%,OTUD7B;OTUD7A
prerank,N-glycan Processing (GO:0006491),-6.649102e-01,-1.150690e+00,3.010753e-01,7.000981e-01,1.000000e+00,2/17,9.02%,ST8SIA3;ST8SIA6
prerank,Regulation Of Neuron Death (GO:1901214),-5.422543e-01,-1.150310e+00,2.491103e-01,6.998256e-01,1.000000e+00,12/51,8.13%,SNCG;EGR1;UBB;CHGA;SNCB;CHRNA7;DHCR24;ITGAM;FAIM2;CDK5;NSMF;GRIN2B
prerank,Negative Regulation Of Cellular Response To Growth Factor Stimulus (GO:0090288),5.288754e-01,1.150217e+00,2.629213e-01,7.074954e-01,1.000000e+00,12/47,14.20%,GREM1;BMPER;FGF2;DAB2IP;LRP2;SPRY1;TMEM53;EPN2;UBE2D1;CADM4;HIPK2;NEDD4
prerank,Regulation Of Fatty Acid Biosynthetic Process (GO:0042304),6.327168e-01,1.149394e+00,2.934783e-01,7.077643e-01,1.000000e+00,5/20,9.25%,SLC45A3;APOC1;MID1IP1;KAT2B;SIRT2
prerank,Odontogenesis (GO:0042476),6.607571e-01,1.149214e+00,3.302108e-01,7.061204e-01,1.000000e+00,4/15,7.19%,GLI2;FGFR2;AQP1;TGFB2
prerank,Regulation Of Autophagy Of Mitochondrion (GO:1903146),-6.479480e-01,-1.148673e+00,2.989324e-01,7.034732e-01,1.000000e+00,7/19,22.64%,PINK1;HTT;PARK7;CAMKK2;DNM1L;VDAC1;FBXO7
prerank,Regulation Of Cellular Response To Stress (GO:0080135),4.842956e-01,1.148505e+00,2.276995e-01,7.060091e-01,1.000000e+00,9/97,5.60%,ADCY8;SGF29;CORO2B;TMEM98;NUPR1;MAPT;SLC38A2;KAT2B;KAT2A
prerank,Negative Regulation Of Viral Genome Replication (GO:0045071),-5.735470e-01,-1.148118e+00,2.720848e-01,7.037573e-01,1.000000e+00,6/37,12.99%,TNF;ISG20;ISG15;MX1;RSAD2;IFIT1
prerank,Negative Regulation Of Inflammatory Response To Antigenic Stimulus (GO:0002862),6.422909e-01,1.147619e+00,3.095768e-01,7.064565e-01,1.000000e+00,1/16,1.41%,FYN
prerank,Regulation Of Cell Junction Assembly (GO:1901888),-6.467642e-01,-1.147065e+00,3.060109e-01,7.056157e-01,1.000000e+00,1/17,1.24%,CHRNB2
prerank,Non-Membrane-Bounded Organelle Assembly (GO:0140694),-5.002690e-01,-1.146893e+00,2.206897e-01,7.047566e-01,1.000000e+00,22/96,20.09%,CENPE;LMOD3;MAPRE3;GOLGA8A;DAZAP2;DYNC1H1;TMOD1;INO80;PLA2G4C;CIRBP;BIN2;DHX37;G3BP2;CCDC61;FARP2;CENPF;LSM4;TUBGCP2;YTHDF3;RNF213;YTHDF2;MRPL22
prerank,Positive Regulation Of Endothelial Cell Migration (GO:0010595),5.061155e-01,1.146814e+00,2.207207e-01,7.067224e-01,1.000000e+00,9/64,7.70%,SASH1;PRKD1;FGF2;HSPB1;FGF1;SPARC;PLPP3;FGFR1;PROX1
prerank,Regulation Of Cell Differentiation (GO:0045595),4.600476e-01,1.146440e+00,1.888112e-01,7.055589e-01,1.000000e+00,17/142,7.64%,DPF3;MEGF10;GREM1;SMOC1;ALK;ALOX15B;PLEKHB1;EMP2;FGFR2;PHLDB1;RELN;EPHA3;RUNX3;APC2;NOTCH4;NLGN1;FGFR1
prerank,Regulation Of Mitochondrial Membrane Potential (GO:0051881),-5.964990e-01,-1.145416e+00,2.684685e-01,7.080493e-01,1.000000e+00,8/31,15.61%,PINK1;UBB;ATP5IF1;SOD1;BAD;PARK7;TUSC2;SLC25A33
prerank,Myeloid Leukocyte Differentiation (GO:0002573),-5.495454e-01,-1.145340e+00,2.650177e-01,7.068312e-01,1.000000e+00,11/47,21.12%,SNX10;VEGFA;SRP54;GPR183;OSCAR;CD4;CBFA2T3;FARP2;SBNO2;PDE1B;HLA-DRB1
prerank,Activation Of Cysteine-Type Endopeptidase Activity (GO:0097202),-6.592214e-01,-1.144449e+00,3.091537e-01,7.083093e-01,1.000000e+00,4/16,13.58%,PERP;CYFIP2;BAD;CYCS
prerank,Regulation Of Transcription By RNA Polymerase III (GO:0006359),-6.097683e-01,-1.143976e+00,2.905660e-01,7.083892e-01,1.000000e+00,6/26,16.80%,ERCC6;TENM1;DDX21;PRDX5;ZNF143;POLR3G
prerank,Cardiac Conduction (GO:0061337),-5.897951e-01,-1.143134e+00,2.823315e-01,7.095627e-01,1.000000e+00,5/33,5.43%,SCN3B;SCN2B;CACNA1G;KCND3;SLC4A3
prerank,Positive Regulation Of Ras Protein Signal Transduction (GO:0046579),5.820062e-01,1.142937e+00,2.770563e-01,7.136901e-01,1.000000e+00,9/32,17.47%,P2RY8;ARRB1;RASGEF1A;F2RL1;ROBO1;RASGRF1;NOTCH2;GPR65;F11R
prerank,Positive Regulation Of Excitatory Postsynaptic Potential (GO:2000463),-6.445099e-01,-1.142203e+00,3.250444e-01,7.110263e-01,1.000000e+00,5/18,8.13%,GRIN1;STX1B;RIMS1;RIMS2;GRIN2B
prerank,Positive Regulation Of Stress-Activated MAPK Cascade (GO:0032874),4.905131e-01,1.138614e+00,2.373272e-01,7.248373e-01,1.000000e+00,8/78,7.19%,TPD52L1;SASH1;TNIK;PLCB1;MFHAS1;SH3RF1;DAB2IP;TGFB2
prerank,Negative Regulation Of Secretion By Cell (GO:1903531),-5.947698e-01,-1.138056e+00,2.994746e-01,7.229764e-01,1.000000e+00,4/27,3.75%,SYT4;CHGA;DRD2;OSM
prerank,Regulation Of Lamellipodium Assembly (GO:0010591),-5.802692e-01,-1.137892e+00,2.766727e-01,7.220495e-01,1.000000e+00,1/27,0.09%,DMTN
prerank,Negative Regulation Of Immune System Process (GO:0002683),5.784597e-01,1.137694e+00,2.511521e-01,7.253536e-01,1.000000e+00,9/28,13.68%,TYRO3;LGR4;MFHAS1;SOX9;IL17D;DAB2IP;GPR108;FCGR2B;TSC22D3
prerank,Autophagosome Maturation (GO:0097352),-5.761035e-01,-1.137510e+00,2.672566e-01,7.217229e-01,1.000000e+00,9/37,19.79%,MAP1LC3A;CALM1;MAP1LC3B;VMP1;BECN1;VTI1B;ATP2A2;VCP;VAMP7
prerank,Regulation Of Synapse Organization (GO:0050807),-6.138418e-01,-1.137173e+00,3.082312e-01,7.213278e-01,1.000000e+00,3/21,1.24%,SLITRK4;TNF;CHRNB2
prerank,Negative Regulation Of Interleukin-2 Production (GO:0032703),-6.460312e-01,-1.135156e+00,3.228070e-01,7.262791e-01,1.000000e+00,5/17,12.92%,ZFP36;TNFAIP3;HAVCR2;CR1;VSIG4
prerank,Postreplication Repair (GO:0006301),-6.351292e-01,-1.135133e+00,3.333333e-01,7.249034e-01,1.000000e+00,1/19,1.88%,UBE2V2
prerank,Epithelial Cell Differentiation (GO:0030855),5.140335e-01,1.135063e+00,2.409639e-01,7.313771e-01,1.000000e+00,8/61,4.95%,YAP1;LGALS3;ERBB4;HSF4;CES1;FGFR2;ZNF703;CNN3
prerank,Arachidonic Acid Metabolic Process (GO:0019369),5.983769e-01,1.134842e+00,2.974828e-01,7.298251e-01,1.000000e+00,4/23,5.22%,EPHX1;CYP2J2;ALOX15B;PTGES3
prerank,Branching Morphogenesis Of An Epithelial Tube (GO:0048754),-6.294196e-01,-1.133756e+00,3.303411e-01,7.278581e-01,1.000000e+00,4/21,8.60%,NRARP;VEGFA;NPNT;NELL1
prerank,Establishment Of Protein Localization To Membrane (GO:0090150),5.071437e-01,1.133623e+00,2.494624e-01,7.311901e-01,1.000000e+00,5/60,4.52%,PARD3;EGFR;ZDHHC11B;ZDHHC9;ZDHHC15
prerank,Regulation Of Protein Kinase Activity (GO:0045859),-4.916353e-01,-1.132769e+00,2.447917e-01,7.296069e-01,1.000000e+00,16/98,10.75%,CAMK2N2;THY1;CENPE;TSPYL2;YWHAG;MAPRE3;DBNDD1;SOD1;PPIA;MAP2K3;CDKN1A;LCP2;PPM1E;TRIB1;C5AR1;ANKRD54
prerank,Post-Translational Protein Modification (GO:0043687),-5.442697e-01,-1.131285e+00,3.108348e-01,7.327504e-01,1.000000e+00,10/45,21.68%,PRKCA;ESCO2;PARP2;DSCC1;STT3A;SENP8;UBE2M;RNF7;JAK2;PARP9
prerank,Cellular Response To Osmotic Stress (GO:0071470),-6.269031e-01,-1.130470e+00,3.227513e-01,7.338354e-01,1.000000e+00,4/23,13.53%,SCN2A;NLRP3;ZFP36L1;ZFAND1
prerank,Monoatomic Ion Transport (GO:0006811),-5.058831e-01,-1.130381e+00,2.447183e-01,7.326422e-01,1.000000e+00,11/74,3.68%,TMEM63C;SLC32A1;GRIN1;SLC1A1;CHRNB2;SLC8A2;GLRB;CHRNA7;CHRNA4;PLP2;SLC1A6
prerank,Regulation Of Organelle Organization (GO:0033043),4.829595e-01,1.129913e+00,2.242152e-01,7.399526e-01,1.000000e+00,8/86,6.16%,PLXNB1;SCARB2;MAPT;NEXN;CLEC16A;S100A8;TJP1;CAPN2
prerank,Positive Regulation Of Mitochondrial Fission (GO:0090141),-6.533698e-01,-1.129421e+00,3.298246e-01,7.342322e-01,1.000000e+00,2/17,4.66%,PINK1;BNIP3
prerank,Cellular Response To Glucose Stimulus (GO:0071333),-6.079701e-01,-1.128627e+00,3.067591e-01,7.352621e-01,1.000000e+00,5/26,14.21%,PTPRN;KCNB1;MLXIPL;PTPRN2;RAB11FIP5
prerank,Potassium Ion Transmembrane Transport (GO:0071805),4.885651e-01,1.128585e+00,2.494226e-01,7.415197e-01,1.000000e+00,19/82,8.68%,ABCC9;KCNJ10;KCND2;NALCN;SLC24A2;KCNH8;KCNJ3;KCNK1;SLC24A4;ATP1A2;KCNJ16;SLC24A3;SLC12A2;KCNH1;KCNJ5;KCNK10;KCNE3;KCNC4;KCNH7
prerank,Negative Regulation Of Signal Transduction In Absence Of Ligand (GO:1901099),-6.472143e-01,-1.128380e+00,3.577818e-01,7.331439e-01,1.000000e+00,4/16,4.64%,IL1B;IL1A;TNF;IFI6
prerank,Negative Regulation Of Extrinsic Apoptotic Signaling Pathway In Absence Of Ligand (GO:2001240),-6.472143e-01,-1.128380e+00,3.577818e-01,7.331439e-01,1.000000e+00,4/16,4.64%,IL1B;IL1A;TNF;IFI6
prerank,Response To Copper Ion (GO:0046688),-6.445919e-01,-1.128329e+00,3.409490e-01,7.318602e-01,1.000000e+00,2/16,4.97%,IL1A;MT3
prerank,Adenylate Cyclase-Activating G Protein-Coupled Receptor Signaling Pathway (GO:0007189),5.286833e-01,1.128131e+00,2.652582e-01,7.406656e-01,1.000000e+00,9/50,6.99%,ADCY8;ADCY2;ADGRL3;ADRA2C;CALCRL;PTH1R;ADCY9;GPR157;ADGRE3
prerank,miRNA-mediated Gene Silencing (GO:0035195),-6.179379e-01,-1.127371e+00,3.070175e-01,7.335519e-01,1.000000e+00,6/22,22.15%,ZFP36;NCBP2;EIF4E2;RBM4;EIF4G1;RAN
prerank,Lysosome Localization (GO:0032418),-5.782779e-01,-1.127309e+00,2.959720e-01,7.323363e-01,1.000000e+00,2/31,2.66%,RAB3A;CHGA
prerank,Skin Development (GO:0043588),5.479267e-01,1.126782e+00,2.610723e-01,7.426056e-01,1.000000e+00,11/36,15.03%,ITGB4;COL5A3;AHDC1;FGFR1;ITGA3;ASAH1;TXNIP;CSTA;COL5A2;PPP3CA;KRT10
prerank,Purine Ribonucleotide Catabolic Process (GO:0009154),-6.154523e-01,-1.125801e+00,3.350515e-01,7.356418e-01,1.000000e+00,3/23,6.11%,NUDT11;HINT1;PNP
prerank,Regulation Of Viral Transcription (GO:0046782),-6.546167e-01,-1.125781e+00,3.515901e-01,7.342811e-01,1.000000e+00,1/15,2.85%,ZFP36
prerank,Peripheral Nervous System Development (GO:0007422),6.248308e-01,1.125541e+00,3.250564e-01,7.441145e-01,1.000000e+00,5/16,5.92%,SOX8;ERBB3;SOX10;UGT8;NFASC
prerank,Gland Development (GO:0048732),5.491279e-01,1.125289e+00,2.863636e-01,7.425568e-01,1.000000e+00,8/38,7.70%,TGFBR3;COBL;GLI2;FGFR2;SOX2;SOX9;NOTCH4;PROX1
prerank,Negative Regulation Of Protein Kinase Activity (GO:0006469),-5.102609e-01,-1.125179e+00,2.690972e-01,7.347436e-01,1.000000e+00,12/72,9.72%,CAMK2N2;THY1;GADD45A;PTPRB;YWHAG;DBNDD1;PPIA;PTPN1;PTPRO;CDKN1A;PPM1E;TRIB1
prerank,Positive Regulation Of Kinase Activity (GO:0033674),4.926974e-01,1.124757e+00,2.444988e-01,7.418534e-01,1.000000e+00,20/78,8.70%,ERBB4;EGFR;ERBB3;NTRK3;ROR1;FGFR3;TYRO3;ALK;ROR2;PDGFRB;SPDYA;FGFR2;IGF1R;MERTK;RELN;VAC14;FGFR1;DDR2;NTRK2;INSR
prerank,Negative Regulation Of Blood Vessel Morphogenesis (GO:2000181),5.187791e-01,1.124197e+00,2.600473e-01,7.413799e-01,1.000000e+00,12/48,9.35%,RGCC;THBS2;THBS4;COL4A3;SPARC;FOXO4;DAB2IP;TGFB2;FOXJ2;SEMA6A;ISM1;COL4A2
prerank,Brain Development (GO:0007420),4.532599e-01,1.123796e+00,2.069767e-01,7.403630e-01,1.000000e+00,16/126,8.14%,NFIB;MEIS2;CTNNA2;ADGRL3;DSCAML1;ARNT2;CDH2;CXCR4;SYNJ2;NFASC;PTCH1;RELN;GRIN2C;BAG6;PROX1;CADM2
prerank,Regulation Of Chromosome Organization (GO:0033044),-5.599326e-01,-1.123375e+00,2.798635e-01,7.389478e-01,1.000000e+00,2/37,2.60%,BUB1;TERF2IP
prerank,Positive Regulation Of Organelle Organization (GO:0010638),5.722021e-01,1.122070e+00,3.026316e-01,7.433587e-01,1.000000e+00,5/29,12.78%,PPARGC1A;SORBS3;P2RX7;CALCOCO2;AKT2
prerank,Positive Regulation Of Axon Extension (GO:0045773),-6.423921e-01,-1.121787e+00,3.376384e-01,7.423496e-01,1.000000e+00,4/16,8.60%,L1CAM;VEGFA;SEMA5A;NELL1
prerank,Receptor Signaling Pathway Via STAT (GO:0097696),5.950057e-01,1.121027e+00,3.195402e-01,7.442057e-01,1.000000e+00,1/22,0.92%,GHR
prerank,Negative Regulation Of Transferase Activity (GO:0051348),-5.759983e-01,-1.120949e+00,3.289963e-01,7.435764e-01,1.000000e+00,3/33,2.85%,BUB1B;MAD2L1;ZFP36
prerank,Immunoglobulin Production Involved In Immunoglobulin-Mediated Immune Response (GO:0002381),-6.475812e-01,-1.120866e+00,3.562823e-01,7.423600e-01,1.000000e+00,2/16,9.52%,HLA-DMA;HLA-DQA1
prerank,Response To Interleukin-1 (GO:0070555),-5.416415e-01,-1.120546e+00,2.927690e-01,7.419277e-01,1.000000e+00,7/48,5.06%,IL1B;CCL3;CCL2;CCL3L1;SMPD1;PRKCA;MYD88
prerank,Positive Regulation Of Rho Protein Signal Transduction (GO:0035025),6.302754e-01,1.120434e+00,3.493450e-01,7.437363e-01,1.000000e+00,6/16,17.47%,P2RY8;ARRB1;F2RL1;ROBO1;GPR65;F11R
prerank,Myoblast Differentiation (GO:0045445),-6.301077e-01,-1.120109e+00,3.469388e-01,7.418537e-01,1.000000e+00,3/17,14.07%,SDC1;MAPK12;JAG1
prerank,Alpha-Amino Acid Catabolic Process (GO:1901606),-6.187439e-01,-1.119718e+00,3.293515e-01,7.416707e-01,1.000000e+00,3/20,11.38%,FANCA;IL4I1;KMO
prerank,Regulation Of Immunoglobulin Production (GO:0002637),-6.248831e-01,-1.119700e+00,3.368984e-01,7.402997e-01,1.000000e+00,7/17,26.87%,IL10;CR1;SASH3;XBP1;PHB2;HLA-E;STX4
prerank,"mRNA Splicing, Via Spliceosome (GO:0000398)",-4.464115e-01,-1.119569e+00,2.119205e-01,7.393167e-01,1.000000e+00,42/196,23.77%,CELF4;NOVA2;PIN1;SNU13;PRPF19;SRSF2;NCBP2;PPWD1;SRSF1;SART3;GPKOW;MTREX;SRSF7;SRSF9;RBM4;SNRPA1;RNPS1;HSPA8;PQBP1;DHX15;BCAS2;SYNCRIP;WDR77;LSM4;DBR1;SRSF4;DCPS;TXNL4A;EFTUD2;SNRPD1;SNRNP35;PPIL3;SF3B2;SRSF3;BUD31;PRPF4;SFPQ;STRAP;HTATSF1;CWC25;HNRNPC;COIL
prerank,Regulation Of Muscle Cell Differentiation (GO:0051147),6.263143e-01,1.119455e+00,3.395349e-01,7.444523e-01,1.000000e+00,6/17,7.21%,MEGF10;LAMA2;FGFR2;LAMC1;LAMB2;LAMA1
prerank,Glycosaminoglycan Biosynthetic Process (GO:0006024),-5.445981e-01,-1.118628e+00,2.768166e-01,7.406777e-01,1.000000e+00,4/47,3.19%,IL1B;B4GAT1;HS3ST1;CHPF
prerank,Chondroitin Sulfate Proteoglycan Biosynthetic Process (GO:0050650),6.112679e-01,1.118362e+00,3.547619e-01,7.454969e-01,1.000000e+00,4/19,8.89%,CHST3;CSGALNACT1;CHST9;CHSY3
prerank,Positive Regulation Of Insulin Secretion (GO:0032024),5.770748e-01,1.118195e+00,3.136364e-01,7.437684e-01,1.000000e+00,1/27,0.12%,ADCY8
prerank,Positive Regulation Of Small Molecule Metabolic Process (GO:0062013),5.746328e-01,1.117889e+00,3.129252e-01,7.424641e-01,1.000000e+00,10/29,12.96%,SLC4A4;SLC45A3;CES1;P2RX7;INSR;IRS1;APOE;LDLRAP1;AKT2;IRS2
prerank,Plasma Membrane Repair (GO:0001778),-6.321971e-01,-1.117147e+00,3.642732e-01,7.437372e-01,1.000000e+00,3/17,4.80%,RAB3A;SYT7;SMPD1
prerank,Cellular Response To Amino Acid Starvation (GO:0034198),5.378182e-01,1.116346e+00,2.828947e-01,7.449934e-01,1.000000e+00,3/38,5.78%,PRKD1;NPRL2;SESN1
prerank,Positive Regulation Of Calcium Ion Transmembrane Transporter Activity (GO:1901021),-6.148622e-01,-1.116137e+00,3.467890e-01,7.456375e-01,1.000000e+00,8/21,15.64%,CALM3;ATP1B1;CALM1;P2RY6;VMP1;HTT;APEX1;STAC3
prerank,DNA Damage Response (GO:0006974),-4.216260e-01,-1.116109e+00,1.530945e-01,7.443120e-01,1.000000e+00,55/345,15.00%,MCM10;CHEK1;MOAP1;POLQ;BCL2A1;FANCA;GADD45A;TOP2A;CHRNA4;WDHD1;INSL6;E2F1;BTG2;IER3;XRCC3;BLM;IKBKE;BATF;RFC3;GNL1;PARP2;BRCA1;TRAIP;CDKN1A;PLK3;ENDOG;MAPK12;GRB2;LYN;WDR76;BCL2L2;UBE2T;MCL1;NABP2;INO80;SAMHD1;RAD51AP1;ATRIP;PPP1R15A;ZC3H12A;RRM1;IRF7;FBXO6;EXO1;APBB1;HDGFL2;XRCC2;LIG1;MTREX;POLE2;RPA3;AIM2;PARK7;APEX1;DEPDC1B
prerank,DNA Methylation (GO:0006306),-6.456958e-01,-1.115328e+00,3.656307e-01,7.453260e-01,1.000000e+00,5/17,18.64%,FOS;ZDBF2;HELLS;GATAD2A;DNMT3B
prerank,snRNA Processing (GO:0016180),6.090840e-01,1.114447e+00,3.446712e-01,7.488048e-01,1.000000e+00,6/17,17.04%,SAGE1;INTS5;INTS3;INTS10;INTS4;INTS11
prerank,Regulation Of Interleukin-10 Production (GO:0032653),-5.818806e-01,-1.113661e+00,3.140351e-01,7.490727e-01,1.000000e+00,3/28,8.02%,TNFRSF21;ISG15;NOD2
prerank,Regulation Of Neuron Apoptotic Process (GO:0043523),-4.926187e-01,-1.113344e+00,2.543860e-01,7.487342e-01,1.000000e+00,15/75,7.76%,TNF;VSTM2L;EGR1;PINK1;CCL3;UBB;CCL2;KCNB1;FAIM2;MT3;CDK5R1;CDK5;SOD1;NSMF;BDNF
prerank,Negative Regulation Of Immune Response (GO:0050777),5.065511e-01,1.112628e+00,2.850467e-01,7.521543e-01,1.000000e+00,3/53,2.60%,LGALS3;FYN;TYRO3
prerank,Endomembrane System Organization (GO:0010256),-4.505916e-01,-1.112615e+00,2.231834e-01,7.495815e-01,1.000000e+00,30/164,18.64%,LAPTM4B;OPTN;RAB6B;ATP8B3;SYP;SNX10;VPS18;HOOK1;GOLGA8A;SEC23IP;PHETA1;SRGN;CR1;DNM1;HOOK2;ATP8B1;VMP1;HTT;VAPB;LMNB1;REEP5;ARHGEF7;ATP8B4;SEC16A;SYNGR1;ATL1;GAK;JAGN1;DNM1L;CSNK1A1
prerank,Nucleobase-Containing Compound Catabolic Process (GO:0034655),-5.538559e-01,-1.112591e+00,3.292254e-01,7.482550e-01,1.000000e+00,9/38,22.37%,ISG20;RNASE2;RNASEH1;RNASE3;MTREX;REXO4;XRN2;SUPV3L1;ENTPD4
prerank,Negative Regulation Of Catalytic Activity (GO:0043086),-6.387558e-01,-1.112059e+00,3.362989e-01,7.485425e-01,1.000000e+00,7/18,21.68%,ATP5IF1;MT3;IFIT1;OXA1L;CAND1;TP53;PARP9
prerank,Response To Alcohol (GO:0097305),-6.034556e-01,-1.110460e+00,3.273703e-01,7.519603e-01,1.000000e+00,8/20,8.13%,TH;GRIN1;CHRNB2;CCL3;SOD1;GRIN3A;GLRA1;GRIN2B
prerank,Positive Regulation Of Protein Kinase Activity (GO:0045860),-4.746953e-01,-1.110141e+00,2.565445e-01,7.515250e-01,1.000000e+00,15/114,8.32%,CLSPN;CENPE;EGR1;SLC8A2;CALM3;EZH2;MAPRE3;VEGFA;SLC11A1;CALM1;DLG3;PTPN1;MAP2K3;CDKN1A;LCP2
prerank,Positive Regulation Of Cell Motility (GO:2000147),4.385018e-01,1.110091e+00,2.313625e-01,7.575685e-01,1.000000e+00,22/158,8.70%,LGR6;SEMA4B;FERMT2;DAAM2;EGFR;HGF;NTRK3;GPNMB;CXCR4;ROR2;PDGFRB;ZNF703;FGF1;SEMA3D;TJP1;IGF1R;CD151;SUN2;FER;FAM107A;CXCL12;INSR
prerank,Cellular Response To Organonitrogen Compound (GO:0071417),-4.921611e-01,-1.109677e+00,2.587156e-01,7.515709e-01,1.000000e+00,7/82,7.37%,GABRG2;DMTN;EGR1;BRCA1;P2RY6;NSMF;GLRA1
prerank,Negative Regulation Of Proteasomal Ubiquitin-Dependent Protein Catabolic Process (GO:0032435),-5.893593e-01,-1.109349e+00,3.404635e-01,7.512007e-01,1.000000e+00,1/28,0.76%,MAP1A
prerank,Peptidyl-Serine Modification (GO:0018209),-4.605186e-01,-1.109180e+00,2.521739e-01,7.503071e-01,1.000000e+00,11/145,5.74%,CLSPN;CAMKV;CAMK1G;PINK1;TTK;MAST1;PRKCQ;PRKCA;IKBKE;CDK5R1;CDK5
prerank,Regulation Of Monoatomic Cation Transmembrane Transport (GO:1904062),5.522069e-01,1.108656e+00,3.146067e-01,7.598082e-01,1.000000e+00,5/32,7.14%,DPP10;SNTA1;KCNIP3;GRIN2C;DPP6
prerank,Import Into Cell (GO:0098657),-5.787047e-01,-1.108385e+00,3.398577e-01,7.512347e-01,1.000000e+00,4/28,3.68%,SNAP25;SLC22A4;PLPPR4;SLC1A6
prerank,Response To Amino Acid (GO:0043200),-5.847400e-01,-1.107900e+00,3.218807e-01,7.513862e-01,1.000000e+00,5/25,10.36%,GLRA3;GRIN1;NSMF;GLRA1;NEURL1
prerank,Positive Regulation Of Establishment Of Protein Localization (GO:1904951),-6.271163e-01,-1.107220e+00,3.200000e-01,7.520085e-01,1.000000e+00,1/17,0.62%,TNF
prerank,Mitotic Cell Cycle Phase Transition (GO:0044772),4.611615e-01,1.107208e+00,2.826087e-01,7.620140e-01,1.000000e+00,5/93,5.50%,TPD52L1;FBXL7;PLCB1;SPDYA;CCND3
prerank,Macrophage Activation (GO:0042116),-5.759262e-01,-1.106684e+00,3.333333e-01,7.523271e-01,1.000000e+00,4/28,4.76%,TNF;CD93;ITGAM;SLC11A1
prerank,Positive Regulation Of Protein Serine/Threonine Kinase Activity (GO:0071902),4.697139e-01,1.105677e+00,2.430380e-01,7.645103e-01,1.000000e+00,17/89,7.70%,TPD52L1;GHR;FERMT2;EGFR;NTRK3;FGF2;RGCC;LTF;PDGFRB;SPDYA;NEK10;FGF1;CCND3;TGFA;DAB2IP;FGFR1;PROX1
prerank,Regulation Of Ossification (GO:0030278),5.792444e-01,1.105135e+00,3.525346e-01,7.639703e-01,1.000000e+00,8/23,13.43%,ZBTB16;SOX9;PTN;LRP4;DDR2;TMEM53;NBR1;S1PR1
prerank,Positive Regulation Of Signal Transduction (GO:0009967),4.250805e-01,1.105127e+00,1.845387e-01,7.618401e-01,1.000000e+00,26/195,8.35%,TPD52L1;SASH1;YAP1;LGR6;KANK1;SORBS1;LAMA2;THRB;CRADD;EMP2;FGFR2;FGF1;LAMC1;ARMC9;GKAP1;LAMB2;TUBD1;RELN;GRIN2C;DAB2IP;TGFB2;LAMA1;NLGN1;MN1;NRXN1;GRB10
prerank,Positive Regulation By Host Of Viral Process (GO:0044794),6.404651e-01,1.105010e+00,3.828306e-01,7.600434e-01,1.000000e+00,6/16,23.36%,ZDHHC9;ZDHHC8;PPIB;PIK3C3;ZFYVE1;ZDHHC20
prerank,Unsaturated Fatty Acid Metabolic Process (GO:0033559),5.465532e-01,1.105010e+00,3.325893e-01,7.579025e-01,1.000000e+00,3/31,2.84%,EPHX1;CYP2J2;ALOX15B
prerank,Neural Tube Closure (GO:0001843),5.634496e-01,1.104029e+00,3.579418e-01,7.587227e-01,1.000000e+00,5/26,8.83%,COBL;DVL2;LRP2;TGFB2;DVL1
prerank,Regulation Of Innate Immune Response (GO:0045088),-5.085952e-01,-1.103502e+00,3.071672e-01,7.607674e-01,1.000000e+00,20/68,22.38%,FPR2;CDC37;PTPN1;TNFAIP3;CD1D;YWHAZ;SAMHD1;SLC15A4;APLP2;TRAFD1;CFH;POLR3G;POLR3B;PTPN22;IRF1;FGR;AKT1;LYAR;PARP9;TLR8
prerank,Regulation Of Heart Rate By Cardiac Conduction (GO:0086091),-5.849981e-01,-1.103357e+00,3.296089e-01,7.597712e-01,1.000000e+00,4/28,5.20%,SCN3B;SCN2B;CACNA1G;KCND3
prerank,Positive Regulation Of Lipid Metabolic Process (GO:0045834),-6.277158e-01,-1.103052e+00,3.777778e-01,7.592735e-01,1.000000e+00,2/17,0.38%,IL1B;EEF1A2
prerank,Cellular Response To Growth Factor Stimulus (GO:0071363),4.552343e-01,1.102295e+00,2.682927e-01,7.617562e-01,1.000000e+00,16/112,8.45%,BMPR1B;PRKD1;EGFR;HGF;NTRK3;MAGI2;CD44;BMP7;MAPT;HSPB1;SOX9;DAB2IP;LRP2;SEMA6A;ACVR2B;SOX5
prerank,Regulation Of Transferase Activity (GO:0051338),6.043952e-01,1.102287e+00,3.592437e-01,7.596439e-01,1.000000e+00,6/19,13.06%,EMP2;KAT2B;SPINDOC;LDB1;FEM1B;FEM1A
prerank,Negative Regulation Of Response To External Stimulus (GO:0032102),4.555368e-01,1.102196e+00,2.763158e-01,7.577882e-01,1.000000e+00,8/100,4.50%,CTNNA2;RORA;CD109;FGF2;LTF;TYRO3;SERPINE1;MFHAS1
prerank,Antigen Processing And Presentation Of Exogenous Peptide Antigen (GO:0002478),-5.933221e-01,-1.101597e+00,3.298611e-01,7.623227e-01,1.000000e+00,12/24,25.74%,HLA-DMA;HLA-A;HLA-DQA1;MFSD6;HLA-F;HLA-DRB1;LGMN;CTSF;CTSL;FCER1G;HLA-DMB;HLA-E
prerank,Membrane Lipid Biosynthetic Process (GO:0046467),5.182091e-01,1.101551e+00,3.118040e-01,7.575461e-01,1.000000e+00,5/47,8.58%,PRKD1;HACD1;FA2H;PLPP3;ACER2
prerank,ERAD Pathway (GO:0036503),-4.943064e-01,-1.101477e+00,2.893773e-01,7.612713e-01,1.000000e+00,12/82,18.53%,FBXO2;PSMC6;CLGN;FBXO44;UBE2J1;FBXO6;TMUB2;DERL2;UBXN6;STUB1;TRIM25;VCP
prerank,Negative Regulation Of Proteasomal Protein Catabolic Process (GO:1901799),-5.730233e-01,-1.101085e+00,3.385689e-01,7.610754e-01,1.000000e+00,1/31,0.76%,MAP1A
prerank,Regulation Of Protein-Containing Complex Disassembly (GO:0043244),-6.322465e-01,-1.101060e+00,3.712785e-01,7.597690e-01,1.000000e+00,2/16,4.66%,TNF;BNIP3
prerank,Protein Methylation (GO:0006479),-5.739558e-01,-1.100527e+00,3.406040e-01,7.599732e-01,1.000000e+00,3/28,8.65%,PRMT8;PCMT1;EEF2KMT
prerank,Chromosome Organization (GO:0051276),-5.818522e-01,-1.100146e+00,3.442907e-01,7.597311e-01,1.000000e+00,6/25,22.71%,TOP2A;CDCA8;DOT1L;MYC;NUF2;NUP133
prerank,Regulation Of Notch Signaling Pathway (GO:0008593),-5.182868e-01,-1.099811e+00,3.110307e-01,7.594249e-01,1.000000e+00,7/54,8.02%,NRARP;MESP1;DLK1;EGFL7;BEND6;JAG2;NOD2
prerank,Positive Regulation Of Tumor Necrosis Factor Superfamily Cytokine Production (GO:1903557),-5.122623e-01,-1.099806e+00,3.001808e-01,7.580699e-01,1.000000e+00,20/60,25.74%,IL1A;CCL3;TNFRSF8;NOD2;HAVCR2;TLR2;TLR3;THBS1;FCGR3A;APP;LCP1;TMEM106A;JAK2;FRMD8;OAS1;RIPK1;PTPN11;DDT;PSEN1;HLA-E
prerank,Regulation Of Lipid Storage (GO:0010883),-6.310445e-01,-1.099599e+00,3.804538e-01,7.572828e-01,1.000000e+00,8/17,18.76%,TNF;VSTM2A;IKBKE;PTPN2;ZC3H12A;ITGAV;NFKB1;LCP1
prerank,Positive Regulation Of Tumor Necrosis Factor Production (GO:0032760),-5.144041e-01,-1.099487e+00,3.115942e-01,7.562631e-01,1.000000e+00,20/57,25.74%,IL1A;CCL3;TNFRSF8;NOD2;HAVCR2;TLR2;TLR3;THBS1;FCGR3A;APP;LCP1;TMEM106A;JAK2;FRMD8;OAS1;RIPK1;PTPN11;DDT;PSEN1;HLA-E
prerank,Regulation Of Double-Strand Break Repair Via Nonhomologous End Joining (GO:2001032),-5.725651e-01,-1.099230e+00,3.197158e-01,7.556735e-01,1.000000e+00,7/24,25.25%,INSL6;ERCC6;HSF1;AUNIP;CYREN;SMCHD1;PNKP
prerank,Cellular Response To Metal Ion (GO:0071248),-4.736705e-01,-1.099047e+00,2.927242e-01,7.548968e-01,1.000000e+00,11/99,5.26%,DMTN;SYT1;SYT4;SYT5;SYT13;FOS;SYT7;BNIP3;SMPD1;MT3;PPIF
prerank,Negative Regulation Of Hydrolase Activity (GO:0051346),-5.631596e-01,-1.097044e+00,3.370166e-01,7.596713e-01,1.000000e+00,4/31,3.61%,HRAS;ATP5IF1;PITX3;CTSB
prerank,Secondary Alcohol Metabolic Process (GO:1902652),-5.769314e-01,-1.097032e+00,3.480565e-01,7.583511e-01,1.000000e+00,1/27,0.24%,CH25H
prerank,"Retrograde Transport, Endosome To Golgi (GO:0042147)",-4.861825e-01,-1.093855e+00,3.055062e-01,7.667643e-01,1.000000e+00,13/82,17.45%,RAB6B;RAB7B;PHETA1;PREPL;YKT6;BET1L;TBC1D14;SNX8;CLTCL1;UBE2O;DCTN1;VTI1B;HEATR5B
prerank,Establishment Of Protein Localization To Organelle (GO:0072594),-4.897626e-01,-1.093696e+00,3.028286e-01,7.658626e-01,1.000000e+00,26/73,23.94%,PINK1;HK2;KPNB1;RANBP6;HK1;RAB11A;SEC13;NUP50;APLP2;PTTG1IP;RANBP17;PRICKLE1;PPP1R10;NUP98;BCL3;AKT1;HEATR3;PHB2;RAN;NUP133;NXT1;KPNA2;POM121;KPNA6;IPO7;E2F3
prerank,Action Potential (GO:0001508),-5.842079e-01,-1.092511e+00,3.597122e-01,7.681143e-01,1.000000e+00,4/24,5.43%,SCN3B;CHRNA4;KCNB1;SLC4A3
prerank,Regulation Of Stem Cell Population Maintenance (GO:2000036),5.066828e-01,1.091365e+00,3.207965e-01,7.854326e-01,1.000000e+00,10/50,19.88%,ZNF706;KAT2A;PTN;REST;ARID4A;PHF10;SIRT6;SAP30;BRMS1L;BCL7C
prerank,Regulation Of Autophagosome Maturation (GO:1901096),6.205221e-01,1.090693e+00,3.669725e-01,7.853812e-01,1.000000e+00,3/16,8.69%,CLEC16A;CALCOCO2;UBQLN4
prerank,Protein Phosphorylation (GO:0006468),3.885144e-01,1.090596e+00,1.736842e-01,7.834724e-01,1.000000e+00,51/417,10.52%,TGFBR3;BMPR1B;PRKD1;EFEMP1;ERBB4;DMPK;EGFR;FYN;STK33;STK32A;CDKL1;TNIK;FGFR3;CDK18;TYRO3;ALK;PDGFRB;NEK10;MYLK3;FGFR2;PKDCC;IGF1R;RELN;EPHA3;RUNX3;CDC42BPA;DAB2IP;DYRK2;TGFB2;EPHB1;CDKL4;COQ8A;MKNK2;FGFR1;DDR2;ACVR2B;NTRK2;FER;INSR;MAP4K5;TLR7;SGK3;DAPK2;PXK;ACVR1C;DDR1;CSNK1G1;GRK4;CDKL3;ULK1;GRK3
prerank,Striated Muscle Contraction (GO:0006941),-5.733980e-01,-1.090446e+00,3.455210e-01,7.729354e-01,1.000000e+00,4/27,4.12%,SCN3B;SCN2B;LMOD3;ATP1B1
prerank,Negative Regulation Of Cell-Matrix Adhesion (GO:0001953),-5.710870e-01,-1.090117e+00,3.651079e-01,7.726199e-01,1.000000e+00,2/26,3.83%,DMTN;PLET1
prerank,Response To Cholesterol (GO:0070723),6.115028e-01,1.090100e+00,3.769401e-01,7.828067e-01,1.000000e+00,3/16,6.08%,GRAMD1C;CES1;PTCH1
prerank,"Phagocytosis, Engulfment (GO:0006911)",-5.689726e-01,-1.089522e+00,3.275261e-01,7.730310e-01,1.000000e+00,4/27,4.56%,MARCO;RAC3;CD36;ITGAM
prerank,Regulation Of Actin Cytoskeleton Reorganization (GO:2000249),5.954315e-01,1.089439e+00,3.814898e-01,7.826920e-01,1.000000e+00,3/19,12.59%,RAPGEF3;BAIAP2L2;NOTCH2
prerank,Negative Regulation Of MAP Kinase Activity (GO:0043407),-5.268594e-01,-1.089245e+00,3.209459e-01,7.724595e-01,1.000000e+00,6/42,9.44%,IL1B;UCHL1;SMPD1;PTPN1;SH2B3;LYN
prerank,Regulation Of T Cell Differentiation (GO:0045580),-5.670073e-01,-1.089175e+00,3.537906e-01,7.712878e-01,1.000000e+00,3/30,8.11%,FANCA;SOD1;RHOH
prerank,Hexose Metabolic Process (GO:0019318),-5.621814e-01,-1.089041e+00,3.784278e-01,7.703836e-01,1.000000e+00,8/32,11.63%,HK3;PMM1;HK2;GHRL;HK1;SLC37A4;CHST1;FUOM
prerank,Negative Regulation Of Intrinsic Apoptotic Signaling Pathway (GO:2001243),-5.150927e-01,-1.088530e+00,3.265306e-01,7.705995e-01,1.000000e+00,11/53,16.10%,CDKN2D;PINK1;PPIF;PPIA;PTPN1;BCL2L2;NOC2L;PARK7;CREB3;PTTG1IP;PLAUR
prerank,Nervous System Development (GO:0007399),3.960944e-01,1.088356e+00,2.098446e-01,7.836647e-01,1.000000e+00,48/313,7.84%,NPAS2;SOX8;BOC;LSAMP;ADORA1;ERBB4;ADGRL3;PLPPR1;PTPRZ1;EGFR;ERBB3;DSCAML1;ARNT2;KALRN;FAT4;BRINP3;SOX10;CDH2;FGF2;TYRO3;CXCR4;SPOCK1;LGI1;DOC2A;UGT8;MAL;ADAM22;GPM6A;SH3GL3;ZBTB16;VXN;MERTK;NFASC;FGF14;ZNF358;PTN;TMOD2;RELN;APC2;BRINP2;NINJ2;NLGN1;EPHB1;PLXND1;PROX1;FARP1;GPM6B;SEMA6A
prerank,Neuron Projection Extension (GO:1990138),-5.629830e-01,-1.088262e+00,3.459552e-01,7.700270e-01,1.000000e+00,7/32,8.60%,NRN1;MAP1B;S100B;CDK5;NELL2;SEMA5A;NELL1
prerank,Positive Regulation Of Protein Secretion (GO:0050714),-5.153951e-01,-1.087986e+00,3.510638e-01,7.694860e-01,1.000000e+00,12/52,14.97%,IL1A;ACHE;NNAT;PPIA;MYH10;GHRL;BAD;EXOC7;TLR2;APBB1;ADAM9;APBB3
prerank,Sphingolipid Metabolic Process (GO:0006665),4.823477e-01,1.087378e+00,3.194444e-01,7.843649e-01,1.000000e+00,10/71,8.58%,PRKD1;HACD1;FA2H;UGT8;GAL3ST1;PLPP3;ENPP2;TECR;TEX2;ACER2
prerank,Endocytosis (GO:0006897),-4.408070e-01,-1.087129e+00,2.638889e-01,7.706603e-01,1.000000e+00,21/163,11.40%,MARCO;ANXA3;CD36;AMPH;SYP;CD93;SYT7;DNER;ITGAM;SLC11A1;MYD88;OCIAD2;MRC1;P2RY6;CEACAM4;DNM1;TFR2;HOOK2;RHOBTB2;AP3M1;MYCBPAP
prerank,Membrane Fusion (GO:0061025),-6.030093e-01,-1.086761e+00,3.890909e-01,7.703610e-01,1.000000e+00,3/22,5.20%,RIMS1;NSF;DPP4
prerank,Positive Regulation Of Microtubule Polymerization Or Depolymerization (GO:0031112),-5.811893e-01,-1.086301e+00,3.663717e-01,7.703547e-01,1.000000e+00,2/23,5.52%,STMN2;CDK5R1
prerank,Protein Sumoylation (GO:0016925),5.138519e-01,1.085961e+00,3.147700e-01,7.862905e-01,1.000000e+00,3/41,5.74%,EYA1;PIAS4;TRIM28
prerank,Regulation Of Response To Biotic Stimulus (GO:0002831),-5.665248e-01,-1.085739e+00,3.637931e-01,7.706051e-01,1.000000e+00,7/30,20.40%,CD36;SAMHD1;PTPN22;IRF1;FGR;TRAF3;TRIM5
prerank,Positive Regulation Of DNA Biosynthetic Process (GO:2000573),4.944561e-01,1.085068e+00,3.094170e-01,7.867993e-01,1.000000e+00,7/58,5.22%,GREM1;HGF;GINS3;FGF2;RGCC;PDGFRB;PTGES3
prerank,Tube Closure (GO:0060606),5.680544e-01,1.084949e+00,3.655172e-01,7.829068e-01,1.000000e+00,4/23,7.19%,COBL;DVL2;LRP2;TGFB2
prerank,Primary Neural Tube Formation (GO:0014020),5.680544e-01,1.084949e+00,3.655172e-01,7.829068e-01,1.000000e+00,4/23,7.19%,COBL;DVL2;LRP2;TGFB2
prerank,Nucleus Organization (GO:0006997),5.311836e-01,1.084050e+00,3.393258e-01,7.836295e-01,1.000000e+00,1/37,0.99%,DMPK
prerank,Positive Regulation Of Autophagosome Assembly (GO:2000786),-6.257906e-01,-1.082627e+00,4.021938e-01,7.787642e-01,1.000000e+00,1/15,0.79%,MOAP1
prerank,Regulation Of Macromolecule Biosynthetic Process (GO:0010556),5.090580e-01,1.081804e+00,3.476298e-01,7.879666e-01,1.000000e+00,6/48,12.27%,MITF;JADE2;MSI2;RPL10;ULK1;S100A9
prerank,Negative Regulation Of Innate Immune Response (GO:0045824),-5.313756e-01,-1.081783e+00,3.498294e-01,7.799928e-01,1.000000e+00,16/46,20.98%,SUSD4;ISG15;TNFAIP3;YWHAZ;CR1;PTPN2;SAMHD1;VSIG4;NLRC5;TRAFD1;YTHDF3;FAM3A;USP18;YTHDF2;AKT1;LYAR
prerank,Cellular Response To Type II Interferon (GO:0071346),-5.469894e-01,-1.081330e+00,3.641026e-01,7.800118e-01,1.000000e+00,13/38,18.03%,CCL3;CCL2;CCL3L1;CALM1;GAPDH;IL12RB1;IFNGR2;TLR2;STAT1;CD58;SYNCRIP;IRF8;IRF1
prerank,Regulation Of Transcription Involved In G1/S Transition Of Mitotic Cell Cycle (GO:0000083),-6.150993e-01,-1.080397e+00,4.073427e-01,7.814288e-01,1.000000e+00,4/16,5.74%,ID2;E2F1;E2F7;CDK5
prerank,Mitochondrial Gene Expression (GO:0140053),-4.696871e-01,-1.079378e+00,3.075506e-01,7.830989e-01,1.000000e+00,31/92,28.04%,MRPL27;MRPS33;MRPL55;MRPL54;MRPL40;FASTKD2;MRPL28;MRPL34;MRPL13;MRPL57;MRPS7;MRPL23;SLC25A33;FASTKD3;MRPL9;CHCHD1;MRPL14;MRPL22;MRPS15;MRPL43;GADD45GIP1;MRPL17;MRPL42;MRPL4;MRPS21;MRPS26;MRPL41;MRPL44;MRPL20;MRPL37;MRPL24
prerank,Vitamin Transport (GO:0051180),-5.796619e-01,-1.078272e+00,3.720508e-01,7.849955e-01,1.000000e+00,2/25,2.00%,SLC2A6;SLC2A3
prerank,Vesicle Budding From Membrane (GO:0006900),-5.687595e-01,-1.077013e+00,4.049734e-01,7.874813e-01,1.000000e+00,7/27,23.73%,AP2M1;SEC13;RILP;VAPB;TRAPPC2;TMED10;GOLPH3
prerank,Positive Regulation Of Leukocyte Mediated Cytotoxicity (GO:0001912),5.774147e-01,1.077008e+00,3.660714e-01,8.001802e-01,1.000000e+00,2/25,1.53%,KLRD1;CADM1
prerank,Negative Regulation Of G1/S Transition Of Mitotic Cell Cycle (GO:2000134),-5.726681e-01,-1.076921e+00,3.982301e-01,7.864244e-01,1.000000e+00,7/27,9.00%,WEE1;CCL2;E2F7;FHL1;CDKN1A;PLK3;INHBA
prerank,Regulation Of Mitotic Cell Cycle (GO:0007346),-4.658209e-01,-1.076686e+00,3.333333e-01,7.857772e-01,1.000000e+00,19/105,13.56%,FOXA1;TMEM8B;MKI67;MAD2L1;IL10;CDCA2;PIN1;BTG2;PRKCA;CDC25C;CCNB1;ANAPC13;RNF40;YWHAE;SPHK1;PIM3;DYNLT3;EIF4E;PLK1
prerank,Endosome To Lysosome Transport (GO:0008333),-5.081751e-01,-1.076242e+00,3.241758e-01,7.856961e-01,1.000000e+00,10/48,12.55%,DENND3;CACNG8;RAB7B;VPS18;HOOK1;CACNG2;HOOK2;TPCN2;RHOB;RILP
prerank,Neuron Differentiation (GO:0030182),-4.626496e-01,-1.076179e+00,3.293310e-01,7.845649e-01,1.000000e+00,19/100,9.00%,IER2;FOXA1;ID2;EN1;POU3F2;NOVA2;MYT1L;PITX3;PIN1;VEGFA;WNT3;CDK5R1;CDK5;ERCC6;EN2;NIF3L1;TENM1;LMX1B;INHBA
prerank,Regulation Of Filopodium Assembly (GO:0051489),-5.295609e-01,-1.075696e+00,3.735849e-01,7.845329e-01,1.000000e+00,2/37,0.34%,DMTN;GAP43
prerank,Negative Regulation Of Organelle Assembly (GO:1902116),5.313584e-01,1.075097e+00,3.665893e-01,8.037395e-01,1.000000e+00,4/35,5.60%,YAP1;NUPR1;KAT2B;KAT2A
prerank,Vesicle Cargo Loading (GO:0035459),-5.964589e-01,-1.074643e+00,4.032847e-01,7.863830e-01,1.000000e+00,2/19,12.08%,SEC23B;SEC13
prerank,Actin Filament Bundle Assembly (GO:0051017),-5.722558e-01,-1.074565e+00,3.862434e-01,7.852635e-01,1.000000e+00,6/25,14.62%,DMTN;ADD2;LIMA1;MYO1B;DPYSL3;SHROOM2
prerank,Granulocyte Chemotaxis (GO:0071621),-5.525056e-01,-1.074362e+00,3.718166e-01,7.845838e-01,1.000000e+00,7/30,6.40%,CCL3;CXCL10;TREM1;CCL2;CCL3L1;PPIA;SRP54
prerank,Heart Looping (GO:0001947),-5.851341e-01,-1.074284e+00,4.024390e-01,7.834515e-01,1.000000e+00,2/21,2.14%,MESP1;NDRG4
prerank,Regulation Of Amide Metabolic Process (GO:0034248),-5.377458e-01,-1.074106e+00,3.559633e-01,7.826774e-01,1.000000e+00,2/37,6.34%,PGAM1;RBM3
prerank,Positive Regulation Of Double-Strand Break Repair (GO:2000781),4.701666e-01,1.073808e+00,3.317647e-01,8.056440e-01,1.000000e+00,2/81,0.41%,FMN2;DPF3
prerank,Negative Regulation Of Protein Depolymerization (GO:1901880),-5.822938e-01,-1.073562e+00,4.130053e-01,7.830505e-01,1.000000e+00,3/20,9.95%,STMN2;FGF13;LIMA1
prerank,Regulation Of Neurotransmitter Receptor Activity (GO:0099601),-5.641793e-01,-1.073395e+00,3.682432e-01,7.822991e-01,1.000000e+00,8/27,10.65%,PRRT1;MAPK8IP2;OPRM1;DLGAP3;CACNG8;CACNG2;GSG1L;NPTXR
prerank,Positive Regulation Of Cell Adhesion (GO:0045785),-5.064222e-01,-1.073162e+00,3.544974e-01,7.816654e-01,1.000000e+00,9/55,8.35%,RET;RAC3;TNF;DUSP26;VEGFA;NPNT;PRKCA;RELL2;ECM2
prerank,Positive Regulation Of Pathway-Restricted SMAD Protein Phosphorylation (GO:0010862),5.779270e-01,1.073057e+00,3.658009e-01,8.056735e-01,1.000000e+00,3/20,7.19%,RBPMS;BMP7;TGFB2
prerank,Intracellular Protein Transmembrane Transport (GO:0065002),-5.255761e-01,-1.072950e+00,3.642857e-01,7.809879e-01,1.000000e+00,16/43,28.28%,TOMM40L;SRP54;TIMM17A;TRIM37;TOMM20;TOMM70;SEC63;SEC61A1;GRPEL1;TOMM40;HSPD1;ZFAND2B;DNAJC15;RTN2;SEC62;PEX10
prerank,"Positive Regulation Of Synaptic Transmission, Glutamatergic (GO:0051968)",-6.286773e-01,-1.072929e+00,4.099822e-01,7.797688e-01,1.000000e+00,4/15,8.13%,GRIN1;CCL2;CACNG8;GRIN2B
prerank,Regulation Of Osteoclast Differentiation (GO:0045670),-5.691695e-01,-1.072789e+00,3.910714e-01,7.789010e-01,1.000000e+00,2/25,1.76%,TNF;CCL3
prerank,Positive Regulation Of Lipid Kinase Activity (GO:0090218),5.679022e-01,1.072732e+00,3.971292e-01,8.045087e-01,1.000000e+00,5/21,3.90%,PRKD1;FGFR3;FGF2;PDGFRB;MAPT
prerank,Actin Filament Bundle Organization (GO:0061572),-5.751735e-01,-1.072723e+00,4.052632e-01,7.777652e-01,1.000000e+00,6/25,14.62%,DMTN;ADD2;LIMA1;MYO1B;DPYSL3;SHROOM2
prerank,Regulation Of Protein Secretion (GO:0050708),-4.955331e-01,-1.072523e+00,3.249097e-01,7.770108e-01,1.000000e+00,7/66,3.21%,IL1B;IL1A;TNF;ACHE;SNAP25;SYT7;DRD2
prerank,Regulation Of Insulin Secretion (GO:0050796),-5.220418e-01,-1.072365e+00,3.479853e-01,7.761869e-01,1.000000e+00,7/52,4.60%,IL1B;TNF;SNAP25;NNAT;CHGA;SYT7;KCNB1
prerank,Telomere Maintenance Via Telomere Lengthening (GO:0010833),-5.956081e-01,-1.072133e+00,4.267857e-01,7.755935e-01,1.000000e+00,4/19,13.74%,TERF2IP;ZBTB48;NHP2;TELO2
prerank,Heterophilic Cell-Cell Adhesion Via Plasma Membrane Cell Adhesion Molecules (GO:0007157),5.378513e-01,1.072019e+00,3.792325e-01,8.046217e-01,1.000000e+00,9/32,7.27%,CRB2;FAT4;CADM1;CRB1;IL1RAPL1;PTPRD;HMCN1;NECTIN1;NLGN1
prerank,Regulation Of Double-Strand Break Repair Via Homologous Recombination (GO:0010569),-4.997959e-01,-1.071463e+00,3.558394e-01,7.763182e-01,1.000000e+00,6/65,5.78%,CHEK1;POLQ;TERF2IP;INSL6;FUS;ERCC6
prerank,Amino Acid Transmembrane Transport (GO:0003333),5.414068e-01,1.071326e+00,3.525346e-01,8.046294e-01,1.000000e+00,3/28,4.62%,SLC7A11;SLC25A18;SLC38A2
prerank,Extrinsic Apoptotic Signaling Pathway (GO:0097191),-5.038542e-01,-1.070645e+00,3.628472e-01,7.773600e-01,1.000000e+00,4/55,1.04%,MLLT11;TNF;MOAP1;BCL2A1
prerank,Positive Regulation Of Transferase Activity (GO:0051347),4.386731e-01,1.070378e+00,3.107477e-01,8.054868e-01,1.000000e+00,24/110,7.96%,ERBB4;GREM1;ARRDC4;EGFR;ERBB3;NTRK3;GINS3;ROR1;FGFR3;BMI1;TYRO3;ALK;ROR2;DCUN1D4;PDGFRB;FGFR2;PTGES3;IGF1R;MERTK;VAC14;FGFR1;DDR2;NTRK2;CHTF8
prerank,L-alpha-amino Acid Transmembrane Transport (GO:1902475),5.446422e-01,1.069767e+00,3.372093e-01,8.052040e-01,1.000000e+00,4/30,4.62%,SLC7A11;SLC25A18;SLC1A2;SLC38A2
prerank,Mononuclear Cell Differentiation (GO:1903131),-6.071139e-01,-1.069592e+00,4.199288e-01,7.791562e-01,1.000000e+00,3/19,9.44%,RELB;VEGFA;LYN
prerank,Positive Regulation Of DNA Recombination (GO:0045911),-5.182224e-01,-1.069543e+00,3.745520e-01,7.780590e-01,1.000000e+00,9/48,15.48%,INSL6;FUS;ERCC6;TFRC;ACTR2;RAD51AP1;PAXIP1;HDGFL2;RUVBL1
prerank,Neuropeptide Signaling Pathway (GO:0007218),-5.995382e-01,-1.069351e+00,4.042146e-01,7.773545e-01,1.000000e+00,6/20,7.37%,SSTR1;GLRB;GPR84;OPRM1;NTSR1;GLRA1
prerank,Ceramide Biosynthetic Process (GO:0046513),-5.597726e-01,-1.069294e+00,3.956044e-01,7.762466e-01,1.000000e+00,8/28,16.93%,ST8SIA3;SMPD1;B4GALNT1;ST6GALNAC5;ST8SIA6;B4GALT6;SPTLC2;SMPD2
prerank,Positive Regulation Of Protein Localization (GO:1903829),4.766911e-01,1.069223e+00,3.325301e-01,8.046787e-01,1.000000e+00,6/73,3.90%,YAP1;WWTR1;FERMT2;FYN;CORO2B;MAPT
prerank,Release Of Cytochrome C From Mitochondria (GO:0001836),-6.080855e-01,-1.068548e+00,4.403509e-01,7.771172e-01,1.000000e+00,4/17,10.95%,BCL2A1;IFI6;GGCT;MCL1
prerank,Protein Import Into Mitochondrial Matrix (GO:0030150),-5.987006e-01,-1.068107e+00,4.007220e-01,7.770881e-01,1.000000e+00,6/15,22.75%,TOMM40L;TIMM17A;TOMM20;TOMM70;GRPEL1;TOMM40
prerank,Regulation Of Cyclin-Dependent Protein Serine/Threonine Kinase Activity (GO:0000079),-4.875133e-01,-1.068004e+00,3.309859e-01,7.761155e-01,1.000000e+00,10/65,7.25%,CDK5R2;CDKN2D;GADD45A;MAPRE3;CDC37;CDC25C;BLM;CDK5R1;CCNB1;CDKN1A
prerank,Phosphatidylinositol-Mediated Signaling (GO:0048015),4.919045e-01,1.067125e+00,3.526570e-01,8.088945e-01,1.000000e+00,12/51,9.17%,ERBB3;TYRO3;PLCB1;PDGFRB;PLCG2;PIK3CA;IGF1R;PLEKHA1;PLCE1;KCNH1;FGFR1;IRS1
prerank,Peptide Antigen Assembly With MHC Protein Complex (GO:0002501),-6.371456e-01,-1.067116e+00,4.242424e-01,7.774075e-01,1.000000e+00,2/15,9.52%,HLA-DMA;HLA-DQA1
prerank,Protein Import Into Nucleus (GO:0006606),-4.908018e-01,-1.066686e+00,3.441227e-01,7.774073e-01,1.000000e+00,23/65,23.94%,KPNB1;RANBP6;SEC13;NUP50;APLP2;PTTG1IP;RANBP17;PRICKLE1;PPP1R10;NUP98;BCL3;AKT1;HEATR3;RANBP2;PHB2;RAN;NUP133;NXT1;KPNA2;POM121;KPNA6;IPO7;E2F3
prerank,Response To Cadmium Ion (GO:0046686),5.852941e-01,1.066659e+00,3.858824e-01,8.082111e-01,1.000000e+00,2/17,4.13%,EGFR;MT1F
prerank,Regulation Of Interferon-Beta Production (GO:0032648),-5.172226e-01,-1.065926e+00,3.681319e-01,7.783497e-01,1.000000e+00,19/45,26.89%,RELB;ISG15;TLR2;IRF7;TOMM70;TLR3;POLR3G;POLR3B;IRF1;TRAF3;FLOT1;TLR8;TBK1;OAS1;REL;PTPN11;LILRB1;DHX9;POLR3A
prerank,Regulation Of Apoptotic Signaling Pathway (GO:2001233),5.098825e-01,1.065850e+00,3.838863e-01,8.084754e-01,1.000000e+00,2/38,2.58%,TPD52L1;CRADD
prerank,Macromolecule Modification (GO:0043412),-4.861975e-01,-1.065787e+00,3.614679e-01,7.774721e-01,1.000000e+00,6/68,8.29%,FBXO2;PLAT;FBXL2;QPCT;UBE2L3;USP6
prerank,"Retrograde Vesicle-Mediated Transport, Golgi To Endoplasmic Reticulum (GO:0006890)",-5.284660e-01,-1.065400e+00,3.631068e-01,7.773007e-01,1.000000e+00,10/41,26.46%,RAB6B;RINT1;HTT;STX18;ERGIC3;TMED10;GOLPH3;RAB6A;ARF5;COPG2
prerank,Regulation Of JUN Kinase Activity (GO:0043506),5.298938e-01,1.064657e+00,3.628118e-01,8.099525e-01,1.000000e+00,5/33,6.84%,SASH1;DUSP16;DVL2;DUSP10;DAB2IP
prerank,Positive Regulation Of Multicellular Organismal Process (GO:0051240),3.982041e-01,1.064566e+00,3.045822e-01,8.081678e-01,1.000000e+00,23/248,6.21%,PRDM16;WWTR1;BMPR1B;SOX8;GHR;FERMT2;OXTR;CRB2;GJA1;CADM1;FGF2;RGCC;CXCR4;PLCB1;PPARGC1A;SERPINE1;ZNF703;TMEM64;IGF1R;KAT2A;ZBTB16;SOX9;PTN
prerank,Mitochondrial Transport (GO:0006839),-5.157263e-01,-1.064318e+00,3.803571e-01,7.791596e-01,1.000000e+00,16/49,17.70%,PINK1;SLC25A4;TOMM34;BNIP3;PPIF;BAD;TIMM13;TIMM17A;SPG7;TOMM20;MFF;TOMM70;TIMM10;OXA1L;MFN2;PITRM1
prerank,Negative Regulation Of DNA Biosynthetic Process (GO:2000279),-5.798383e-01,-1.064066e+00,3.946429e-01,7.786534e-01,1.000000e+00,7/23,23.69%,CDKN1A;TENM1;TINF2;TERF2;TP53;NAT10;HNRNPC
prerank,Determination Of Heart Left/Right Asymmetry (GO:0061371),-5.765464e-01,-1.063597e+00,4.205934e-01,7.787074e-01,1.000000e+00,2/22,2.14%,MESP1;NDRG4
prerank,Neutrophil Chemotaxis (GO:0030593),-5.557996e-01,-1.063378e+00,3.927959e-01,7.780913e-01,1.000000e+00,7/27,6.40%,CCL3;CXCL10;TREM1;CCL2;CCL3L1;PPIA;SRP54
prerank,Positive Regulation Of Axonogenesis (GO:0050772),5.369323e-01,1.063132e+00,3.798627e-01,8.103229e-01,1.000000e+00,5/32,7.91%,PLXNB1;PLXNA1;MAPT;PLXND1;NTRK2
prerank,Protein Localization To Membrane (GO:0072657),-4.308081e-01,-1.063057e+00,3.260870e-01,7.777064e-01,1.000000e+00,25/162,11.62%,SCN3B;RAB3A;RAB3C;TNF;THY1;RAB6B;RFTN1;CYP46A1;SLC9A3R2;ANK1;ATP1B1;CACNB3;KCNB1;STXBP1;PACSIN1;KCNB2;TM9SF3;FGF13;RAB40A;ITGAL;MRAP2;TESC;RAB38;EPB41L3;RAB11A
prerank,Regulation Of Epithelial To Mesenchymal Transition (GO:0010717),4.888618e-01,1.063032e+00,3.621495e-01,8.085559e-01,1.000000e+00,12/55,7.73%,WWTR1;FERMT2;GREM1;CRB2;RGCC;ZNF703;PHLDB1;USF3;EPHA3;DAB2IP;TGFB2;SPRY1
prerank,Cellular Response To Gamma Radiation (GO:0071480),6.123591e-01,1.063011e+00,4.043956e-01,8.065448e-01,1.000000e+00,1/15,0.17%,YAP1
prerank,Regulation Of Protein-Containing Complex Assembly (GO:0043254),-4.701252e-01,-1.062651e+00,3.305369e-01,7.776312e-01,1.000000e+00,9/92,6.03%,TNF;PINK1;CD36;STX1B;VEGFA;STXBP1;TRABD2A;CHAF1B;VPS18
prerank,Positive Regulation Of Macromolecule Metabolic Process (GO:0010604),-4.154229e-01,-1.062488e+00,2.946274e-01,7.768337e-01,1.000000e+00,27/233,6.21%,AGTR1;IL1B;IL1A;TNF;KLF2;EGR1;ID2;CD36;OLFM1;CCL3;UHRF1;OCRL;CHRNA7;ACTG1;RIMS1;E2F1;NSF;PIK3R3;VSTM2A;NTSR1;VEGFA;SLC11A1;WNT3;MT3;MYD88;BRCA1;PTPN1
prerank,Protein Catabolic Process (GO:0030163),-4.748533e-01,-1.062423e+00,3.453237e-01,7.757786e-01,1.000000e+00,6/77,6.03%,FBXO2;DENND3;CTSB;FBXO44;BNIP3;PRPF19
prerank,RNA Polymerase II Preinitiation Complex Assembly (GO:0051123),-5.272868e-01,-1.062010e+00,3.663194e-01,7.756984e-01,1.000000e+00,6/40,15.75%,MED29;MED18;GTF2A1;MED8;TAF7;TAF2
prerank,Metal Ion Transport (GO:0030001),-4.553407e-01,-1.061731e+00,3.250883e-01,7.752665e-01,1.000000e+00,19/99,7.69%,SCN3B;ATP2A3;CHRNB2;SCN7A;KCNJ6;CCL3;SCN2A;CHRNA7;CHRNA4;KCNJ13;CACNB3;CACNG8;SLC11A1;KCND3;KCNMB1;SCN3A;TUSC3;GRIN3A;KCNB2
prerank,Lymphocyte Differentiation (GO:0030098),-5.104531e-01,-1.061665e+00,3.471503e-01,7.742206e-01,1.000000e+00,8/51,12.97%,IL10;PIK3R3;RELB;JAG2;RHOH;PTPN2;CD4;NFAM1
prerank,Purine Ribonucleotide Biosynthetic Process (GO:0009152),5.011136e-01,1.061212e+00,3.530752e-01,8.095772e-01,1.000000e+00,9/42,11.46%,ADCY8;ADCY2;ADCY9;PPCDC;AK5;ADCY10;PANK4;ADCY1;NPR2
prerank,Glycosphingolipid Metabolic Process (GO:0006687),-5.645285e-01,-1.060394e+00,3.770197e-01,7.764715e-01,1.000000e+00,6/26,12.86%,ST8SIA3;SMPD1;B4GALNT1;ST6GALNAC5;B3GALNT1;B4GALT6
prerank,Regulation Of T Cell Migration (GO:2000404),-6.126709e-01,-1.059788e+00,4.061372e-01,7.769957e-01,1.000000e+00,1/15,1.86%,CXCL10
prerank,Regulation Of Ruffle Assembly (GO:1900027),5.917213e-01,1.058896e+00,4.215247e-01,8.146302e-01,1.000000e+00,1/18,0.40%,KANK1
prerank,Regulation Of DNA Metabolic Process (GO:0051052),4.436764e-01,1.058618e+00,3.371560e-01,8.133350e-01,1.000000e+00,7/110,5.60%,ZNF365;SGF29;TMEM98;JADE2;CHRAC1;KAT2B;KAT2A
prerank,Phospholipid Biosynthetic Process (GO:0008654),-5.658409e-01,-1.058131e+00,4.013722e-01,7.805471e-01,1.000000e+00,9/23,24.53%,DHDDS;LPCAT1;IDI1;FADS1;AGPAT3;DOLPP1;PIP5K1A;PCYT2;AGPAT4
prerank,Positive Regulation Of Cell Migration (GO:0030335),4.026353e-01,1.057826e+00,2.757732e-01,8.135335e-01,1.000000e+00,31/204,8.70%,LGR6;SEMA4B;FERMT2;DAAM2;EGFR;HGF;NTRK3;GPNMB;GAB1;CXCR4;ROR2;PDGFRB;PLCG2;ZNF703;FGF1;DOCK1;SEMA3D;TJP1;IGF1R;CD151;SOX9;ENPP2;DAB2IP;SUN2;TGFB2;DDR2;SEMA6A;FER;FAM107A;CXCL12;INSR
prerank,Negative Regulation Of Axon Extension Involved In Axon Guidance (GO:0048843),5.847104e-01,1.057247e+00,4.113786e-01,8.132894e-01,1.000000e+00,4/16,9.27%,SEMA4B;SEMA3D;SEMA6A;SEMA3B
prerank,Regulation Of T Cell Mediated Cytotoxicity (GO:0001914),5.818433e-01,1.056672e+00,4.128035e-01,8.128299e-01,1.000000e+00,1/18,0.29%,KLRD1
prerank,Regulation Of Protein Phosphorylation (GO:0001932),4.031726e-01,1.056157e+00,2.917706e-01,8.122425e-01,1.000000e+00,32/196,9.05%,WWTR1;ERBB4;PRR5L;EGFR;HGF;BMPER;FYN;NTRK3;GPNMB;TNIK;FGF2;FAXDC2;BMP7;HSPB1;FGF1;LIMCH1;SLCO3A1;OCLN;DVL2;CCND3;SOX9;PLPP3;ARRB1;RELN;DAB2IP;PLCE1;NTRK2;PTPN13;FER;INSR;CCDC88C;ZBED3
prerank,Positive Regulation Of Cell Projection Organization (GO:0031346),4.440098e-01,1.055853e+00,3.487805e-01,8.111226e-01,1.000000e+00,26/100,10.40%,PLXNB1;PRKD1;NTRK3;MAGI2;PLXNA1;ROR1;IL1RAPL1;PTPRD;ZNF804A;ROR2;SCARB2;DVL2;TOX;PTN;RELN;EPHA3;DAB2IP;NLGN1;PLXND1;DDR2;NTRK2;DVL1;TENM3;APOE;DDR1;CDKL3
prerank,Regulation Of Cellular Component Biogenesis (GO:0044087),-5.369435e-01,-1.055793e+00,3.953099e-01,7.859116e-01,1.000000e+00,2/32,1.57%,PINK1;CD36
prerank,Macromolecule Catabolic Process (GO:0009057),-4.702505e-01,-1.055693e+00,3.539020e-01,7.849389e-01,1.000000e+00,9/71,14.86%,DENND3;ISG20;RNASE2;RNASEH1;RNASE3;SLC16A3;BECN1;MTREX;APEX1
prerank,Neuron Maturation (GO:0042551),5.950764e-01,1.055343e+00,4.484305e-01,8.105771e-01,1.000000e+00,1/15,0.73%,LGI4
prerank,Plasma Membrane Bounded Cell Projection Morphogenesis (GO:0120039),5.020996e-01,1.055235e+00,3.571429e-01,8.088325e-01,1.000000e+00,6/43,7.27%,PLXNB1;TNIK;BMP7;GPM6A;DAB2IP;NLGN1
prerank,Purine-Containing Compound Biosynthetic Process (GO:0072522),-6.227668e-01,-1.054653e+00,4.500000e-01,7.866523e-01,1.000000e+00,2/15,6.11%,PRPS1;PNP
prerank,Cardiac Muscle Cell Action Potential Involved In Contraction (GO:0086002),-5.635206e-01,-1.054263e+00,4.205776e-01,7.865162e-01,1.000000e+00,4/22,2.53%,SCN3B;SCN2B;CACNA1G;FGF12
prerank,Protein Localization To Plasma Membrane (GO:0072659),-4.495190e-01,-1.054234e+00,3.695652e-01,7.853529e-01,1.000000e+00,18/113,11.62%,SCN3B;RAB3A;RAB3C;TNF;SLC9A3R2;ANK1;ATP1B1;CACNB3;KCNB1;STXBP1;PACSIN1;KCNB2;FGF13;RAB40A;MRAP2;TESC;EPB41L3;RAB11A
prerank,Glycerophospholipid Metabolic Process (GO:0006650),4.953200e-01,1.054115e+00,3.559719e-01,8.100213e-01,1.000000e+00,4/45,7.29%,ENPP6;PLCB1;PDGFRB;ACP6
prerank,Fc Receptor Signaling Pathway (GO:0038093),5.521034e-01,1.053576e+00,3.963134e-01,8.095492e-01,1.000000e+00,6/23,13.75%,CD247;PLCG2;SOS1;FER;LILRA4;MAP2K7
prerank,Proteasome-Mediated Ubiquitin-Dependent Protein Catabolic Process (GO:0043161),-4.030758e-01,-1.052367e+00,3.158784e-01,7.893251e-01,1.000000e+00,50/291,20.19%,UCHL1;FBXO2;PSMD12;SPSB1;PSMC1;SIAH3;PSMC6;CLGN;FBXO44;FBXL2;FBXL15;CUL1;FBXL16;SKP1;ANAPC13;PSMC5;PSMB6;RNF187;PSMD7;ANKRD9;NHLRC3;PSMB5;FBXL12;PSMD4;PSMD2;UBE2J1;KCTD10;PSMB7;FBXO6;FBXL18;TMUB2;IFI27;RMND5B;DDIT3;PJA2;DERL2;KIF14;PSMA5;ANAPC7;AXIN1;STUB1;TRIM25;VCP;CSNK1A1;KCTD5;DMAC2;RNF34;ANAPC15;PSMB2;PSMD8
prerank,Regulation Of Nervous System Development (GO:0051960),5.178968e-01,1.051800e+00,3.907285e-01,8.126764e-01,1.000000e+00,3/32,1.02%,YAP1;LGI4;PTPRZ1
prerank,Negative Regulation Of Lipid Storage (GO:0010888),-6.027508e-01,-1.051378e+00,4.206774e-01,7.909100e-01,1.000000e+00,1/16,0.62%,TNF
prerank,Sterol Transport (GO:0015918),5.859208e-01,1.051246e+00,4.083527e-01,8.122458e-01,1.000000e+00,1/17,0.58%,GRAMD1C
prerank,Negative Regulation Of Telomere Maintenance Via Telomere Lengthening (GO:1904357),-5.729706e-01,-1.051097e+00,4.160714e-01,7.905319e-01,1.000000e+00,9/22,32.96%,TENM1;TINF2;TERF2;NAT10;HNRNPC;SRC;POT1;CTC1;PINX1
prerank,Regulation Of Actin Filament Polymerization (GO:0030833),4.878884e-01,1.050988e+00,3.744589e-01,8.110494e-01,1.000000e+00,7/50,9.01%,KANK1;DAAM2;CDC42EP1;HIP1R;CDC42EP4;FER;BAIAP2L2
prerank,Activation Of Protein Kinase Activity (GO:0032147),4.723533e-01,1.050504e+00,3.634259e-01,8.104544e-01,1.000000e+00,8/65,7.19%,ADCY8;CHI3L1;NTRK3;ADRA2C;EMP2;FGF1;PIBF1;TGFB2
prerank,Negative Regulation Of Apoptotic Process (GO:0043066),3.821734e-01,1.050271e+00,2.887701e-01,8.091414e-01,1.000000e+00,27/338,5.87%,YAP1;FMN2;SOX8;ERBB4;GREM1;PTPRZ1;EGFR;HGF;ERBB3;LTF;TYRO3;CD44;GCLC;NUPR1;PPARGC1A;IL27RA;ANGPTL4;HSPB1;TLE1;AQP1;PIK3CA;TJP1;IGF1R;WFS1;SOX9;SH3RF1;MERTK
prerank,Regulation Of Telomere Maintenance (GO:0032204),-5.275678e-01,-1.050043e+00,4.042553e-01,7.922271e-01,1.000000e+00,10/33,28.41%,TERF2IP;TINF2;PPP1R10;ERCC1;TERF2;MYC;DHX36;HNRNPD;NSMCE2;GNL3
prerank,Golgi To Plasma Membrane Transport (GO:0006893),-5.168296e-01,-1.049844e+00,3.952641e-01,7.915960e-01,1.000000e+00,6/42,10.99%,OPTN;NSF;PREPL;RAB31;GGA2;EXOC7
prerank,Regulation Of Proteasomal Protein Catabolic Process (GO:0061136),-5.155892e-01,-1.049519e+00,3.824561e-01,7.912711e-01,1.000000e+00,6/44,10.72%,PINK1;UBB;PSMC6;PSMC5;DESI1;GABARAPL2
prerank,Positive Regulation Of Production Of Molecular Mediator Of Immune Response (GO:0002702),-5.654469e-01,-1.049161e+00,4.169675e-01,7.910327e-01,1.000000e+00,7/24,21.17%,IL10;NOD2;SLC7A5;PTPN22;SASH3;XBP1;PHB2
prerank,Inositol Lipid-Mediated Signaling (GO:0048017),5.346736e-01,1.048118e+00,4.004684e-01,8.133736e-01,1.000000e+00,7/28,7.64%,PLCB1;PDGFRB;PLCG2;IGF1R;PLCE1;KCNH1;FGFR1
prerank,Positive Regulation Of MAPK Cascade (GO:0043410),3.978213e-01,1.047406e+00,2.942643e-01,8.133796e-01,1.000000e+00,33/195,7.91%,TPD52L1;CHI3L1;ERBB4;GHR;WWC1;FERMT2;EGFR;BMPER;NTRK3;GPNMB;ROR1;FGFR3;FGF2;CD44;ADRA2C;SLC30A10;ROR2;PDGFRB;NEK10;PLCG2;FGFR2;FGF1;MFHAS1;SOX2;IGF1R;ARRB1;TGFA;DAB2IP;PLCE1;TGFB2;FGFR1;DDR2;NTRK2
prerank,Cellular Response To Cytokine Stimulus (GO:0071345),-4.204868e-01,-1.047140e+00,3.417508e-01,7.954564e-01,1.000000e+00,29/198,13.47%,IL1B;TNFRSF21;IL1A;IL21R;EGR1;CCL3;IL4R;ZFP36;PLP2;CCL2;CCL3L1;NPNT;CALM1;BRCA1;RHEX;GAPDH;CSF2RB;SH2B3;CSF3R;IL12RB1;STAT4;CD4;TLR2;ZC3H12A;STAT1;IFIT1;CSF2RA;DPYSL3;ZFP36L1
prerank,Positive Regulation Of NF-kappaB Transcription Factor Activity (GO:0051092),-4.461659e-01,-1.047093e+00,3.623932e-01,7.943429e-01,1.000000e+00,20/121,12.29%,IL1B;TNF;IL18R1;CD36;TERF2IP;NTSR1;BTK;PRKCQ;RAB7B;MYD88;PPIA;NOD2;IRAK2;CARD9;TFRC;NOD1;NLRP3;SPHK1;TLR2;TRIM37
prerank,Positive Regulation Of Cytokinesis (GO:0032467),-5.627328e-01,-1.047041e+00,3.842105e-01,7.932770e-01,1.000000e+00,6/22,17.76%,DRD2;CIT;CDCA8;SVIL;KIF14;KIF20B
prerank,Positive Regulation Of Carbohydrate Metabolic Process (GO:0045913),5.330280e-01,1.047032e+00,4.164859e-01,8.124787e-01,1.000000e+00,6/28,9.17%,SLC4A4;SLC45A3;PTH1R;P2RX7;INSR;IRS1
prerank,Response To Gamma Radiation (GO:0010332),5.699743e-01,1.046919e+00,4.247191e-01,8.108299e-01,1.000000e+00,1/20,0.17%,YAP1
prerank,Melanosome Assembly (GO:1903232),-5.979125e-01,-1.046904e+00,4.363636e-01,7.924102e-01,1.000000e+00,8/18,31.89%,AP3M1;RAB38;HPS3;AP1M1;AP1S1;AP3D1;HPS6;AP1B1
prerank,Regulation Of Blood Circulation (GO:1903522),-5.967881e-01,-1.046334e+00,4.442413e-01,7.927128e-01,1.000000e+00,2/19,0.89%,AGTR1;TH
prerank,Entrainment Of Circadian Clock By Photoperiod (GO:0043153),-5.904812e-01,-1.046186e+00,4.412811e-01,7.919456e-01,1.000000e+00,1/20,1.55%,ID2
prerank,Negative Regulation Of TORC1 Signaling (GO:1904262),5.555849e-01,1.045951e+00,4.017660e-01,8.115768e-01,1.000000e+00,5/21,11.95%,CASTOR2;NPRL2;SESN1;CASTOR1;WDR59
prerank,Regulation Of Cellular Component Organization (GO:0051128),-4.378129e-01,-1.045674e+00,3.355593e-01,7.921327e-01,1.000000e+00,13/131,8.06%,AGTR1;SLITRK4;TNF;PINK1;CD36;MKI67;PRKCQ;MCM2;MELTF;PTPN1;AP2S1;PACSIN1;LTBP4
prerank,Protein-Containing Complex Organization (GO:0043933),4.385543e-01,1.045273e+00,3.459716e-01,8.115290e-01,1.000000e+00,9/100,5.72%,PARD3;YAP1;CD247;MITF;PPARGC1A;OCLN;LAMC1;LLGL1;SOX9
prerank,acyl-CoA Metabolic Process (GO:0006637),-5.982499e-01,-1.045086e+00,4.411248e-01,7.925884e-01,1.000000e+00,7/17,20.33%,ACOT7;ACOT9;GPAT4;ACOT8;ACSM3;OGDH;HMGCS1
prerank,Negative Regulation Of Ubiquitin-Dependent Protein Catabolic Process (GO:2000059),-5.351188e-01,-1.044634e+00,4.090121e-01,7.926476e-01,1.000000e+00,1/34,0.76%,MAP1A
prerank,COPII-coated Vesicle Budding (GO:0090114),-5.303436e-01,-1.044225e+00,4.132379e-01,7.925320e-01,1.000000e+00,11/33,30.61%,SEC23B;SEC13;VAPB;TRAPPC2;TRAPPC11;PREB;TMED10;KLHL12;CSNK1D;SAR1A;CUL3
prerank,Microglial Cell Activation (GO:0001774),-6.070311e-01,-1.044048e+00,4.304029e-01,7.918161e-01,1.000000e+00,8/17,21.56%,TNF;ITGAM;C5AR1;CX3CR1;APP;ITGB2;C1QA;JAK2
prerank,Organonitrogen Compound Catabolic Process (GO:1901565),-4.893322e-01,-1.043903e+00,3.826923e-01,7.909959e-01,1.000000e+00,7/57,14.71%,ACHE;DENND3;IL4I1;SLC16A3;ETFB;PLA2G4A;ETFA
prerank,Negative Regulation Of Cysteine-Type Endopeptidase Activity (GO:2000117),-5.220619e-01,-1.043720e+00,4.049587e-01,7.902781e-01,1.000000e+00,6/35,4.97%,TNF;CDKN2D;DHCR24;IFI6;VEGFA;MT3
prerank,Negative Regulation Of Cell Population Proliferation (GO:0008285),3.936072e-01,1.043474e+00,3.293839e-01,8.148450e-01,1.000000e+00,37/263,8.46%,TGFBR3;ZBTB7C;BMPR1B;PLXNB1;ERBB4;GREM1;AZGP1;PTPRK;MAGI2;GPNMB;CLMN;RGCC;ST18;CDKN2A;ALOX15B;NUPR1;PPARGC1A;CDKN2C;COL4A3;TOB1;SOX2;ITGA1;KAT2B;SOX9;ADARB1;DUSP10;FOXO4;NACC2;RUNX3;DAB2IP;TGFB2;TP53I11;SPEG;PROX1;MN1;SH3BP4;TNS2
prerank,Negative Regulation Of Myeloid Cell Differentiation (GO:0045638),6.058916e-01,1.043370e+00,4.561798e-01,8.131709e-01,1.000000e+00,2/15,5.67%,MEIS2;ZBTB16
prerank,Regulation Of Developmental Growth (GO:0048638),5.615159e-01,1.043169e+00,4.207048e-01,8.117333e-01,1.000000e+00,3/23,2.70%,GHR;FGFR3;PLCB1
prerank,fatty-acyl-CoA Biosynthetic Process (GO:0046949),5.781788e-01,1.043015e+00,4.349776e-01,8.102583e-01,1.000000e+00,3/18,6.61%,HACD1;ACSBG1;TECR
prerank,Negative Regulation Of Cell Growth (GO:0030308),-4.555204e-01,-1.042194e+00,3.962264e-01,7.932912e-01,1.000000e+00,11/92,10.09%,RERG;CDKN2D;TSPYL2;MAP2;MT3;FHL1;BRCA1;CDKN1A;INHBA;FGF13;PPP2R1A
prerank,Nucleic Acid Phosphodiester Bond Hydrolysis (GO:0090305),-5.767361e-01,-1.041967e+00,4.280639e-01,7.927278e-01,1.000000e+00,3/19,12.33%,RNASE2;MEI4;ZC3H12A
prerank,Cytosolic Pattern Recognition Receptor Signaling Pathway (GO:0002753),-5.754433e-01,-1.041612e+00,4.397906e-01,7.925313e-01,1.000000e+00,6/20,22.90%,TNFAIP3;IRF7;TRIM25;TIFA;PHB2;TBK1
prerank,Protein K11-linked Ubiquitination (GO:0070979),-5.496743e-01,-1.041595e+00,4.007092e-01,7.913836e-01,1.000000e+00,6/26,23.88%,ANAPC13;UBE2L3;UBE2T;ANAPC7;UBE2S;CDC23
prerank,Regulation Of Neuron Projection Development (GO:0010975),4.131217e-01,1.041035e+00,3.513514e-01,8.138547e-01,1.000000e+00,24/149,7.91%,ZNF365;KANK1;NTNG1;PRKD1;CTNNA2;NTRK3;MAGI2;ROR1;IL1RAPL1;CDH2;SPOCK1;ZNF804A;ROR2;SCARB2;ZDHHC15;TOX;PTN;RELN;EPHA3;DAB2IP;NLGN1;EFHC2;DDR2;NTRK2
prerank,Positive Regulation Of Vacuole Organization (GO:0044090),-5.780445e-01,-1.040811e+00,4.268078e-01,7.923879e-01,1.000000e+00,1/20,0.79%,MOAP1
prerank,Aortic Valve Morphogenesis (GO:0003180),5.539774e-01,1.040283e+00,4.288939e-01,8.141172e-01,1.000000e+00,2/20,5.72%,ELN;SOX9
prerank,Muscle Organ Development (GO:0007517),-5.180128e-01,-1.040136e+00,3.930530e-01,7.930686e-01,1.000000e+00,6/38,8.21%,EGR3;CXCL10;HBEGF;FHL1;COPRS;MAPK12
prerank,Transition Metal Ion Transport (GO:0000041),5.367007e-01,1.039856e+00,4.209354e-01,8.133897e-01,1.000000e+00,4/29,3.08%,F3;HEPH;LTF;SLC30A10
prerank,Response To Estrogen (GO:0043627),-5.437800e-01,-1.039774e+00,4.255692e-01,7.928505e-01,1.000000e+00,9/25,19.47%,SERPINB9;BRCA1;GHRL;CD24;CITED2;ASH2L;CITED4;TRIM25;WBP2
prerank,Receptor Signaling Pathway Via JAK-STAT (GO:0007259),5.448164e-01,1.039562e+00,4.216590e-01,8.122776e-01,1.000000e+00,1/24,0.92%,GHR
prerank,Erythrocyte Differentiation (GO:0030218),-5.204065e-01,-1.037948e+00,3.846154e-01,7.967775e-01,1.000000e+00,9/37,9.44%,DMTN;ID2;ATP5IF1;VEGFA;ZFPM1;SH2B3;INHBA;PTPN2;LYN
prerank,Transcription Preinitiation Complex Assembly (GO:0070897),-5.115612e-01,-1.037844e+00,3.982609e-01,7.958304e-01,1.000000e+00,6/43,15.75%,MED29;MED18;GTF2A1;MED8;TAF7;TAF2
prerank,NIK/NF-kappaB Signaling (GO:0038061),5.217577e-01,1.037530e+00,4.193548e-01,8.161677e-01,1.000000e+00,1/29,0.70%,CHI3L1
prerank,Positive Regulation Of Histone Methylation (GO:0031062),5.644293e-01,1.037325e+00,4.354839e-01,8.148514e-01,1.000000e+00,1/19,0.64%,FAM47E
prerank,Negative Regulation Of Cell Cycle Process (GO:0010948),-5.715913e-01,-1.036872e+00,4.320988e-01,7.972994e-01,1.000000e+00,2/21,4.34%,CHEK1;E2F7
prerank,Negative Regulation Of Developmental Growth (GO:0048640),5.438253e-01,1.036401e+00,4.068966e-01,8.154480e-01,1.000000e+00,7/23,10.41%,WWC1;FGFR3;WWC3;PTCH1;DUSP10;CDKL3;ULK1
prerank,Positive Regulation Of Peptidase Activity (GO:0010952),-5.681699e-01,-1.036400e+00,4.168126e-01,7.974072e-01,1.000000e+00,7/20,23.74%,PINK1;MAPK12;PSME3;VCP;VSIR;CTSL;APH1B
prerank,Positive Regulation Of Ion Transmembrane Transporter Activity (GO:0032414),-5.621767e-01,-1.036393e+00,4.490501e-01,7.962421e-01,1.000000e+00,4/25,9.57%,CCL2;ATP1B1;NDUFA4;TRPC6
prerank,Cellular Response To Steroid Hormone Stimulus (GO:0071383),5.798711e-01,1.036269e+00,4.058957e-01,8.138899e-01,1.000000e+00,2/15,3.67%,BMP7;ATP1A2
prerank,Fatty Acid Transport (GO:0015908),-5.668124e-01,-1.036137e+00,4.458042e-01,7.957135e-01,1.000000e+00,3/23,6.32%,FABP7;CD36;FABP3
prerank,Positive Regulation Of Monoatomic Ion Transport (GO:0043270),-5.418463e-01,-1.035850e+00,4.390681e-01,7.952921e-01,1.000000e+00,3/28,5.29%,SCN3B;CCL3;FHL1
prerank,Lysosomal Transport (GO:0007041),-4.480374e-01,-1.035713e+00,3.736462e-01,7.944941e-01,1.000000e+00,11/90,13.79%,PINK1;DENND3;RAB7B;VPS18;HGSNAT;HOOK1;HOOK2;AP3M1;RHOB;RILP;BECN1
prerank,Protein Localization To Cell Periphery (GO:1990778),-4.390521e-01,-1.035283e+00,3.848797e-01,7.945236e-01,1.000000e+00,18/118,11.62%,SCN3B;RAB3A;RAB3C;TNF;SLC9A3R2;ANK1;ATP1B1;CACNB3;KCNB1;STXBP1;PACSIN1;KCNB2;FGF13;RAB40A;MRAP2;TESC;EPB41L3;RAB11A
prerank,mRNA Catabolic Process (GO:0006402),-5.085853e-01,-1.035030e+00,4.222615e-01,7.940352e-01,1.000000e+00,5/41,20.68%,ZFP36;MRTO4;XRN2;YTHDF2;SUPV3L1
prerank,Internal Peptidyl-Lysine Acetylation (GO:0018393),5.063649e-01,1.034721e+00,4.153499e-01,8.162927e-01,1.000000e+00,7/35,16.93%,KAT2B;KAT2A;BAG6;MBTD1;CREBBP;KAT14;EPC2
prerank,Regulation Of Catabolic Process (GO:0009894),5.625823e-01,1.034495e+00,4.175824e-01,8.150468e-01,1.000000e+00,5/19,18.27%,SCARB2;MDM2;CHMP6;SIRT6;ZDHHC2
prerank,Negative Regulation Of Cellular Catabolic Process (GO:0031330),4.714097e-01,1.034353e+00,3.891626e-01,8.135652e-01,1.000000e+00,6/56,9.25%,HGF;PLIN5;NUPR1;APOC1;TIMP3;SIRT2
prerank,Positive Regulation Of Leukocyte Migration (GO:0002687),-5.892870e-01,-1.033984e+00,4.680851e-01,7.957056e-01,1.000000e+00,5/18,6.06%,TNF;THY1;VEGFA;PLVAP;ICAM1
prerank,Regulation Of Defense Response To Virus (GO:0050688),-5.931392e-01,-1.033714e+00,4.716981e-01,7.952982e-01,1.000000e+00,6/16,26.45%,TNFAIP3;C1QBP;IFNLR1;TRAF3;TRAF3IP1;DHX9
prerank,Negative Regulation Of Supramolecular Fiber Organization (GO:1902904),-4.666205e-01,-1.033223e+00,3.893805e-01,7.954654e-01,1.000000e+00,6/60,5.46%,STMN2;STMN1;KANK4;TUBB4A;MAP2;CLIP3
prerank,DNA Repair-Dependent Chromatin Remodeling (GO:0140861),-5.998672e-01,-1.033181e+00,4.606164e-01,7.944013e-01,1.000000e+00,6/15,23.17%,PARP2;HDGFL2;DEPDC1B;RNF8;DTX3L;ASF1A
prerank,Heterochromatin Organization (GO:0070828),5.028846e-01,1.033159e+00,4.228188e-01,8.149366e-01,1.000000e+00,5/34,9.69%,PRDM16;EZH1;MECOM;SIRT2;L3MBTL1
prerank,Adenine Nucleotide Transport (GO:0051503),-5.959512e-01,-1.032914e+00,4.573503e-01,7.939494e-01,1.000000e+00,2/15,6.45%,SLC25A4;SLC25A25
prerank,Protein Localization To Centrosome (GO:0071539),-5.871710e-01,-1.032724e+00,4.498208e-01,7.933028e-01,1.000000e+00,2/16,5.77%,SNX10;DCTN2
prerank,Sterol Biosynthetic Process (GO:0016126),-5.482725e-01,-1.032539e+00,4.210526e-01,7.926069e-01,1.000000e+00,7/26,16.72%,CH25H;DHCR24;INSIG1;NSDHL;HMGCR;MVD;ACLY
prerank,Positive Regulation Of Plasma Membrane Bounded Cell Projection Assembly (GO:0120034),4.476238e-01,1.032026e+00,3.781513e-01,8.163145e-01,1.000000e+00,12/72,7.27%,CDC42EP1;IFT88;OCLN;PALM;AGRN;PIK3CA;GPM6A;ANLN;CDC42EP4;PLCE1;P2RX7;NLGN1
prerank,Protein Transmembrane Import Into Intracellular Organelle (GO:0044743),-5.306996e-01,-1.031967e+00,4.224599e-01,7.930279e-01,1.000000e+00,9/29,25.44%,TOMM40L;TIMM17A;TRIM37;TOMM20;TOMM70;GRPEL1;TOMM40;HSPD1;DNAJC15
prerank,Regulation Of Transport (GO:0051049),-5.272850e-01,-1.031899e+00,4.283276e-01,7.920279e-01,1.000000e+00,9/32,13.88%,PINK1;PTPRN;ACTG1;CDK5;USP6;NELL1;RAB11A;ICA1L;PTPRN2
prerank,Heme Biosynthetic Process (GO:0006783),-5.978342e-01,-1.031322e+00,4.561404e-01,7.924779e-01,1.000000e+00,2/15,3.11%,PGRMC1;ATP5IF1
prerank,Regulation Of Viral Genome Replication (GO:0045069),-4.899697e-01,-1.031284e+00,4.215501e-01,7.914229e-01,1.000000e+00,8/52,13.93%,TNF;ISG20;ISG15;PPIA;MX1;RSAD2;IFIT1;VAPB
prerank,Defense Response To Gram-negative Bacterium (GO:0050829),-5.480883e-01,-1.031137e+00,4.470803e-01,7.906700e-01,1.000000e+00,6/26,8.91%,OPTN;CHGA;TREM1;SLC11A1;RNASE2;RNASE3
prerank,Amide Transport (GO:0042886),5.495449e-01,1.030611e+00,4.324943e-01,8.185232e-01,1.000000e+00,2/22,1.27%,SLC14A1;GJA1
prerank,Peptidyl-Glutamic Acid Modification (GO:0018200),5.999623e-01,1.030484e+00,4.633570e-01,8.170259e-01,1.000000e+00,2/15,4.31%,TTLL7;TTLL9
prerank,Fatty Acid Derivative Biosynthetic Process (GO:1901570),5.942802e-01,1.030440e+00,4.581498e-01,8.152563e-01,1.000000e+00,2/15,5.67%,ACSS3;GGT5
prerank,Negative Regulation Of Mitotic Cell Cycle (GO:0045930),-5.467300e-01,-1.029910e+00,4.182444e-01,7.928473e-01,1.000000e+00,4/27,4.07%,CHEK1;MAD2L1;IL10;BTG2
prerank,Glucose Homeostasis (GO:0042593),4.673254e-01,1.029520e+00,4.087760e-01,8.159297e-01,1.000000e+00,6/58,9.17%,ADCY8;PPARGC1A;WFS1;INSR;FOXO1;IRS1
prerank,Porphyrin-Containing Compound Biosynthetic Process (GO:0006779),-5.863715e-01,-1.028415e+00,4.499121e-01,7.958252e-01,1.000000e+00,2/17,3.11%,PGRMC1;ATP5IF1
prerank,Regulation Of Heart Contraction (GO:0008016),-4.893616e-01,-1.027633e+00,4.116638e-01,7.968497e-01,1.000000e+00,7/47,5.43%,TH;ATP2B3;ATP2A3;SLC8A2;CALM3;CALM1;SLC4A3
prerank,snRNA Metabolic Process (GO:0016073),5.595323e-01,1.027265e+00,4.195011e-01,8.203807e-01,1.000000e+00,7/19,19.84%,INTS5;INTS3;INTS10;RPAP2;INTS4;INTS11;ZCCHC8
prerank,Positive Regulation Of Epithelial To Mesenchymal Transition (GO:0010718),5.104264e-01,1.027080e+00,4.319249e-01,8.190304e-01,1.000000e+00,6/33,4.17%,WWTR1;FERMT2;CRB2;RGCC;EMP2;ZNF703
prerank,Sensory Perception Of Mechanical Stimulus (GO:0050954),4.736006e-01,1.027028e+00,4.056604e-01,8.173316e-01,1.000000e+00,8/53,7.04%,EYA1;ROR1;PIEZO2;WHRN;COL4A3;TPRN;WFS1;LRP2
prerank,Positive Regulation Of Signaling Receptor Activity (GO:2000273),5.309603e-01,1.026104e+00,4.146919e-01,8.179899e-01,1.000000e+00,5/26,6.42%,GREM1;AREG;ADRA2C;TGFA;RELN
prerank,Embryonic Heart Tube Morphogenesis (GO:0003143),-5.472445e-01,-1.024557e+00,4.656085e-01,8.039990e-01,1.000000e+00,2/25,2.14%,MESP1;NDRG4
prerank,Sprouting Angiogenesis (GO:0002040),-5.134196e-01,-1.024469e+00,4.319853e-01,8.030742e-01,1.000000e+00,7/36,8.60%,NRARP;EGR3;PIK3R3;E2F7;VEGFA;SEMA5A;NELL1
prerank,Response To Reactive Oxygen Species (GO:0000302),4.656459e-01,1.024349e+00,3.844394e-01,8.209409e-01,1.000000e+00,4/55,3.90%,PTPRK;EGFR;FYN;MAPT
prerank,Positive Regulation Of Myeloid Cell Differentiation (GO:0045639),-5.271010e-01,-1.024343e+00,4.306569e-01,8.022408e-01,1.000000e+00,12/31,20.79%,RAB7B;ACVR1B;RHEX;PITHD1;INHBA;TESC;ANKRD54;STAT1;TAL1;NCKAP1L;ETS1;BRD1
prerank,Regulation Of Cell-Cell Adhesion (GO:0022407),5.271600e-01,1.024033e+00,4.009324e-01,8.199687e-01,1.000000e+00,4/29,9.19%,MEGF10;PTPRG;PLPP3;TENM3
prerank,Epithelial Tube Morphogenesis (GO:0060562),-5.701349e-01,-1.023650e+00,4.784173e-01,8.029419e-01,1.000000e+00,1/20,0.52%,MESP1
prerank,Neuron Projection Development (GO:0031175),-4.250660e-01,-1.023525e+00,4.204947e-01,8.021201e-01,1.000000e+00,25/143,9.82%,STMN2;ATCAY;NEFH;MAP1B;STMN1;RAB6B;NMNAT2;L1CAM;NCDN;UBB;PAK3;BTG2;MAP2;STMN3;CDK5R1;NYAP2;CDK5;ERCC6;PACSIN1;BDNF;EPHB3;CNTN4;LYN;SVBP;ADGRV1
prerank,Regulation Of Cell Population Proliferation (GO:0042127),3.635545e-01,1.022996e+00,3.388430e-01,8.210288e-01,1.000000e+00,65/500,9.20%,YAP1;WWTR1;ZBTB7C;MEIS2;ELN;ERBB4;GREM1;AZGP1;LIFR;PTPRK;EGFR;ERBB3;NTRK3;MAGI2;GPNMB;EGLN3;CLMN;FGFR3;AREG;FGF2;RGCC;ST18;CDKN2A;ALK;ALOX15B;NUPR1;PDGFRB;BOK;EMP2;SPDYA;CDKN2C;FGFR2;COL4A3;ZNF703;TOB1;FGF1;ITGA1;KAT2B;TJP1;IGF1R;SOX9;ADARB1;PTN;TGFA;FOXO4;NACC2;DAB2IP;KCNH1;TGFB2;TP53I11;SPEG;FGFR1;PROX1;NTRK2;SOS1;SH3BP4;TNS2;FER;ACER2;INSR;BNIPL;POU3F3;SGK3;IRS1;TMEM250
prerank,Protein Processing (GO:0016485),4.422835e-01,1.022872e+00,3.975309e-01,8.194762e-01,1.000000e+00,10/86,6.08%,AEBP1;MYRF;C1R;ECE1;MASP1;CPM;PCSK6;PCSK4;ADAM19;PTCH1
prerank,Sodium Ion Transport (GO:0006814),-4.825469e-01,-1.022563e+00,4.094203e-01,8.036411e-01,1.000000e+00,8/51,5.59%,SCN3B;SCN2B;SCN7A;SLC8A2;SLC6A3;SCN2A;ATP1B1;SCN3A
prerank,Negative Regulation Of Telomere Maintenance Via Telomerase (GO:0032211),-5.880971e-01,-1.022498e+00,4.871795e-01,8.026414e-01,1.000000e+00,9/17,32.96%,TENM1;TINF2;TERF2;NAT10;HNRNPC;SRC;POT1;CTC1;PINX1
prerank,Negative Regulation Of Response To Wounding (GO:1903035),5.722804e-01,1.022161e+00,4.705882e-01,8.195097e-01,1.000000e+00,3/17,3.93%,CD109;FGF2;SERPINE1
prerank,Positive Regulation Of Protein Phosphorylation (GO:0001934),3.805806e-01,1.022053e+00,3.625000e-01,8.179612e-01,1.000000e+00,28/261,6.42%,RBPMS;PRKD1;CHI3L1;ERBB4;GHR;EGFR;HGF;NTRK3;GPNMB;TNIK;FGF2;FAXDC2;CD44;THBS4;BMP7;SPDYA;NEK10;PLCG2;FGF1;LIMCH1;SLCO3A1;DVL2;CCND3;SOX9;APLNR;ARRB1;ENPP2;RELN
prerank,Positive Regulation Of Cold-Induced Thermogenesis (GO:0120162),4.415347e-01,1.021907e+00,4.035088e-01,8.165151e-01,1.000000e+00,5/70,3.25%,PRDM16;OXTR;GJA1;CXCR4;PPARGC1A
prerank,Protein Targeting To Mitochondrion (GO:0006626),-4.910046e-01,-1.021722e+00,4.350282e-01,8.035397e-01,1.000000e+00,23/52,27.15%,TOMM34;TOMM40L;MTCH1;TIMM13;TIMM17A;PMPCA;TOMM20;MFF;TOMM70;TIMM10;MFN2;PITRM1;GRPEL1;TIMM9;TIMM8B;FBXO7;TOMM40;HSPD1;SAMM50;DNAJC15;GDAP1;MTX2;BCAP31
prerank,Artery Development (GO:0060840),-5.880515e-01,-1.021634e+00,4.781818e-01,8.026476e-01,1.000000e+00,3/16,8.60%,ROBO2;VEGFA;NELL1
prerank,Negative Regulation Of Actin Filament Polymerization (GO:0030837),5.754005e-01,1.021095e+00,4.485777e-01,8.170455e-01,1.000000e+00,2/17,4.18%,KANK1;HIP1R
prerank,Regulation Of Small Molecule Metabolic Process (GO:0062012),-5.274155e-01,-1.020902e+00,4.485166e-01,8.033890e-01,1.000000e+00,2/32,1.61%,SLC2A6;PGAM1
prerank,Positive Regulation Of Protein Transport (GO:0051222),-4.715724e-01,-1.020756e+00,4.172932e-01,8.026054e-01,1.000000e+00,7/56,8.23%,IL1A;TNF;ACHE;PPIA;PLK3;MYH10;TENM1
prerank,Negative Regulation Of Angiogenesis (GO:0016525),4.534180e-01,1.020331e+00,4.093023e-01,8.172266e-01,1.000000e+00,16/56,10.09%,ADAMTS9;RGCC;THBS2;THBS4;SERPINE1;COL4A3;SPARC;SLC12A2;FOXO4;DAB2IP;TGFB2;FOXJ2;SEMA6A;ISM1;COL4A2;EPN2
prerank,Regulation Of Transcription By RNA Polymerase I (GO:0006356),-5.280445e-01,-1.019647e+00,4.566372e-01,8.044023e-01,1.000000e+00,5/28,14.85%,ERCC6;UTP15;ATF4;POLR2K;DDX21
prerank,Positive Regulation Of Lymphocyte Differentiation (GO:0045621),-5.334027e-01,-1.019530e+00,4.611307e-01,8.035788e-01,1.000000e+00,9/31,26.40%,BTK;RHOH;XRCC6;IL7;NCKAP1L;XBP1;SMARCB1;SMARCD1;BRD7
prerank,Regulation Of Potassium Ion Transmembrane Transporter Activity (GO:1901016),-5.662889e-01,-1.018499e+00,4.693520e-01,8.052399e-01,1.000000e+00,3/20,9.26%,ATP1B1;FHL1;YWHAE
prerank,Icosanoid Metabolic Process (GO:0006690),5.151760e-01,1.018427e+00,4.377880e-01,8.205260e-01,1.000000e+00,4/31,6.67%,EPHX1;CYP2J2;ALOX15B;DPEP2
prerank,Response To Interferon-Beta (GO:0035456),-5.566630e-01,-1.018346e+00,4.649910e-01,8.045017e-01,1.000000e+00,8/21,25.57%,CALM1;IKBKE;STAT1;AIM2;IRF1;OAS1;IFITM3;CDC34
prerank,Positive Regulation Of Phosphorylation (GO:0042327),3.982344e-01,1.018303e+00,4.024691e-01,8.190418e-01,1.000000e+00,31/160,7.91%,ERBB4;EGFR;HGF;ERBB3;NTRK3;GPNMB;ROR1;TNIK;FGFR3;FGF2;FAXDC2;TYRO3;ALK;ROR2;PDGFRB;FGFR2;FGF1;LIMCH1;SLCO3A1;DVL2;PTGES3;CCND3;IGF1R;SOX9;MERTK;ARRB1;RELN;VAC14;FGFR1;DDR2;NTRK2
prerank,Regulation Of Intracellular Estrogen Receptor Signaling Pathway (GO:0033146),5.543836e-01,1.018251e+00,4.456763e-01,8.173529e-01,1.000000e+00,1/21,0.17%,YAP1
prerank,Sphingolipid Biosynthetic Process (GO:0030148),4.620316e-01,1.018165e+00,4.108696e-01,8.157922e-01,1.000000e+00,5/58,5.97%,PRKD1;ABCA8;HACD1;FA2H;PLPP3
prerank,Regulation Of Cholesterol Metabolic Process (GO:0090181),5.690774e-01,1.017980e+00,4.589372e-01,8.145243e-01,1.000000e+00,4/17,11.69%,CES1;SEC14L2;APOE;LDLRAP1
prerank,Negative Regulation Of Multicellular Organismal Process (GO:0051241),4.091899e-01,1.017887e+00,3.938679e-01,8.130094e-01,1.000000e+00,23/154,7.85%,NFIB;WWC1;EGFR;GJA1;GPNMB;RGCC;PLCL1;NOVA1;ZNF706;LGR4;ACOT11;PTPRG;WWC3;ZNF423;SOX9;IL17D;USF3;PTCH1;DUSP10;DAB2IP;LRP4;SPRY1;ACVR2B
prerank,Peptidyl-Lysine Modification (GO:0018205),4.424933e-01,1.017508e+00,4.048193e-01,8.123244e-01,1.000000e+00,13/73,13.40%,EYA1;PLOD2;METTL21A;PIAS4;KAT2B;TRIM28;SIRT2;SIRT4;BCL11A;MDM2;SLF2;P3H4;UHRF2
prerank,Proton Transmembrane Transport (GO:1902600),-5.225961e-01,-1.017163e+00,4.511149e-01,8.064222e-01,1.000000e+00,9/30,17.21%,ATP6V0E2;ATP1B1;ATP6V1E1;ATP5F1B;ATP6V1D;ATP1A1;ATP6V0D1;ATP6V0A1;ATP6V1A
prerank,Glycolipid Biosynthetic Process (GO:0009247),-5.139723e-01,-1.016178e+00,4.442413e-01,8.077905e-01,1.000000e+00,9/35,19.02%,ST8SIA3;ST6GALNAC5;ST8SIA6;PIGB;B4GALT6;DPM2;B3GNT5;TP53INP2;PGAP3
prerank,Positive Regulation Of ERK1 And ERK2 Cascade (GO:0070374),4.182593e-01,1.015876e+00,4.024390e-01,8.150565e-01,1.000000e+00,17/109,4.50%,CHI3L1;ERBB4;FERMT2;EGFR;BMPER;NTRK3;GPNMB;ROR1;FGFR3;FGF2;CD44;SLC30A10;ROR2;PDGFRB;FGFR2;FGF1;MFHAS1
prerank,Heterochromatin Formation (GO:0031507),-5.350290e-01,-1.015724e+00,4.648649e-01,8.078910e-01,1.000000e+00,2/27,3.50%,UHRF1;EZH2
prerank,Adaptive Immune Response Based On Somatic Recombination Of Immune Receptors Built From Immunoglobulin Superfamily Domains (GO:0002460),-5.790723e-01,-1.015288e+00,4.813499e-01,8.078508e-01,1.000000e+00,8/16,21.12%,GNL1;CR1;MYO1G;BTN3A2;JAG1;CR1L;EBI3;HLA-DRB1
prerank,Regulation Of Telomere Maintenance Via Telomere Lengthening (GO:1904356),-5.888856e-01,-1.015267e+00,4.770642e-01,8.067755e-01,1.000000e+00,7/15,38.35%,TINF2;TERF2;DHX36;POT1;PINX1;SMG5;PARP1
prerank,Negative Regulation Of Type I Interferon Production (GO:0032480),-5.216591e-01,-1.014691e+00,4.438687e-01,8.071630e-01,1.000000e+00,3/35,8.76%,IL10;RELB;HAVCR2
prerank,Proteoglycan Metabolic Process (GO:0006029),5.510240e-01,1.014303e+00,4.886878e-01,8.175196e-01,1.000000e+00,3/20,6.85%,BMPR1B;CSGALNACT1;CHST9
prerank,Negative Regulation Of Cytoskeleton Organization (GO:0051494),5.424929e-01,1.013293e+00,4.628450e-01,8.186228e-01,1.000000e+00,3/22,4.85%,KANK1;HIP1R;PIK3CA
prerank,"Positive Regulation Of DNA-templated Transcription, Elongation (GO:0032786)",-4.817110e-01,-1.013251e+00,4.363328e-01,8.098697e-01,1.000000e+00,9/50,16.33%,ERCC6;MED29;MED18;NCBP2;SUPT4H1;HMGN1;MED8;PWWP2B;TCERG1
prerank,Fatty Acid Metabolic Process (GO:0006631),4.327543e-01,1.013053e+00,4.228972e-01,8.174741e-01,1.000000e+00,10/86,5.67%,CYP2J2;ACOT11;PPARGC1A;FA2H;ACSBG1;ACACB;CES1;SLC27A4;SLC27A6;GGT5
prerank,Positive Regulation Of Interleukin-12 Production (GO:0032735),5.725763e-01,1.012361e+00,4.693878e-01,8.175008e-01,1.000000e+00,4/17,12.42%,PLCB1;PLCG2;IRF5;RIPK2
prerank,Cellular Response To Oxidative Stress (GO:0034599),4.256993e-01,1.012210e+00,4.316547e-01,8.161227e-01,1.000000e+00,6/98,3.90%,PRKD1;PTPRK;PRR5L;EGFR;PPARGC1A;MAPT
prerank,Regulation Of Autophagy (GO:0010506),-4.005018e-01,-1.011767e+00,3.965812e-01,8.126060e-01,1.000000e+00,25/211,11.43%,EEF1A2;UCHL1;OPTN;PINK1;ATP6V0E2;IL10;DAPL1;DEPP1;BNIP3;FBXL2;CDK5R1;ATP6V1E1;CDK5;RAB39B;ATP6V1G1;GAPDH;ENDOG;CAPNS1;BAD;ATP6V1D;RNF152;TPCN2;MCL1;EXOC7;TBC1D14
prerank,Homotypic Cell-Cell Adhesion (GO:0034109),4.851478e-01,1.011219e+00,4.366197e-01,8.170512e-01,1.000000e+00,6/35,9.09%,MEGF10;TYRO3;HSPB1;PLPP3;RAP2B;ACTN1
prerank,Aortic Valve Development (GO:0003176),5.393662e-01,1.010944e+00,4.452214e-01,8.160158e-01,1.000000e+00,2/22,5.72%,ELN;SOX9
prerank,Positive Regulation Of Protein Autophosphorylation (GO:0031954),5.389463e-01,1.010916e+00,4.620536e-01,8.143249e-01,1.000000e+00,3/20,3.84%,GREM1;GPNMB;NEK10
prerank,Regulation Of AMPA Receptor Activity (GO:2000311),-5.818952e-01,-1.009179e+00,4.878472e-01,8.184153e-01,1.000000e+00,5/17,9.41%,PRRT1;MAPK8IP2;CACNG8;CACNG2;GSG1L
prerank,Cellular Response To Retinoic Acid (GO:0071300),-5.482780e-01,-1.008937e+00,4.694245e-01,8.178956e-01,1.000000e+00,3/22,4.77%,PTK7;RET;WNT3
prerank,Regulation Of Protein Polymerization (GO:0032271),-5.384220e-01,-1.007462e+00,4.770642e-01,8.206995e-01,1.000000e+00,5/26,4.39%,TPPP3;PLEKHG2;PAK3;MAPRE3;MAP2
prerank,Regulation Of Telomere Capping (GO:1904353),-5.754287e-01,-1.006820e+00,4.854545e-01,8.211942e-01,1.000000e+00,3/17,11.10%,PRKCQ;PKIB;NABP2
prerank,Receptor-Mediated Endocytosis (GO:0006898),-4.228413e-01,-1.005415e+00,4.333895e-01,8.239517e-01,1.000000e+00,17/106,10.86%,MARCO;CD36;OCRL;ITGAM;DPP4;MRC1;ADM;AP2S1;AP2M1;CLTB;GRB2;DNM1;TFR2;TFRC;RAB31;SNAP91;TPCN2
prerank,Positive Regulation Of Gene Expression (GO:0010628),3.624628e-01,1.005315e+00,4.315245e-01,8.278076e-01,1.000000e+00,28/331,5.90%,YAP1;BMPR1B;NWD1;FAM47E;ITGB8;GJA1;NTRK3;CADM1;SGF29;MITF;PRR16;FGF2;RGCC;ZNF804A;PPARGC1A;BMP7;PLCG2;FGF1;MYOM1;TLE1;OCLN;SLC38A2;KAT2B;SLC24A3;KAT2A;SOX9;TNC;ADAM19
prerank,Negative Regulation Of Cysteine-Type Endopeptidase Activity Involved In Apoptotic Process (GO:0043154),-4.990337e-01,-1.005228e+00,4.688581e-01,8.233682e-01,1.000000e+00,5/37,4.69%,TNF;CDKN2D;DHCR24;IFI6;VEGFA
prerank,Negative Regulation Of Smooth Muscle Cell Proliferation (GO:0048662),-5.436098e-01,-1.005161e+00,4.856115e-01,8.223996e-01,1.000000e+00,6/23,12.98%,NDRG4;IL10;TNFAIP3;CDKN1A;TRIB1;OGN
prerank,Regulation Of Cellular Biosynthetic Process (GO:0031326),4.656019e-01,1.004999e+00,4.519906e-01,8.268728e-01,1.000000e+00,5/59,10.19%,MITF;JADE2;CES1;MSI2;RPL10
prerank,Histone Modification (GO:0016570),4.416738e-01,1.004600e+00,4.360190e-01,8.261857e-01,1.000000e+00,13/75,17.44%,JADE2;KAT2B;SIRT2;SIRT4;MBTD1;TBL1X;ING4;CREBBP;KAT14;EPC2;SIRT6;UBE2B;USP3
prerank,Regulation Of Exosomal Secretion (GO:1903541),5.672917e-01,1.004399e+00,4.734411e-01,8.249580e-01,1.000000e+00,1/17,0.60%,SDC4
prerank,Positive Regulation Of Transmembrane Receptor Protein Serine/Threonine Kinase Signaling Pathway (GO:0090100),4.573923e-01,1.004283e+00,4.533333e-01,8.235402e-01,1.000000e+00,6/54,7.85%,RBPMS;CRB2;BMP7;ZNF423;TGFB2;ACVR2B
prerank,Negative Regulation Of Cell Projection Organization (GO:0031345),4.729626e-01,1.004249e+00,4.467593e-01,8.218707e-01,1.000000e+00,4/44,2.91%,ZNF365;KANK1;FYN;SPOCK1
prerank,Regulation Of Plasma Membrane Bounded Cell Projection Assembly (GO:0120032),-4.553836e-01,-1.004215e+00,4.649910e-01,8.237412e-01,1.000000e+00,4/62,5.60%,DMTN;GAP43;RABEP2;TBC1D8
prerank,Negative Regulation Of Tumor Necrosis Factor Superfamily Cytokine Production (GO:1903556),-5.104188e-01,-1.003645e+00,4.531516e-01,8.241080e-01,1.000000e+00,7/36,8.76%,CHRNA7;IL10;POMC;TNFAIP3;C5AR2;GHRL;HAVCR2
prerank,Cellular Nitrogen Compound Biosynthetic Process (GO:0044271),-5.528796e-01,-1.003612e+00,4.831650e-01,8.230530e-01,1.000000e+00,1/20,0.48%,GCH1
prerank,Photoperiodism (GO:0009648),-5.589081e-01,-1.003329e+00,4.782609e-01,8.226386e-01,1.000000e+00,1/21,1.55%,ID2
prerank,Protein K63-linked Deubiquitination (GO:0070536),5.103397e-01,1.002957e+00,4.615385e-01,8.236235e-01,1.000000e+00,2/30,2.83%,OTUD7B;OTUD7A
prerank,Response To Light Stimulus (GO:0009416),-5.071490e-01,-1.002724e+00,4.616788e-01,8.230990e-01,1.000000e+00,2/38,3.21%,CDKN2D;DRD2
prerank,Negative Regulation Of Oxidative Stress-Induced Intrinsic Apoptotic Signaling Pathway (GO:1902176),-5.860756e-01,-1.002636e+00,4.902309e-01,8.221795e-01,1.000000e+00,2/15,5.98%,PINK1;PPIA
prerank,Iron Ion Transport (GO:0006826),5.489945e-01,1.002630e+00,4.808989e-01,8.227016e-01,1.000000e+00,5/21,9.37%,F3;HEPH;LTF;SLC40A1;TTYH1
prerank,Regulation Of Ras Protein Signal Transduction (GO:0046578),4.428462e-01,1.002279e+00,4.447059e-01,8.219499e-01,1.000000e+00,12/62,13.51%,KANK1;SGSM3;DAB2IP;PLCE1;DENND4C;TGFB2;SPRY1;RALGPS1;RASGEF1A;RASGRF1;NOTCH2;CADM4
prerank,Platelet Dense Granule Organization (GO:0060155),-5.710266e-01,-1.002247e+00,4.858156e-01,8.220697e-01,1.000000e+00,8/18,31.89%,AP3M1;HPS3;AP1M1;AP1S1;AP3D1;BLOC1S2;HPS6;AP1B1
prerank,Negative Regulation Of Extrinsic Apoptotic Signaling Pathway (GO:2001237),-4.752221e-01,-1.001046e+00,4.581882e-01,8.240446e-01,1.000000e+00,8/55,6.86%,IL1B;IL1A;TNF;IFI6;FAIM2;ICAM1;BRCA1;TNFAIP3
prerank,Regulation Of Cellular Response To Transforming Growth Factor Beta Stimulus (GO:1903844),-5.684264e-01,-1.000982e+00,4.895833e-01,8.230798e-01,1.000000e+00,5/17,13.70%,DKK3;NREP;LTBP4;EID2;SMAD3
prerank,Cellular Component Assembly (GO:0022607),3.873193e-01,1.000726e+00,4.199475e-01,8.244174e-01,1.000000e+00,25/187,9.32%,PARD3;YAP1;ELN;CD247;MITF;PAWR;PTPRD;CCDC40;PPARGC1A;HYDIN;OCLN;LAMC1;PLS1;LLGL1;SOX9;NLGN4X;SYCP2;BAG6;NLGN1;PPID;GPM6B;FAM107A;DVL1;BAIAP2L2;CAPG
prerank,Organic Cation Transport (GO:0015695),-5.516374e-01,-1.000433e+00,4.938704e-01,8.234072e-01,1.000000e+00,3/22,4.13%,SLC6A3;SLC22A4;SLC44A5
prerank,Positive Regulation Of Protein Modification By Small Protein Conjugation Or Removal (GO:1903322),-4.619915e-01,-1.000393e+00,4.500000e-01,8.224010e-01,1.000000e+00,15/67,18.43%,PINK1;UBB;TSPYL5;FANCI;BRCA1;UBE2L3;SPHK1;ZC3H12A;PAXIP1;PHF23;PTTG1IP;PRICKLE1;AXIN1;STUB1;CENPX
prerank,ATP Metabolic Process (GO:0046034),-5.226239e-01,-9.994816e-01,4.771127e-01,8.236905e-01,1.000000e+00,5/28,10.16%,ATP1B1;ATP5F1A;ATP5F1B;BAD;ENPP3
prerank,Alpha-Amino Acid Metabolic Process (GO:1901605),-5.565066e-01,-9.990006e-01,4.902655e-01,8.238207e-01,1.000000e+00,5/20,17.02%,RIMKLA;MTHFR;KMO;DDAH1;ASS1
prerank,Peptidyl-Threonine Dephosphorylation (GO:0035970),5.746799e-01,9.988822e-01,4.988764e-01,8.277120e-01,1.000000e+00,4/15,14.16%,PDP1;DUSP10;DUSP18;PPM1D
prerank,Cellular Response To Lipid (GO:0071396),-4.149124e-01,-9.988319e-01,4.600000e-01,8.231369e-01,1.000000e+00,12/148,5.06%,SSTR1;IL1B;PTK7;RET;IL1A;CXCL10;CD80;ZFP36;IL10;CCL2;WNT3;MYD88
prerank,Positive Regulation Of DNA-binding Transcription Factor Activity (GO:0051091),-4.011527e-01,-9.986047e-01,4.786184e-01,8.225774e-01,1.000000e+00,17/190,5.98%,IL1B;BEX1;TNF;FOXA1;IL18R1;ANXA3;CD36;TERF2IP;IL10;NTSR1;BTK;VEGFA;PRKCQ;RAB7B;MYD88;IKBKE;PPIA
prerank,Negative Regulation Of Binding (GO:0051100),-4.606745e-01,-9.983819e-01,4.553265e-01,8.220467e-01,1.000000e+00,14/63,22.45%,E2F1;PIN1;CDKN1A;ZFPM1;IFIT1;HABP4;PARK7;RALB;SUMO3;BTAF1;AKT1;JAK2;PDGFB;GTPBP4
prerank,Regulation Of B Cell Activation (GO:0050864),-5.705244e-01,-9.982406e-01,4.749104e-01,8.213206e-01,1.000000e+00,7/18,13.47%,IL10;TNFAIP3;SAMSN1;NOD2;IL4I1;TNIP2;ZFP36L1
prerank,Negative Regulation Of Mitochondrion Organization (GO:0010823),-5.161280e-01,-9.981122e-01,4.811490e-01,8.205233e-01,1.000000e+00,5/28,5.26%,PINK1;SLC25A4;BNIP3;GHITM;PPIF
prerank,Regulation Of Insulin Receptor Signaling Pathway (GO:0046626),4.918885e-01,9.980735e-01,4.617225e-01,8.281749e-01,1.000000e+00,8/34,9.17%,KANK1;SORBS1;SLC27A4;GKAP1;PIP4K2C;GRB10;TNS2;IRS1
prerank,Regulation Of Cardiac Muscle Hypertrophy (GO:0010611),-5.571683e-01,-9.978105e-01,4.843462e-01,8.202212e-01,1.000000e+00,6/19,25.55%,PRKCA;RGS2;NR4A3;P2RX4;MEF2A;CAMK2D
prerank,Positive Regulation Of JUN Kinase Activity (GO:0043507),5.262308e-01,9.968542e-01,4.704545e-01,8.295822e-01,1.000000e+00,3/24,6.84%,SASH1;DVL2;DAB2IP
prerank,Cellular Response To Hydrogen Peroxide (GO:0070301),5.143443e-01,9.967011e-01,4.571429e-01,8.282550e-01,1.000000e+00,3/26,6.26%,FYN;AQP1;PLEKHA1
prerank,Regulation Of TORC1 Signaling (GO:1903432),4.773036e-01,9.965791e-01,4.660422e-01,8.268367e-01,1.000000e+00,8/42,15.85%,CASTOR2;CLEC16A;NPRL2;SESN1;CASTOR1;WDR59;RRAGD;NPRL3
prerank,T Cell Receptor Signaling Pathway (GO:0050852),-4.576211e-01,-9.965726e-01,4.864407e-01,8.223226e-01,1.000000e+00,11/66,12.33%,TNFRSF21;THY1;RFTN1;HLA-A;BTK;NFKBIZ;LCP2;BTN3A1;SKAP1;BTN3A2;ZC3H12A
prerank,Protein Dephosphorylation (GO:0006470),4.096485e-01,9.962689e-01,4.265734e-01,8.259293e-01,1.000000e+00,14/107,10.00%,PTPRZ1;PTPRK;PTPRD;DUSP16;PPM1H;PTPRG;PDP2;PDP1;DUSP10;PPP2R3A;PTPN13;TNS2;PPP2R5A;DUSP18
prerank,Negative Regulation Of ERK1 And ERK2 Cascade (GO:0070373),-5.042495e-01,-9.948351e-01,4.754386e-01,8.256773e-01,1.000000e+00,7/37,9.44%,DUSP26;LMO3;PIN1;PTPN1;RPS6KA6;PTPN2;LYN
prerank,Positive Regulation Of G2/M Transition Of Mitotic Cell Cycle (GO:0010971),-5.614744e-01,-9.947383e-01,4.955437e-01,8.248185e-01,1.000000e+00,7/18,24.72%,CDC25C;CCNB1;RAB11A;RRM1;DBF4B;RCC2;RAD51C
prerank,Positive Regulation Of Protein Modification Process (GO:0031401),-4.079489e-01,-9.944301e-01,4.738676e-01,8.245293e-01,1.000000e+00,22/166,7.25%,IL1B;MARCO;TNF;EGR1;PINK1;CALM3;HRAS;CHRNA7;FPR2;CDCA2;PIN1;PIK3R3;VEGFA;SMPD1;CALM1;MT3;CLIP3;LIMK2;TRABD2A;PPIA;NSMF;CDKN1A
prerank,Regulation Of DNA Recombination (GO:0000018),-5.281767e-01,-9.937784e-01,4.899452e-01,8.250764e-01,1.000000e+00,4/27,5.10%,CHEK1;TERF2IP;IL10;BLM
prerank,Substantia Nigra Development (GO:0021762),-4.996932e-01,-9.936446e-01,4.787234e-01,8.243398e-01,1.000000e+00,8/36,9.42%,INA;SYNGR3;CALM3;BASP1;CALM1;PADI2;YWHAE;ATP5PB
prerank,Regulation Of Focal Adhesion Assembly (GO:0051893),-4.740270e-01,-9.935249e-01,4.845735e-01,8.235456e-01,1.000000e+00,4/47,4.69%,DMTN;THY1;ACTG1;VEGFA
prerank,Positive Regulation Of GTPase Activity (GO:0043547),3.902881e-01,9.934454e-01,4.168734e-01,8.318335e-01,1.000000e+00,32/171,12.55%,PLXNB1;FERMT2;RAPGEF3;NTRK3;ARHGEF26;ASAP3;DOCK9;RGS7;SLC27A4;ARHGAP29;RASGRF2;SGSM3;AGRN;TBC1D16;APC2;RAPGEF4;PKP4;RALGAPA2;SOS1;AGAP1;RALGPS1;RASGEF1A;PREX2;TBC1D10A;TIAM2;F2RL1;ARHGAP42;RALGDS;RASGRF1;DOCK7;RASGRP3;RAPGEF5
prerank,Interferon-Mediated Signaling Pathway (GO:0140888),-5.361300e-01,-9.934363e-01,4.965157e-01,8.226770e-01,1.000000e+00,11/26,23.96%,MYD88;IKBKE;IFNGR2;STAT1;IFI27;IRF1;IFNLR1;TRAF3;JAK2;TBK1;IFITM3
prerank,Amyloid Fibril Formation (GO:1990000),-5.670539e-01,-9.933218e-01,4.972477e-01,8.219126e-01,1.000000e+00,2/17,4.95%,CD36;FUS
prerank,Spliceosomal snRNP Assembly (GO:0000387),-5.133453e-01,-9.926184e-01,5.063752e-01,8.226038e-01,1.000000e+00,9/35,25.92%,PRPF19;SART3;WDR77;LSM4;SNRPD1;STRAP;HNRNPC;COIL;USP4
prerank,"Wound Healing, Spreading Of Cells (GO:0044319)",5.213072e-01,9.926085e-01,4.801762e-01,8.323166e-01,1.000000e+00,6/20,14.74%,TMEFF2;CD44;CD151;DDR1;FLNA;CCNA2
prerank,Positive Regulation Of Cation Channel Activity (GO:2001259),-5.450618e-01,-9.920527e-01,5.063291e-01,8.228920e-01,1.000000e+00,7/21,17.54%,CALM3;CALM1;P2RY6;HTT;APEX1;STAC3;LRRC55
prerank,Negative Regulation Of Apoptotic Signaling Pathway (GO:2001234),-4.561697e-01,-9.914985e-01,4.756098e-01,8.232345e-01,1.000000e+00,20/69,18.03%,TNF;PINK1;MAPK8IP2;SLC25A4;FAIM2;GHITM;PPIF;BDNF;BCL2L2;NOC2L;TMEM14A;HTT;CX3CR1;PARK7;ITGAV;NR4A2;PLAUR;THBS1;PSME3;NDUFS3
prerank,Wound Healing (GO:0042060),-4.670022e-01,-9.908151e-01,4.838710e-01,8.239366e-01,1.000000e+00,6/52,4.80%,RAB3A;ANXA6;SYT7;CLDN1;SLC11A1;SMPD1
prerank,mRNA 3'-End Processing (GO:0031124),-5.022488e-01,-9.902123e-01,4.813499e-01,8.243359e-01,1.000000e+00,17/36,31.34%,NCBP2;CSTF2T;GRSF1;APP;LSM11;LSM10;CPSF4;LEO1;SSU72;CDC73;MTPAP;RPRD1B;PABPC1;CPSF3;PAPOLG;CSTF2;SYMPK
prerank,Zymogen Activation (GO:0031638),-5.130714e-01,-9.891967e-01,4.904014e-01,8.258773e-01,1.000000e+00,5/31,8.84%,PLAT;PERP;THBD;CYFIP2;BAD
prerank,mRNA Metabolic Process (GO:0016071),-4.402122e-01,-9.887113e-01,4.887348e-01,8.260078e-01,1.000000e+00,14/77,23.10%,ZFP36;SRSF2;NCBP2;SRSF1;SRSF7;SRSF9;TCERG1;HSF1;DHX15;SRSF4;YTHDF2;TP53;SF3B2;SFPQ
prerank,Regulation Of Endothelial Cell Proliferation (GO:0001936),-4.676257e-01,-9.883862e-01,4.757785e-01,8.257836e-01,1.000000e+00,11/57,8.60%,NRARP;EGR3;EGFL7;ATP5IF1;VEGFA;PRKCA;ATP5F1A;NELL2;SEMA5A;GHRL;NELL1
prerank,Positive Regulation Of JNK Cascade (GO:0046330),4.479809e-01,9.882622e-01,4.629213e-01,8.423544e-01,1.000000e+00,6/58,6.84%,TPD52L1;TNIK;PLCB1;MFHAS1;SH3RF1;DAB2IP
prerank,RNA Modification (GO:0009451),4.703881e-01,9.882478e-01,4.433498e-01,8.406503e-01,1.000000e+00,14/45,23.42%,ADARB1;PUS3;DTWD1;TRMT9B;TRIT1;BCDIN3D;RBM15B;TRUB1;MRM1;AARS2;TRMT1;RBM15;NSUN6;TRDMT1
prerank,Protein Localization To Cell Junction (GO:1902414),5.525385e-01,9.881393e-01,4.879808e-01,8.391859e-01,1.000000e+00,4/17,7.27%,FERMT2;TJP1;NECTIN1;NLGN1
prerank,Neutrophil Migration (GO:1990266),-5.094355e-01,-9.873278e-01,5.078534e-01,8.274206e-01,1.000000e+00,7/30,6.40%,CCL3;CXCL10;TREM1;CCL2;CCL3L1;PPIA;SRP54
prerank,Double-Strand Break Repair (GO:0006302),-4.027300e-01,-9.870669e-01,4.643478e-01,8.270372e-01,1.000000e+00,36/148,21.68%,POLQ;UBE2V2;CDCA5;EME2;XRCC3;BLM;TONSL;PRPF19;PARP2;BRCA1;LIG3;NABP2;AP5Z1;INO80;SAMHD1;RAD51AP1;ZGRF1;XRCC6;XRCC2;RPA3;DEPDC1B;RAD54B;IFFO1;UBE2N;AUNIP;ACTR5;VCP;ERCC1;RNF8;BRCA2;GEN1;TP53BP1;CYREN;CHD4;TENT4A;PARP9
prerank,Dephosphorylation (GO:0016311),4.015054e-01,9.866633e-01,4.431555e-01,8.414657e-01,1.000000e+00,15/122,8.00%,PLPPR1;PTPRZ1;PTPRK;PLPP4;PTPRD;DUSP16;PPM1H;PTPRG;PDP2;PDP1;PLPP3;DUSP10;PPP2R3A;ACP6;PTPN13
prerank,Regulation Of Activated T Cell Proliferation (GO:0046006),5.405895e-01,9.866466e-01,4.977679e-01,8.397682e-01,1.000000e+00,1/20,1.80%,ICOSLG
prerank,Regulation Of calcineurin-NFAT Signaling Cascade (GO:0070884),-5.353743e-01,-9.864232e-01,5.017007e-01,8.275269e-01,1.000000e+00,1/23,0.62%,TNF
prerank,Negative Regulation Of Cell Cycle G1/S Phase Transition (GO:1902807),-5.205410e-01,-9.862785e-01,5.017730e-01,8.267947e-01,1.000000e+00,6/28,9.00%,WEE1;CCL2;E2F7;FHL1;CDKN1A;INHBA
prerank,Kidney Development (GO:0001822),-4.868660e-01,-9.857837e-01,5.054348e-01,8.269550e-01,1.000000e+00,4/39,4.69%,AGTR1;ROBO2;SULF2;VEGFA
prerank,Peptidyl-Proline Modification (GO:0018208),-5.529314e-01,-9.857190e-01,5.282332e-01,8.260226e-01,1.000000e+00,5/18,14.93%,PIN1;PPIF;PPIA;PPWD1;NTMT1
prerank,Cytoplasmic Translational Initiation (GO:0002183),-5.173855e-01,-9.855171e-01,4.767025e-01,8.254535e-01,1.000000e+00,13/28,35.74%,NCBP2;RBM4;EIF4A2;MIF4GD;EIF4G1;DHX29;EIF3M;EIF3L;EIF3I;EIF3H;EIF2S3;EIF3B;EIF2D
prerank,Organelle Transport Along Microtubule (GO:0072384),-4.936164e-01,-9.853480e-01,5.008977e-01,8.248235e-01,1.000000e+00,2/34,2.41%,UBB;DYNC1I1
prerank,Cytosolic Transport (GO:0016482),-4.224032e-01,-9.852550e-01,4.713262e-01,8.239806e-01,1.000000e+00,18/112,18.11%,RAB6B;SYT7;HOOK1;PHETA1;PREPL;YKT6;BET1L;WDR81;HOOK2;RILP;BECN1;CLTCL1;UBE2O;DCTN1;RAB5A;VTI1B;HEATR5B;GAK
prerank,Supramolecular Fiber Organization (GO:0097435),-3.917733e-01,-9.852299e-01,4.522968e-01,8.229574e-01,1.000000e+00,23/201,7.92%,STMN2;NEFL;ADAMTS2;TAGLN3;RAC3;INA;STMN1;CD36;TPPP3;LMOD3;FSD1;KIF18B;PIN1;FUS;STMN3;MYO1H;CLIP3;HOOK1;TBCB;PLK3;RND1;FBLN5;DYNC1H1
prerank,Visual Perception (GO:0007601),-4.816271e-01,-9.845545e-01,5.009416e-01,8.236723e-01,1.000000e+00,10/49,10.31%,TH;CHRNB2;RGS16;E2F1;PITPNA;CACNA2D4;SLC4A10;ADGRV1;OAT;CABP4
prerank,Regulation Of Cell Growth (GO:0001558),3.848964e-01,9.844950e-01,4.701493e-01,8.437378e-01,1.000000e+00,17/178,7.19%,NRG3;YAP1;EGFR;GJA1;JADE2;CDKN2A;SPOCK1;LGI1;CDKN2C;IL17RB;S100A8;TNC;PTCH2;TP53TG5;PLCE1;NDUFA13;TGFB2
prerank,Axonogenesis (GO:0007409),3.838616e-01,9.836467e-01,4.751244e-01,8.443750e-01,1.000000e+00,21/153,6.43%,PARD3;KIAA1755;LGR6;BOC;NTNG1;CTNNA2;SEMA4B;CNTN2;DSCAML1;FYN;KALRN;GLI2;LGI1;SLITRK2;NEXN;FGFR2;LLGL1;SEMA3D;NFASC;RELN;EPHA3
prerank,Negative Regulation Of Intracellular Signal Transduction (GO:1902532),3.827715e-01,9.828496e-01,4.726368e-01,8.447623e-01,1.000000e+00,20/180,6.95%,RORA;WWC1;MAGI2;DGKG;OTUD7B;CD22;BMP7;PHLPP1;DUSP16;SLC24A4;TLE1;WWC3;NPRL2;IGF1R;RFFL;APLNR;PLEKHA1;DAB2IP;NDUFA13;P2RX7
prerank,Positive Regulation Of Macromolecule Biosynthetic Process (GO:0010557),4.118973e-01,9.827236e-01,4.699074e-01,8.433753e-01,1.000000e+00,12/97,9.62%,SORBS1;HGF;PRR16;FGF2;RGCC;PDGFRB;DYRK2;TGFB2;SLC6A9;INSR;IRS1;LARP6
prerank,Negative Regulation Of Protein Phosphorylation (GO:0001933),3.935696e-01,9.821472e-01,4.953488e-01,8.432160e-01,1.000000e+00,15/123,9.25%,PARD3;WWTR1;GREM1;PRR5L;NTRK3;CNKSR3;HSPB1;OCLN;PLPP3;CEP85;DAB2IP;PTPN13;DVL1;ZBED3;SIRT2
prerank,Negative Regulation Of Amyloid Precursor Protein Catabolic Process (GO:1902992),-5.501651e-01,-9.820065e-01,5.244519e-01,8.289190e-01,1.000000e+00,4/18,14.86%,CHRNA7;PIN1;RTN4;APEX1
prerank,Regulation Of Cell Size (GO:0008361),5.150029e-01,9.816237e-01,4.916468e-01,8.429391e-01,1.000000e+00,1/22,1.99%,PRR16
prerank,Regulation Of ERK1 And ERK2 Cascade (GO:0070372),3.832441e-01,9.815631e-01,4.611529e-01,8.413713e-01,1.000000e+00,29/161,7.91%,TGFBR3;CHI3L1;ERBB4;FERMT2;EGFR;BMPER;NTRK3;GPNMB;CNKSR3;ROR1;FGFR3;FGF2;CD44;SLC30A10;ROR2;PDGFRB;NEK10;FGFR2;FGF1;MFHAS1;DUSP10;ARRB1;DAB2IP;EPHB1;TIMP3;SPRY1;DDR2;SEMA6A;NTRK2
prerank,Negative Regulation Of Epithelial To Mesenchymal Transition (GO:0010719),-5.466942e-01,-9.815395e-01,5.114236e-01,8.290514e-01,1.000000e+00,2/18,7.80%,FOXA1;OVOL2
prerank,"RNA Splicing, Via Transesterification Reactions With Bulged Adenosine As Nucleophile (GO:0000377)",-4.014336e-01,-9.801502e-01,4.568966e-01,8.314431e-01,1.000000e+00,35/167,23.69%,NOVA2;PIN1;SNU13;PRPF19;SRSF2;NCBP2;PPWD1;SRSF1;SART3;GPKOW;MTREX;SRSF7;SRSF9;RBM4;SNRPA1;RNPS1;HSPA8;DHX15;BCAS2;SYNCRIP;LSM4;DBR1;SRSF4;TXNL4A;EFTUD2;SNRPD1;SNRNP35;PPIL3;SF3B2;SRSF3;BUD31;PRPF4;HTATSF1;CWC25;HNRNPC
prerank,Sensory Perception Of Sound (GO:0007605),4.429099e-01,9.794227e-01,4.807256e-01,8.453095e-01,1.000000e+00,7/55,7.04%,EYA1;ROR1;WHRN;COL4A3;TPRN;WFS1;LRP2
prerank,Negative Regulation Of Cold-Induced Thermogenesis (GO:0120163),-5.016314e-01,-9.787249e-01,4.972875e-01,8.338820e-01,1.000000e+00,3/33,2.44%,ALDH1A1;IL18R1;NOVA2
prerank,Positive Regulation Of Telomerase Activity (GO:0051973),5.071440e-01,9.785347e-01,5.148741e-01,8.459775e-01,1.000000e+00,2/28,5.22%,GREM1;PTGES3
prerank,Transcription Elongation By RNA Polymerase II (GO:0006368),-5.100850e-01,-9.784613e-01,4.793814e-01,8.334712e-01,1.000000e+00,7/26,24.71%,SUPT4H1;SRCAP;SART3;RTF1;SUPT5H;LEO1;CDC73
prerank,Regulation Of Hydrolase Activity (GO:0051336),4.432069e-01,9.781597e-01,4.935065e-01,8.452692e-01,1.000000e+00,7/57,7.91%,PLXNB1;PLXNA1;SCARB2;EPHA3;DAB2IP;PLXND1;NTRK2
prerank,Positive Regulation Of Neuron Death (GO:1901216),-5.001851e-01,-9.777275e-01,4.937611e-01,8.342601e-01,1.000000e+00,6/30,8.13%,TNF;CCL3;ITGAM;CDK5R1;CDK5;GRIN2B
prerank,Positive Regulation Of Interleukin-8 Production (GO:0032757),-4.833461e-01,-9.776848e-01,4.930070e-01,8.332985e-01,1.000000e+00,12/43,16.81%,IL1B;TNF;CD244;MYD88;NOD2;NOD1;TLR2;LAMTOR5;PARK7;CD58;TLR3;DDIT3
prerank,Positive Regulation Of Response To Wounding (GO:1903036),-5.623128e-01,-9.776695e-01,5.212569e-01,8.322616e-01,1.000000e+00,4/18,5.21%,DMTN;HRAS;CLDN1;HBEGF
prerank,Positive Regulation Of DNA-templated Transcription Initiation (GO:2000144),-4.679564e-01,-9.768608e-01,4.820513e-01,8.331663e-01,1.000000e+00,10/48,17.61%,FOSL1;MED29;MED18;GTF2A1;ZNHIT1;MED8;PAXIP1;TAF7;TAF2;MDC1
prerank,Memory (GO:0007613),-4.704635e-01,-9.768594e-01,5.042159e-01,8.320995e-01,1.000000e+00,6/44,2.85%,MAP1A;TH;CHRNB2;SLC8A2;SCN2A;CHRNA7
prerank,Negative Regulation Of Signal Transduction (GO:0009968),-3.960070e-01,-9.763751e-01,4.966887e-01,8.322522e-01,1.000000e+00,22/183,6.86%,NRARP;IL1B;TNF;DLK1;MAPK8IP2;NDRG4;EGFL7;DKK3;DRD2;IL10;EZH2;SULF2;BEND6;SMPD1;PRKCQ;RAB7B;FAIM2;YWHAB;PLEK;TRABD2A;PTPN1;TNFAIP3
prerank,"Nuclear-Transcribed mRNA Catabolic Process, Deadenylation-Dependent Decay (GO:0000288)",-4.941382e-01,-9.761850e-01,5.017730e-01,8.316405e-01,1.000000e+00,2/37,2.85%,NT5C3B;ZFP36
prerank,poly(A)+ mRNA Export From Nucleus (GO:0016973),5.401412e-01,9.758279e-01,4.910714e-01,8.496532e-01,1.000000e+00,2/16,10.97%,ZC3H11B;SARNP
prerank,Protein Targeting To Lysosome (GO:0006622),5.046642e-01,9.757614e-01,5.088889e-01,8.481173e-01,1.000000e+00,8/25,21.90%,SCARB2;LAMP2;PXK;NEDD4;PIK3C3;ZFYVE16;CLU;GNPTG
prerank,NADP Metabolic Process (GO:0006739),-5.577499e-01,-9.756316e-01,5.070922e-01,8.320283e-01,1.000000e+00,5/15,28.89%,MDH1;FMO5;NUDT17;ALDH1L2;NUDT12
prerank,Positive Regulation Of Cell Cycle G2/M Phase Transition (GO:1902751),-5.451016e-01,-9.755200e-01,5.293073e-01,8.312558e-01,1.000000e+00,7/20,24.72%,CDC25C;CCNB1;RAB11A;RRM1;DBF4B;RCC2;RAD51C
prerank,Renal System Development (GO:0072001),-4.964990e-01,-9.753700e-01,4.954792e-01,8.305733e-01,1.000000e+00,3/32,4.69%,AGTR1;SULF2;VEGFA
prerank,Cholesterol Biosynthetic Process (GO:0006695),-5.314071e-01,-9.749267e-01,5.052083e-01,8.306539e-01,1.000000e+00,9/23,20.33%,DHCR24;SC5D;INSIG1;NSDHL;HMGCR;MVD;ACLY;MSMO1;HMGCS1
prerank,Regulation Of Metal Ion Transport (GO:0010959),4.987922e-01,9.744430e-01,4.853933e-01,8.498548e-01,1.000000e+00,5/28,8.75%,F3;CACNA2D1;NKAIN3;P2RX7;NKAIN2
prerank,Negative Regulation Of Cytokine Production (GO:0001818),-4.089219e-01,-9.739536e-01,4.775374e-01,8.319689e-01,1.000000e+00,13/125,9.16%,TNFRSF21;TNF;ZFP36;IL10;SLC11A1;TNFAIP3;C5AR2;GHRL;ZFPM1;HAVCR2;INHBA;SRGN;CR1
prerank,Regulation Of Neurogenesis (GO:0050767),-4.774044e-01,-9.734568e-01,5.176678e-01,8.320907e-01,1.000000e+00,5/45,7.55%,IL1B;TNF;OPRM1;WNT3;SERPINF1
prerank,Regulation Of Necroptotic Process (GO:0060544),-5.513933e-01,-9.731118e-01,5.228873e-01,8.318835e-01,1.000000e+00,1/17,2.18%,SLC25A4
prerank,Regulation Of Epidermal Growth Factor Receptor Signaling Pathway (GO:0042058),4.782628e-01,9.730474e-01,4.880952e-01,8.518548e-01,1.000000e+00,7/35,12.11%,EGFR;HIP1R;ITGA1;DAB2IP;FER;HIP1;ZFYVE28
prerank,Monocarboxylic Acid Transport (GO:0015718),-4.670738e-01,-9.718838e-01,5.104167e-01,8.338982e-01,1.000000e+00,3/48,1.75%,SLC10A4;FABP7;ABCB4
prerank,Cellular Defense Response (GO:0006968),-5.241370e-01,-9.702585e-01,5.406427e-01,8.369143e-01,1.000000e+00,6/27,17.18%,FOSL1;LGALS3BP;C5AR1;BECN1;CX3CR1;NCF2
prerank,Cellular Response To cAMP (GO:0071320),-5.262786e-01,-9.697129e-01,5.158451e-01,8.372789e-01,1.000000e+00,1/23,0.09%,DMTN
prerank,Intrinsic Apoptotic Signaling Pathway In Response To Endoplasmic Reticulum Stress (GO:0070059),-5.246507e-01,-9.697038e-01,5.218150e-01,8.362405e-01,1.000000e+00,4/24,16.81%,ATP2A3;PPP1R15A;ATF4;DDIT3
prerank,Regulation Of Cellular Response To Heat (GO:1900034),5.402780e-01,9.695796e-01,5.233853e-01,8.592109e-01,1.000000e+00,8/15,26.26%,MAPT;CHORDC1;CREBBP;DNAJB1;DNAJB6;IER5;EP300;GSK3B
prerank,Phospholipid Dephosphorylation (GO:0046839),4.967130e-01,9.695166e-01,5.148064e-01,8.576775e-01,1.000000e+00,4/27,5.97%,PLPPR1;PLPP4;SYNJ2;PLPP3
prerank,Antigen Processing And Presentation Of Peptide Antigen Via MHC Class II (GO:0002495),-5.429077e-01,-9.684300e-01,5.511945e-01,8.372038e-01,1.000000e+00,8/19,24.24%,HLA-DMA;HLA-DQA1;HLA-DRB1;LGMN;CTSF;CTSL;FCER1G;HLA-DMB
prerank,Antigen Processing And Presentation Of Exogenous Peptide Antigen Via MHC Class II (GO:0019886),-5.429077e-01,-9.684300e-01,5.511945e-01,8.372038e-01,1.000000e+00,8/19,24.24%,HLA-DMA;HLA-DQA1;HLA-DRB1;LGMN;CTSF;CTSL;FCER1G;HLA-DMB
prerank,Negative Regulation Of Blood Vessel Endothelial Cell Migration (GO:0043537),-5.257304e-01,-9.682153e-01,5.306122e-01,8.367036e-01,1.000000e+00,2/24,1.99%,TNF;GADD45A
prerank,Heart Morphogenesis (GO:0003007),4.868133e-01,9.681650e-01,5.318681e-01,8.596244e-01,1.000000e+00,7/31,8.70%,FLRT2;TGFBR3;EMP2;SOX9;TGFB2;RYR2;INSR
prerank,SCF-dependent Proteasomal Ubiquitin-Dependent Protein Catabolic Process (GO:0031146),-4.750128e-01,-9.677640e-01,5.158287e-01,8.367607e-01,1.000000e+00,10/39,13.77%,FBXO2;FBXO44;FBXL2;FBXL15;CUL1;FBXL16;SKP1;FBXL12;FBXO6;FBXL18
prerank,Positive Regulation Of Neuron Differentiation (GO:0045666),4.885966e-01,9.670562e-01,5.000000e-01,8.608181e-01,1.000000e+00,6/30,7.70%,GPRC5B;BRINP3;ADRA2C;BRINP2;FGFR1;PROX1
prerank,Positive Regulation Of Hydrolase Activity (GO:0051345),-4.030144e-01,-9.670054e-01,5.118644e-01,8.375702e-01,1.000000e+00,12/130,4.85%,RGS8;THY1;RGS16;PINK1;CCL3;CALM3;HRAS;EZH2;CCL2;PIN1;CCL3L1;CALM1
prerank,Protein Exit From Endoplasmic Reticulum (GO:0032527),-5.232774e-01,-9.663600e-01,5.145455e-01,8.381249e-01,1.000000e+00,7/23,25.25%,SEC13;SEC16A;DERL2;VCP;OS9;PREB;SELENOS
prerank,Positive Regulation Of Amide Metabolic Process (GO:0034250),-4.298836e-01,-9.662835e-01,5.025729e-01,8.372873e-01,1.000000e+00,3/75,6.34%,TNF;CHRNA7;RBM3
prerank,Glycerophospholipid Biosynthetic Process (GO:0046474),4.122552e-01,9.660720e-01,5.264423e-01,8.617567e-01,1.000000e+00,16/96,12.48%,PCYT1B;DGKG;DGKB;FGF2;SYNJ2;PLCG2;SLC44A1;VAC14;ABHD4;ACP6;AGPAT5;PITPNM3;SLC27A1;MBOAT2;CHPT1;GNPAT
prerank,Cellular Response To Vascular Endothelial Growth Factor Stimulus (GO:0035924),5.128574e-01,9.658824e-01,5.170843e-01,8.605204e-01,1.000000e+00,6/24,7.84%,PRKD1;GAB1;HSPB1;PIK3CA;DAB2IP;SEMA6A
prerank,Negative Regulation Of Protein Catabolic Process (GO:0042177),4.597664e-01,9.657354e-01,4.724221e-01,8.592198e-01,1.000000e+00,2/43,1.25%,FMN2;EGFR
prerank,Phosphatidylinositol 3-Kinase Signaling (GO:0014065),4.917061e-01,9.651231e-01,5.342790e-01,8.591001e-01,1.000000e+00,6/26,9.17%,ERBB3;TYRO3;PIK3CA;IGF1R;PLEKHA1;IRS1
prerank,Regulation Of Viral Entry Into Host Cell (GO:0046596),-5.007560e-01,-9.647314e-01,5.549915e-01,8.400994e-01,1.000000e+00,12/29,25.86%,PITX3;SMPD1;TMPRSS4;CD4;TRIM25;TRIM5;HS3ST6;HLA-DRB1;FURIN;IFITM3;LGALS1;TRIM26
prerank,Neuron Projection Morphogenesis (GO:0048812),3.909486e-01,9.644076e-01,5.300000e-01,8.593109e-01,1.000000e+00,20/124,7.77%,PARD3;CTNND2;ZNF365;PLXNB1;NTNG1;CTNNA2;SLC39A12;DSCAML1;TNIK;BMP7;SLITRK2;FGFR2;LLGL1;GPM6A;DAB2IP;LRP2;NLGN1;EPHB1;LRP4;FARP1
prerank,Leukocyte Cell-Cell Adhesion (GO:0007159),-5.364369e-01,-9.641879e-01,5.496324e-01,8.404434e-01,1.000000e+00,4/19,12.42%,OLR1;ICAM1;ITGAL;SELL
prerank,"Nuclear-Transcribed mRNA Catabolic Process, Nonsense-Mediated Decay (GO:0000184)",-5.198377e-01,-9.633239e-01,5.350090e-01,8.414670e-01,1.000000e+00,5/24,19.84%,NCBP2;ZC3H12A;RNPS1;UPF3B;PYM1
prerank,Regulation Of MAP Kinase Activity (GO:0043405),4.108034e-01,9.630314e-01,5.081585e-01,8.612099e-01,1.000000e+00,15/83,8.70%,TPD52L1;GHR;EGFR;NTRK3;FGF2;PDGFRB;BMP7;NEK10;FGF1;TGFA;DAB2IP;FGFR1;SPRY1;SOS1;INSR
prerank,Positive Regulation Of Glycolytic Process (GO:0045821),5.438272e-01,9.629861e-01,5.194805e-01,8.596561e-01,1.000000e+00,3/15,8.70%,SLC4A4;P2RX7;INSR
prerank,"Regulation Of DNA Damage Response, Signal Transduction By P53 Class Mediator (GO:0043516)",5.284262e-01,9.627593e-01,5.279642e-01,8.585610e-01,1.000000e+00,2/20,10.68%,CD44;MDM2
prerank,Positive Regulation Of Cell Cycle (GO:0045787),4.300392e-01,9.620993e-01,5.241228e-01,8.585661e-01,1.000000e+00,10/57,7.70%,MEIS2;EGFR;RGCC;NUPR1;SPDYA;FGFR2;CCND3;USP2;TGFB2;PROX1
prerank,Peptide Metabolic Process (GO:0006518),4.721972e-01,9.619989e-01,5.033113e-01,8.571918e-01,1.000000e+00,2/40,3.55%,AEBP1;CPM
prerank,Negative Regulation Of Response To Biotic Stimulus (GO:0002832),4.574678e-01,9.619784e-01,4.748201e-01,8.555879e-01,1.000000e+00,2/38,2.60%,LTF;TYRO3
prerank,Positive Regulation Of NLRP3 Inflammasome Complex Assembly (GO:1900227),5.359010e-01,9.619454e-01,5.048077e-01,8.540153e-01,1.000000e+00,2/15,3.91%,PRKD1;PLCG2
prerank,Protein Localization To Chromosome (GO:0034502),4.724562e-01,9.614810e-01,5.147392e-01,8.534845e-01,1.000000e+00,1/38,0.64%,FAM47E
prerank,"G Protein-Coupled Receptor Signaling Pathway, Coupled To Cyclic Nucleotide Second Messenger (GO:0007187)",-5.310120e-01,-9.611132e-01,5.336976e-01,8.457717e-01,1.000000e+00,3/20,4.11%,HTR2A;CCL2;OPRM1
prerank,Response To cAMP (GO:0051591),-5.048450e-01,-9.610467e-01,5.285962e-01,8.448821e-01,1.000000e+00,1/28,0.09%,DMTN
prerank,Negative Regulation Of NF-kappaB Transcription Factor Activity (GO:0032088),4.323630e-01,9.606763e-01,5.136364e-01,8.539628e-01,1.000000e+00,6/66,7.10%,NWD1;CDKN2A;BMP7;ARRB1;DAB2IP;ERBIN
prerank,Regulation Of Peptidyl-Tyrosine Phosphorylation (GO:0050730),4.317377e-01,9.602895e-01,5.232816e-01,8.532971e-01,1.000000e+00,9/63,6.42%,GHR;EGFR;HGF;FYN;CD44;THBS4;PLCG2;ENPP2;RELN
prerank,Regulation Of Autophagosome Assembly (GO:2000785),-4.777347e-01,-9.597851e-01,5.179211e-01,8.468233e-01,1.000000e+00,2/37,1.41%,MOAP1;PINK1
prerank,Negative Regulation Of Amyloid-Beta Formation (GO:1902430),-5.553889e-01,-9.596643e-01,5.557461e-01,8.460769e-01,1.000000e+00,4/16,14.86%,CHRNA7;PIN1;RTN4;APEX1
prerank,Regulation Of Protein Modification Process (GO:0031399),4.656485e-01,9.595928e-01,5.201900e-01,8.534117e-01,1.000000e+00,9/37,13.51%,PPP1R16B;HSPB1;FER;ACER2;CCDC88C;ATG7;ULK1;PPIB;CADM4
prerank,Positive Regulation Of Microtubule Polymerization (GO:0031116),4.926482e-01,9.595493e-01,5.420354e-01,8.518867e-01,1.000000e+00,3/26,5.10%,MAPT;OCLN;SLAIN1
prerank,Telomere Maintenance Via Telomerase (GO:0007004),-5.529664e-01,-9.588901e-01,5.573477e-01,8.458627e-01,1.000000e+00,3/16,13.74%,TERF2IP;NHP2;TELO2
prerank,RNA-templated DNA Biosynthetic Process (GO:0006278),-5.529664e-01,-9.588901e-01,5.573477e-01,8.458627e-01,1.000000e+00,3/16,13.74%,TERF2IP;NHP2;TELO2
prerank,Regulation Of Cellular Catabolic Process (GO:0031329),4.373326e-01,9.576305e-01,5.253863e-01,8.553445e-01,1.000000e+00,7/58,9.12%,NUPR1;BOK;MAPT;HSPB1;PIP4K2C;ACER2;DAPK2
prerank,B Cell Receptor Signaling Pathway (GO:0050853),-5.057881e-01,-9.575162e-01,5.434028e-01,8.480686e-01,1.000000e+00,6/24,18.39%,RFTN1;BTK;NFAM1;BMX;NCKAP1L;SH2B2
prerank,Regulation Of Peptidyl-Threonine Phosphorylation (GO:0010799),4.823908e-01,9.574819e-01,5.330189e-01,8.540600e-01,1.000000e+00,3/31,3.49%,PARD3;CHI3L1;BMP7
prerank,Peptidyl-Threonine Phosphorylation (GO:0018107),-4.522889e-01,-9.560569e-01,5.305085e-01,8.505193e-01,1.000000e+00,5/49,5.74%,CHEK1;PRKCA;CDK5R1;ACVR1B;CDK5
prerank,Regulation Of Protein Catabolic Process (GO:0042176),-4.177995e-01,-9.557747e-01,5.331010e-01,8.501695e-01,1.000000e+00,7/100,4.03%,EEF1A2;TNF;PINK1;MAD2L1;UBB;NSF;PIN1
prerank,RNA Biosynthetic Process (GO:0032774),-5.122460e-01,-9.548697e-01,5.144928e-01,8.513736e-01,1.000000e+00,4/25,16.04%,ZFP36L1;TAF7;POLR2A;TCEA2
prerank,rRNA Modification (GO:0000154),-5.483487e-01,-9.546781e-01,5.772647e-01,8.507782e-01,1.000000e+00,4/17,22.94%,FBLL1;NHP2;NAT10;FTSJ3
prerank,Positive Regulation Of Exocytosis (GO:0045921),-4.846714e-01,-9.544866e-01,5.363322e-01,8.501843e-01,1.000000e+00,4/33,5.92%,RAB3A;SDC1;RAB15;CADPS
prerank,Synapse Organization (GO:0050808),-4.106831e-01,-9.543761e-01,5.370675e-01,8.494016e-01,1.000000e+00,14/102,4.18%,PTK7;UNC13C;SNCG;CBLN2;SLC8A2;L1CAM;CBLN1;SNCB;CHRNA7;DRD2;PAK3;DNER;PIN1;CACNB3
prerank,Tumor Necrosis Factor-Mediated Signaling Pathway (GO:0033209),-4.924356e-01,-9.538963e-01,5.495495e-01,8.495432e-01,1.000000e+00,11/34,22.28%,TNF;PLVAP;STAT1;AIM2;ILK;RRAGA;TRAF3;TP53;JAK2;TNFRSF1B;PTK2B
prerank,Modulation By Host Of Symbiont Process (GO:0051851),-4.819167e-01,-9.530014e-01,5.358423e-01,8.507368e-01,1.000000e+00,14/34,30.96%,CCL3;CX3CR1;RAB5A;RRP1B;HDAC1;LRRC19;SMARCB1;TAF11;CDC42;FASN;JUN;CCL4;HPN;SAP30BP
prerank,Positive Regulation Of Cell Death (GO:0010942),-4.862522e-01,-9.529094e-01,5.332068e-01,8.499083e-01,1.000000e+00,5/31,8.13%,TNF;ITGAM;BNIP3;MT3;GRIN2B
prerank,Maintenance Of Blood-Brain Barrier (GO:0035633),5.000893e-01,9.519554e-01,5.157385e-01,8.671489e-01,1.000000e+00,7/22,6.15%,GJA1;LAMA2;OCLN;LAMC1;TJP1;CLDN12;SLC12A2
prerank,Regulation Of Cell Communication (GO:0010646),-4.773929e-01,-9.515384e-01,5.372617e-01,8.521263e-01,1.000000e+00,6/36,9.03%,SCG5;TSPYL2;TYMP;YWHAG;PTPN1;MTCH1
prerank,Intracellular Calcium Ion Homeostasis (GO:0006874),-4.091144e-01,-9.512822e-01,5.597920e-01,8.516904e-01,1.000000e+00,8/91,4.12%,ATP2B3;ATP2A3;ANXA6;SLC8A2;HTR2A;CCL3;CHRNA7;ATP1B1
prerank,Positive Regulation Of ATP-dependent Activity (GO:0032781),-4.885298e-01,-9.508444e-01,5.236364e-01,8.517352e-01,1.000000e+00,5/31,15.24%,UHRF1;ATP1B1;GABARAPL2;VMP1;PFN2
prerank,Protein Modification By Small Protein Removal (GO:0070646),-4.201704e-01,-9.505143e-01,5.182724e-01,8.515203e-01,1.000000e+00,14/87,15.42%,UCHL1;HINT1;TNFAIP3;USP11;USP6;COPS8;USP5;DESI1;COPS4;ZC3H12A;SENP8;JOSD1;DEPDC1B;COPS3
prerank,Regulation Of Actin Filament-Based Process (GO:0032970),-4.432235e-01,-9.486207e-01,5.587121e-01,8.550900e-01,1.000000e+00,4/58,3.35%,DMTN;RAC3;HRAS;PAK3
prerank,Regulation Of Fibroblast Migration (GO:0010762),-5.332344e-01,-9.478047e-01,5.637343e-01,8.560193e-01,1.000000e+00,1/18,0.09%,DMTN
prerank,DNA Synthesis Involved In DNA Repair (GO:0000731),-5.064622e-01,-9.465131e-01,5.669014e-01,8.581455e-01,1.000000e+00,4/24,22.49%,RFC3;RRM1;VCP;USP10
prerank,Protein Glycosylation (GO:0006486),-4.019548e-01,-9.464803e-01,5.595855e-01,8.571927e-01,1.000000e+00,17/118,12.43%,B3GALT1;ST8SIA3;B4GAT1;POMT1;PMM1;ST6GALNAC2;B3GALT2;TUSC3;GALNT9;EOGT;ST8SIA6;GALNT12;B3GALNT1;SERP2;B4GALT1;PSMD2;STT3A
prerank,RNA Splicing (GO:0008380),-4.145210e-01,-9.450679e-01,5.428082e-01,8.596062e-01,1.000000e+00,25/92,23.69%,CELF3;FUS;SRSF2;NCBP2;PPP2R1A;SNRNP25;USB1;SRSF7;SNRPA1;RNPS1;TCERG1;DHX15;BCAS2;SYNCRIP;LSM4;DBR1;SRSF4;TXNL4A;LSM1;SNRPD1;SNRNP35;SF3B2;PRPF4;SFPQ;HNRNPC
prerank,Regulation Of Actin Cytoskeleton Organization (GO:0032956),-4.199908e-01,-9.448443e-01,5.620438e-01,8.590693e-01,1.000000e+00,4/73,3.35%,DMTN;RAC3;HRAS;PAK3
prerank,Regulation Of Gluconeogenesis (GO:0006111),5.023277e-01,9.443177e-01,5.574163e-01,8.854287e-01,1.000000e+00,3/23,8.73%,PPARGC1A;KAT2A;FOXO1
prerank,Modulation By Host Of Viral Genome Replication (GO:0044827),-5.331923e-01,-9.439737e-01,5.748175e-01,8.600996e-01,1.000000e+00,4/19,16.17%,FBXL2;ZC3H12A;IFI27;TMEM41B
prerank,Regulation Of Organelle Assembly (GO:1902115),4.113335e-01,9.438978e-01,5.516432e-01,8.847297e-01,1.000000e+00,4/68,5.27%,CDKL1;IFT88;SGSM3;TBC1D16
prerank,Regulation Of Interleukin-8 Production (GO:0032677),-4.496921e-01,-9.436145e-01,5.478723e-01,8.599253e-01,1.000000e+00,7/57,8.02%,IL1B;TNF;IL10;CD244;MYD88;C5AR2;NOD2
prerank,DNA-templated Transcription Elongation (GO:0006354),-5.048931e-01,-9.436139e-01,5.399306e-01,8.588867e-01,1.000000e+00,7/24,24.71%,SUPT4H1;SRCAP;TCEA2;RTF1;SUPT5H;LEO1;CDC73
prerank,Multivesicular Body Sorting Pathway (GO:0071985),-5.209039e-01,-9.434290e-01,5.758123e-01,8.583303e-01,1.000000e+00,1/20,0.37%,LAPTM4B
prerank,Inner Mitochondrial Membrane Organization (GO:0007007),4.780725e-01,9.428820e-01,5.481651e-01,8.857433e-01,1.000000e+00,2/29,6.91%,MAIP1;NDUFA13
prerank,Regulation Of Metaphase/Anaphase Transition Of Cell Cycle (GO:1902099),4.840496e-01,9.427785e-01,5.689278e-01,8.843435e-01,1.000000e+00,2/28,4.93%,DPF3;HECW2
prerank,Macroautophagy (GO:0016236),-4.073628e-01,-9.426625e-01,5.645439e-01,8.591679e-01,1.000000e+00,14/92,19.79%,MAP1LC3A;MAP1LC3B2;GABARAPL2;ATG10;MAP1LC3B;BECN1;VPS37B;VPS37C;VTI1B;UBXN6;VCP;UBA5;GABARAPL1;VAMP7
prerank,Response To Amyloid-Beta (GO:1904645),-4.779000e-01,-9.419721e-01,5.539823e-01,8.597528e-01,1.000000e+00,6/32,6.06%,GRIN1;CD36;CHRNA7;FPR2;CDK5;ICAM1
prerank,Regulation Of Sprouting Angiogenesis (GO:1903670),4.959074e-01,9.413561e-01,5.630435e-01,8.863313e-01,1.000000e+00,7/23,10.09%,BMPER;FGF2;PPP1R16B;FGF1;TJP1;SEMA6A;EPN2
prerank,Negative Regulation Of TOR Signaling (GO:0032007),4.463913e-01,9.406207e-01,5.280899e-01,8.866150e-01,1.000000e+00,9/43,15.85%,CASTOR2;NPRL2;SESN1;SH3BP4;CASTOR1;EPM2A;WDR59;UBR2;NPRL3
prerank,Organonitrogen Compound Biosynthetic Process (GO:1901566),-4.112965e-01,-9.403250e-01,5.714286e-01,8.627959e-01,1.000000e+00,17/93,12.14%,GCH1;PCSK1;CDO1;B4GAT1;SLC44A5;ORMDL1;ELOVL4;BCAT1;ALDH3B1;PCYT1A;INHBA;PLPP1;PLA2G4C;ALAS1;SLC25A15;SPHK1;GPAT4
prerank,tRNA Metabolic Process (GO:0006399),-5.494588e-01,-9.402065e-01,5.996564e-01,8.620559e-01,1.000000e+00,2/15,13.47%,POP7;ZFP36L1
prerank,Interleukin-1-Mediated Signaling Pathway (GO:0070498),-5.257588e-01,-9.400632e-01,5.925926e-01,8.613850e-01,1.000000e+00,3/19,8.54%,IL1B;MYD88;IRAK2
prerank,Positive Regulation Of Mitotic Cell Cycle Phase Transition (GO:1901992),4.322591e-01,9.396124e-01,5.483871e-01,8.874766e-01,1.000000e+00,3/52,2.70%,EGFR;RGCC;PLCB1
prerank,Negative Regulation Of Cytokine-Mediated Signaling Pathway (GO:0001960),-4.586894e-01,-9.395992e-01,5.711744e-01,8.614679e-01,1.000000e+00,13/47,20.20%,ISG15;PARP14;TRAIP;PADI2;SH2B3;PTPN2;SAMHD1;NLRC5;SLIT2;YTHDF3;USP18;YTHDF2;NR1H2
prerank,Histone mRNA Metabolic Process (GO:0008334),-5.136973e-01,-9.393537e-01,5.635063e-01,8.610522e-01,1.000000e+00,6/21,29.37%,NCBP2;LSM11;LSM1;LSM10;MTPAP;CPSF3
prerank,Protein Targeting (GO:0006605),3.891136e-01,9.389221e-01,5.825688e-01,8.875782e-01,1.000000e+00,8/114,9.14%,PARD3;ZDHHC11B;ZDHHC9;ZDHHC15;HOMER3;NLGN1;RABGEF1;LAMP2
prerank,Regulation Of Voltage-Gated Calcium Channel Activity (GO:1901385),-5.366547e-01,-9.389213e-01,5.757042e-01,8.610836e-01,1.000000e+00,4/17,15.64%,CACNB3;CABP4;GNB5;STAC3
prerank,Positive Regulation Of Actin Filament Polymerization (GO:0030838),4.760937e-01,9.384719e-01,5.645933e-01,8.870611e-01,1.000000e+00,4/28,9.01%,CDC42EP1;CDC42EP4;FER;BAIAP2L2
prerank,Phosphate-Containing Compound Metabolic Process (GO:0006796),-3.850949e-01,-9.381060e-01,5.714286e-01,8.620323e-01,1.000000e+00,23/143,12.65%,DUSP15;PTPRB;PLPPR4;OCRL;IPPK;NUDT14;HK3;DUSP8;LIMK2;CDK5;HK2;TPTE2;SLC20A1;PPA1;PLPP1;PLA2G2C;HK1;ENPP3;PLA2G4C;NT5C;SPHK1;SYNJ1;AGPAT1
prerank,Steroid Biosynthetic Process (GO:0006694),-4.754987e-01,-9.377268e-01,5.748709e-01,8.619112e-01,1.000000e+00,4/34,8.19%,CH25H;CYP46A1;CYP8B1;HSD3B7
prerank,Striated Muscle Cell Differentiation (GO:0051146),-5.387982e-01,-9.376741e-01,5.868056e-01,8.609871e-01,1.000000e+00,2/16,1.63%,MESP1;SDC1
prerank,Regulation Of Phosphorylation (GO:0042325),4.185734e-01,9.371973e-01,5.552995e-01,8.887072e-01,1.000000e+00,13/64,10.80%,EGFR;CDKN2A;BMP7;EMP2;HSPB1;CDKN2C;PTGES3;FER;CCDC88C;SIRT2;CDKN2B;LDB1;SDCBP
prerank,Regulation Of Protein Export From Nucleus (GO:0046825),-5.108530e-01,-9.368262e-01,5.676692e-01,8.618911e-01,1.000000e+00,1/22,0.17%,IL1B
prerank,Regulation Of Mitochondrial Fission (GO:0090140),-5.218051e-01,-9.366157e-01,6.027875e-01,8.613912e-01,1.000000e+00,2/23,4.66%,PINK1;BNIP3
prerank,Sensory Perception Of Light Stimulus (GO:0050953),-4.488590e-01,-9.362732e-01,5.665468e-01,8.612086e-01,1.000000e+00,11/50,11.66%,TH;CHRNB2;RGS16;E2F1;PITPNA;SLC4A10;ADGRV1;OAT;CABP4;PCDH15;USH2A
prerank,Carbohydrate Derivative Biosynthetic Process (GO:1901137),-5.000170e-01,-9.360678e-01,5.469314e-01,8.606619e-01,1.000000e+00,8/24,23.73%,B4GAT1;ST8SIA6;RRM1;TPI1;B3GNT5;B4GALT5;SCCPDH;GOLPH3
prerank,Nucleotide-Sugar Biosynthetic Process (GO:0009226),-5.405195e-01,-9.360246e-01,5.936396e-01,8.597422e-01,1.000000e+00,3/15,9.71%,PMM1;UAP1;MPI
prerank,Negative Regulation Of Osteoclast Differentiation (GO:0045671),5.355528e-01,9.351859e-01,5.582418e-01,8.923421e-01,1.000000e+00,2/16,2.51%,FBN1;LTF
prerank,Regulation Of Small GTPase Mediated Signal Transduction (GO:0051056),4.000660e-01,9.349561e-01,5.833333e-01,8.912557e-01,1.000000e+00,10/92,6.89%,KALRN;ARHGEF4;PLEKHG3;ARHGAP23;ARHGAP29;RASGRF2;DOCK3;PLEKHG1;RELN;PLCE1
prerank,Regulation Of Cellular Localization (GO:0060341),-4.455619e-01,-9.345504e-01,5.594059e-01,8.621762e-01,1.000000e+00,3/50,4.39%,ATCAY;PARD6A;MAP2
prerank,Lipid Transport (GO:0006869),-4.244997e-01,-9.333387e-01,5.834768e-01,8.640625e-01,1.000000e+00,5/77,4.00%,SLC10A4;FABP7;CD36;PLPPR4;PITPNA
prerank,Antigen Receptor-Mediated Signaling Pathway (GO:0050851),-4.162835e-01,-9.331343e-01,6.076389e-01,8.635262e-01,1.000000e+00,12/85,12.97%,TNFRSF21;THY1;RFTN1;HLA-A;BTK;NFKBIZ;LCP2;BTN3A1;SKAP1;BTN3A2;ZC3H12A;NFAM1
prerank,Regulation Of MAPK Cascade (GO:0043408),-3.879807e-01,-9.330868e-01,6.260434e-01,8.626199e-01,1.000000e+00,23/147,10.52%,IL1B;RET;DOK6;TNF;DUSP26;PEBP1;HRAS;CHRNA7;PAK3;OSM;DUSP8;LBH;SOD1;ZNF622;PPIA;DUSP2;YWHAZ;GRB2;GHRL;LYN;APIP;PPP2R1A;CD24
prerank,Negative Regulation Of Cellular Component Organization (GO:0051129),4.189196e-01,9.326884e-01,5.448113e-01,8.955877e-01,1.000000e+00,5/58,4.06%,PRKD1;LGALS3;RAPGEF3;TMEFF2;ANKS1B
prerank,Calcium Ion Homeostasis (GO:0055074),-4.288947e-01,-9.325724e-01,5.827338e-01,8.627983e-01,1.000000e+00,7/56,4.12%,GRIN1;ATP2A3;SLC8A2;HTR2A;CCL3;CHRNA7;ATP1B1
prerank,Positive Regulation Of Leukocyte Chemotaxis (GO:0002690),-4.781651e-01,-9.321140e-01,5.823009e-01,8.628680e-01,1.000000e+00,3/32,4.69%,CXCL10;FPR2;VEGFA
prerank,rRNA Methylation (GO:0031167),-5.414568e-01,-9.320078e-01,5.958188e-01,8.621035e-01,1.000000e+00,1/16,4.79%,FBLL1
prerank,Potassium Ion Import Across Plasma Membrane (GO:1990573),4.960654e-01,9.318511e-01,5.631929e-01,8.962120e-01,1.000000e+00,7/26,7.48%,ABCC9;KCNJ10;KCNJ3;ATP1A2;KCNJ16;SLC12A2;KCNJ5
prerank,Proteolysis (GO:0006508),-3.741224e-01,-9.297074e-01,6.354344e-01,8.665741e-01,1.000000e+00,28/185,10.95%,ADAMTS2;RET;PCSK2;OLR1;PCSK1;FBXO2;PLAT;THBD;CTSB;ST14;DPP4;FBXL2;TRABD2A;CELA2B;MMP17;NPEPL1;ADAM23;APEH;CAPNS1;TMPRSS4;SRGN;MMP24;SVBP;ADGRV1;LACTB;DESI1;PSMB5;TLL1
prerank,B Cell Differentiation (GO:0030183),-4.679717e-01,-9.290150e-01,5.786802e-01,8.671952e-01,1.000000e+00,4/35,12.97%,IL10;PIK3R3;PTPN2;NFAM1
prerank,Regulation Of Intracellular Signal Transduction (GO:1902531),3.526258e-01,9.289079e-01,6.614173e-01,9.023294e-01,1.000000e+00,30/239,8.00%,WWTR1;WWC1;RAPGEF3;EGFR;NTRK3;KALRN;TNIK;ARHGEF4;PLEKHG3;PHLPP1;ARHGAP23;MAPT;PLCG2;PPP1R16B;HSPB1;PEX5L;FGF1;WWC3;ARHGAP29;RASGRF2;DOCK3;PLEKHG1;RFFL;RGN;USP2;DAB2IP;DYRK2;NLGN1;NTRK2;PTPN13
prerank,Central Nervous System Neuron Differentiation (GO:0021953),-5.096866e-01,-9.286367e-01,5.868056e-01,8.670814e-01,1.000000e+00,5/21,4.89%,CEND1;CBLN1;NOVA2;MAP2;FAIM2
prerank,Regulation Of T Cell Proliferation (GO:0042129),-4.588850e-01,-9.285808e-01,6.010733e-01,8.661747e-01,1.000000e+00,9/45,9.75%,IL1B;TNFRSF21;CD80;IL10;PNP;CD1D;CR1;IL4I1;TFRC
prerank,Protein Polymerization (GO:0051258),-4.422643e-01,-9.279397e-01,5.874126e-01,8.666226e-01,1.000000e+00,4/49,4.03%,DIAPH3;TPPP3;WASF3;PIN1
prerank,Positive Regulation Of Phosphate Metabolic Process (GO:0045937),4.950780e-01,9.277358e-01,5.833333e-01,9.037956e-01,1.000000e+00,3/21,5.22%,EGFR;PTH1R;PTGES3
prerank,Canonical Wnt Signaling Pathway (GO:0060070),4.635185e-01,9.273588e-01,5.951327e-01,9.031385e-01,1.000000e+00,13/36,21.67%,TCF7L1;DVL2;DVL1;FZD6;FRAT1;DIXDC1;CDH3;TCF7;FZD5;CSNK1E;DVL3;LRRK2;NID1
prerank,Positive Regulation Of Peptidyl-Threonine Phosphorylation (GO:0010800),4.923270e-01,9.272314e-01,5.397196e-01,9.018244e-01,1.000000e+00,2/20,3.49%,CHI3L1;BMP7
prerank,Cellular Response To Low-Density Lipoprotein Particle Stimulus (GO:0071404),-5.201290e-01,-9.271746e-01,6.014235e-01,8.674060e-01,1.000000e+00,2/19,5.06%,CD36;MYD88
prerank,Regulation Of DNA Damage Checkpoint (GO:2000001),-5.293770e-01,-9.267158e-01,5.905923e-01,8.674698e-01,1.000000e+00,8/16,24.68%,BRCA1;WDR76;TELO2;DEPDC1B;BRCA2;TTI2;THOC5;ETAA1
prerank,Natural Killer Cell Activation (GO:0030101),-5.291034e-01,-9.264483e-01,5.774135e-01,8.670833e-01,1.000000e+00,2/17,3.56%,IL21R;CD244
prerank,Selective Autophagy (GO:0061912),-4.383554e-01,-9.259039e-01,5.929825e-01,8.673647e-01,1.000000e+00,5/53,13.79%,PINK1;WDR81;SPATA33;MAP1LC3B;BECN1
prerank,Positive Regulation Of Interferon-Beta Production (GO:0032728),-4.678692e-01,-9.258303e-01,5.620438e-01,8.665536e-01,1.000000e+00,15/32,26.89%,ISG15;TLR2;IRF7;TOMM70;TLR3;POLR3G;POLR3B;IRF1;FLOT1;TLR8;TBK1;OAS1;PTPN11;DHX9;POLR3A
prerank,Regulation Of Telomerase Activity (GO:0051972),4.519364e-01,9.254528e-01,5.701559e-01,9.048598e-01,1.000000e+00,2/38,5.22%,GREM1;PTGES3
prerank,Regulation Of Substrate Adhesion-Dependent Cell Spreading (GO:1900024),-4.541408e-01,-9.247160e-01,5.881326e-01,8.681351e-01,1.000000e+00,2/40,0.61%,DMTN;RAC3
prerank,Regulation Of Supramolecular Fiber Organization (GO:1902903),-5.120461e-01,-9.246943e-01,5.851064e-01,8.671732e-01,1.000000e+00,5/19,4.39%,MAP1A;MAP1B;CHRNA7;MAPRE3;MAP2
prerank,Glycosaminoglycan Metabolic Process (GO:0030203),-4.925490e-01,-9.245983e-01,5.752212e-01,8.663810e-01,1.000000e+00,5/23,19.88%,HS3ST1;GUSB;SGSH;B4GALT7;IDS
prerank,Negative Regulation Of Ras Protein Signal Transduction (GO:0046580),4.660405e-01,9.244349e-01,5.748219e-01,9.058422e-01,1.000000e+00,5/29,8.61%,KANK1;DAB2IP;TGFB2;SPRY1;ITGA3
prerank,Regulation Of Protein Kinase B Signaling (GO:0051896),3.863014e-01,9.243887e-01,6.124031e-01,9.043000e-01,1.000000e+00,15/96,8.70%,CHI3L1;FERMT2;EGFR;NTRK3;MAGI2;FGF2;PHLPP1;MFHAS1;PIK3CA;IGF1R;PLEKHA1;LRP2;FGFR1;NTRK2;INSR
prerank,Cardiac Ventricle Morphogenesis (GO:0003208),5.065474e-01,9.241690e-01,5.733333e-01,9.031812e-01,1.000000e+00,4/21,7.70%,TGFBR3;FGFR2;TGFB2;PROX1
prerank,Positive Regulation Of Receptor Signaling Pathway Via STAT (GO:1904894),4.960588e-01,9.238130e-01,5.532880e-01,9.024209e-01,1.000000e+00,2/19,0.92%,ERBB4;GHR
prerank,Sodium Ion Transmembrane Transport (GO:0035725),-4.416556e-01,-9.237370e-01,6.058394e-01,8.673967e-01,1.000000e+00,6/50,4.12%,SCN3B;SCN2B;SLC8A2;SLC6A3;SCN2A;ATP1B1
prerank,Regulation Of Cysteine-Type Endopeptidase Activity Involved In Apoptotic Process (GO:0043281),-4.260344e-01,-9.231058e-01,6.044521e-01,8.679112e-01,1.000000e+00,12/65,14.37%,TNF;CDKN2D;DHCR24;IFI6;VEGFA;BAD;CARD9;NOD1;NLRP3;CYCS;TNFSF10;LAMTOR5
prerank,Positive Regulation Of Organelle Assembly (GO:1902117),-4.330477e-01,-9.229740e-01,5.830258e-01,8.672367e-01,1.000000e+00,4/56,4.62%,TNF;MOAP1;SDC1;PLK4
prerank,Positive Regulation Of Blood Vessel Endothelial Cell Migration (GO:0043536),4.622790e-01,9.222178e-01,5.752809e-01,9.049945e-01,1.000000e+00,3/35,4.01%,PRKD1;FGF2;HSPB1
prerank,Negative Regulation Of Cell Adhesion (GO:0007162),4.164223e-01,9.202229e-01,5.871560e-01,9.086250e-01,1.000000e+00,9/54,7.84%,PLXNB1;ERBB3;PLXNA1;CORO2B;SPOCK1;SERPINE1;ADAM22;PLXND1;SEMA6A
prerank,Regulation Of Dendritic Spine Development (GO:0060998),-5.200574e-01,-9.190829e-01,6.106195e-01,8.753648e-01,1.000000e+00,4/17,14.08%,KIF1A;GRIN3A;NEURL1;CAMK2B
prerank,Purine Nucleotide Metabolic Process (GO:0006163),-4.832863e-01,-9.190790e-01,6.025408e-01,8.743696e-01,1.000000e+00,6/28,22.77%,PRPS1;MDH1;KMO;QPRT;MTHFD1;HPRT1
prerank,Regulation Of Type I Interferon Production (GO:0032479),-4.385415e-01,-9.185483e-01,5.893805e-01,8.746236e-01,1.000000e+00,10/53,20.65%,MYD88;IKBKE;GAPDH;IRF7;PQBP1;IRF8;PTPN22;IRF1;TRAF3;TICAM1
prerank,Maturation Of SSU-rRNA (GO:0030490),-4.621934e-01,-9.180599e-01,5.797872e-01,8.747364e-01,1.000000e+00,7/36,17.66%,SNU13;TSR1;UTP4;IGF2BP3;TSR2;DHX37;SPPL2B
prerank,Negative Regulation Of DNA Binding (GO:0043392),-5.287297e-01,-9.174396e-01,6.259124e-01,8.750803e-01,1.000000e+00,7/18,29.62%,E2F1;HABP4;SUMO3;JAK2;SP100;JUN;SIN3A
prerank,Golgi Organization (GO:0007030),-3.858737e-01,-9.172438e-01,6.344828e-01,8.745122e-01,1.000000e+00,7/112,8.13%,OPTN;RAB6B;ATP8B3;GOLGA8A;PLK3;SEC23IP;YWHAZ
prerank,Positive Regulation Of Protein-Containing Complex Assembly (GO:0031334),-4.133978e-01,-9.171978e-01,6.277496e-01,8.736191e-01,1.000000e+00,11/77,5.86%,TNF;CD36;TPPP3;PSMC6;BTK;VEGFA;ISG15;MYD88;PLEK;TRABD2A;CHAF1B
prerank,Cellular Response To Heat (GO:0034605),-4.649539e-01,-9.168246e-01,5.782074e-01,8.735092e-01,1.000000e+00,7/34,18.53%,IL1A;YWHAE;ZFAND1;HSF1;THBS1;STUB1;VCP
prerank,Positive Regulation Of Mononuclear Cell Migration (GO:0071677),-5.139246e-01,-9.165811e-01,6.077739e-01,8.730679e-01,1.000000e+00,3/20,3.40%,TNF;CXCL10;FPR2
prerank,"Negative Regulation Of DNA-templated Transcription, Elongation (GO:0032785)",-5.147426e-01,-9.165199e-01,6.190476e-01,8.722313e-01,1.000000e+00,4/18,21.38%,SUPT4H1;TCERG1;RNF8;SUPT5H
prerank,Positive Regulation Of Peptidyl-Serine Phosphorylation (GO:0033138),4.169566e-01,9.152623e-01,5.783410e-01,9.198255e-01,1.000000e+00,4/53,2.68%,PRKD1;EGFR;NTRK3;CD44
prerank,"DNA Damage Response, Signal Transduction By P53 Class Mediator (GO:0030330)",-4.694885e-01,-9.152149e-01,6.031469e-01,8.742865e-01,1.000000e+00,9/32,15.47%,GTSE1;E2F7;BATF;CDKN1A;PLK3;RPS6KA6;PAXIP1;FOXM1;MDM4
prerank,Positive Regulation Of Double-Strand Break Repair Via Homologous Recombination (GO:1905168),-4.640752e-01,-9.139161e-01,6.247756e-01,8.761989e-01,1.000000e+00,6/35,15.48%,FUS;ERCC6;ACTR2;RAD51AP1;HDGFL2;RUVBL1
prerank,Negative Regulation Of Mitotic Cell Cycle Phase Transition (GO:1901991),-4.641426e-01,-9.138748e-01,5.920139e-01,8.752980e-01,1.000000e+00,8/34,13.47%,WEE1;CCL2;E2F7;FHL1;CDKN1A;INHBA;GPR132;ZFP36L1
prerank,Regulation Of Cold-Induced Thermogenesis (GO:0120161),3.763105e-01,9.135101e-01,6.332518e-01,9.227960e-01,1.000000e+00,11/105,5.55%,PRDM16;OXTR;GJA1;PLCL1;NOVA1;CXCR4;LGR4;ACOT11;PPARGC1A;ZNF423;IGF1R
prerank,Energy Derivation By Oxidation Of Organic Compounds (GO:0015980),-4.634432e-01,-9.132371e-01,5.869159e-01,8.757516e-01,1.000000e+00,10/33,13.92%,MT3;NDUFA4;COX6C;COX7A2;MRAP2;COX7C;COX5A;UQCRQ;CYCS;UQCRH
prerank,Cellular Response To Type I Interferon (GO:0071357),-5.094774e-01,-9.132045e-01,6.113074e-01,8.748389e-01,1.000000e+00,8/20,23.96%,MYD88;IKBKE;STAT1;IFIT1;IFI27;TRAF3;TBK1;IFITM3
prerank,Regulation Of G1/S Transition Of Mitotic Cell Cycle (GO:2000045),3.877881e-01,9.130972e-01,6.650718e-01,9.222079e-01,1.000000e+00,7/91,4.03%,DPF3;EGFR;GPNMB;RGCC;CDKN2A;PLCB1;CDKN2C
prerank,Secondary Alcohol Biosynthetic Process (GO:1902653),-4.996774e-01,-9.130568e-01,5.839161e-01,8.742201e-01,1.000000e+00,8/22,20.33%,DHCR24;INSIG1;NSDHL;HMGCR;MVD;ACLY;MSMO1;HMGCS1
prerank,Gene Expression (GO:0010467),3.430273e-01,9.130298e-01,6.936709e-01,9.207286e-01,1.000000e+00,62/263,19.34%,RBPMS;RPS27;NOVA1;RPL32;RPL37;RPLP2;RPS17;RPL30;ADARB1;RPS18;DEDD2;RPLP1;BICD1;RPS28;RPL19;ADARB2;RPL28;FAU;RPL34;RPS8;RPS29;RPL7A;RPL10;RPS15;RPS15A;SARNP;RPL36;RPS25;RPL31;RPL38;THOC3;CASP1;RPL41;RPL13;RPL23A;RPL11;RPL27;RPS14;RPL35;RPL37A;RBM15B;RPL35A;ALKBH5;RPS19;RPL29;CASP3;DUSP11;RPS27A;RPS4X;RPS5;MAGOHB;MAGOH;RPS23;TSPAN15;YARS2;RPS24;RPL18;RPS7;MRPL18;RPL12;RPS13;CELF2
prerank,Negative Regulation Of Protein Localization To Cell Periphery (GO:1904376),-5.125780e-01,-9.121606e-01,5.789474e-01,8.753032e-01,1.000000e+00,5/17,26.44%,AP2M1;MRAP2;PID1;CLTC;GBP1
prerank,Regulation Of Protein Localization (GO:0032880),-4.142678e-01,-9.120744e-01,6.254355e-01,8.745349e-01,1.000000e+00,4/71,4.39%,ATCAY;MAP1A;PIN1;MAP2
prerank,Protein Localization To Organelle (GO:0033365),-3.897376e-01,-9.116057e-01,6.520979e-01,8.746232e-01,1.000000e+00,12/112,12.81%,OPTN;TUB;SNX10;ISG15;TTC26;FSIP2;ATP6V1D;YWHAE;GABARAPL2;RAB11A;PPP1R15A;RAB35
prerank,Regulation Of Lipid Metabolic Process (GO:0019216),-4.647942e-01,-9.109099e-01,6.022945e-01,8.751889e-01,1.000000e+00,2/34,1.55%,IL1B;ID2
prerank,Protein-Containing Complex Assembly (GO:0065003),3.411197e-01,9.104570e-01,7.336957e-01,9.258131e-01,1.000000e+00,25/263,7.50%,PARD3;ADCY8;YAP1;FERMT2;CD247;MITF;STXBP6;CCDC40;PPARGC1A;COL16A1;BOK;SPAG1;MAPT;HIP1R;OCLN;LAMC1;LLGL1;PTGES3;MID1IP1;SOX9;ANLN;P2RX7;FCHO2;PPID;BBS10
prerank,Positive Regulation Of Calcium Ion Transport (GO:0051928),4.818512e-01,9.101355e-01,6.013986e-01,9.250064e-01,1.000000e+00,5/22,8.63%,LGALS3;PDGFRB;WFS1;CACNB2;CXCL12
prerank,Cellular Component Disassembly (GO:0022411),4.978551e-01,9.099516e-01,5.724638e-01,9.238406e-01,1.000000e+00,7/17,17.98%,LAMC1;MMP2;CAPG;EXOC8;ADAM15;ADAMTS15;CTSS
prerank,Endothelial Cell Migration (GO:0043542),-4.849912e-01,-9.095585e-01,6.151203e-01,8.772926e-01,1.000000e+00,6/27,13.32%,EGR3;VEGFA;DPP4;NELL1;STAT1;RAB13
prerank,Glutamine Family Amino Acid Metabolic Process (GO:0009064),-4.915267e-01,-9.092948e-01,6.223776e-01,8.769129e-01,1.000000e+00,2/23,4.85%,RIMKLA;GOT1
prerank,Phospholipid Transport (GO:0015914),-4.360400e-01,-9.089211e-01,6.054422e-01,8.767418e-01,1.000000e+00,3/47,4.00%,ABCB4;ATP8B3;PITPNA
prerank,Multivesicular Body Organization (GO:0036257),-4.731078e-01,-9.087336e-01,6.092943e-01,8.761750e-01,1.000000e+00,4/26,16.95%,RAB11A;UBAP1;VPS37B;VPS37C
prerank,Positive Regulation Of Neuron Projection Development (GO:0010976),3.873416e-01,9.080732e-01,6.091127e-01,9.270952e-01,1.000000e+00,19/76,7.91%,PRKD1;NTRK3;MAGI2;ROR1;COBL;ALK;ZNF804A;ROR2;SCARB2;BMP7;ZDHHC15;TOX;PTN;RELN;EPHA3;DAB2IP;NLGN1;DDR2;NTRK2
prerank,Regulation Of Translational Initiation (GO:0006446),-4.264330e-01,-9.079278e-01,6.086176e-01,8.769347e-01,1.000000e+00,13/56,21.63%,CDC123;EIF1B;NCBP2;HABP4;NCK2;RBM4;EIF4A2;EIF4B;MIF4GD;YTHDF3;EIF4H;YTHDF2;EIF4G1
prerank,Positive Regulation Of Telomere Maintenance Via Telomerase (GO:0032212),-4.758165e-01,-9.078796e-01,6.000000e-01,8.760768e-01,1.000000e+00,2/29,6.62%,PRKCQ;PKIB
prerank,Secretory Granule Organization (GO:0033363),-5.016942e-01,-9.071242e-01,6.212914e-01,8.767747e-01,1.000000e+00,9/20,31.89%,SRGN;AP3M1;HPS3;AP1M1;AP1S1;AP3D1;BLOC1S2;HPS6;AP1B1
prerank,Glycerophospholipid Catabolic Process (GO:0046475),4.978784e-01,9.066993e-01,5.823389e-01,9.291368e-01,1.000000e+00,2/18,6.40%,ENPP6;ENPP2
prerank,Positive Regulation Of Viral Process (GO:0048524),4.464678e-01,9.060606e-01,5.956044e-01,9.291426e-01,1.000000e+00,5/34,9.47%,TYRO3;ADARB1;PPID;TMEM250;PDE12
prerank,Negative Regulation Of DNA-binding Transcription Factor Activity (GO:0043433),3.699335e-01,9.056595e-01,6.380952e-01,9.285120e-01,1.000000e+00,12/113,9.95%,NWD1;CDKN2A;NUPR1;BMP7;WFS1;PTCH1;ARRB1;DAB2IP;ERBIN;PROX1;FZD6;TBX6
prerank,Positive Regulation Of Bone Mineralization (GO:0030501),4.675731e-01,9.053214e-01,5.931818e-01,9.277618e-01,1.000000e+00,8/28,7.85%,BMPR1B;LTF;BMP7;PKDCC;PTN;P2RX7;GPM6B;ACVR2B
prerank,Regulation Of miRNA Transcription (GO:1902893),-4.385556e-01,-9.052746e-01,6.003584e-01,8.800677e-01,1.000000e+00,6/44,3.34%,TNF;FOXA1;EGR1;FOSL1;FOS;IL10
prerank,Nuclear Migration (GO:0007097),5.122028e-01,9.051440e-01,5.902004e-01,9.266183e-01,1.000000e+00,3/16,12.17%,CLMN;SUN2;DOCK7
prerank,Nuclear Membrane Reassembly (GO:0031468),4.942305e-01,9.050353e-01,5.847255e-01,9.252411e-01,1.000000e+00,5/20,22.49%,SIRT2;UBXN2A;CHMP6;SPAST;REEP3
prerank,Regulation Of Axonogenesis (GO:0050770),4.368729e-01,9.048309e-01,6.239130e-01,9.241372e-01,1.000000e+00,6/39,7.91%,PLXNB1;PLXNA1;CDH2;PLXND1;LRP4;NTRK2
prerank,Regulation Of Cell-Matrix Adhesion (GO:0001952),-4.292731e-01,-9.048236e-01,6.232394e-01,8.801206e-01,1.000000e+00,5/53,5.02%,THY1;CD36;ACTG1;PLET1;ENC1
prerank,Multivesicular Body Assembly (GO:0036258),-4.739250e-01,-9.048170e-01,6.122807e-01,8.791570e-01,1.000000e+00,4/25,16.95%,RAB11A;UBAP1;VPS37B;VPS37C
prerank,Monocarboxylic Acid Biosynthetic Process (GO:0072330),-4.374589e-01,-9.044754e-01,6.305842e-01,8.789413e-01,1.000000e+00,19/48,21.52%,CYP46A1;CYP8B1;ELOVL4;NDUFAB1;HSD3B7;PLA2G2C;ACOT8;PARK7;ACSM3;UST;SDS;ACLY;HSD17B10;DSE;LCP1;OSBPL6;ALDH1A2;XBP1;SRR
prerank,Calcium Ion Transmembrane Transport (GO:0070588),-4.089992e-01,-9.044428e-01,6.485062e-01,8.780493e-01,1.000000e+00,11/66,9.57%,ATP2B3;GRIN1;CACNA1G;ATP2A3;SLC8A2;CACNB3;GHITM;CACNA2D4;GRIN2B;MCOLN2;TRPC6
prerank,Response To Epidermal Growth Factor (GO:0070849),4.685214e-01,9.037640e-01,5.898618e-01,9.250703e-01,1.000000e+00,2/25,5.72%,EGFR;SOX9
prerank,Histone H4 Acetylation (GO:0043967),4.402875e-01,9.031538e-01,5.839243e-01,9.249299e-01,1.000000e+00,1/37,2.46%,JADE2
prerank,Positive Regulation Of Intracellular Protein Transport (GO:0090316),-3.834275e-01,-9.027451e-01,6.382609e-01,8.809693e-01,1.000000e+00,21/112,17.76%,IL1B;PINK1;HRAS;PIN1;ITGAM;KCNB1;PLK3;UBE2L3;TENM1;YWHAE;ZC3H12A;ZFAND1;SMAD3;EMD;TM9SF4;ZPR1;TCAF2;MFF;JUP;OAZ2;KIF20B
prerank,Regulation Of Glycolytic Process (GO:0006110),-4.612443e-01,-9.025484e-01,6.452206e-01,8.804382e-01,1.000000e+00,3/33,3.54%,SLC2A6;PGAM1;GAPDHS
prerank,Regulation Of Signal Transduction By P53 Class Mediator (GO:1901796),-4.533318e-01,-9.022784e-01,6.186441e-01,8.800909e-01,1.000000e+00,1/41,0.47%,CHEK1
prerank,Positive Regulation Of Fat Cell Differentiation (GO:0045600),-4.465426e-01,-9.014365e-01,5.989583e-01,8.809470e-01,1.000000e+00,6/39,6.19%,ID2;ZFP36;LMO3;VSTM2A;FNDC5;METRNL
prerank,Inorganic Cation Transmembrane Transport (GO:0098662),3.533429e-01,9.011219e-01,6.751269e-01,9.284624e-01,1.000000e+00,31/170,10.54%,TRPM3;ABCC9;RYR3;SLC4A4;KCND2;NALCN;SLC24A2;SLC6A11;SLC30A10;KCNH8;KCNK1;SLC24A4;ATP1A2;AQP1;SLC6A1;SLC24A3;SLC12A2;P2RX7;KCNH1;SLC40A1;CACNA1C;SLC6A9;KCNK10;KCNC4;SLC36A1;KCNH7;SLC41A1;SLC30A4;KCNG1;SLC6A16;RNASEK
prerank,Nuclear Transport (GO:0051169),-4.529218e-01,-9.000485e-01,6.111111e-01,8.830808e-01,1.000000e+00,8/35,23.38%,SEC13;NUP50;NUP58;NUP160;NUP98;RANBP2;NUP133;POM121
prerank,Cellular Response To Cadmium Ion (GO:0071276),4.888818e-01,8.997604e-01,6.150235e-01,9.301520e-01,1.000000e+00,2/19,4.13%,EGFR;MT1F
prerank,Regulation Of Telomere Maintenance Via Telomerase (GO:0032210),-4.382632e-01,-8.996188e-01,6.442478e-01,8.830493e-01,1.000000e+00,9/46,25.25%,PRKCQ;PKIB;TENM1;TINF2;TERF2;FBXO4;NAT10;HNRNPC;PNKP
prerank,Embryonic Organ Morphogenesis (GO:0048562),-5.165358e-01,-8.995736e-01,6.236559e-01,8.821795e-01,1.000000e+00,3/16,1.55%,FBN2;MESP1;ID2
prerank,Negative Regulation Of Transforming Growth Factor Beta Receptor Signaling Pathway (GO:0030512),-4.160837e-01,-8.993140e-01,6.389892e-01,8.818275e-01,1.000000e+00,4/62,4.03%,FBN2;PEG10;ASPN;PIN1
prerank,Wnt Signaling Pathway (GO:0016055),4.157573e-01,8.986935e-01,6.049661e-01,9.312384e-01,1.000000e+00,10/50,10.84%,FERMT2;TCF7L1;PLCG2;DVL2;GPC4;CCDC88C;DVL1;FZD6;STRN;FRAT1
prerank,Sterol Metabolic Process (GO:0016125),-4.550022e-01,-8.981217e-01,6.280277e-01,8.834891e-01,1.000000e+00,5/36,10.92%,CH25H;CYP46A1;CYP8B1;NSDHL;ABCA5
prerank,Regulation Of Cell Cycle (GO:0051726),-3.510760e-01,-8.975984e-01,7.524752e-01,8.836048e-01,1.000000e+00,20/240,9.26%,BEX1;CHEK1;TSPYL2;TMEM8B;GADD45A;HRAS;JUNB;DHCR24;HPGD;CDC123;MCM2;CDK5;BRCA1;GADD45B;ANAPC13;CDKN1A;RNF40;MAPK12;MX2;YWHAE
prerank,Regulation Of Microtubule Cytoskeleton Organization (GO:0070507),-4.602480e-01,-8.971968e-01,6.394316e-01,8.835625e-01,1.000000e+00,4/33,4.97%,STMN2;STMN1;MAPRE3;STMN3
prerank,Regulation Of Dendrite Development (GO:0050773),4.554492e-01,8.964216e-01,6.081081e-01,9.353228e-01,1.000000e+00,8/34,6.84%,TNIK;COBL;ALK;BMP7;ZDHHC15;HECW2;PTN;DAB2IP
prerank,Positive Regulation Of Cell-Matrix Adhesion (GO:0001954),-4.622009e-01,-8.953707e-01,6.292335e-01,8.866476e-01,1.000000e+00,4/31,5.02%,THY1;CD36;VEGFA;ENC1
prerank,Extracellular Matrix Disassembly (GO:0022617),4.854749e-01,8.950077e-01,6.004785e-01,9.373424e-01,1.000000e+00,7/18,17.98%,LAMC1;MMP2;CAPG;EXOC8;ADAM15;ADAMTS15;CTSS
prerank,Protein Localization To Nucleus (GO:0034504),-3.860667e-01,-8.947772e-01,6.621392e-01,8.869993e-01,1.000000e+00,30/103,23.94%,SKP1;KPNB1;YWHAE;RANBP6;SEC13;NUP50;PLK1;APLP2;LMNB1;PTTG1IP;RANBP17;PRICKLE1;PPP1R10;NUP98;GBP2;BCL3;AKT1;HEATR3;PHB2;TOR1AIP1;RAP1GDS1;RAN;NUP133;NXT1;KPNA2;POM121;KPNA6;TOR1A;IPO7;E2F3
prerank,Positive Regulation Of Nucleocytoplasmic Transport (GO:0046824),-4.411588e-01,-8.947548e-01,6.341912e-01,8.860948e-01,1.000000e+00,8/39,17.05%,IL1B;NCBP2;YWHAE;ZC3H12A;SMAD3;EMD;ZPR1;JUP
prerank,Organic Hydroxy Compound Biosynthetic Process (GO:1901617),-4.612498e-01,-8.943002e-01,6.390845e-01,8.861654e-01,1.000000e+00,9/32,14.80%,CH25H;CYP46A1;ALOX12;CYP8B1;HSD3B7;PNPO;HMGCR;ACOT8;PARK7
prerank,Synapse Assembly (GO:0007416),-4.311992e-01,-8.940106e-01,6.457243e-01,8.858492e-01,1.000000e+00,9/47,9.25%,GABRG2;DRD2;DNER;CDK5;LGI2;BDNF;GABRA1;GABRB3;FGF13
prerank,Organic Substance Transport (GO:0071702),-3.683476e-01,-8.935723e-01,7.008696e-01,8.858750e-01,1.000000e+00,12/133,4.66%,SLC18A2;ATP2A3;CHRNB2;SLC6A3;CCL3;SLC22A4;CHRNA7;CHRNA4;SCAMP5;KIF3A;CACNB3;CACNG8
prerank,Cellular Response To Epidermal Growth Factor Stimulus (GO:0071364),4.748784e-01,8.933460e-01,6.054422e-01,9.398312e-01,1.000000e+00,2/22,5.72%,EGFR;SOX9
prerank,Chaperone-Mediated Protein Complex Assembly (GO:0051131),-4.956133e-01,-8.933275e-01,6.402878e-01,8.854825e-01,1.000000e+00,1/19,1.81%,TMEM35A
prerank,Chromatin Remodeling (GO:0006338),3.420422e-01,8.928098e-01,7.560386e-01,9.395621e-01,1.000000e+00,14/201,9.25%,PRDM16;DPF3;BMI1;ZNF827;PWWP2A;CHRAC1;KAT2B;KAT2A;SOX9;SATB2;EZH1;MECOM;ZNF274;SIRT2
prerank,Negative Regulation Of Protein Kinase B Signaling (GO:0051898),4.503511e-01,8.926881e-01,6.033254e-01,9.382080e-01,1.000000e+00,3/28,6.26%,MAGI2;PHLPP1;PLEKHA1
prerank,Negative Regulation Of Cellular Process (GO:0048523),-3.344126e-01,-8.923402e-01,8.032520e-01,8.867066e-01,1.000000e+00,44/377,10.71%,IL1B;RERG;TNFRSF21;FABP7;IL1A;CGREF1;ARHGDIG;CDKN2D;ANXA6;TSPYL2;HRAS;DRD2;IL10;OSM;HPGD;PIN1;BTG2;OPRM1;E2F7;CCL3L1;MT3;BLM;FHL1;DLG3;ACVR1B;BRCA1;FABP3;TES;CDKN1A;RND1;TNFRSF8;SEMA5A;TENM1;SH2B3;INHBA;COPS8;PTPN2;PLPP1;LYN;HMGA1;PPP2R1A;NEURL1;TESC;LDOC1
prerank,Ubiquitin-Dependent Protein Catabolic Process Via The Multivesicular Body Sorting Pathway (GO:0043162),4.546304e-01,8.919528e-01,6.137441e-01,9.383312e-01,1.000000e+00,4/29,14.21%,UBAP1L;CHMP6;NEDD4;MVB12A
prerank,Actin Filament Organization (GO:0007015),-3.847696e-01,-8.918145e-01,6.829268e-01,8.868900e-01,1.000000e+00,5/110,2.45%,DMTN;TAGLN3;RAC3;DSTN;LMOD3
prerank,Cellular Response To Acid Chemical (GO:0071229),-4.725186e-01,-8.913385e-01,6.399287e-01,8.869754e-01,1.000000e+00,5/24,10.36%,KLF2;VEGFA;NSMF;GLRA1;NEURL1
prerank,Positive Regulation Of Lamellipodium Organization (GO:1902745),4.617198e-01,8.910616e-01,6.143791e-01,9.388596e-01,1.000000e+00,4/25,6.89%,OCLN;PIK3CA;ENPP2;PLCE1
prerank,Positive Regulation Of Cell Growth (GO:0030307),-3.906975e-01,-8.902641e-01,6.644182e-01,8.885265e-01,1.000000e+00,4/86,3.20%,SYT1;SYT4;L1CAM;RIMS1
prerank,Positive Regulation Of Tyrosine Phosphorylation Of STAT Protein (GO:0042531),4.624316e-01,8.899668e-01,6.181015e-01,9.401192e-01,1.000000e+00,3/25,2.14%,ERBB4;GHR;FGFR3
prerank,Regulation Of Peptidyl-Serine Phosphorylation (GO:0033135),-4.035755e-01,-8.897375e-01,6.602113e-01,8.887601e-01,1.000000e+00,8/70,8.23%,DMTN;TNF;PINK1;OSM;VEGFA;BDNF;MLXIPL;TENM1
prerank,Protein Localization (GO:0008104),3.289120e-01,8.896191e-01,8.214286e-01,9.393774e-01,1.000000e+00,24/293,9.86%,PARD3;FERMT2;PTPRK;EGFR;GJA1;TSNARE1;SHROOM3;EMP2;AKAP3;PEX5L;ZDHHC15;OCLN;SNX31;MAL;NECTIN1;ERBIN;CCDC120;BICD1;STX2;SNX27;CDAN1;NPHP1;BBS2;NBEAL1
prerank,Protein Polyubiquitination (GO:0000209),3.433390e-01,8.894555e-01,7.469586e-01,9.381453e-01,1.000000e+00,4/198,1.48%,SASH1;FBXL7;ARRDC4;RNF144A
prerank,Negative Regulation Of Phosphatase Activity (GO:0010923),4.955148e-01,8.886819e-01,6.234043e-01,9.384316e-01,1.000000e+00,2/15,7.19%,PPP1R1B;TGFB2
prerank,Positive Regulation Of Signal Transduction By P53 Class Mediator (GO:1901798),-5.008215e-01,-8.884189e-01,6.462094e-01,8.906870e-01,1.000000e+00,1/16,2.28%,UBB
prerank,Vesicle Docking (GO:0048278),-4.912317e-01,-8.879190e-01,6.546392e-01,8.907039e-01,1.000000e+00,2/19,3.08%,STX19;STX1B
prerank,Phosphatidylinositol Metabolic Process (GO:0046488),4.067806e-01,8.878696e-01,6.279621e-01,9.388536e-01,1.000000e+00,6/58,6.44%,FGF2;PLCB1;PDGFRB;SYNJ2;PLCG2;VAC14
prerank,Cellular Response To Hormone Stimulus (GO:0032870),4.045924e-01,8.877013e-01,6.455142e-01,9.376732e-01,1.000000e+00,6/56,7.16%,GHR;OXTR;THRB;ATP1A2;SOX9;GAS2L1
prerank,Negative Regulation Of T Cell Activation (GO:0050868),4.521822e-01,8.875620e-01,6.382488e-01,9.364049e-01,1.000000e+00,3/31,1.64%,SDC4;LGALS3;GPNMB
prerank,Regulation Of Bone Mineralization (GO:0030500),4.243033e-01,8.873970e-01,6.406250e-01,9.352312e-01,1.000000e+00,9/41,7.85%,BMPR1B;GREM1;BMP7;PKDCC;PTN;P2RX7;DDR2;GPM6B;ACVR2B
prerank,Regulation Of Centrosome Duplication (GO:0010824),-4.764231e-01,-8.872692e-01,6.454389e-01,8.911605e-01,1.000000e+00,9/23,35.10%,XRCC3;GEN1;NAT10;CEP131;CENPJ;CHMP1A;CHMP2A;STIL;CHMP3
prerank,Positive Regulation Of Protein Kinase B Signaling (GO:0051897),-4.108577e-01,-8.867145e-01,6.706897e-01,8.914267e-01,1.000000e+00,7/64,5.21%,RET;TNF;PINK1;CCL3;OSM;TSPYL5;HBEGF
prerank,Negative Regulation Of Protein Dephosphorylation (GO:0035308),4.904874e-01,8.866616e-01,6.085973e-01,9.354221e-01,1.000000e+00,3/18,4.50%,PPP1R16B;PPP1R1B;MFHAS1
prerank,Negative Regulation Of Kinase Activity (GO:0033673),-4.198167e-01,-8.865845e-01,6.228070e-01,8.907647e-01,1.000000e+00,7/51,9.72%,CAMK2N2;THY1;YWHAG;DBNDD1;PPIA;PPM1E;TRIB1
prerank,Positive Regulation Of Metabolic Process (GO:0009893),3.821645e-01,8.844209e-01,6.700252e-01,9.394086e-01,1.000000e+00,5/74,3.25%,PRDM16;OXTR;GJA1;CXCR4;PPARGC1A
prerank,Regulation Of Cytokine Production (GO:0001817),-3.739928e-01,-8.839767e-01,7.289562e-01,8.954010e-01,1.000000e+00,22/118,13.62%,IL1A;TNF;SCAMP5;IL10;SLC11A1;ISG15;BATF;SOD1;C5AR2;GAPDH;BTN3A1;SRGN;CARD9;LYN;IGF2BP3;BTN3A2;PLD3;ALOX5;AGPAT1;NFAM1;IRF7;CLEC9A
prerank,Organic Hydroxy Compound Transport (GO:0015850),4.488278e-01,8.837068e-01,6.059113e-01,9.396972e-01,1.000000e+00,7/29,7.33%,ABCC3;SLCO1A2;SLCO1C1;SLC44A1;SLC22A3;SLC5A11;SLC10A1
prerank,Regulation Of Integrin-Mediated Signaling Pathway (GO:2001044),4.858732e-01,8.827756e-01,6.031390e-01,9.403554e-01,1.000000e+00,6/17,7.21%,PRKD1;LAMA2;EMP2;LAMC1;LAMB2;LAMA1
prerank,Regulation Of Protein Binding (GO:0043393),-3.866132e-01,-8.823887e-01,6.861702e-01,8.979816e-01,1.000000e+00,10/94,14.84%,PRMT8;PIN1;ADD2;CDKN1A;ZFPM1;SUB1;IFIT1;PLK1;PARK7;RALB
prerank,Ribosome Assembly (GO:0042255),4.334545e-01,8.820962e-01,6.352941e-01,9.403404e-01,1.000000e+00,10/38,15.88%,RPS27;RPS28;TRAF7;RPL10;RPS15;RPS27L;RPL23A;RPL11;RPS14;RPS19
prerank,Regulation Of Sodium Ion Transport (GO:0002028),-4.535495e-01,-8.818843e-01,6.368515e-01,8.981996e-01,1.000000e+00,3/28,3.21%,SCN3B;FGF12;DRD2
prerank,Negative Regulation Of Intrinsic Apoptotic Signaling Pathway In Response To DNA Damage (GO:1902230),-4.934207e-01,-8.817477e-01,6.373239e-01,8.975524e-01,1.000000e+00,1/18,1.18%,CDKN2D
prerank,Intracellular pH Reduction (GO:0051452),-4.668889e-01,-8.810023e-01,6.375228e-01,8.982204e-01,1.000000e+00,8/29,17.21%,ATP6V0E2;SLC11A1;ATP6V1D;TPCN2;RAB38;ATP6V0D1;ATP6V0A1;ATP6V1A
prerank,Mitochondrial Membrane Organization (GO:0007006),-4.575370e-01,-8.803407e-01,6.405694e-01,8.987533e-01,1.000000e+00,5/27,8.84%,SLC25A4;BNIP3;GHITM;PPIF;BAD
prerank,Positive Regulation Of Telomere Maintenance Via Telomere Lengthening (GO:1904358),-4.552772e-01,-8.801693e-01,6.565836e-01,8.981789e-01,1.000000e+00,2/31,6.62%,PRKCQ;PKIB
prerank,Positive Regulation Of Protein Dephosphorylation (GO:0035307),-4.566023e-01,-8.799557e-01,6.597222e-01,8.976984e-01,1.000000e+00,7/31,6.90%,CALM3;CDCA2;PIN1;SMPD1;CALM1;PPIA;NSMF
prerank,Regulation Of Extrinsic Apoptotic Signaling Pathway Via Death Domain Receptors (GO:1902041),4.655959e-01,8.797149e-01,6.526807e-01,9.446453e-01,1.000000e+00,3/23,5.63%,LGALS3;SERPINE1;RFFL
prerank,Calcium Ion Transport (GO:0006816),-3.898089e-01,-8.794238e-01,6.830123e-01,8.979141e-01,1.000000e+00,12/80,7.21%,CACNA1G;ATP2A3;CHRNB2;SLC8A2;CCL3;CHRNA7;CHRNA4;CACNB3;CACNG8;ORAI2;CACNA2D4;GRIN3A
prerank,Regulation Of Receptor Signaling Pathway Via JAK-STAT (GO:0046425),-4.413967e-01,-8.789110e-01,6.523236e-01,8.981396e-01,1.000000e+00,7/31,9.23%,TNF;IL10;SOCS3;CALM1;OCIAD2;SH2B3;PTPN2
prerank,Negative Regulation Of Carbohydrate Metabolic Process (GO:0045912),4.681857e-01,8.781966e-01,6.382488e-01,9.468763e-01,1.000000e+00,2/22,5.60%,NUPR1;KAT2A
prerank,O-glycan Processing (GO:0016266),-4.589398e-01,-8.781278e-01,6.678766e-01,8.989941e-01,1.000000e+00,4/31,9.66%,B4GAT1;ST6GALNAC2;GALNT9;GALNT12
prerank,Negative Regulation Of Extrinsic Apoptotic Signaling Pathway Via Death Domain Receptors (GO:1902042),-4.975343e-01,-8.779346e-01,6.362098e-01,8.984461e-01,1.000000e+00,4/16,6.86%,FAIM2;ICAM1;BRCA1;TNFAIP3
prerank,Lipid Biosynthetic Process (GO:0008610),-4.177679e-01,-8.776605e-01,6.744966e-01,8.980499e-01,1.000000e+00,22/51,24.53%,ELOVL4;MLXIPL;NDUFAB1;LPCAT1;PLA2G2C;GPAT4;HMGCR;FADS1;MVD;ACSM3;ACLY;GUCY2C;LCP1;AGPAT3;DOLPP1;PIP5K1A;XBP1;FDXR;DHRS11;PRKAA2;PCYT2;AGPAT4
prerank,Negative Regulation Of Endothelial Cell Migration (GO:0010596),4.397743e-01,8.763329e-01,6.439909e-01,9.496956e-01,1.000000e+00,3/27,2.43%,ADAMTS9;FGF2;RGCC
prerank,Positive Regulation Of Stress-Activated Protein Kinase Signaling Cascade (GO:0070304),-5.087535e-01,-8.757705e-01,6.535714e-01,9.012460e-01,1.000000e+00,3/15,9.44%,NOD2;CARD9;LYN
prerank,Inorganic Cation Import Across Plasma Membrane (GO:0098659),-4.037914e-01,-8.746825e-01,6.830123e-01,9.026027e-01,1.000000e+00,10/64,5.59%,CACNA1G;SCN7A;KCNJ6;SLC8A2;SCN2A;CACNA1E;KCNJ13;ATP1B1;KCNJ9;SCN3A
prerank,Positive Regulation Of Translation (GO:0045727),-3.768040e-01,-8.745858e-01,7.094017e-01,9.018482e-01,1.000000e+00,28/92,26.97%,CDC123;COA3;RBM3;FASTKD2;CIRBP;HABP4;PKM;MPV17L2;FASTKD3;C1QBP;UPF3B;THBS1;SYNCRIP;YTHDF3;LARP4B;PYM1;BCL3;YTHDF2;PIWIL2;NAT10;DHX36;CNBP;FXR2;RPUSD4;CSDE1;DHX9;PABPC1;HNRNPD
prerank,Positive Regulation Of Ossification (GO:0045778),4.431692e-01,8.743293e-01,6.425439e-01,9.528838e-01,1.000000e+00,8/30,7.85%,BMPR1B;BMP7;PKDCC;ZBTB16;PTN;P2RX7;GPM6B;ACVR2B
prerank,Apoptotic Mitochondrial Changes (GO:0008637),-4.524977e-01,-8.734799e-01,6.429872e-01,9.031869e-01,1.000000e+00,7/30,10.95%,BCL2A1;IFI6;BNIP3;GGCT;HK2;BAD;MCL1
prerank,Protein Mannosylation (GO:0035268),4.861108e-01,8.734448e-01,6.482759e-01,9.534495e-01,1.000000e+00,2/18,3.72%,TMTC2;TMTC1
prerank,Positive Regulation Of Receptor Signaling Pathway Via JAK-STAT (GO:0046427),4.691193e-01,8.733452e-01,6.320542e-01,9.520608e-01,1.000000e+00,2/20,0.92%,ERBB4;GHR
prerank,Negative Regulation Of Gene Expression (GO:0010629),-3.387470e-01,-8.721975e-01,8.071313e-01,9.049376e-01,1.000000e+00,24/254,10.71%,CHEK1;TNF;PINK1;ID2;OLFM1;CCL3;HRAS;ZFP36;IL10;INSL6;EZH2;BTG2;VEGFA;SLC11A1;ENC1;PARP14;DNMT1;OVOL2;GAPDH;HAVCR2;SRGN;SLC7A5;NHLRC3;IGF2BP3
prerank,Cellular Response To Interferon-Beta (GO:0035458),-4.997607e-01,-8.715370e-01,6.381818e-01,9.054483e-01,1.000000e+00,7/16,28.26%,CALM1;STAT1;AIM2;IRF1;OAS1;CDC34;MNDA
prerank,Regulation Of Interferon-Alpha Production (GO:0032647),-4.840521e-01,-8.714523e-01,6.698113e-01,9.046661e-01,1.000000e+00,9/20,23.29%,IL10;HAVCR2;STAT1;IRF7;TLR3;TLR8;DHX36;TBK1;HSPD1
prerank,Type I Interferon-Mediated Signaling Pathway (GO:0060337),-4.893118e-01,-8.713878e-01,6.579407e-01,9.038566e-01,1.000000e+00,8/19,26.17%,MYD88;IKBKE;STAT1;IFI27;TRAF3;TBK1;IFITM3;SP100
prerank,Actin Polymerization Or Depolymerization (GO:0008154),-4.232019e-01,-8.708127e-01,6.597938e-01,9.041397e-01,1.000000e+00,3/47,2.39%,DIAPH3;WASF3;DSTN
prerank,Response To Hydrogen Peroxide (GO:0042542),4.220550e-01,8.704502e-01,6.623094e-01,9.574340e-01,1.000000e+00,3/35,6.26%,FYN;AQP1;PLEKHA1
prerank,Regulation Of Fatty Acid Oxidation (GO:0046320),4.970664e-01,8.701947e-01,6.198704e-01,9.564733e-01,1.000000e+00,3/15,9.36%,PPARGC1A;SOX9;SIRT4
prerank,Regulation Of Dendrite Morphogenesis (GO:0048814),4.442202e-01,8.698455e-01,6.328829e-01,9.557660e-01,1.000000e+00,4/29,4.93%,TNIK;IL1RAPL1;PTPRD;HECW2
prerank,Phosphatidic Acid Biosynthetic Process (GO:0006654),4.472767e-01,8.697700e-01,6.435185e-01,9.543581e-01,1.000000e+00,7/27,12.48%,DGKG;DGKB;ACP6;AGPAT5;SLC27A1;MBOAT2;GNPAT
prerank,mRNA Processing (GO:0006397),-3.476445e-01,-8.697317e-01,7.851100e-01,9.054698e-01,1.000000e+00,38/197,23.69%,NOVA2;PIN1;SNU13;PRPF19;SRSF2;NCBP2;PPWD1;SRSF1;SART3;GPKOW;MTREX;SRSF7;SRSF9;RBM4;SNRPA1;RNPS1;HSPA8;TCERG1;DHX15;BCAS2;SYNCRIP;LSM4;DBR1;SRSF4;TXNL4A;EFTUD2;SNRPD1;SNRNP35;PPIL3;SF3B2;RNMT;SRSF3;BUD31;PRPF4;SFPQ;HTATSF1;CWC25;HNRNPC
prerank,Positive Regulation Of Epithelial Cell Proliferation (GO:0050679),-3.906446e-01,-8.688567e-01,6.856128e-01,9.063783e-01,1.000000e+00,14/75,8.84%,NRARP;TNF;EGR3;PTPRN;HRAS;EGFL7;CLDN1;VEGFA;PRKCA;NELL2;NOD2;SEMA5A;NELL1;BAD
prerank,Chromatin Organization (GO:0006325),-3.418244e-01,-8.684204e-01,8.003472e-01,9.064248e-01,1.000000e+00,29/219,15.79%,CHEK1;FOXA1;NAP1L3;NPM2;CHAF1A;NAP1L2;EZH2;ERCC6;CHAF1B;SKP1;BRDT;COPRS;SUPT4H1;PADI2;HMGN1;DPF1;SART3;INO80;ZNHIT1;PAXIP1;HDGFL2;PWWP2B;KDM5D;HMG20A;DDX21;HIRIP3;RUVBL1;BCL7B;GATAD2A
prerank,Negative Regulation Of Myeloid Leukocyte Differentiation (GO:0002762),-4.766427e-01,-8.678015e-01,6.575592e-01,9.068216e-01,1.000000e+00,4/21,9.23%,CCL3;ZFPM1;INHBA;PTPN2
prerank,Regulation Of Protein Transport (GO:0051223),-4.666270e-01,-8.673211e-01,6.557377e-01,9.069041e-01,1.000000e+00,2/25,6.21%,TNF;PTPN1
prerank,Amino Acid Import Across Plasma Membrane (GO:0089718),-4.864153e-01,-8.670405e-01,6.780576e-01,9.065761e-01,1.000000e+00,3/19,3.68%,SLC1A1;SLC22A4;SLC1A6
prerank,Cell Cycle G1/S Phase Transition (GO:0044843),-4.193194e-01,-8.669048e-01,6.948276e-01,9.059172e-01,1.000000e+00,7/45,13.20%,E2F1;CUL1;BCAT1;CDKN1A;PLK3;GPR132;EIF4E
prerank,Regulation Of NLRP3 Inflammasome Complex Assembly (GO:1900225),4.455464e-01,8.668171e-01,6.563246e-01,9.597655e-01,1.000000e+00,2/25,3.91%,PRKD1;PLCG2
prerank,Protein Palmitoylation (GO:0018345),4.458945e-01,8.667185e-01,6.688889e-01,9.584093e-01,1.000000e+00,3/28,4.52%,ZDHHC11B;ZDHHC9;ZDHHC15
prerank,Negative Regulation Of Intracellular Steroid Hormone Receptor Signaling Pathway (GO:0033144),-4.695876e-01,-8.666542e-01,6.691312e-01,9.055080e-01,1.000000e+00,2/24,6.08%,VPS18;BRCA1
prerank,Negative Regulation Of Growth (GO:0045926),-3.829628e-01,-8.666407e-01,7.125000e-01,9.045947e-01,1.000000e+00,10/91,10.09%,RERG;CDKN2D;TSPYL2;MT3;FHL1;BRCA1;CDKN1A;TMPRSS4;INHBA;PPP2R1A
prerank,Hemopoiesis (GO:0030097),3.758910e-01,8.665616e-01,7.115385e-01,9.571881e-01,1.000000e+00,12/76,10.42%,TGFBR3;BMI1;FGFR2;ZBTB16;TOX;RUNX3;NOTCH4;TGFB2;MKNK2;MECOM;L3MBTL1;RRAS
prerank,Negative Regulation Of Antigen Receptor-Mediated Signaling Pathway (GO:0050858),4.621789e-01,8.659862e-01,6.401869e-01,9.569694e-01,1.000000e+00,2/20,2.42%,LGALS3;CD22
prerank,ERK1 And ERK2 Cascade (GO:0070371),-4.992100e-01,-8.655080e-01,6.458333e-01,9.061377e-01,1.000000e+00,5/16,15.20%,MT3;MAP2K2;ZFP36L1;PTGER4;ITGAV
prerank,Regulation Of Signal Transduction (GO:0009966),-3.584754e-01,-8.648172e-01,7.637271e-01,9.066969e-01,1.000000e+00,23/151,10.75%,RGS8;RGS4;RGS16;SLC8A2;CD36;TSPYL2;MAPK8IP2;CD80;CHRNA7;YWHAG;FRRS1L;PPIA;PTPN1;HOMER1;TMEM237;SEMA5A;IRAK2;NELL1;MTCH1;PTPN2;PPP2R1A;CD24;ANKRD54
prerank,"Maturation Of SSU-rRNA From Tricistronic rRNA Transcript (SSU-rRNA, 5.8S rRNA, LSU-rRNA) (GO:0000462)",-4.474217e-01,-8.646342e-01,6.660682e-01,9.061436e-01,1.000000e+00,4/26,14.18%,TSR1;UTP4;TSR2;DHX37
prerank,Negative Regulation Of Macromolecule Metabolic Process (GO:0010605),-3.615975e-01,-8.644047e-01,7.691002e-01,9.056507e-01,1.000000e+00,12/132,8.76%,TNF;OPTN;PINK1;ID2;OLFM1;CCL3;HRAS;VEGFA;PARP14;DNMT1;OVOL2;HAVCR2
prerank,Regulation Of Cation Channel Activity (GO:2001257),-4.376651e-01,-8.635403e-01,6.632479e-01,9.065213e-01,1.000000e+00,7/36,11.94%,FGF12;CACNB3;CALM1;HOMER1;FGF13;CABP4;JPH4
prerank,Phosphatidic Acid Metabolic Process (GO:0046473),4.402949e-01,8.632829e-01,6.551724e-01,9.616977e-01,1.000000e+00,7/28,12.48%,DGKG;DGKB;ACP6;AGPAT5;SLC27A1;MBOAT2;GNPAT
prerank,Regulation Of Intracellular Transport (GO:0032386),-4.457865e-01,-8.621741e-01,6.831502e-01,9.084039e-01,1.000000e+00,13/30,19.12%,NEFH;OCRL;MAP2;PTPN1;DYNC1H1;MX2;RINT1;APEX1;RBM4;REEP5;MYBPC3;LCP1;NDEL1
prerank,Stress-Activated Protein Kinase Signaling Cascade (GO:0031098),-4.895869e-01,-8.617579e-01,6.908127e-01,9.083919e-01,1.000000e+00,1/19,6.28%,MAP2K3
prerank,Regulation Of Monoatomic Ion Transmembrane Transport (GO:0034765),-4.759229e-01,-8.616316e-01,6.715867e-01,9.077390e-01,1.000000e+00,5/21,8.13%,GRIN1;KCNJ6;KCNJ13;KCNJ9;GRIN2B
prerank,Positive Regulation Of Cilium Assembly (GO:0045724),4.867063e-01,8.607338e-01,6.511628e-01,9.660440e-01,1.000000e+00,2/19,9.78%,IFT88;KCTD17
prerank,Negative Regulation Of Neuron Death (GO:1901215),3.774796e-01,8.598215e-01,7.356608e-01,9.666240e-01,1.000000e+00,7/64,5.58%,PTPRZ1;ERBB3;GPNMB;TYRO3;PPARGC1A;IL27RA;WFS1
prerank,Receptor Internalization (GO:0031623),-4.262649e-01,-8.596039e-01,6.852518e-01,9.110916e-01,1.000000e+00,7/40,10.04%,CD36;ADM;AP2M1;GRB2;DNM1;TFRC;RAB31
prerank,Recombinational Repair (GO:0000725),-3.776544e-01,-8.587799e-01,7.387543e-01,9.118517e-01,1.000000e+00,16/82,17.26%,XRCC3;BLM;TONSL;BRCA1;LIG3;NABP2;AP5Z1;INO80;SAMHD1;RAD51AP1;XRCC6;XRCC2;RPA3;RAD54B;UBE2N;AUNIP
prerank,Protein Targeting To Peroxisome (GO:0006625),-5.068370e-01,-8.586372e-01,6.962025e-01,9.112475e-01,1.000000e+00,6/15,38.13%,TRIM37;PEX10;PEX7;PEX14;RAB8B;PEX1
prerank,Microtubule Polymerization (GO:0046785),-4.392963e-01,-8.574903e-01,6.759259e-01,9.127171e-01,1.000000e+00,8/33,20.27%,TPPP3;PIN1;FGF13;HDGFL3;TUBGCP2;NDEL1;TPX2;TPPP
prerank,Negative Regulation Of Small GTPase Mediated Signal Transduction (GO:0051058),4.609856e-01,8.559372e-01,6.488889e-01,9.742600e-01,1.000000e+00,3/17,7.73%,DAB2IP;TGFB2;SPRY1
prerank,Positive Regulation Of Endopeptidase Activity (GO:0010950),-4.685126e-01,-8.556401e-01,6.703297e-01,9.156069e-01,1.000000e+00,4/22,9.44%,GRIN1;GRIN2B;CR1;LYN
prerank,Small GTPase Mediated Signal Transduction (GO:0007264),-3.718645e-01,-8.555778e-01,7.509025e-01,9.147974e-01,1.000000e+00,4/101,2.50%,RERG;DOK6;RUNDC3A;HRAS
prerank,Rescue Of Stalled Ribosome (GO:0072344),-4.841368e-01,-8.554173e-01,6.742424e-01,9.142013e-01,1.000000e+00,5/17,28.72%,PTRH1;USP10;ZNF598;RNF25;TCF25
prerank,Regulation Of G Protein-Coupled Receptor Signaling Pathway (GO:0008277),3.895095e-01,8.549847e-01,7.064439e-01,9.748870e-01,1.000000e+00,5/54,3.67%,KCTD8;RGS20;PLCB1;RGS7;SLC24A4
prerank,Negative Regulation Of Cyclin-Dependent Protein Kinase Activity (GO:1904030),4.797981e-01,8.548928e-01,6.563193e-01,9.735041e-01,1.000000e+00,1/17,2.53%,CDKN2A
prerank,Regulation Of Cardiac Muscle Cell Action Potential (GO:0098901),-4.666223e-01,-8.547351e-01,6.908463e-01,9.146954e-01,1.000000e+00,8/23,22.85%,CALM3;CALM1;FGF13;JUP;ATP2A2;TRPM4;PKP2;HCN3
prerank,Regulation Of Intracellular Protein Transport (GO:0033157),4.294443e-01,8.545488e-01,6.871166e-01,9.726814e-01,1.000000e+00,2/33,3.17%,PRR5L;SH3TC2
prerank,Negative Regulation Of Cyclin-Dependent Protein Serine/Threonine Kinase Activity (GO:0045736),4.827715e-01,8.543194e-01,6.615385e-01,9.716030e-01,1.000000e+00,1/16,2.53%,CDKN2A
prerank,Plasma Membrane Organization (GO:0007009),-4.001384e-01,-8.534963e-01,7.092199e-01,9.163544e-01,1.000000e+00,9/58,12.01%,RAB3A;ANXA6;SYT7;NSF;SMPD1;PACSIN1;CR1;EPB41L3;COLEC12
prerank,Glutamate Metabolic Process (GO:0006536),-4.926195e-01,-8.534294e-01,6.900369e-01,9.155637e-01,1.000000e+00,3/16,9.87%,GLS2;GOT1;OAT
prerank,Regulation Of Mitotic Metaphase/Anaphase Transition (GO:0030071),4.106554e-01,8.528693e-01,7.006508e-01,9.733921e-01,1.000000e+00,2/42,4.93%,DPF3;HECW2
prerank,Cellular Response To Amyloid-Beta (GO:1904646),-4.466306e-01,-8.526923e-01,6.752294e-01,9.161349e-01,1.000000e+00,5/28,6.06%,GRIN1;CD36;FPR2;CDK5;ICAM1
prerank,Negative Regulation Of Neuron Apoptotic Process (GO:0043524),3.902935e-01,8.524966e-01,7.079439e-01,9.725902e-01,1.000000e+00,6/51,5.58%,PTPRZ1;ERBB3;TYRO3;PPARGC1A;IL27RA;WFS1
prerank,RNA Metabolic Process (GO:0016070),3.532367e-01,8.524298e-01,7.919799e-01,9.711606e-01,1.000000e+00,6/104,8.03%,RBPMS;NOVA1;ADARB1;DEDD2;BICD1;ADARB2
prerank,Positive Regulation Of Cellular Biosynthetic Process (GO:0031328),-3.561599e-01,-8.521101e-01,7.812500e-01,9.163766e-01,1.000000e+00,7/141,3.56%,IL1B;TNF;KLF2;EGR1;HTR2A;CD36;CD244
prerank,Positive Regulation Of Epidermal Growth Factor Receptor Signaling Pathway (GO:0045742),4.684883e-01,8.509242e-01,6.928406e-01,9.730634e-01,1.000000e+00,4/19,10.74%,AREG;HIP1R;TGFA;HIP1
prerank,Positive Regulation Of Cellular Component Biogenesis (GO:0044089),-3.843411e-01,-8.508461e-01,7.362069e-01,9.180433e-01,1.000000e+00,8/73,5.86%,TNF;SDC1;CHGA;VEGFA;PRKCA;PLEK;TRABD2A;CHAF1B
prerank,snRNA 3'-End Processing (GO:0034472),4.664146e-01,8.506648e-01,6.658768e-01,9.720815e-01,1.000000e+00,2/19,9.30%,SAGE1;INTS5
prerank,Positive Regulation Of Catalytic Activity (GO:0043085),-4.467951e-01,-8.505069e-01,6.800000e-01,9.178072e-01,1.000000e+00,4/29,13.97%,YWHAB;SOD1;NOD2;AZIN2
prerank,Positive Regulation Of Smooth Muscle Cell Proliferation (GO:0048661),-4.391304e-01,-8.492892e-01,7.050611e-01,9.194206e-01,1.000000e+00,5/33,7.45%,TNF;ID2;IL10;P2RY6;DNMT1
prerank,Apoptotic Cell Clearance (GO:0043277),4.589725e-01,8.488101e-01,6.635514e-01,9.747310e-01,1.000000e+00,2/20,2.60%,MEGF10;TYRO3
prerank,Monoatomic Cation Transmembrane Transport (GO:0098655),-3.403654e-01,-8.485407e-01,8.352745e-01,9.200571e-01,1.000000e+00,22/176,9.79%,SCN3B;GRIN1;SCN2B;CACNA1G;ATP2A3;SLC8A2;SLC6A3;SCN2A;ATP6V0E2;ATP1B1;KCNB1;SLC11A1;ATP6V1E1;CACNA2D4;ATP5F1B;KCNC2;KCNB2;GRIN2B;ATP6V1D;MCOLN2;TRPC6;SLC6A15
prerank,Regulation Of I-kappaB kinase/NF-kappaB Signaling (GO:0043122),3.228639e-01,8.484051e-01,8.975610e-01,9.740470e-01,1.000000e+00,14/192,7.81%,PRKD1;GPRC5B;RORA;GJA1;ROR1;OTUD7B;LTF;PLCG2;HSPB1;TLE1;PELI1;DAB2IP;S100A4;TRIM58
prerank,Respiratory Chain Complex IV Assembly (GO:0008535),-4.795429e-01,-8.478769e-01,6.930147e-01,9.204967e-01,1.000000e+00,6/19,28.22%,COA3;FASTKD3;COA5;PET100;TMEM223;COX18
prerank,Positive Regulation Of Potassium Ion Transmembrane Transport (GO:1901381),-4.971803e-01,-8.474060e-01,6.894075e-01,9.205413e-01,1.000000e+00,2/15,8.73%,ATP1B1;AMIGO1
prerank,Regulation Of Neuron Differentiation (GO:0045664),3.853740e-01,8.468242e-01,7.139640e-01,9.762402e-01,1.000000e+00,10/58,7.64%,GPRC5B;BRINP3;ALK;ADRA2C;BMP7;SOX2;RELN;BRINP2;NLGN1;FGFR1
prerank,Regulation Of Calcium Ion Transport (GO:0051924),4.025040e-01,8.467837e-01,6.917808e-01,9.747307e-01,1.000000e+00,5/41,7.35%,PLPP4;CACNA2D1;WFS1;HOMER3;CACNB2
prerank,Intracellular Monoatomic Cation Homeostasis (GO:0030003),3.430230e-01,8.466091e-01,8.497537e-01,9.735503e-01,1.000000e+00,17/125,9.18%,SLC39A12;DMPK;ATP13A4;F3;SLC24A2;SLC30A10;SLC24A4;ATP1A2;PTH1R;SLC24A3;SLC12A2;RGN;SLC40A1;TPT1;RYR2;CXCL12;SLC41A1
prerank,Protein Ubiquitination (GO:0016567),-3.175392e-01,-8.465269e-01,9.223301e-01,9.214257e-01,1.000000e+00,33/342,10.63%,UBE2QL1;FANCA;FBXO2;PINK1;UBE2V2;SPSB1;UHRF1;UBB;ISG15;ENC1;FBXL2;FBXL15;PRPF19;VPS18;BRCA1;DDA1;CUL1;SKP1;TRAIP;KBTBD8;UBE2L3;HECW1;WSB1;TRIM73;DZIP3;RNF187;USP5;ANKRD9;RNF152;NEURL1;NHLRC3;UBE2T;RNF19B
prerank,Activation Of Cysteine-Type Endopeptidase Activity Involved In Apoptotic Process (GO:0006919),-3.965127e-01,-8.464907e-01,7.208904e-01,9.205704e-01,1.000000e+00,3/57,1.22%,TNF;BEX3;ATP2A3
prerank,Positive Regulation Of I-kappaB kinase/NF-kappaB Signaling (GO:0043123),3.354487e-01,8.459111e-01,8.668281e-01,9.735436e-01,1.000000e+00,5/145,2.51%,PRKD1;GPRC5B;GJA1;ROR1;LTF
prerank,Establishment Of Protein Localization To Endoplasmic Reticulum (GO:0072599),-4.796585e-01,-8.457878e-01,6.933086e-01,9.211554e-01,1.000000e+00,8/16,28.54%,SRP54;SRP14;SEC61A1;SRPRA;ZFAND2B;RAB3GAP2;SRPRB;SPCS1
prerank,Sterol Homeostasis (GO:0055092),3.993370e-01,8.454190e-01,7.307692e-01,9.730908e-01,1.000000e+00,3/41,3.98%,RORA;CES1;CYP39A1
prerank,Regulation Of Phosphoprotein Phosphatase Activity (GO:0043666),4.136337e-01,8.453057e-01,6.995305e-01,9.718106e-01,1.000000e+00,4/32,5.15%,MAGI2;PDGFRB;PPP1R1B;ITGA1
prerank,Response To Peptide (GO:1901652),4.341455e-01,8.452110e-01,6.619718e-01,9.704769e-01,1.000000e+00,5/27,11.41%,FYN;ERBIN;MMP2;IRS1;IRF5
prerank,Carboxylic Acid Transport (GO:0046942),4.191063e-01,8.446790e-01,7.146119e-01,9.702244e-01,1.000000e+00,6/36,9.72%,SLC6A11;SLC38A2;SLC13A3;SLC16A9;SLC36A1;SLC7A2
prerank,Organic Anion Transport (GO:0015711),3.883592e-01,8.442645e-01,7.053571e-01,9.696310e-01,1.000000e+00,7/52,6.04%,SLC4A4;MGST1;SLCO1A2;SLCO1C1;SLCO3A1;SLC26A6;SLC22A3
prerank,Cholesterol Homeostasis (GO:0042632),4.002897e-01,8.442607e-01,7.427293e-01,9.681071e-01,1.000000e+00,3/40,3.98%,RORA;CES1;CYP39A1
prerank,Positive Regulation Of Vascular Associated Smooth Muscle Cell Proliferation (GO:1904707),4.864039e-01,8.434332e-01,6.953488e-01,9.684660e-01,1.000000e+00,5/16,11.69%,GJA1;FGF2;FOXJ2;MMP2;LDLRAP1
prerank,Negative Regulation Of Inflammatory Response (GO:0050728),3.682582e-01,8.432798e-01,7.797468e-01,9.672508e-01,1.000000e+00,4/74,4.50%,RORA;FYN;TYRO3;MFHAS1
prerank,Homophilic Cell Adhesion Via Plasma Membrane Adhesion Molecules (GO:0007156),3.902294e-01,8.411068e-01,6.967593e-01,9.706937e-01,1.000000e+00,7/45,4.09%,CNTN2;DSCAML1;CADM1;CDH2;IGSF11;HMCN1;NEXN
prerank,Response To Ionizing Radiation (GO:0010212),-3.931319e-01,-8.408207e-01,7.682927e-01,9.302980e-01,1.000000e+00,12/64,13.13%,GADD45A;SMPD1;BLM;BRCA1;CDKN1A;FANCD2;GRB2;NABP2;INO80;RHOB;RAD51AP1;PAXIP1
prerank,Peptidyl-Threonine Modification (GO:0018210),-3.873805e-01,-8.403602e-01,7.366609e-01,9.303080e-01,1.000000e+00,5/57,5.74%,CHEK1;PRKCA;CDK5R1;ACVR1B;CDK5
prerank,Regulation Of Ubiquitin-Protein Transferase Activity (GO:0051438),-4.482658e-01,-8.403333e-01,7.382199e-01,9.294269e-01,1.000000e+00,4/27,4.03%,PINK1;BUB1B;MAD2L1;PIN1
prerank,Mitochondrial Cytochrome C Oxidase Assembly (GO:0033617),-4.923328e-01,-8.390178e-01,7.020484e-01,9.312095e-01,1.000000e+00,6/15,28.22%,COA3;FASTKD3;COA5;PET100;TMEM223;COX18
prerank,Regulation Of Tyrosine Phosphorylation Of STAT Protein (GO:0042509),-4.297341e-01,-8.380484e-01,7.235189e-01,9.322484e-01,1.000000e+00,10/32,10.09%,TNF;OCRL;SOCS3;OSM;VEGFA;PARP14;SH2B3;PTPN2;LYN;PPP2R1A
prerank,Regulation Of Protein Tyrosine Kinase Activity (GO:0061097),4.263169e-01,8.378012e-01,7.117117e-01,9.764786e-01,1.000000e+00,2/30,1.29%,GPRC5B;ERBB3
prerank,Phosphorylation (GO:0016310),3.030922e-01,8.375269e-01,9.813333e-01,9.755293e-01,1.000000e+00,35/372,10.52%,BMPR1B;DMPK;FYN;DGKG;CDKL1;DGKB;TNIK;CDK18;ALK;NEK10;MYLK3;PIK3CA;DGKI;EPHA3;RUNX3;CDC42BPA;DYRK2;TGFB2;EPHB1;CDKL4;COQ8A;MKNK2;FGFR1;ACVR2B;FER;INSR;MAP4K5;SGK3;DAPK2;PXK;ACVR1C;GRK4;CDKL3;ULK1;GRK3
prerank,Regulation Of Cardiac Muscle Contraction By Calcium Ion Signaling (GO:0010882),-4.707133e-01,-8.369184e-01,7.120141e-01,9.335948e-01,1.000000e+00,3/17,4.85%,CALM3;ATP1B1;CALM1
prerank,Positive Regulation Of Viral Genome Replication (GO:0045070),-4.482228e-01,-8.364695e-01,7.121212e-01,9.335802e-01,1.000000e+00,4/24,13.93%,TOP2A;PPIA;IFIT1;VAPB
prerank,Fatty Acid Beta-Oxidation (GO:0006635),-4.130999e-01,-8.364430e-01,7.308378e-01,9.326885e-01,1.000000e+00,11/42,20.07%,ACOXL;DECR2;ETFB;CRAT;ACOT8;ETFA;CPT2;HSD17B10;ETFDH;ECHS1;ACAA1
prerank,Fatty Acid Catabolic Process (GO:0009062),3.883626e-01,8.359683e-01,7.178330e-01,9.775154e-01,1.000000e+00,14/52,24.76%,SLC27A4;HSD17B4;AUH;ABCD4;LPIN1;NUDT7;HACL1;EHHADH;ABCD3;SLC25A17;LPIN2;ACAD10;ECI1;BDH2
prerank,Protein Localization To Cilium (GO:0061512),-4.387491e-01,-8.358193e-01,7.264654e-01,9.329983e-01,1.000000e+00,8/30,16.19%,TUB;SNX10;TTC26;FSIP2;ATP6V1D;TMEM107;EHD1;IFT20
prerank,Ribosomal Large Subunit Assembly (GO:0000027),4.587369e-01,8.355894e-01,6.728538e-01,9.768263e-01,1.000000e+00,4/17,12.80%,TRAF7;RPL10;RPL23A;RPL11
prerank,Glycoprotein Biosynthetic Process (GO:0009101),-3.856392e-01,-8.353797e-01,7.552448e-01,9.329324e-01,1.000000e+00,7/63,10.61%,CHST10;ST8SIA3;B4GAT1;ST6GALNAC2;B3GALT2;ST8SIA6;SERP2
prerank,Regulation Of Cellular Component Size (GO:0032535),-4.192310e-01,-8.340310e-01,7.207207e-01,9.346927e-01,1.000000e+00,9/37,30.48%,PEX11B;PPP1R15A;LAMTOR5;RAB3B;VAV1;MYO3B;EZR;ATP13A2;BLOC1S2
prerank,Activation Of Phospholipase C Activity (GO:0007202),-4.824007e-01,-8.333424e-01,7.145390e-01,9.351085e-01,1.000000e+00,4/16,10.74%,HTR2A;LPAR2;P2RY6;C5AR1
prerank,Regulation Of Protein Localization To Cell Periphery (GO:1904375),-4.682067e-01,-8.330965e-01,7.070524e-01,9.346476e-01,1.000000e+00,3/18,16.98%,CDK5;PLK1;VTI1B
prerank,Positive Regulation Of Biomineral Tissue Development (GO:0070169),4.246448e-01,8.330538e-01,7.101124e-01,9.809039e-01,1.000000e+00,7/29,7.85%,BMPR1B;BMP7;PKDCC;PTN;P2RX7;GPM6B;ACVR2B
prerank,Regulation Of Ryanodine-Sensitive Calcium-Release Channel Activity (GO:0060314),-4.666674e-01,-8.328551e-01,7.195122e-01,9.341708e-01,1.000000e+00,9/19,25.55%,CALM3;CALM1;JPH4;JPH3;SELENON;FKBP1B;GSTO1;PDE4D;CAMK2D
prerank,Endoplasmic Reticulum Calcium Ion Homeostasis (GO:0032469),4.444688e-01,8.309123e-01,6.821346e-01,9.838930e-01,1.000000e+00,2/18,9.78%,WFS1;KCTD17
prerank,Phagocytosis (GO:0006909),-3.918072e-01,-8.307012e-01,7.562278e-01,9.374802e-01,1.000000e+00,10/56,7.04%,MARCO;ANXA3;CD36;CD93;SYT7;ITGAM;SLC11A1;MYD88;P2RY6;CEACAM4
prerank,Cardiac Muscle Cell Differentiation (GO:0055007),-4.828621e-01,-8.304844e-01,7.165775e-01,9.369868e-01,1.000000e+00,3/16,9.64%,MESP1;VEGFA;ALPK3
prerank,Positive Regulation Of Biosynthetic Process (GO:0009891),4.215052e-01,8.298740e-01,7.470449e-01,9.846014e-01,1.000000e+00,7/28,10.18%,SORBS1;RGCC;PLCG2;SIRT4;LARP6;APOE;CREBL2
prerank,Cellular Response To Nutrient Levels (GO:0031669),-3.845487e-01,-8.295085e-01,7.584369e-01,9.380412e-01,1.000000e+00,2/64,4.60%,MAP1LC3A;KCNB1
prerank,Vesicle Coating (GO:0006901),-4.486641e-01,-8.292223e-01,7.158470e-01,9.376259e-01,1.000000e+00,13/26,36.86%,AP3M2;TRAPPC2;TRAPPC11;PREB;TMED10;KLHL12;AP3D1;CSNK1D;CUL3;TRAPPC10;TRAPPC6A;TRAPPC9;TRAPPC3
prerank,Negative Regulation Of Ossification (GO:0030279),4.543801e-01,8.290325e-01,7.056277e-01,9.848898e-01,1.000000e+00,4/16,9.96%,GREM1;SOX9;LRP4;TMEM53
prerank,Hematopoietic Progenitor Cell Differentiation (GO:0002244),-4.780724e-01,-8.283750e-01,7.066895e-01,9.383762e-01,1.000000e+00,5/17,9.44%,BATF;PLEK;SBDS;INHBA;LYN
prerank,Proteolysis Involved In Protein Catabolic Process (GO:0051603),-3.840234e-01,-8.278432e-01,7.693662e-01,9.384640e-01,1.000000e+00,6/60,6.86%,UBB;CTSB;FBXO44;ISG15;PRPF19;TNFAIP3
prerank,Positive Regulation Of Phosphoprotein Phosphatase Activity (GO:0032516),4.646343e-01,8.271980e-01,6.744186e-01,9.874806e-01,1.000000e+00,3/16,5.15%,MAGI2;PDGFRB;ITGA1
prerank,Regulation Of Smooth Muscle Cell Proliferation (GO:0048660),-4.212315e-01,-8.266970e-01,7.432188e-01,9.397895e-01,1.000000e+00,8/36,13.16%,TNF;ID2;NDRG4;TNFAIP3;TRIB1;STAT1;OGN;XRCC6
prerank,Regulation Of Axon Extension Involved In Axon Guidance (GO:0048841),4.451468e-01,8.264435e-01,7.301587e-01,9.875245e-01,1.000000e+00,4/20,9.27%,SEMA4B;SEMA3D;SEMA6A;SEMA3B
prerank,peptidyl-L-cysteine S-palmitoylation (GO:0018230),4.529146e-01,8.260916e-01,7.126949e-01,9.852735e-01,1.000000e+00,3/20,4.52%,ZDHHC11B;ZDHHC9;ZDHHC15
prerank,peptidyl-S-diacylglycerol-L-cysteine Biosynthetic Process From Peptidyl-Cysteine (GO:0018231),4.529146e-01,8.260916e-01,7.126949e-01,9.852735e-01,1.000000e+00,3/20,4.52%,ZDHHC11B;ZDHHC9;ZDHHC15
prerank,Regulation Of Cellular Senescence (GO:2000772),4.284363e-01,8.254825e-01,7.242206e-01,9.850453e-01,1.000000e+00,7/25,22.83%,ARG2;YPEL3;MAP3K3;NEK4;SIRT6;ZKSCAN3;AKT3
prerank,Negative Regulation Of Cell-Substrate Adhesion (GO:0010812),4.119393e-01,8.246190e-01,7.494145e-01,9.852416e-01,1.000000e+00,4/30,2.91%,KANK1;CORO2B;CDKN2A;SPOCK1
prerank,Negative Regulation Of Lipid Biosynthetic Process (GO:0051055),4.745455e-01,8.245447e-01,6.889401e-01,9.838761e-01,1.000000e+00,4/15,14.29%,APOC1;ASXL3;SLC27A1;WDTC1
prerank,Positive Regulation Of Protein Targeting To Membrane (GO:0090314),-4.474580e-01,-8.245353e-01,7.250438e-01,9.430421e-01,1.000000e+00,3/22,4.60%,HRAS;ITGAM;KCNB1
prerank,Regulation Of Cell Adhesion (GO:0030155),3.448983e-01,8.244658e-01,8.259861e-01,9.825190e-01,1.000000e+00,14/104,7.58%,PLXNB1;ERBB3;PLXNA1;LAMA2;FRMD5;CXCR4;LAMC1;ADAM22;TNC;LAMB2;LAMA1;TNPO1;PLXND1;PKP4
prerank,Negative Regulation Of GTPase Activity (GO:0034260),-4.697972e-01,-8.236729e-01,7.192029e-01,9.438834e-01,1.000000e+00,1/15,2.50%,HRAS
prerank,protein-RNA Complex Assembly (GO:0022618),-3.447505e-01,-8.231230e-01,8.674912e-01,9.439759e-01,1.000000e+00,6/131,11.46%,CELF4;CELF3;PRPF19;CELF5;SRSF1;SART3
prerank,Protein Modification By Small Protein Conjugation (GO:0032446),3.041441e-01,8.230529e-01,9.726368e-01,9.840311e-01,1.000000e+00,17/290,6.84%,EYA1;FBXL7;ARRDC4;RNF144A;FBXO32;PDZRN3;DCUN1D4;KLHL24;ANAPC16;HECW2;PIAS4;KLHL21;MIB1;TRIM28;SH3RF1;ARRB1;RNF220
prerank,Heparan Sulfate Proteoglycan Biosynthetic Process (GO:0015012),-4.632640e-01,-8.227271e-01,7.385159e-01,9.438072e-01,1.000000e+00,4/18,14.92%,HS3ST1;HS6ST2;NDST1;HS6ST3
prerank,Phospholipid Catabolic Process (GO:0009395),4.359733e-01,8.213383e-01,6.903073e-01,9.861461e-01,1.000000e+00,2/21,6.40%,ENPP6;ENPP2
prerank,Protein Acetylation (GO:0006473),4.257378e-01,8.203152e-01,7.302326e-01,9.867953e-01,1.000000e+00,7/24,16.46%,MAPT;KAT2B;NAA16;FOXO1;CLOCK;ING4;CREBBP
prerank,"mRNA Cis Splicing, Via Spliceosome (GO:0045292)",-4.605497e-01,-8.198052e-01,7.196429e-01,9.485605e-01,1.000000e+00,4/17,23.69%,NCBP2;SRSF1;DCPS;HNRNPC
prerank,Phosphatidylcholine Metabolic Process (GO:0046470),4.064200e-01,8.197903e-01,7.602740e-01,9.864679e-01,1.000000e+00,7/34,12.44%,PCYT1B;SLC44A1;ENPP2;ABHD4;SLC27A1;MBOAT2;CHPT1
prerank,Protein Deubiquitination (GO:0016579),-3.655897e-01,-8.194636e-01,8.003384e-01,9.482584e-01,1.000000e+00,11/84,15.90%,UCHL1;TNFAIP3;USP11;USP6;USP5;DESI1;ZC3H12A;SENP8;JOSD1;DEPDC1B;SPATA2
prerank,Positive Regulation Of Wound Healing (GO:0090303),-4.411307e-01,-8.192993e-01,7.382199e-01,9.476624e-01,1.000000e+00,4/26,5.21%,DMTN;HRAS;CLDN1;HBEGF
prerank,Regulation Of GTPase Activity (GO:0043087),-3.332168e-01,-8.192350e-01,8.834783e-01,9.468428e-01,1.000000e+00,16/162,9.43%,RGS8;THY1;RGS16;CCL3;HRAS;OCRL;EZH2;CCL2;PIN1;CCL3L1;STMN3;SOD1;EPHB3;RGL4;RAP1GAP;CHN1
prerank,Cellular Response To Chemical Stress (GO:0062197),3.539750e-01,8.183569e-01,8.192488e-01,9.879674e-01,1.000000e+00,9/75,10.23%,PRKD1;PRR5L;PPARGC1A;PIK3CA;STX2;FOXO1;SIRT2;STOX1;ATG7
prerank,Monocarboxylic Acid Metabolic Process (GO:0032787),3.640282e-01,8.182987e-01,8.392435e-01,9.865501e-01,1.000000e+00,5/68,5.67%,CYP2J2;ACOT11;FA2H;SLC27A4;GGT5
prerank,Axoneme Assembly (GO:0035082),4.528874e-01,8.178713e-01,6.947608e-01,9.859195e-01,1.000000e+00,3/18,3.81%,CCDC40;HYDIN;SPAG1
prerank,Organophosphate Biosynthetic Process (GO:0090407),4.151843e-01,8.176482e-01,7.553444e-01,9.848819e-01,1.000000e+00,6/29,9.87%,FGF2;ITPKB;CPS1;DDR2;AGPAT5;GPHN
prerank,Cellular Response To Glucose Starvation (GO:0042149),-4.062077e-01,-8.175733e-01,7.907801e-01,9.491477e-01,1.000000e+00,11/37,23.14%,ZC3H12A;ATF4;BECN1;TBL2;SUV39H1;TP53;XBP1;RRP8;ATG14;SESN2;PRKAA2
prerank,Negative Regulation Of Neuron Projection Development (GO:0010977),-4.060382e-01,-8.174476e-01,7.408759e-01,9.484301e-01,1.000000e+00,6/43,7.09%,STMN2;THY1;STX1B;CRMP1;MT3;PTPRO
prerank,Sulfur Compound Transport (GO:0072348),4.542689e-01,8.171668e-01,7.123894e-01,9.843051e-01,1.000000e+00,2/16,10.78%,SLC26A6;SLC27A1
prerank,Carboxylic Acid Metabolic Process (GO:0019752),4.504902e-01,8.171020e-01,7.082353e-01,9.829469e-01,1.000000e+00,2/18,3.78%,CYP2J2;CSGALNACT1
prerank,Regulation Of Macromolecule Metabolic Process (GO:0060255),-3.462028e-01,-8.168280e-01,8.476027e-01,9.486864e-01,1.000000e+00,14/112,12.33%,SLC8A2;NOVA2;STX1B;AFF2;IL10;PIN1;ATP1B1;NFKBIZ;TCF19;NELL1;TMPRSS4;IGF2BP3;SART3;ZC3H12A
prerank,Regulation Of Mitotic Cell Cycle Phase Transition (GO:1901990),-3.646042e-01,-8.164684e-01,7.815275e-01,9.484429e-01,1.000000e+00,5/76,3.90%,CDKN2D;CENPE;ID2;NPM2;E2F1
prerank,Positive Regulation Of Ubiquitin-Protein Transferase Activity (GO:0051443),4.376967e-01,8.164614e-01,7.142857e-01,9.828085e-01,1.000000e+00,3/21,3.37%,ARRDC4;BMI1;DCUN1D4
prerank,Signal Transduction By P53 Class Mediator (GO:0072331),4.085121e-01,8.163800e-01,7.606264e-01,9.814876e-01,1.000000e+00,2/30,3.43%,GREM1;BOK
prerank,Monoatomic Cation Homeostasis (GO:0055080),3.739578e-01,8.160890e-01,7.843602e-01,9.805457e-01,1.000000e+00,6/50,7.10%,SLC39A12;TMTC2;SLC24A4;WFS1;SLC12A2;SLC40A1
prerank,Regulation Of RNA Splicing (GO:0043484),3.474023e-01,8.156995e-01,8.454106e-01,9.798442e-01,1.000000e+00,6/90,5.60%,SGF29;TMEM98;AHNAK;SLC38A2;KAT2B;KAT2A
prerank,Adenylate Cyclase-Modulating G Protein-Coupled Receptor Signaling Pathway (GO:0007188),-3.619051e-01,-8.155260e-01,8.066667e-01,9.493061e-01,1.000000e+00,16/79,11.18%,AKAP12;MARCO;CXCL10;ADGRL2;GPR26;FPR2;GNAZ;RIMS2;ADGRB2;ADM;ADGRG5;FPR1;ADGRE2;OPRK1;GNAL;ADGRE1
prerank,Regulation Of Transcription Initiation By RNA Polymerase II (GO:0060260),-3.923060e-01,-8.153695e-01,7.993019e-01,9.486748e-01,1.000000e+00,9/49,17.61%,MED29;MED18;GTF2A1;ZNHIT1;MED8;PAXIP1;TAF7;TAF2;MDC1
prerank,Lysosome Organization (GO:0007040),4.060746e-01,8.152100e-01,7.568807e-01,9.793248e-01,1.000000e+00,1/35,0.37%,SRPX
prerank,Negative Regulation Of T Cell Proliferation (GO:0042130),-4.395133e-01,-8.144579e-01,7.473310e-01,9.494741e-01,1.000000e+00,3/25,3.34%,TNFRSF21;CD80;IL10
prerank,Positive Regulation Of NIK/NF-kappaB Signaling (GO:1901224),-4.005491e-01,-8.140871e-01,7.755474e-01,9.492742e-01,1.000000e+00,3/43,2.60%,IL1B;TNF;TERF2IP
prerank,Regulation Of Golgi Organization (GO:1903358),-4.681486e-01,-8.132470e-01,7.124542e-01,9.499930e-01,1.000000e+00,8/15,33.61%,MAP2K2;STX18;RBSN;MYO5A;ARMH3;MAPK3;MAP2K1;EHD3
prerank,Regulation Of RNA Metabolic Process (GO:0051252),3.552417e-01,8.131735e-01,8.314607e-01,9.820474e-01,1.000000e+00,6/81,5.60%,SGF29;MITF;TMEM98;AHNAK;KAT2B;KAT2A
prerank,Ubiquitin-Dependent Protein Catabolic Process (GO:0006511),-3.095509e-01,-8.123192e-01,9.702479e-01,9.508052e-01,1.000000e+00,50/324,19.67%,UCHL1;PINK1;PSMD12;SPSB1;UHRF1;PSMC1;SIAH3;PSMC6;CUL1;TNFAIP3;SKP1;PSMC5;RNF40;UBE2L3;PSMB6;RNF187;PSMD7;RNF149;WDR81;ANKRD9;NHLRC3;RNF19B;PSMB5;PSMD4;PSMD2;KCTD10;PSMB7;FBXO21;UBAP1;IFI27;ARRDC1;RMND5B;COPS3;RNF11;VPS37B;DDIT3;PJA2;VPS37C;KIF14;PSMA5;RNF7;AXIN1;STUB1;TRIM25;VCP;CSNK1A1;KCTD5;RNF8;RNF34;RNF213
prerank,Positive Regulation Of Proteasomal Protein Catabolic Process (GO:1901800),3.480347e-01,8.118615e-01,8.580786e-01,9.832177e-01,1.000000e+00,10/79,10.68%,RNF144A;NUPR1;SH3RF1;BAG2;DAB2IP;BAG6;DVL1;SIRT2;RNF19A;MDM2
prerank,Regulation Of Cell Development (GO:0060284),3.860518e-01,8.116539e-01,7.720090e-01,9.821497e-01,1.000000e+00,1/38,0.17%,YAP1
prerank,Positive Regulation Of Cellular Catabolic Process (GO:0031331),-3.368315e-01,-8.105881e-01,8.779661e-01,9.531558e-01,1.000000e+00,11/121,10.35%,IL1B;TNF;OPTN;GAPDHS;BNIP3;PTPN1;MLXIPL;ENDOG;BAD;GRSF1;RNF152
prerank,Cellular Response To Peptide (GO:1901653),-3.943054e-01,-8.101582e-01,7.714808e-01,9.530209e-01,1.000000e+00,8/44,10.71%,GRIN1;CD36;FPR2;CDK5;ICAM1;NOD2;NOD1;LDOC1
prerank,Protein Lipidation (GO:0006497),3.726271e-01,8.101521e-01,8.189845e-01,9.836312e-01,1.000000e+00,12/55,19.35%,ZDHHC9;ZDHHC15;PIGA;ATG7;ZDHHC8;PIGW;PIGP;GPLD1;ZDHHC2;ATG16L2;PIK3C3;ATG12
prerank,Negative Regulation Of Lymphocyte Proliferation (GO:0050672),-4.320604e-01,-8.097588e-01,7.464539e-01,9.528380e-01,1.000000e+00,6/26,9.63%,TNFRSF21;CD80;IL10;CR1;LYN;IL4I1
prerank,Regulation Of Vascular Associated Smooth Muscle Cell Proliferation (GO:1904705),4.283486e-01,8.094016e-01,7.453704e-01,9.835919e-01,1.000000e+00,6/26,11.75%,GJA1;FGF2;FOXJ2;MMP2;LDLRAP1;PDCD4
prerank,Regulation Of Long-Term Synaptic Potentiation (GO:1900271),-4.290519e-01,-8.091863e-01,7.432188e-01,9.529570e-01,1.000000e+00,3/25,2.85%,NSG1;CYP46A1;CHRNA7
prerank,Positive Regulation Of Cellular Component Organization (GO:0051130),-3.628920e-01,-8.087134e-01,8.266667e-01,9.528995e-01,1.000000e+00,8/83,5.86%,CALY;TNF;BNIP3;VEGFA;SMPD1;CLIP3;TRABD2A;CHAF1B
prerank,Skeletal System Morphogenesis (GO:0048705),4.294969e-01,8.079716e-01,6.990950e-01,9.849700e-01,1.000000e+00,4/19,4.11%,DSCAML1;FGFR3;LTF;FGFR2
prerank,Plasma Membrane Bounded Cell Projection Assembly (GO:0120031),-3.131325e-01,-8.072755e-01,9.629630e-01,9.546419e-01,1.000000e+00,19/225,10.50%,DMTN;CCDC28B;OCRL;CCDC65;KIF3A;B9D2;SNX10;PLK4;TTC26;PTPRO;TMEM237;IFT22;RILPL2;ACTR3;NELL1;ATP6V1D;IFT27;ACTR2;FAM161A
prerank,Regulation Of Blood Vessel Endothelial Cell Migration (GO:0043535),-3.980598e-01,-8.069890e-01,7.671958e-01,9.542516e-01,1.000000e+00,7/43,6.51%,TNF;GADD45A;VEGFA;PRKCA;ATP5F1A;MAP2K3;ATP5F1B
prerank,Actin Filament Polymerization (GO:0030041),-4.352239e-01,-8.068183e-01,7.456446e-01,9.536259e-01,1.000000e+00,2/27,2.24%,DIAPH3;WASF3
prerank,Cholesterol Transport (GO:0030301),4.040625e-01,8.062739e-01,7.612613e-01,9.868686e-01,1.000000e+00,3/32,4.15%,ABCA8;CES1;APOC1
prerank,Regulation Of Cell Cycle G1/S Phase Transition (GO:1902806),3.599911e-01,8.061753e-01,8.222749e-01,9.855909e-01,1.000000e+00,5/59,4.70%,DPF3;CDKN2A;PLCG2;CDKN2C;SOX2
prerank,Negative Regulation Of Viral-Induced Cytoplasmic Pattern Recognition Receptor Signaling Pathway (GO:0039532),-4.674544e-01,-8.055743e-01,7.487179e-01,9.549134e-01,1.000000e+00,2/16,6.86%,RAB7B;TNFAIP3
prerank,Myotube Differentiation (GO:0014902),4.573250e-01,8.055686e-01,7.193764e-01,9.853287e-01,1.000000e+00,7/16,20.28%,DOCK1;KCNH1;SORT1;JAM2;DOCK5;ADAMTS15;NOS1
prerank,Response To UV (GO:0009411),3.496887e-01,8.045744e-01,8.433735e-01,9.858521e-01,1.000000e+00,5/82,8.33%,PTPRK;EGFR;AQP1;GTF2H2;SCARA3
prerank,Protein K48-linked Ubiquitination (GO:0070936),-3.658476e-01,-8.041512e-01,8.158845e-01,9.565850e-01,1.000000e+00,17/66,25.57%,CUL1;TNFAIP3;SKP1;UBE2Q2;RNF187;RNF152;UBE2T;IFI27;TRIM25;RNF8;RNF34;UBE2D2;FBXO7;DTX3L;SKP2;RNF5;CDC34
prerank,Cellular Response To Light Stimulus (GO:0071482),3.742202e-01,8.039673e-01,7.981651e-01,9.855354e-01,1.000000e+00,1/45,1.13%,PTPRK
prerank,Regulation Of Wound Healing (GO:0061041),-4.160551e-01,-8.038673e-01,7.686833e-01,9.561637e-01,1.000000e+00,5/31,6.86%,DMTN;HRAS;CLDN1;HBEGF;TNFAIP3
prerank,Sulfur Compound Biosynthetic Process (GO:0044272),-3.813047e-01,-8.036264e-01,7.923875e-01,9.556658e-01,1.000000e+00,4/51,5.08%,CDO1;B4GAT1;CHPF;PAPSS2
prerank,Dicarboxylic Acid Metabolic Process (GO:0043648),-3.959653e-01,-8.035032e-01,7.695167e-01,9.549675e-01,1.000000e+00,8/44,17.02%,OGDHL;GOT1;MDH1;MTHFD2;MDH2;ACOT8;ACLY;ASS1
prerank,Intracellular Iron Ion Homeostasis (GO:0006879),-3.981210e-01,-8.030820e-01,8.197574e-01,9.548406e-01,1.000000e+00,14/39,22.06%,SLC11A1;HAMP;SOD1;ATP6V1G1;SLC22A17;TFR2;TFRC;ISCU;ATP6V0D1;ATP6V1A;SLC11A2;CCDC115;MYC;B2M
prerank,Protein O-linked Glycosylation (GO:0006493),-3.596252e-01,-8.025511e-01,8.305648e-01,9.549199e-01,1.000000e+00,10/72,10.29%,B3GALT1;B4GAT1;POMT1;ST6GALNAC2;B3GALT2;GALNT9;EOGT;ST8SIA6;GALNT12;B3GALNT1
prerank,Amino Acid Transport (GO:0006865),3.997302e-01,8.025273e-01,7.904328e-01,9.869422e-01,1.000000e+00,6/32,11.38%,SLC7A11;SLC38A2;SH3BP4;SLC36A1;SLC7A2;SLC38A6
prerank,rRNA Metabolic Process (GO:0016072),3.464864e-01,8.022447e-01,8.700696e-01,9.860665e-01,1.000000e+00,14/80,15.88%,RPS27;MAPT;RPS17;PIN4;DEDD2;RPS28;RPS15;RPS25;PES1;RPL11;RPL27;RPL35A;NOL8;RPS19
prerank,Negative Regulation Of Response To Stimulus (GO:0048585),-4.074348e-01,-8.020915e-01,7.929825e-01,9.548287e-01,1.000000e+00,9/36,15.43%,THY1;PTPN1;SH2B3;LYN;GGT7;PIM3;ALOX5;APLP2;DDAH1
prerank,Regulation Of Transforming Growth Factor Beta Receptor Signaling Pathway (GO:0017015),3.381797e-01,8.017770e-01,8.743961e-01,9.855705e-01,1.000000e+00,3/90,4.17%,PRDM16;CD109;ZNF703
prerank,Negative Regulation Of Cell Death (GO:0060548),-3.850434e-01,-8.014926e-01,7.908163e-01,9.549838e-01,1.000000e+00,6/48,7.28%,PINK1;CHGA;BNIP3;MT3;CDK5;PSMC5
prerank,Nuclear-Transcribed mRNA Catabolic Process (GO:0000956),-3.587420e-01,-8.014609e-01,8.298611e-01,9.541175e-01,1.000000e+00,12/81,20.46%,ZFP36;ZC3H12D;NCBP2;MRTO4;ZC3H12A;ZFP36L1;RNPS1;UPF3B;DCPS;XRN2;PYM1;LSM1
prerank,Epigenetic Regulation Of Gene Expression (GO:0040029),3.527918e-01,8.014093e-01,8.422274e-01,9.848045e-01,1.000000e+00,7/67,9.52%,FAM47E;SGF29;BMI1;KAT2B;SMYD5;SIRT2;USP21
prerank,Regulation Of Rho Protein Signal Transduction (GO:0035023),3.690089e-01,8.006629e-01,7.790698e-01,9.848227e-01,1.000000e+00,7/49,11.98%,KANK1;P2RY8;ARRB1;ITGA3;APOE;F2RL1;ROBO1
prerank,DNA-templated Transcription Initiation (GO:0006352),3.643162e-01,8.006548e-01,8.249453e-01,9.833948e-01,1.000000e+00,5/53,13.95%,PPARGC1A;TFAM;GTF2H2;MAZ;TAF4
prerank,Negative Regulation Of Macromolecule Biosynthetic Process (GO:0010558),-3.562544e-01,-8.006482e-01,8.586207e-01,9.546491e-01,1.000000e+00,12/76,15.51%,IL10;BTG2;ENC1;CDKN1A;GAPDH;NHLRC3;IGF2BP3;EIF4E2;TAF7;MRPL13;RBM4;TYMS
prerank,Negative Regulation Of Protein Modification By Small Protein Conjugation Or Removal (GO:1903321),-3.985614e-01,-8.005407e-01,7.835052e-01,9.539141e-01,1.000000e+00,4/44,9.73%,COPS9;ISG15;TNFAIP3;SVBP
prerank,Positive Regulation Of Lamellipodium Assembly (GO:0010592),4.381479e-01,8.001798e-01,7.362637e-01,9.829084e-01,1.000000e+00,3/18,6.89%,OCLN;PIK3CA;PLCE1
prerank,Positive Regulation Of mRNA Catabolic Process (GO:0061014),3.782134e-01,7.999393e-01,8.086124e-01,9.819297e-01,1.000000e+00,2/40,4.20%,PRR5L;TOB1
prerank,Telomere Organization (GO:0032200),3.742369e-01,7.995928e-01,8.280543e-01,9.811611e-01,1.000000e+00,4/50,7.12%,ZNF365;ZNF827;PTGES3;EZH1
prerank,Late Endosome To Vacuole Transport Via Multivesicular Body Sorting Pathway (GO:0032511),4.202969e-01,7.993837e-01,7.213115e-01,9.800904e-01,1.000000e+00,4/21,14.21%,LEPROTL1;TMEM50A;CHMP6;MVB12A
prerank,Regulation Of Endocytosis (GO:0030100),3.638736e-01,7.979277e-01,7.969543e-01,9.814738e-01,1.000000e+00,6/58,6.43%,PRKD1;LGALS3;CD22;HIP1R;CD151;EPHA3
prerank,Regulation Of G0 To G1 Transition (GO:0070316),4.049997e-01,7.975949e-01,7.722096e-01,9.806553e-01,1.000000e+00,3/27,6.84%,DPF3;FOXO4;DAB2IP
prerank,Positive Regulation Of Protein Ubiquitination (GO:0031398),-3.676939e-01,-7.970665e-01,8.354662e-01,9.592493e-01,1.000000e+00,17/69,18.43%,PINK1;UBB;PIN1;TSPYL5;FANCI;BRCA1;UBE2L3;SPHK1;PAXIP1;PLK1;PHF23;PTTG1IP;PRICKLE1;UBE2N;AXIN1;STUB1;CENPX
prerank,"RNA Splicing, Via Transesterification Reactions (GO:0000375)",-4.266087e-01,-7.969566e-01,7.575221e-01,9.585335e-01,1.000000e+00,12/24,39.14%,DBR1;SRSF4;TXNL4A;LSM1;PRPF4;SMNDC1;SF3B3;PRPF6;SF3B1;SF3A3;PRPF8;SLU7
prerank,Intracellular Protein Transport (GO:0006886),-3.053338e-01,-7.968631e-01,9.810345e-01,9.578210e-01,1.000000e+00,42/281,17.09%,SCG5;RAB6B;STX19;STX1B;EGR2;NSF;CACNG8;CDC37;STXBP1;CLIP3;CACNG2;IFT22;KPNB1;SEC23IP;RANBP6;IFT27;RAB31;GGA2;DESI1;RAB38;TIMM17A;SEC13;ERP29;STX1A;RAB35;NUP50;UBAP1;NAPA;APLP2;EHD1;APEX1;SNX8;ARL4C;PTTG1IP;RANBP17;RAB5A;PRICKLE1;OXA1L;VPS37B;PPP1R10;VPS37C;SEC16A
prerank,Response To Unfolded Protein (GO:0006986),-3.949608e-01,-7.962574e-01,7.915905e-01,9.579863e-01,1.000000e+00,2/40,6.21%,OPTN;PTPN1
prerank,Regulation Of Cysteine-Type Endopeptidase Activity (GO:2000116),4.296617e-01,7.961929e-01,7.658080e-01,9.818683e-01,1.000000e+00,3/19,4.70%,FYN;LTF;SOX2
prerank,Bile Acid And Bile Salt Transport (GO:0015721),-4.630930e-01,-7.959627e-01,7.542088e-01,9.575974e-01,1.000000e+00,1/15,0.05%,SLC10A4
prerank,Regulation Of NIK/NF-kappaB Signaling (GO:1901222),-3.671974e-01,-7.944456e-01,8.416206e-01,9.594037e-01,1.000000e+00,3/63,2.60%,IL1B;TNF;TERF2IP
prerank,Negative Regulation Of Protein Localization (GO:1903828),3.947693e-01,7.923912e-01,7.921478e-01,9.875119e-01,1.000000e+00,5/35,7.83%,OTUD7B;CORO2B;MFHAS1;PIAS4;GPM6B
prerank,Positive Regulation Of Ubiquitin-Dependent Protein Catabolic Process (GO:2000060),3.479464e-01,7.923738e-01,8.747153e-01,9.861243e-01,1.000000e+00,14/73,18.50%,RNF144A;SH3RF1;BAG2;DVL1;SIRT2;RNF19A;MDM2;ZER1;RNF139;PRKN;SOCS5;ANKIB1;CSNK1E;RACK1
prerank,protein-DNA Complex Organization (GO:0071824),3.705479e-01,7.920712e-01,8.477752e-01,9.852287e-01,1.000000e+00,5/46,9.69%,TCF7L1;SOX2;TRIM28;CDAN1;L3MBTL1
prerank,Negative Regulation Of Cellular Metabolic Process (GO:0031324),-4.089658e-01,-7.920135e-01,8.027923e-01,9.628210e-01,1.000000e+00,3/30,6.08%,PINK1;MT3;BRCA1
prerank,Sulfur Compound Catabolic Process (GO:0044273),4.443951e-01,7.918390e-01,7.654028e-01,9.842607e-01,1.000000e+00,6/18,20.10%,DPEP2;TST;MPST;NAGLU;NUDT7;FITM2
prerank,Positive Regulation Of Transcription Elongation By RNA Polymerase II (GO:0032968),-3.969534e-01,-7.916714e-01,8.102837e-01,9.624818e-01,1.000000e+00,6/38,16.33%,MED29;MED18;NCBP2;MED8;PWWP2B;TCERG1
prerank,Cytoplasmic Microtubule Organization (GO:0031122),-3.838442e-01,-7.914616e-01,8.018182e-01,9.619299e-01,1.000000e+00,11/46,11.62%,FSD1;STMN3;CLIP3;LIMK2;HOOK1;TBCB;PLK3;KPNB1;DYNC1H1;HOOK2;RAB11A
prerank,Cilium Assembly (GO:0060271),3.013202e-01,7.912852e-01,9.830508e-01,9.838529e-01,1.000000e+00,26/184,13.74%,CFAP54;DNAH5;IFT88;ABLIM1;IQUB;CCDC40;KIF27;ARMC9;BBS9;PIBF1;CFAP221;CCDC13;BBS10;FHDC1;TMEM250;CFAP70;BBS2;CFAP161;TMEM216;TTC39C;WDR19;IFT140;LRGUK;TCTN2;CDC14A;FLNA
prerank,TOR Signaling (GO:0031929),4.077955e-01,7.908167e-01,7.764128e-01,9.833315e-01,1.000000e+00,1/25,1.19%,PRR5L
prerank,Cellular Response To Catecholamine Stimulus (GO:0071870),4.514727e-01,7.902387e-01,7.634855e-01,9.829929e-01,1.000000e+00,3/15,15.00%,RYR2;SIRT2;PRKN
prerank,Cellular Response To Ionizing Radiation (GO:0071479),-3.750197e-01,-7.899619e-01,8.170732e-01,9.636662e-01,1.000000e+00,11/47,13.16%,GADD45A;HRAS;TSPYL5;BLM;BRCA1;CDKN1A;GRB2;INO80;RHOB;RAD51AP1;XRCC6
prerank,Protein Homooligomerization (GO:0051260),3.367676e-01,7.893855e-01,8.815789e-01,9.831864e-01,1.000000e+00,9/99,7.50%,ADCY8;RYR3;SLC1A2;ACACB;AQP4;CRYZ;SAMD1;NACC2;TNPO1
prerank,Regulation Of Epidermal Growth Factor-Activated Receptor Activity (GO:0007176),4.350409e-01,7.891723e-01,7.637232e-01,9.821512e-01,1.000000e+00,5/19,16.03%,AREG;TGFA;ZFYVE28;CHMP6;SOCS5
prerank,Regulation Of Spindle Assembly (GO:0090169),-4.209178e-01,-7.888988e-01,7.954545e-01,9.645796e-01,1.000000e+00,2/25,13.56%,DYNC1H1;PLK1
prerank,Import Into Nucleus (GO:0051170),-3.641973e-01,-7.881752e-01,8.551959e-01,9.648632e-01,1.000000e+00,22/63,23.94%,KPNB1;RANBP6;SEC13;NUP50;APLP2;PTTG1IP;RANBP17;PRICKLE1;PPP1R10;NUP98;BCL3;AKT1;HEATR3;PHB2;RAN;NUP133;NXT1;KPNA2;POM121;KPNA6;IPO7;E2F3
prerank,Monoatomic Cation Transport (GO:0006812),-4.053982e-01,-7.876230e-01,7.809187e-01,9.649127e-01,1.000000e+00,6/32,9.57%,TMEM63C;GRIN1;ATP1B1;SLC11A1;GRIN2B;TRPC6
prerank,Negative Regulation Of Catabolic Process (GO:0009895),-3.704297e-01,-7.875992e-01,8.454707e-01,9.640491e-01,1.000000e+00,4/56,4.03%,IL1B;TNF;MAD2L1;PIN1
prerank,Blood Vessel Morphogenesis (GO:0048514),3.926061e-01,7.874923e-01,7.932584e-01,9.839179e-01,1.000000e+00,4/29,7.70%,ITGB8;CDH2;APLNR;PROX1
prerank,Ribosomal Small Subunit Biogenesis (GO:0042274),3.384573e-01,7.873481e-01,9.044444e-01,9.827641e-01,1.000000e+00,19/79,19.62%,RPS27;RPS17;RPS28;RPS8;RPS15;RPS15A;RPS25;RPS27L;RPS14;SRFBP1;RPS19;RPS4X;RPS5;RPS23;RPS24;RPS7;FCF1;RPS13;RPS11
prerank,Positive Regulation Of Cell-Substrate Junction Organization (GO:0150117),-4.375851e-01,-7.870013e-01,7.594255e-01,9.641451e-01,1.000000e+00,3/19,8.60%,THY1;VEGFA;NELL1
prerank,Protein Deacylation (GO:0035601),4.245566e-01,7.869838e-01,7.528345e-01,9.820171e-01,1.000000e+00,4/19,16.98%,SIRT2;ABHD17B;SIRT5;SIRT6
prerank,Regulation Of T Cell Activation (GO:0050863),-3.984295e-01,-7.854949e-01,7.852113e-01,9.658467e-01,1.000000e+00,6/38,9.63%,THY1;HLA-DMA;CCL2;PRKCQ;HLA-DQA1;IL4I1
prerank,Regulation Of DNA Replication (GO:0006275),-3.620925e-01,-7.848999e-01,8.448905e-01,9.659190e-01,1.000000e+00,8/60,11.54%,TSPYL2;NPM2;BLM;ESCO2;ATAD5;DSCC1;PPP2R1A;INO80
prerank,Protein Maturation (GO:0051604),-3.454219e-01,-7.844931e-01,8.881469e-01,9.657260e-01,1.000000e+00,10/85,11.77%,PCSK2;PCSK1;NNAT;NDUFAB1;TMPRSS4;SRGN;TESC;CIAO1;TLL1;NLRP3
prerank,Negative Regulation Of Cell Cycle (GO:0045786),3.653923e-01,7.834681e-01,8.356808e-01,9.868185e-01,1.000000e+00,7/59,6.91%,PTPRK;BRINP3;CDKN2A;NUPR1;BMP7;RUNX3;BRINP2
prerank,Nucleic Acid-Templated Transcription (GO:0097659),3.915340e-01,7.832780e-01,8.120482e-01,9.857604e-01,1.000000e+00,4/34,10.18%,THRB;TCEANC;TCEA3;CREBL2
prerank,Amide Biosynthetic Process (GO:0043604),-3.975532e-01,-7.831528e-01,8.084359e-01,9.670403e-01,1.000000e+00,3/33,4.80%,PCSK1;GLS2;SMPD1
prerank,Cellular Response To UV (GO:0034644),3.501578e-01,7.826454e-01,8.439716e-01,9.855184e-01,1.000000e+00,4/60,9.03%,PTPRK;AQP1;PPID;MMP2
prerank,Vacuolar Acidification (GO:0007035),-4.150284e-01,-7.824042e-01,7.824561e-01,9.673372e-01,1.000000e+00,8/25,21.30%,ATP6V0E2;SLC11A1;ATP6V1D;ATP6V0D1;ATP6V0A1;ATP6V1A;CCDC115;ATP6V1B2
prerank,Establishment Of Mitotic Spindle Localization (GO:0040001),-4.032212e-01,-7.821014e-01,7.835821e-01,9.669187e-01,1.000000e+00,6/30,13.64%,MAD2L1;INSC;NDC80;KPNB1;PLK1;HTT
prerank,Organelle Assembly (GO:0070925),-2.990433e-01,-7.802558e-01,9.901153e-01,9.690939e-01,1.000000e+00,43/263,17.63%,MAP1LC3A;CCDC28B;OCRL;CCDC65;KIF3A;B9D2;SNX10;PLK4;TTC26;MAP1LC3B2;TMEM237;IFT22;RILPL2;ACTR3;ATP6V1D;IFT27;ACTR2;FAM161A;GABARAPL2;AP3M1;RAB38;RAB11A;MAP1LC3B;VMP1;RILP;RAB35;UBAP1;BECN1;ATP6V0D1;TMEM107;EHD1;TMEM138;SCLT1;CCDC113;TMEM41B;IFT20;POC1A;VPS37B;TTLL3;VPS37C;ATP2A2;HPS3;ALPK1
prerank,"Regulation Of Nuclear-Transcribed mRNA Catabolic Process, Deadenylation-Dependent Decay (GO:1900151)",-4.370768e-01,-7.800658e-01,7.918782e-01,9.684965e-01,1.000000e+00,8/19,26.97%,ZFP36;ZFP36L1;SYNCRIP;DHX36;CSDE1;DHX9;PABPC1;HNRNPD
prerank,Regulation Of Calcium Ion Transmembrane Transporter Activity (GO:1901019),-4.230202e-01,-7.799927e-01,7.810945e-01,9.677177e-01,1.000000e+00,6/22,15.05%,CACNB3;CALM1;YWHAE;CABP4;JPH4;JPH3
prerank,Negative Regulation Of Axon Extension (GO:0030517),4.037286e-01,7.792911e-01,7.909091e-01,9.899930e-01,1.000000e+00,4/25,9.27%,SEMA4B;SEMA3D;SEMA6A;SEMA3B
prerank,Positive Regulation Of Response To Endoplasmic Reticulum Stress (GO:1905898),4.298850e-01,7.790025e-01,7.396313e-01,9.890677e-01,1.000000e+00,2/17,6.93%,BOK;BAG6
prerank,Positive Regulation Of Notch Signaling Pathway (GO:0045747),4.109663e-01,7.786051e-01,7.775378e-01,9.883995e-01,1.000000e+00,1/25,0.17%,YAP1
prerank,Response To Endoplasmic Reticulum Stress (GO:0034976),-3.377160e-01,-7.761114e-01,9.068541e-01,9.732717e-01,1.000000e+00,20/96,22.56%,ATP2A3;SCAMP5;TMEM259;PPP1R15A;ATG10;ATF4;THBS1;DDIT3;SEC16A;ATP2A2;UBXN6;VCP;MBTPS2;UBA5;FLOT1;TP53;XBP1;CEBPB;TMEM33;OS9
prerank,Myeloid Cell Differentiation (GO:0030099),-3.795966e-01,-7.759523e-01,8.385965e-01,9.726308e-01,1.000000e+00,5/42,9.44%,ATP5IF1;ZFPM1;INHBA;PTPN2;LYN
prerank,Long-Chain Fatty Acid Transport (GO:0015909),-4.328443e-01,-7.758013e-01,7.732865e-01,9.719861e-01,1.000000e+00,2/18,6.32%,CD36;FABP3
prerank,Activation Of Protein Kinase B Activity (GO:0032148),4.204764e-01,7.754026e-01,7.649770e-01,9.923675e-01,1.000000e+00,3/20,4.25%,NTRK3;ADRA2C;FGF1
prerank,Neuromuscular Junction Development (GO:0007528),-4.322385e-01,-7.743021e-01,7.692308e-01,9.734627e-01,1.000000e+00,2/20,4.18%,UNC13C;CACNB3
prerank,Blood Vessel Endothelial Cell Migration (GO:0043534),4.323009e-01,7.732251e-01,8.034934e-01,9.947019e-01,1.000000e+00,3/17,3.65%,GREM1;FGF2;EMP2
prerank,Negative Regulation Of Phosphate Metabolic Process (GO:0045936),-4.389806e-01,-7.731654e-01,7.868561e-01,9.744785e-01,1.000000e+00,5/17,11.51%,CDKN2D;PLEK;CDKN1A;INHBA;DYNLL1
prerank,Telomere Maintenance (GO:0000723),3.578057e-01,7.730774e-01,8.574713e-01,9.935465e-01,1.000000e+00,3/55,5.22%,ZNF365;ZNF827;PTGES3
prerank,Positive Regulation Of Reproductive Process (GO:2000243),-4.288648e-01,-7.730484e-01,7.719928e-01,9.737897e-01,1.000000e+00,7/18,17.63%,VEGFA;GLRA1;INHBA;ANKRD31;TAC4;C1QBP;CFAP69
prerank,Positive Regulation Of Supramolecular Fiber Organization (GO:1902905),-3.481016e-01,-7.725993e-01,8.833922e-01,9.735643e-01,1.000000e+00,5/73,8.23%,STMN2;CDK5R1;PLEK;SEMA5A;TENM1
prerank,Regulation Of Anoikis (GO:2000209),4.372398e-01,7.723695e-01,7.686916e-01,9.933324e-01,1.000000e+00,2/15,4.85%,TLE1;PIK3CA
prerank,Modulation By Host Of Viral Process (GO:0044788),4.305152e-01,7.717642e-01,7.703016e-01,9.929495e-01,1.000000e+00,4/21,12.42%,LTF;ZDHHC9;ZDHHC8;PPIB
prerank,Regulation Of Nucleocytoplasmic Transport (GO:0046822),-4.415905e-01,-7.710900e-01,7.850467e-01,9.750966e-01,1.000000e+00,4/15,15.53%,MX2;IFI27;RBM4;PTPN14
prerank,Fatty Acid Biosynthetic Process (GO:0006633),-3.781119e-01,-7.709842e-01,8.324125e-01,9.743641e-01,1.000000e+00,9/43,16.72%,ACOT7;ELOVL4;DECR2;NDUFAB1;PLA2G2C;ALOX5;FADS1;ACSM3;ACLY
prerank,Mismatch Repair (GO:0006298),-4.209777e-01,-7.708945e-01,7.836364e-01,9.736027e-01,1.000000e+00,3/22,14.71%,EXO1;LIG1;RPA3
prerank,Phospholipid Translocation (GO:0045332),-4.075994e-01,-7.696775e-01,8.007055e-01,9.746645e-01,1.000000e+00,2/26,1.76%,ABCB4;ATP8B3
prerank,L-amino Acid Transport (GO:0015807),-4.372183e-01,-7.693554e-01,7.891986e-01,9.742606e-01,1.000000e+00,2/17,1.12%,SLC32A1;SLC1A1
prerank,Regulation Of Dendritic Spine Morphogenesis (GO:0061001),-4.105059e-01,-7.688980e-01,7.834862e-01,9.740614e-01,1.000000e+00,8/26,14.96%,CDK5R1;KIF1A;CDK5;CUX2;DBN1;CAMK2B;ARHGAP44;SIPA1L1
prerank,Positive Regulation Of Phosphatase Activity (GO:0010922),4.206895e-01,7.684903e-01,7.801418e-01,9.969756e-01,1.000000e+00,3/18,5.15%,MAGI2;PDGFRB;ITGA1
prerank,Fatty Acid Oxidation (GO:0019395),3.673827e-01,7.683255e-01,8.375870e-01,9.958482e-01,1.000000e+00,5/41,11.25%,PPARGC1A;HSD17B4;AUH;ABCD4;CYP4V2
prerank,Regulation Of Protein Autophosphorylation (GO:0031952),-3.960518e-01,-7.682522e-01,8.169811e-01,9.741666e-01,1.000000e+00,3/29,4.85%,CALM3;VEGFA;CALM1
prerank,Lysosomal Lumen Acidification (GO:0007042),-4.334687e-01,-7.666890e-01,7.722420e-01,9.756720e-01,1.000000e+00,7/16,29.10%,ATP6V1D;ATP6V0A1;ATP6V1A;CCDC115;TMEM9;TCIRG1;ATP6V1F
prerank,Neutral Amino Acid Transport (GO:0015804),-4.053698e-01,-7.666778e-01,8.104693e-01,9.747929e-01,1.000000e+00,2/25,1.12%,SLC32A1;SLC1A1
prerank,Bile Acid Metabolic Process (GO:0008206),-4.181478e-01,-7.662484e-01,7.947826e-01,9.745530e-01,1.000000e+00,7/22,20.07%,CYP46A1;CYP8B1;HSD3B7;ACOT8;HSD17B10;OSBPL6;ACAA1
prerank,Platelet Aggregation (GO:0070527),-4.026745e-01,-7.661505e-01,7.862069e-01,9.738154e-01,1.000000e+00,4/28,5.98%,ACTG1;STXBP1;PLEK;PPIA
prerank,Vesicle Transport Along Actin Filament (GO:0030050),-4.352655e-01,-7.655501e-01,7.781818e-01,9.738554e-01,1.000000e+00,3/16,12.04%,MYO1H;MYO1G;MYO1B
prerank,Positive Regulation Of p38MAPK Cascade (GO:1900745),-4.307718e-01,-7.653847e-01,8.236246e-01,9.731935e-01,1.000000e+00,5/19,7.12%,IL1B;GADD45A;VEGFA;GADD45B;RELL2
prerank,Regulation Of Cell Division (GO:0051302),-3.490256e-01,-7.653314e-01,8.827839e-01,9.723894e-01,1.000000e+00,8/66,7.57%,CALM3;FSD1;KIF18B;PIN1;CALM1;BLM;INSC;PLK3
prerank,Early Endosome To Late Endosome Transport (GO:0045022),-4.207833e-01,-7.652171e-01,8.161351e-01,9.716652e-01,1.000000e+00,6/22,16.42%,HOOK1;WDR81;HOOK2;RILP;BECN1;RAB5A
prerank,Nitrogen Compound Transport (GO:0071705),-3.192895e-01,-7.640207e-01,9.554795e-01,9.726147e-01,1.000000e+00,17/116,13.19%,SLC18A2;SLC6A3;SLC22A4;SCAMP5;KIF3A;SLC11A1;RHD;SLC7A14;SLC6A15;SLC7A5;SLC22A5;RAB38;PDPN;SNX4;SLC26A8;RILP;SLC15A4
prerank,Protein Insertion Into ER Membrane (GO:0045048),-4.078189e-01,-7.636526e-01,8.188153e-01,9.723002e-01,1.000000e+00,11/24,35.89%,EMC7;EMC4;EMC3;SEC61A1;CAMLG;RAB5IF;EMC6;SGTA;EMC8;TMEM147;EMC10
prerank,Positive Regulation Of Locomotion (GO:0040017),4.156648e-01,7.634928e-01,7.978022e-01,1.000000e+00,1.000000e+00,6/20,19.45%,PDGFRB;F2RL1;AKT2;BVES;TRIM32;STX3
prerank,Regulation Of Transmembrane Receptor Protein Serine/Threonine Kinase Signaling Pathway (GO:0090092),-4.215735e-01,-7.630706e-01,8.078292e-01,9.723211e-01,1.000000e+00,5/23,8.91%,DKK3;NREP;FSTL4;LTBP4;EID2
prerank,Bile Acid Biosynthetic Process (GO:0006699),-4.254679e-01,-7.621614e-01,7.812500e-01,9.728673e-01,1.000000e+00,3/18,8.19%,CYP46A1;CYP8B1;HSD3B7
prerank,Negative Regulation Of Calcium Ion Transmembrane Transporter Activity (GO:1901020),-4.191613e-01,-7.620385e-01,7.918149e-01,9.721748e-01,1.000000e+00,4/20,12.28%,CALM3;CALM1;YWHAE;GNB5
prerank,Regulation Of Transmembrane Transport (GO:0034762),4.138003e-01,7.619010e-01,8.053097e-01,1.000000e+00,1.000000e+00,5/21,7.48%,KCNJ10;KCNJ3;KCNJ16;OCLN;KCNJ5
prerank,Protein N-linked Glycosylation (GO:0006487),-3.571959e-01,-7.616104e-01,8.685121e-01,9.719744e-01,1.000000e+00,11/57,19.58%,NUDT14;PMM1;TUSC3;B4GALT1;PSMD2;STT3A;UBE2J1;ALG9;B4GALT7;MAGT1;DOLPP1
prerank,Clathrin-Dependent Endocytosis (GO:0072583),-4.045312e-01,-7.614388e-01,8.242991e-01,9.713514e-01,1.000000e+00,8/26,18.11%,OCRL;AP2S1;AP2M1;CLTB;SNAP91;CLTA;SIGLEC1;GAK
prerank,Negative Regulation Of Insulin Receptor Signaling Pathway (GO:0046627),-4.034483e-01,-7.610948e-01,8.069565e-01,9.709820e-01,1.000000e+00,4/24,9.23%,IL1B;PRKCQ;PTPN1;PTPN2
prerank,Outflow Tract Septum Morphogenesis (GO:0003148),4.359028e-01,7.607714e-01,7.722096e-01,1.000000e+00,1.000000e+00,4/15,7.19%,ZFPM2;FGFR2;LRP2;TGFB2
prerank,Positive Regulation Of Lipid Storage (GO:0010884),-4.458706e-01,-7.606996e-01,7.809187e-01,9.706825e-01,1.000000e+00,6/16,18.76%,VSTM2A;IKBKE;ZC3H12A;EHD1;NFKB1;LCP1
prerank,Long-Term Synaptic Potentiation (GO:0060291),-4.264670e-01,-7.604125e-01,8.342644e-01,9.702310e-01,1.000000e+00,7/18,22.28%,SLC8A2;GRIN2B;FOXM1;SLC8A3;NPTN;GRIN2D;PTK2B
prerank,T Cell Activation (GO:0042110),3.477964e-01,7.601428e-01,8.827586e-01,1.000000e+00,1.000000e+00,3/55,2.68%,CD247;ICOSLG;CD44
prerank,Negative Regulation Of Translation (GO:0017148),-3.340938e-01,-7.596732e-01,9.191564e-01,9.705008e-01,1.000000e+00,11/87,15.51%,NMNAT2;ZFP36;BTG2;ENC1;GAPDH;NHLRC3;IGF2BP3;EIF4E2;MRPL13;RBM4;TYMS
prerank,Negative Regulation Of Defense Response (GO:0031348),-3.386531e-01,-7.594965e-01,9.147541e-01,9.698809e-01,1.000000e+00,14/76,15.95%,IL10;FPR2;METRNL;FNDC4;TNFAIP3;YWHAZ;GHRL;PTPN2;ENPP3;NLRP3;ALOX5;PTGER4;TRAFD1;C1QBP
prerank,mRNA Polyadenylation (GO:0006378),-4.199745e-01,-7.594607e-01,7.968750e-01,9.690623e-01,1.000000e+00,10/22,31.34%,GRSF1;APP;LEO1;SSU72;CDC73;MTPAP;PABPC1;CPSF3;PAPOLG;SYMPK
prerank,Eye Morphogenesis (GO:0048592),4.308505e-01,7.593656e-01,7.676538e-01,1.000000e+00,1.000000e+00,2/15,1.69%,EFEMP1;FBN1
prerank,Negative Regulation Of Macroautophagy (GO:0016242),4.068792e-01,7.592547e-01,7.995690e-01,1.000000e+00,1.000000e+00,4/21,8.69%,NUPR1;CLEC16A;PIK3CA;UBQLN4
prerank,Regulation Of Actin Polymerization Or Depolymerization (GO:0008064),4.088675e-01,7.587097e-01,7.772829e-01,1.000000e+00,1.000000e+00,1/21,1.14%,DAAM2
prerank,miRNA Processing (GO:0035196),-4.005472e-01,-7.563360e-01,8.448905e-01,9.728184e-01,1.000000e+00,2/28,13.70%,NCBP2;SMAD3
prerank,Regulation Of Cytoplasmic Translation (GO:2000765),4.130608e-01,7.563242e-01,8.123570e-01,1.000000e+00,1.000000e+00,1/20,1.33%,CPEB1
prerank,SMAD Protein Signal Transduction (GO:0060395),4.047004e-01,7.546330e-01,7.972350e-01,1.000000e+00,1.000000e+00,4/22,10.33%,MAGI2;BMP7;TGFB2;ATOH8
prerank,Muscle Contraction (GO:0006936),-3.554500e-01,-7.543402e-01,8.826620e-01,9.748286e-01,1.000000e+00,12/52,13.98%,CHRNB2;SCN7A;CHRNE;LMOD3;GLRA1;TMOD1;MYL6;TPCN2;TPM3;MYL6B;EMD;APBB1
prerank,Regulation Of Actin Filament Bundle Assembly (GO:0032231),4.093684e-01,7.538752e-01,8.288288e-01,1.000000e+00,1.000000e+00,1/21,1.89%,ASAP3
prerank,Regulatory ncRNA Processing (GO:0070918),-4.152970e-01,-7.534290e-01,8.162544e-01,9.753161e-01,1.000000e+00,2/21,10.45%,MOV10L1;ANKRD34A
prerank,Muscle Cell Development (GO:0055001),3.965437e-01,7.531624e-01,8.136364e-01,1.000000e+00,1.000000e+00,1/23,0.75%,MEGF10
prerank,Cellular Response To Nerve Growth Factor Stimulus (GO:1990090),-4.211611e-01,-7.531332e-01,7.961672e-01,9.748900e-01,1.000000e+00,1/17,0.18%,STMN2
prerank,Regulation Of p38MAPK Cascade (GO:1900744),3.806379e-01,7.528421e-01,8.513854e-01,1.000000e+00,1.000000e+00,5/32,6.84%,SASH1;PHLPP1;MFHAS1;DUSP10;DAB2IP
prerank,Regulation Of Centriole Replication (GO:0046599),-4.324157e-01,-7.526158e-01,7.830508e-01,9.747579e-01,1.000000e+00,3/15,12.29%,PLK4;BRCA1;TRIM37
prerank,Ephrin Receptor Signaling Pathway (GO:0048013),3.691051e-01,7.524952e-01,8.683036e-01,1.000000e+00,1.000000e+00,6/33,9.03%,FYN;KALRN;ANKS1B;EPHA3;EPHB1;MMP2
prerank,Cell-Cell Signaling By Wnt (GO:0198738),4.018957e-01,7.522848e-01,8.098434e-01,1.000000e+00,1.000000e+00,3/21,6.09%,FERMT2;PLCG2;GPC4
prerank,Protein Autoubiquitination (GO:0051865),-3.458626e-01,-7.519648e-01,8.919414e-01,9.747591e-01,1.000000e+00,19/58,23.87%,UHRF1;BRCA1;RNF187;UBE2T;RNF19B;TRIM37;DEPDC1B;RNF208;RNF11;STUB1;RNFT1;NFX1;RNF8;BRCA2;RNF213;UBE2D2;RNF122;DTX3L;SH3RF3
prerank,Positive Regulation Of Cytoskeleton Organization (GO:0051495),3.397902e-01,7.513094e-01,8.926941e-01,1.000000e+00,1.000000e+00,9/56,11.02%,CDC42EP1;MYLK3;SORBS3;CDC42EP4;P2RX7;PROX1;FER;BAIAP2L2;F2RL1
prerank,Positive Regulation Of Cysteine-Type Endopeptidase Activity Involved In Apoptotic Process (GO:0043280),-3.328930e-01,-7.509203e-01,9.286957e-01,9.753523e-01,1.000000e+00,13/91,13.70%,TNF;BEX3;ATP2A3;BAD;MTCH1;CARD9;NOD1;DYNLL1;NLRP3;BCL2L13;CYCS;TNFSF10;SMAD3
prerank,Positive Regulation Of Neural Precursor Cell Proliferation (GO:2000179),4.178335e-01,7.502534e-01,8.032787e-01,1.000000e+00,1.000000e+00,4/18,7.70%,BCAN;TOX;LRP2;PROX1
prerank,"Retrograde Protein Transport, ER To Cytosol (GO:0030970)",-4.224821e-01,-7.500772e-01,8.068966e-01,9.756112e-01,1.000000e+00,5/17,30.34%,DERL2;VCP;OS9;SELENOS;FAF2
prerank,Chaperone Cofactor-Dependent Protein Refolding (GO:0051085),3.979642e-01,7.499583e-01,8.306998e-01,1.000000e+00,1.000000e+00,6/22,18.05%,PTGES3;ST13;HSPE1;HSPA1L;DNAJB1;HSPA2
prerank,Negative Regulation Of Cellular Response To Insulin Stimulus (GO:1900077),-3.944533e-01,-7.496363e-01,8.180243e-01,9.753736e-01,1.000000e+00,4/25,9.23%,IL1B;PRKCQ;PTPN1;PTPN2
prerank,Protein Localization To Lysosome (GO:0061462),-3.692242e-01,-7.495554e-01,8.608059e-01,9.745981e-01,1.000000e+00,6/36,14.37%,CACNG8;CACNG2;AP3M1;BECN1;RTN4;LAMTOR5
prerank,Negative Regulation Of Chemotaxis (GO:0050922),3.786368e-01,7.481239e-01,8.333333e-01,1.000000e+00,1.000000e+00,8/27,15.77%,SEMA4B;SEMA3D;SEMA6A;SEMA3B;ROBO1;SEMA3A;SEMA6C;SEMA3C
prerank,Intracellular Glucose Homeostasis (GO:0001678),-3.906061e-01,-7.479422e-01,8.505338e-01,9.760074e-01,1.000000e+00,4/31,9.66%,HK3;KCNB1;HK2;HK1
prerank,Cilium Organization (GO:0044782),2.886097e-01,7.478880e-01,9.877751e-01,1.000000e+00,1.000000e+00,18/178,10.10%,CFAP54;DNAH5;IFT88;ABLIM1;IQUB;KIF27;ARMC9;BBS9;PIBF1;CFAP221;CFAP61;ARMC2;FHDC1;TMEM250;CFAP70;BBS2;CFAP161;TMEM216
prerank,Mitotic G1 DNA Damage Checkpoint Signaling (GO:0031571),-4.057821e-01,-7.477449e-01,8.267581e-01,9.754097e-01,1.000000e+00,3/22,7.57%,GTSE1;CDKN1A;PLK3
prerank,G1/S Transition Of Mitotic Cell Cycle (GO:0000082),-3.492451e-01,-7.471307e-01,9.094017e-01,9.753971e-01,1.000000e+00,8/53,13.20%,E2F1;CDK5;CUL1;BCAT1;CDKN1A;PLK3;GPR132;EIF4E
prerank,Negative Regulation Of NIK/NF-kappaB Signaling (GO:1901223),4.106294e-01,7.470370e-01,8.058036e-01,1.000000e+00,1.000000e+00,1/20,3.49%,BMP7
prerank,Phosphatidylinositol Dephosphorylation (GO:0046856),-4.310636e-01,-7.466293e-01,8.265487e-01,9.751768e-01,1.000000e+00,3/15,14.16%,OCRL;SYNJ1;PMPCA
prerank,Negative Regulation Of Sequestering Of Calcium Ion (GO:0051283),3.919477e-01,7.451764e-01,8.474178e-01,1.000000e+00,1.000000e+00,5/24,8.38%,FGF2;PLCB1;PLCG2;PLCE1;RYR2
prerank,Microtubule Bundle Formation (GO:0001578),-3.802499e-01,-7.451211e-01,8.692308e-01,9.763663e-01,1.000000e+00,4/31,13.56%,TPPP3;TTC26;NCKAP5L;PLK1
prerank,Endoderm Formation (GO:0001706),-4.127777e-01,-7.448601e-01,8.299320e-01,9.758401e-01,1.000000e+00,5/18,19.00%,DUSP2;INHBA;DUSP1;ITGAV;ITGB2
prerank,Positive Regulation Of Pattern Recognition Receptor Signaling Pathway (GO:0062208),3.662431e-01,7.438922e-01,8.524590e-01,1.000000e+00,1.000000e+00,5/33,12.97%,LTF;MFHAS1;TLR5;F2RL1;TREML4
prerank,Positive Regulation Of Protein Polymerization (GO:0032273),-3.501424e-01,-7.436876e-01,8.861646e-01,9.765806e-01,1.000000e+00,4/53,8.23%,PINK1;TPPP3;CDK5R1;TENM1
prerank,Carbohydrate Derivative Transport (GO:1901264),4.242012e-01,7.425241e-01,7.995283e-01,1.000000e+00,1.000000e+00,3/16,10.12%,SLC29A1;SLC29A2;SLC15A2
prerank,Positive Regulation Of Intracellular Transport (GO:0032388),3.698397e-01,7.423232e-01,8.540773e-01,1.000000e+00,1.000000e+00,1/32,1.19%,PRR5L
prerank,Positive Regulation Of Autophagy (GO:0010508),-3.232078e-01,-7.413466e-01,9.510135e-01,9.787743e-01,1.000000e+00,13/88,14.82%,OPTN;PINK1;BNIP3;SCOC;PLK3;ENDOG;BAD;RNF152;ZC3H12A;HTT;BECN1;PARK7;GNAI3
prerank,Regulation Of Oxidative Stress-Induced Intrinsic Apoptotic Signaling Pathway (GO:1902175),-4.187523e-01,-7.411136e-01,8.316151e-01,9.782098e-01,1.000000e+00,2/17,5.98%,SOD1;PPIA
prerank,Purine Ribonucleoside Triphosphate Metabolic Process (GO:0009205),-3.928640e-01,-7.400867e-01,8.324226e-01,9.787227e-01,1.000000e+00,8/27,23.54%,ATP1B1;BAD;ENPP3;GNAI3;HSPA8;RAN;MYH3;AK4
prerank,Negative Regulation Of Phosphoprotein Phosphatase Activity (GO:0032515),4.159857e-01,7.379284e-01,8.175355e-01,1.000000e+00,1.000000e+00,2/18,4.36%,LGALS3;PPP1R1B
prerank,Membrane Organization (GO:0061024),2.956530e-01,7.377382e-01,9.905660e-01,1.000000e+00,1.000000e+00,20/138,14.47%,DMPK;EGFR;CNTN2;SYNJ2;TTPA;FCHO2;ATP10B;SGCZ;BAIAP2L2;RABEP1;MITD1;UBXN2A;EXOC6B;ANK3;TRDN;CHMP6;EXOC8;SNAP29;MVB12A;NEMP1
prerank,Regulation Of Lysosomal Lumen pH (GO:0035751),-4.058991e-01,-7.376423e-01,8.309609e-01,9.811301e-01,1.000000e+00,7/19,29.10%,ATP6V1D;ATP6V0A1;ATP6V1A;CCDC115;TMEM9;TCIRG1;ATP6V1F
prerank,Regulation Of Telomerase RNA Localization To Cajal Body (GO:1904872),-4.171236e-01,-7.371955e-01,7.996390e-01,9.808753e-01,1.000000e+00,2/17,15.48%,NHP2;RUVBL1
prerank,Establishment Of Mitotic Spindle Orientation (GO:0000132),-3.933758e-01,-7.369596e-01,8.595506e-01,9.803213e-01,1.000000e+00,6/26,16.39%,MAD2L1;INSC;NDC80;PLK1;HTT;DCTN1
prerank,Organophosphate Ester Transport (GO:0015748),-4.035038e-01,-7.367371e-01,8.233216e-01,9.797149e-01,1.000000e+00,2/23,8.17%,PITPNA;SLC25A19
prerank,Negative Regulation Of T Cell Receptor Signaling Pathway (GO:0050860),-4.289832e-01,-7.366966e-01,8.318891e-01,9.789029e-01,1.000000e+00,1/15,0.70%,THY1
prerank,'De Novo' Post-Translational Protein Folding (GO:0051084),3.810582e-01,7.362046e-01,8.807339e-01,1.000000e+00,1.000000e+00,6/27,18.05%,PTGES3;ST13;HSPE1;HSPA1L;DNAJB1;HSPA2
prerank,RNA Processing (GO:0006396),2.921652e-01,7.356700e-01,9.922280e-01,1.000000e+00,1.000000e+00,7/170,8.03%,RBPMS;NOVA1;PPARGC1A;ADARB1;DEDD2;BICD1;ADARB2
prerank,Negative Regulation Of Proteolysis Involved In Protein Catabolic Process (GO:1903051),-4.120616e-01,-7.349096e-01,8.224138e-01,9.802607e-01,1.000000e+00,2/18,10.72%,PDCL3;GABARAPL2
prerank,Negative Regulation Of Wound Healing (GO:0061045),-4.176879e-01,-7.345678e-01,8.336163e-01,9.798304e-01,1.000000e+00,2/16,2.98%,TNF;THBD
prerank,Glycolipid Metabolic Process (GO:0006664),-3.872326e-01,-7.328261e-01,8.421053e-01,9.811514e-01,1.000000e+00,4/27,10.29%,SMPD1;B4GALNT1;ST8SIA6;B3GALNT1
prerank,Nucleic Acid Metabolic Process (GO:0090304),-3.903726e-01,-7.323284e-01,8.619469e-01,9.809178e-01,1.000000e+00,1/23,4.05%,DDX24
prerank,Response To Zinc Ion (GO:0010043),4.061332e-01,7.312477e-01,8.246014e-01,1.000000e+00,1.000000e+00,3/16,13.86%,MT1F;SLC30A4;KHK
prerank,Peptidyl-Tyrosine Dephosphorylation (GO:0035335),3.874006e-01,7.279552e-01,8.819095e-01,1.000000e+00,1.000000e+00,5/25,10.00%,PTPRZ1;DUSP10;PTPN13;TNS2;DUSP18
prerank,mRNA Transcription By RNA Polymerase II (GO:0042789),3.586428e-01,7.275864e-01,8.863109e-01,1.000000e+00,1.000000e+00,1/35,1.95%,THRB
prerank,Nucleotide-Excision Repair (GO:0006289),-3.467754e-01,-7.275801e-01,9.184783e-01,9.859016e-01,1.000000e+00,18/50,35.41%,ERCC6;RPA3;ERCC1;BRCA2;TP53;TENT4A;CETN2;USP44;PNKP;ERCC8;FSCN1;NTHL1;KAT5;UVSSA;RPA1;RAD23A;MRPL36;RNF111
prerank,Positive Regulation Of Proteasomal Ubiquitin-Dependent Protein Catabolic Process (GO:0032436),3.187865e-01,7.261002e-01,9.575893e-01,1.000000e+00,1.000000e+00,14/71,18.50%,RNF144A;SH3RF1;BAG2;DVL1;SIRT2;RNF19A;MDM2;ZER1;PRKN;SOCS5;ANKIB1;SIRT6;CSNK1E;RACK1
prerank,Zinc Ion Transport (GO:0006829),3.965614e-01,7.259775e-01,8.203883e-01,1.000000e+00,1.000000e+00,2/17,9.75%,SLC30A10;SLC30A4
prerank,Regulation Of Cardiac Muscle Cell Contraction (GO:0086004),3.956792e-01,7.257638e-01,8.466981e-01,1.000000e+00,1.000000e+00,3/18,8.38%,CTNNA3;CACNA1C;RYR2
prerank,Mitochondrial Calcium Ion Homeostasis (GO:0051560),4.120294e-01,7.256910e-01,8.242950e-01,1.000000e+00,1.000000e+00,1/18,0.96%,MAIP1
prerank,Positive Regulation Of TOR Signaling (GO:0032008),3.476792e-01,7.256849e-01,9.016018e-01,1.000000e+00,1.000000e+00,4/40,11.95%,CLEC16A;PIK3CA;CASTOR1;WDR59
prerank,Positive Regulation Of Protein Binding (GO:0032092),-3.483494e-01,-7.243102e-01,8.954704e-01,9.890889e-01,1.000000e+00,12/45,25.41%,PIN1;ADD2;BDNF;SUB1;RALB;APP;FLOT1;B2M;RAN;DTX3L;NMD3;PSEN1
prerank,Superoxide Metabolic Process (GO:0006801),4.000373e-01,7.242749e-01,7.928731e-01,1.000000e+00,1.000000e+00,1/17,1.66%,SH3PXD2A
prerank,Positive Regulation Of Phospholipase C Activity (GO:0010863),-3.887492e-01,-7.235491e-01,8.384880e-01,9.891026e-01,1.000000e+00,4/22,6.59%,HTR2A;HRAS;LPAR2;P2RY6
prerank,Protein Tetramerization (GO:0051262),3.323679e-01,7.222452e-01,9.147465e-01,1.000000e+00,1.000000e+00,5/55,7.50%,RYR3;ACACB;AQP4;CRYZ;TNPO1
prerank,Regulation Of Calcium-Mediated Signaling (GO:0050848),-3.930547e-01,-7.221690e-01,8.571429e-01,9.898405e-01,1.000000e+00,3/22,5.71%,SLC8A2;CCL3;PLEK
prerank,Peroxisome Organization (GO:0007031),-3.942395e-01,-7.219648e-01,8.460145e-01,9.892292e-01,1.000000e+00,4/22,18.60%,PEX11B;ACOT8;MFF;DNM1L
prerank,Endoplasmic Reticulum To Cytosol Transport (GO:1903513),-4.227304e-01,-7.215136e-01,8.471223e-01,9.888942e-01,1.000000e+00,5/15,30.34%,DERL2;VCP;OS9;SELENOS;FAF2
prerank,Modification-Dependent Protein Catabolic Process (GO:0019941),-2.930642e-01,-7.206076e-01,9.964727e-01,9.891368e-01,1.000000e+00,11/172,10.63%,PINK1;SPSB1;UHRF1;UBB;PCYOX1L;ISG15;RNF40;UBE2L3;RNF149;WDR81;RNF19B
prerank,Regulation Of T Cell Receptor Signaling Pathway (GO:0050856),-3.855691e-01,-7.205984e-01,8.890877e-01,9.882862e-01,1.000000e+00,1/27,0.70%,THY1
prerank,Regulation Of Monoatomic Ion Transport (GO:0043269),-4.095890e-01,-7.205773e-01,8.666667e-01,9.874491e-01,1.000000e+00,3/16,4.49%,KCNJ6;KCNJ13;KCNJ9
prerank,Amino Acid Catabolic Process (GO:0009063),-3.778809e-01,-7.202669e-01,8.935811e-01,9.869691e-01,1.000000e+00,8/27,24.31%,IL4I1;ETFB;KMO;SLC25A44;ETFA;ECHS1;GOT2;BLMH
prerank,Positive Regulation Of Mitotic Cell Cycle (GO:0045931),3.758873e-01,7.199530e-01,8.600451e-01,1.000000e+00,1.000000e+00,1/25,0.52%,MEIS2
prerank,Negative Regulation Of JNK Cascade (GO:0046329),3.621946e-01,7.197018e-01,8.794326e-01,1.000000e+00,1.000000e+00,13/29,20.63%,DUSP16;ANKS1B;DUSP10;MECOM;F2RL1;PDCD4;ZNF675;PRKN;DACT1;GSTP1;DNAJA1;PER1;ZMYND11
prerank,Maturation Of LSU-rRNA (GO:0000470),3.945893e-01,7.191214e-01,8.292135e-01,1.000000e+00,1.000000e+00,4/17,14.40%,PES1;NSA2;NEDD4;RPL35
prerank,Lipid Droplet Organization (GO:0034389),3.888220e-01,7.183136e-01,8.301075e-01,1.000000e+00,1.000000e+00,2/21,7.42%,PLIN5;PPID
prerank,RNA Polyadenylation (GO:0043631),-3.959299e-01,-7.179641e-01,8.646749e-01,9.887675e-01,1.000000e+00,10/23,31.34%,GRSF1;APP;LEO1;SSU72;CDC73;MTPAP;PABPC1;CPSF3;PAPOLG;SYMPK
prerank,Protein Deacetylation (GO:0006476),3.455153e-01,7.176138e-01,8.901345e-01,1.000000e+00,1.000000e+00,10/38,24.63%,SIRT2;SIRT4;FLNA;TBL1X;SIRT5;SIRT6;BRMS1L;MTA2;CHD3;MSL3
prerank,Glutamate Receptor Signaling Pathway (GO:0007215),-3.729848e-01,-7.160975e-01,8.754513e-01,9.900049e-01,1.000000e+00,6/30,8.13%,GRIN1;KCNB1;CDK5R1;HOMER1;GRIN3A;GRIN2B
prerank,Negative Regulation Of Stress-Activated MAPK Cascade (GO:0032873),-3.632300e-01,-7.155459e-01,8.793706e-01,9.897754e-01,1.000000e+00,2/33,5.98%,PINK1;PPIA
prerank,Monoatomic Anion Transport (GO:0006820),3.628014e-01,7.145712e-01,8.758465e-01,1.000000e+00,1.000000e+00,7/32,12.36%,CLIC2;SLC26A6;CLCN2;SLC26A3;ANO4;TTYH1;LRRC8D
prerank,Regulation Of Histone Acetylation (GO:0035065),-4.040811e-01,-7.145576e-01,8.491921e-01,9.900350e-01,1.000000e+00,4/18,14.85%,ERCC6;BRCA1;NOC2L;DDX21
prerank,Pyroptosis (GO:0070269),-3.972997e-01,-7.127722e-01,8.587361e-01,9.911642e-01,1.000000e+00,3/21,14.94%,APIP;NLRP3;IFI27
prerank,Golgi To Vacuole Transport (GO:0006896),3.989939e-01,7.126995e-01,8.447894e-01,1.000000e+00,1.000000e+00,2/16,10.42%,AP1G2;SORT1
prerank,Membrane Fission (GO:0090148),-3.580843e-01,-7.114353e-01,9.188256e-01,9.917731e-01,1.000000e+00,6/34,19.11%,EXOC7;UBAP1;VPS37B;VPS37C;DNM1L;EXOC3
prerank,Negative Regulation Of Protein Transport (GO:0051224),-4.024103e-01,-7.113005e-01,8.434343e-01,9.910885e-01,1.000000e+00,4/16,13.28%,DRD2;RSAD2;ERP29;HMGCR
prerank,Myofibril Assembly (GO:0030239),3.878277e-01,7.107521e-01,8.752735e-01,1.000000e+00,1.000000e+00,3/20,6.24%,PDGFRB;MYLK3;TMOD2
prerank,Protein Targeting To Vacuole (GO:0006623),3.481047e-01,7.105960e-01,9.140969e-01,1.000000e+00,1.000000e+00,4/32,14.20%,SCARB2;PXK;VPS8;NEDD4
prerank,Positive Regulation Of Cholesterol Transport (GO:0032376),3.713188e-01,7.103778e-01,8.571429e-01,1.000000e+00,1.000000e+00,3/24,6.08%,ABCA8;CES1;PTCH1
prerank,Regulation Of Mitochondrion Organization (GO:0010821),-3.488531e-01,-7.100343e-01,9.079422e-01,9.916763e-01,1.000000e+00,1/40,1.41%,PINK1
prerank,Regulation Of Tumor Necrosis Factor-Mediated Signaling Pathway (GO:0010803),-3.492195e-01,-7.091614e-01,9.325044e-01,9.918158e-01,1.000000e+00,7/41,17.66%,IKBKE;TNFAIP3;TRAIP;PTPN2;SPHK1;SPATA2;SPPL2B
prerank,Cell Morphogenesis Involved In Differentiation (GO:0000904),3.967953e-01,7.080569e-01,8.500000e-01,1.000000e+00,1.000000e+00,4/18,13.01%,RELN;PROX1;ACTN1;SIPA1
prerank,Pulmonary Valve Development (GO:0003177),-4.063034e-01,-7.080145e-01,8.456014e-01,9.922436e-01,1.000000e+00,1/15,2.91%,ROBO2
prerank,Cell Surface Receptor Signaling Pathway Involved In Cell-Cell Signaling (GO:1905114),3.759933e-01,7.067754e-01,8.727273e-01,1.000000e+00,1.000000e+00,4/22,6.95%,FERMT2;PLCG2;GPC4;P2RX7
prerank,Macromolecule Biosynthetic Process (GO:0009059),-2.848059e-01,-7.052544e-01,9.983444e-01,9.942524e-01,1.000000e+00,19/161,15.70%,EEF1A2;B4GAT1;MRPL27;SLC11A1;TUFM;MRPS33;MRPL55;INHBA;EIF5A2;GSPT2;IGF2BP3;ALAS1;MRPL28;MRPL34;MRPL13;MRPS7;MRPL23;TYMS;RPL22
prerank,Regulation Of Protein Ubiquitination (GO:0031396),2.932693e-01,7.049389e-01,9.976636e-01,1.000000e+00,1.000000e+00,10/99,12.42%,SASH1;WFS1;ARRB1;BAG2;FAM107A;AMER1;NDFIP2;FBXO33;UBE2D1;RIPK2
prerank,Receptor Clustering (GO:0043113),3.957711e-01,7.044909e-01,8.549107e-01,1.000000e+00,1.000000e+00,7/17,11.20%,MAGI2;PTN;NLGN1;LRP4;NRXN1;DVL1;MADCAM1
prerank,Mitochondrial RNA Metabolic Process (GO:0000959),3.923075e-01,7.043186e-01,8.629857e-01,1.000000e+00,1.000000e+00,1/18,4.44%,TFAM
prerank,RNA Methylation (GO:0001510),-3.262608e-01,-7.041542e-01,9.430605e-01,9.945228e-01,1.000000e+00,8/60,22.94%,FBLL1;TARBP1;TRMO;VIRMA;TRMT6;SNRPD1;THUMPD3;FTSJ3
prerank,Antimicrobial Humoral Response (GO:0019730),-3.802053e-01,-7.037191e-01,8.764706e-01,9.941252e-01,1.000000e+00,5/24,8.91%,CXCL10;HLA-A;SLC11A1;GAPDH;RNASE3
prerank,Lymphocyte Proliferation (GO:0046651),-4.049319e-01,-7.033984e-01,8.502773e-01,9.936041e-01,1.000000e+00,8/16,25.65%,IL10;TNFSF14;HELLS;CD40;PPP3CB;HSPD1;ELF4;MEF2C
prerank,Positive Regulation Of Extracellular Matrix Organization (GO:1903055),4.036111e-01,7.029840e-01,8.555305e-01,1.000000e+00,1.000000e+00,4/16,15.04%,RGCC;DDR2;CLASP1;EFEMP2
prerank,Epidermal Cell Differentiation (GO:0009913),-3.734982e-01,-7.000220e-01,9.016100e-01,9.962348e-01,1.000000e+00,5/27,14.89%,ST14;OVOL2;USH2A;JAG1;ADAM9
prerank,Regulation Of Interleukin-12 Production (GO:0032655),3.536265e-01,6.996225e-01,8.906250e-01,1.000000e+00,1.000000e+00,3/31,5.84%,PLCB1;PLCG2;PIBF1
prerank,Fc-epsilon Receptor Signaling Pathway (GO:0038095),3.733420e-01,6.988852e-01,8.935185e-01,1.000000e+00,1.000000e+00,5/22,13.75%,PLCG2;SOS1;FER;LILRA4;MAP2K7
prerank,Positive Regulation Of Peptidyl-Lysine Acetylation (GO:2000758),-3.919969e-01,-6.981912e-01,8.857143e-01,9.971220e-01,1.000000e+00,2/16,6.08%,ERCC6;BRCA1
prerank,Regulation Of Immune Response (GO:0050776),-3.263481e-01,-6.977118e-01,9.604131e-01,9.967544e-01,1.000000e+00,15/53,22.22%,FCGR3B;LYN;IL4I1;SAMHD1;RSAD2;IRF7;APLP2;FCGR3A;BCL6;SPPL2B;PTPN22;IRF1;FGR;HLA-DRB1;SPPL2A
prerank,Regulation Of Toll-Like Receptor Signaling Pathway (GO:0034121),3.936456e-01,6.975294e-01,8.515982e-01,1.000000e+00,1.000000e+00,4/16,10.59%,TYRO3;LGR4;TLR5;GPR108
prerank,Regulation Of Monocyte Chemotaxis (GO:0090025),3.863324e-01,6.974006e-01,8.730159e-01,1.000000e+00,1.000000e+00,2/17,3.93%,GREM1;SERPINE1
prerank,Negative Regulation Of Endothelial Cell Proliferation (GO:0001937),-3.747422e-01,-6.971245e-01,8.821549e-01,9.964511e-01,1.000000e+00,6/24,12.60%,ATP5IF1;CCL2;ATP5F1A;GHRL;STAT1;ALOX5
prerank,Negative Regulation Of Cytokine Production Involved In Inflammatory Response (GO:1900016),-4.035994e-01,-6.970774e-01,8.588850e-01,9.956478e-01,1.000000e+00,2/15,13.85%,ZC3H12A;APLP2
prerank,Negative Regulation Of Cell-Cell Adhesion (GO:0022408),3.578874e-01,6.967775e-01,8.923445e-01,1.000000e+00,1.000000e+00,4/27,7.76%,RGCC;ZNF703;NOTCH4;FXYD5
prerank,Positive Regulation Of Binding (GO:0051099),-3.154814e-01,-6.964443e-01,9.745917e-01,9.954177e-01,1.000000e+00,14/67,23.02%,STMN1;PIN1;ADD2;SUB1;RALB;PLAUR;EDF1;APP;FLOT1;PARP9;B2M;RAN;SKI;DTX3L
prerank,Positive Regulation Of Proteolysis Involved In Protein Catabolic Process (GO:1903052),3.639496e-01,6.962014e-01,9.066059e-01,1.000000e+00,1.000000e+00,3/27,6.84%,NUPR1;BAG2;DAB2IP
prerank,Release Of Sequestered Calcium Ion Into Cytosol (GO:0051209),-3.687570e-01,-6.952466e-01,8.914591e-01,9.957150e-01,1.000000e+00,4/27,8.84%,HTR2A;DRD2;GHITM;PLCB4
prerank,Regulation Of Stem Cell Differentiation (GO:2000736),-3.497824e-01,-6.946688e-01,9.182156e-01,9.954372e-01,1.000000e+00,6/36,22.05%,OSM;JAG1;GATAD2A;YTHDF2;CHD4;HDAC1
prerank,ncRNA Processing (GO:0034470),2.952989e-01,6.942632e-01,9.907621e-01,1.000000e+00,1.000000e+00,17/91,17.04%,RPS27;RPS17;PIN4;RPS28;INTS5;INTS3;RPS15;RPS25;INTS10;PES1;RPL11;RPL27;RPL35A;NOL8;RPS19;INTS4;INTS11
prerank,Nuclear-Transcribed mRNA poly(A) Tail Shortening (GO:0000289),3.731295e-01,6.940972e-01,8.965517e-01,1.000000e+00,1.000000e+00,2/20,7.73%,PNLDC1;PAN2
prerank,Regulation Of Bone Resorption (GO:0045124),-3.812562e-01,-6.940600e-01,8.761553e-01,9.951970e-01,1.000000e+00,2/20,6.86%,PRKCA;TNFAIP3
prerank,Antimicrobial Humoral Immune Response Mediated By Antimicrobial Peptide (GO:0061844),-3.902231e-01,-6.940435e-01,8.614801e-01,9.943602e-01,1.000000e+00,3/17,8.91%,CXCL10;GAPDH;RNASE3
prerank,Negative Regulation Of Stress Fiber Assembly (GO:0051497),3.871818e-01,6.930526e-01,8.853211e-01,1.000000e+00,1.000000e+00,3/17,5.50%,TMEFF2;RHPN1;TJP1
prerank,Negative Regulation Of Protein Metabolic Process (GO:0051248),-2.957695e-01,-6.917495e-01,9.911348e-01,9.957393e-01,1.000000e+00,24/116,17.32%,PLAT;MAD2L1;PITX3;PIN1;BTG2;ENC1;CDK5;GAPDH;NELL1;NHLRC3;IGF2BP3;RILP;AZIN1;HMGCR;EIF4E2;AZIN2;MRPL13;ITGAV;RBM4;MDM4;TYMS;PFDN4;NFKB1;SYNCRIP
prerank,Cellular Response To Starvation (GO:0009267),-2.942571e-01,-6.907725e-01,9.877408e-01,9.957903e-01,1.000000e+00,22/104,21.25%,MAP1LC3A;DAPL1;MAP1LC3B2;CDKN1A;RNF152;GABARAPL2;MAP1LC3B;ZC3H12A;ATF4;BECN1;FADS1;RALB;HSPA8;TBL2;SUV39H1;ASNS;RRAGA;GABARAPL1;MIOS;TP53;XBP1;RRP8
prerank,Transcription By RNA Polymerase III (GO:0006383),-3.595891e-01,-6.907248e-01,8.992674e-01,9.949830e-01,1.000000e+00,9/27,28.09%,POLR3H;ZFP36L1;POLR2K;GTF3C2;POLR3G;GTF3C6;SNAPC2;POLR3GL;SNAPC5
prerank,Negative Regulation Of Autophagy (GO:0010507),-3.345435e-01,-6.904342e-01,9.589286e-01,9.943990e-01,1.000000e+00,3/54,4.53%,PINK1;IL10;DAPL1
prerank,Positive Regulation Of Interleukin-10 Production (GO:0032733),3.864497e-01,6.900595e-01,8.597701e-01,1.000000e+00,1.000000e+00,3/16,11.02%,PLCG2;PIBF1;F2RL1
prerank,Positive Regulation Of Intrinsic Apoptotic Signaling Pathway (GO:2001244),3.434445e-01,6.895850e-01,9.244851e-01,1.000000e+00,1.000000e+00,4/32,6.53%,NUPR1;BOK;S100A8;NACC2
prerank,Positive Regulation Of Cytokine Production Involved In Immune Response (GO:0002720),-3.800984e-01,-6.893209e-01,8.898601e-01,9.945816e-01,1.000000e+00,4/21,13.79%,HLA-A;NOD2;SLC7A5;HLA-F
prerank,Skeletal Muscle Organ Development (GO:0060538),-3.925670e-01,-6.866782e-01,8.870370e-01,9.960906e-01,1.000000e+00,5/16,26.07%,MYL6;MYL6B;SVIL;MEF2C;POPDC2
prerank,Regulation Of DNA-templated Transcription Elongation (GO:0032784),-3.375482e-01,-6.866003e-01,9.480287e-01,9.953155e-01,1.000000e+00,4/41,10.48%,ERCC6;SUPT4H1;HMGN1;SRCAP
prerank,Organelle Disassembly (GO:1903008),-3.266168e-01,-6.865026e-01,9.442446e-01,9.945615e-01,1.000000e+00,19/48,37.36%,PLK3;KLC1;ZFAND1;VCP;UBA5;MRRF;PRKAA2;NEDD9;KIF9;ULK2;KAT5;AURKA;DDRGK1;ASCC2;EIF2D;DENR;MTIF3;GBF1;KIF5B
prerank,Regulation Of Toll-Like Receptor 4 Signaling Pathway (GO:0034143),3.759508e-01,6.857987e-01,8.883610e-01,1.000000e+00,1.000000e+00,3/20,6.84%,LTF;MFHAS1;DAB2IP
prerank,post-Golgi Vesicle-Mediated Transport (GO:0006892),3.159295e-01,6.857263e-01,9.563218e-01,1.000000e+00,1.000000e+00,6/53,14.05%,LLGL1;AP1G2;RABEP1;SORT1;EXOC6B;EXOC8
prerank,Melanosome Organization (GO:0032438),-3.534059e-01,-6.848210e-01,8.998243e-01,9.952263e-01,1.000000e+00,12/30,32.57%,AP3M1;RAB38;SHROOM2;HPS3;AP1M1;AP1S1;AP3D1;BLOC1S2;HPS6;ASIP;AP1B1;RAB29
prerank,Artery Morphogenesis (GO:0048844),-3.832250e-01,-6.844971e-01,9.000000e-01,9.946863e-01,1.000000e+00,3/18,8.60%,HPGD;VEGFA;NELL1
prerank,Peptide Biosynthetic Process (GO:0043043),2.818987e-01,6.840220e-01,9.950249e-01,1.000000e+00,1.000000e+00,47/136,19.25%,RPS27;RPL32;RPL37;RPLP2;GGT5;RPS17;RPL30;RPS18;RPLP1;RPS28;RPL19;RPL28;FAU;RPL34;RPS8;RPS29;RPL7A;RPL10;RPS15;RPS15A;RPL36;RPS25;RPL31;RPL38;RPL41;RPL13;RPL23A;RPL11;RPL27;RPS14;RPL35;RPL37A;RPL35A;RPS19;RPL29;RPS27A;RPS4X;RPS5;RPS23;GGT1;YARS2;RPS24;RPL18;RPS7;MRPL18;RPL12;RPS13
prerank,Protein Stabilization (GO:0050821),-2.781640e-01,-6.828899e-01,1.000000e+00,9.952146e-01,1.000000e+00,25/168,18.05%,PINK1;PIN1;ATP1B1;CDC37;MT3;GAPDH;POLR2E;BAG1;WDR81;PDCL3;TESC;TRIM37;TNIP2;TELO2;RTN4;PARK7;SAXO1;PFN2;MDM4;RUVBL1;PFDN4;SEC16A;PFDN1;PIM2;STUB1
prerank,Regulation Of rRNA Processing (GO:2000232),3.988590e-01,6.822389e-01,8.781609e-01,1.000000e+00,1.000000e+00,1/15,5.31%,KAT2B
prerank,Negative Regulation Of Actin Filament Bundle Assembly (GO:0032232),3.773544e-01,6.822234e-01,9.026549e-01,1.000000e+00,1.000000e+00,3/18,5.50%,TMEFF2;RHPN1;TJP1
prerank,mRNA Transcription (GO:0009299),3.306342e-01,6.819980e-01,9.331797e-01,1.000000e+00,1.000000e+00,1/39,1.95%,THRB
prerank,Phosphatidylinositol Biosynthetic Process (GO:0006661),2.942602e-01,6.816998e-01,9.910314e-01,1.000000e+00,1.000000e+00,10/84,10.78%,FGF2;SYNJ2;PLCG2;PIK3CA;ITPKB;VAC14;SLA2;PIGA;PITPNM3;SLC27A1
prerank,Regulation Of DNA Binding (GO:0051101),-3.503098e-01,-6.800326e-01,9.373849e-01,9.968810e-01,1.000000e+00,8/32,22.43%,E2F1;HABP4;PLAUR;SUMO3;EDF1;DOT1L;JAK2;SKI
prerank,Negative Regulation Of Oxidative Stress-Induced Cell Death (GO:1903202),3.704164e-01,6.794301e-01,9.317647e-01,1.000000e+00,1.000000e+00,2/20,4.01%,FYN;HSPB1
prerank,Phospholipid Metabolic Process (GO:0006644),3.205614e-01,6.789248e-01,9.553571e-01,1.000000e+00,1.000000e+00,6/48,9.24%,PLPPR1;ALOX15B;PLPP3;ENPP2;ACP6;AGPAT5
prerank,"Maturation Of 5.8S rRNA From Tricistronic rRNA Transcript (SSU-rRNA, 5.8S rRNA, LSU-rRNA) (GO:0000466)",-3.853166e-01,-6.782852e-01,8.716094e-01,9.975166e-01,1.000000e+00,3/18,22.94%,ERI2;WDR12;FTSJ3
prerank,Cellular Lipid Catabolic Process (GO:0044242),-3.745831e-01,-6.778004e-01,8.834244e-01,9.970980e-01,1.000000e+00,1/18,3.37%,LIPG
prerank,Regulation Of Chromatin Organization (GO:1902275),3.558958e-01,6.769835e-01,9.303944e-01,1.000000e+00,1.000000e+00,1/25,1.73%,MLLT3
prerank,Negative Regulation Of RNA Splicing (GO:0033119),-3.730305e-01,-6.768585e-01,8.915254e-01,9.970035e-01,1.000000e+00,5/18,18.61%,SAP18;SRSF7;SRSF9;RNPS1;SRSF4
prerank,Protein Localization To Cell Surface (GO:0034394),3.741832e-01,6.766398e-01,8.957871e-01,1.000000e+00,1.000000e+00,2/21,3.65%,PTPRK;EMP2
prerank,Homologous Chromosome Pairing At Meiosis (GO:0007129),-3.939202e-01,-6.765342e-01,8.649156e-01,9.964343e-01,1.000000e+00,3/15,11.91%,MND1;FANCD2;MEI4
prerank,Regulation Of mRNA Catabolic Process (GO:0061013),3.231278e-01,6.758786e-01,9.616253e-01,1.000000e+00,1.000000e+00,1/43,1.19%,PRR5L
prerank,Inorganic Anion Transport (GO:0015698),-3.515803e-01,-6.755996e-01,9.159370e-01,9.963628e-01,1.000000e+00,6/32,12.38%,SLC11A1;GLRA1;SLC4A10;ENPP3;CLCN6;SLC26A8
prerank,Negative Regulation Of Biomineral Tissue Development (GO:0070168),-3.969502e-01,-6.752958e-01,8.835979e-01,9.957622e-01,1.000000e+00,2/15,3.06%,CCL3;ASPN
prerank,COPII Vesicle Coating (GO:0048208),-3.876325e-01,-6.749480e-01,9.000000e-01,9.943923e-01,1.000000e+00,7/17,33.89%,TRAPPC2;TRAPPC11;PREB;TMED10;KLHL12;CUL3;TRAPPC6A
prerank,"Vesicle Targeting, Rough ER To cis-Golgi (GO:0048207)",-3.876325e-01,-6.749480e-01,9.000000e-01,9.943923e-01,1.000000e+00,7/17,33.89%,TRAPPC2;TRAPPC11;PREB;TMED10;KLHL12;CUL3;TRAPPC6A
prerank,Microtubule Nucleation (GO:0007020),3.600940e-01,6.738726e-01,9.047619e-01,1.000000e+00,1.000000e+00,3/23,13.92%,SLAIN1;CLASP1;NDE1
prerank,Regulation Of Striated Muscle Contraction (GO:0006942),-3.817037e-01,-6.727199e-01,9.057592e-01,9.953145e-01,1.000000e+00,2/18,4.85%,CALM3;CALM1
prerank,Regulation Of Primary Metabolic Process (GO:0080090),-3.466360e-01,-6.724236e-01,9.267857e-01,9.947195e-01,1.000000e+00,3/30,10.15%,ID2;PLPP1;LACTB
prerank,Regulation Of Cell Migration Involved In Sprouting Angiogenesis (GO:0090049),3.669814e-01,6.717374e-01,9.019608e-01,1.000000e+00,1.000000e+00,1/19,2.35%,FGF2
prerank,Organelle Fission (GO:0048285),-3.781650e-01,-6.715112e-01,8.933566e-01,9.945912e-01,1.000000e+00,6/19,26.07%,PEX11B;MFF;DNM1L;MTFR1L;MIEF1;GDAP1
prerank,Maintenance Of Protein Location In Nucleus (GO:0051457),-3.787024e-01,-6.706833e-01,8.991150e-01,9.944100e-01,1.000000e+00,2/18,14.80%,SKP1;PARK7
prerank,Steroid Metabolic Process (GO:0008202),3.241096e-01,6.696672e-01,9.697674e-01,1.000000e+00,1.000000e+00,10/41,13.37%,HSD11B1;CYP39A1;PIAS4;HSD17B1;LRP2;CYP27A1;CYP4V2;CYP7B1;CYP19A1;LSS
prerank,rRNA Processing (GO:0006364),2.837320e-01,6.691614e-01,9.953811e-01,1.000000e+00,1.000000e+00,16/93,15.88%,RPS27;RPS17;PIN4;RPS28;RPS15;RPS25;PES1;RPL11;NSA2;RPL27;RPS14;NEDD4;RPL35A;NOL8;SRFBP1;RPS19
prerank,Translesion Synthesis (GO:0019985),-3.626009e-01,-6.691334e-01,8.965517e-01,9.948180e-01,1.000000e+00,4/22,22.49%,POLE2;VCP;TENT4A;USP10
prerank,Intrinsic Apoptotic Signaling Pathway In Response To DNA Damage By P53 Class Mediator (GO:0042771),3.648629e-01,6.683314e-01,9.189189e-01,1.000000e+00,1.000000e+00,5/18,13.87%,DYRK2;BAG6;RPS27L;USP28;HIPK2
prerank,Vesicle-Mediated Transport To The Plasma Membrane (GO:0098876),2.923285e-01,6.680611e-01,9.976636e-01,1.000000e+00,1.000000e+00,9/75,14.05%,MICALL2;LLGL1;SNX27;RABEP1;SNX12;C2CD6;EXOC6B;SNX7;EXOC8
prerank,Negative Regulation Of Cation Channel Activity (GO:2001258),-3.732497e-01,-6.632963e-01,8.846154e-01,9.983698e-01,1.000000e+00,1/18,2.31%,CALM3
prerank,Regulation Of Release Of Sequestered Calcium Ion Into Cytosol By Sarcoplasmic Reticulum (GO:0010880),-3.723617e-01,-6.624392e-01,8.983666e-01,9.981310e-01,1.000000e+00,2/18,4.85%,CALM3;CALM1
prerank,Negative Regulation Of Protein-Containing Complex Assembly (GO:0031333),3.090961e-01,6.615761e-01,9.704545e-01,1.000000e+00,1.000000e+00,5/46,13.16%,ZNF827;ANKS1B;ULK1;SVIP;THRA
prerank,Reticulophagy (GO:0061709),3.760001e-01,6.608412e-01,8.893905e-01,1.000000e+00,1.000000e+00,6/15,26.72%,ULK1;SNX7;RETREG3;SNX33;RB1CC1;ATG2B
prerank,Regulation Of Protein Neddylation (GO:2000434),-3.862933e-01,-6.606264e-01,9.064748e-01,9.986356e-01,1.000000e+00,4/17,15.42%,COPS9;COPS8;COPS4;COPS3
prerank,Regulation Of Intrinsic Apoptotic Signaling Pathway (GO:2001242),-3.286072e-01,-6.605748e-01,9.673540e-01,9.978338e-01,1.000000e+00,11/41,20.87%,PINK1;PPIF;BCL2L2;NOC2L;BECN1;PLAUR;DDIT3;NDUFS3;DNM1L;TP53;BID
prerank,Regulation Of Translation (GO:0006417),-2.654943e-01,-6.594765e-01,1.000000e+00,9.977831e-01,1.000000e+00,28/175,20.44%,BTG2;ENC1;EIF1B;RBM3;NCBP2;GAPDH;NHLRC3;IGF2BP3;EIF4E;EIF4E2;CIRBP;MRPL13;RBM4;TYMS;EIF4A2;UPF3B;THBS1;EIF4B;SYNCRIP;MIF4GD;APP;YTHDF3;LARP4B;EIF4H;PYM1;BCL3;ELP6;PIWIL2
prerank,Positive Regulation Of Fibroblast Proliferation (GO:0048146),3.511996e-01,6.594326e-01,9.223744e-01,1.000000e+00,1.000000e+00,3/22,7.80%,BMI1;AQP1;DDR2
prerank,Regulation Of Cholesterol Transport (GO:0032374),3.651202e-01,6.589216e-01,9.166667e-01,1.000000e+00,1.000000e+00,2/17,4.15%,ABCA8;APOC1
prerank,Actin Filament-Based Transport (GO:0099515),-3.711187e-01,-6.587905e-01,9.226519e-01,9.974407e-01,1.000000e+00,5/18,18.89%,MYO1H;MYO1G;MYO1B;SYNE2;MYO15A
prerank,Transcription Initiation At RNA Polymerase II Promoter (GO:0006367),-3.092182e-01,-6.579281e-01,9.756098e-01,9.972460e-01,1.000000e+00,7/59,15.75%,MED29;MED18;GTF2A1;MED8;TAF7;GTF2E2;TAF2
prerank,Histone Deacetylation (GO:0016575),3.276902e-01,6.574681e-01,9.507042e-01,1.000000e+00,1.000000e+00,9/34,24.63%,SIRT2;SIRT4;TBL1X;SIRT6;ELK4;BRMS1L;MTA2;CHD3;MSL3
prerank,Positive Regulation Of Filopodium Assembly (GO:0051491),3.442214e-01,6.549902e-01,9.287305e-01,1.000000e+00,1.000000e+00,3/22,7.27%,PALM;GPM6A;NLGN1
prerank,Triglyceride Metabolic Process (GO:0006641),-3.526487e-01,-6.549737e-01,9.264448e-01,9.984672e-01,1.000000e+00,3/25,12.86%,GPAT3;GPAT4;LIPE
prerank,Regulation Of Postsynapse Organization (GO:0099175),-3.492579e-01,-6.541771e-01,9.410714e-01,9.982034e-01,1.000000e+00,4/24,7.01%,CDK5R1;KIF1A;CDK5;HOMER1
prerank,Vesicle-Mediated Transport Between Endosomal Compartments (GO:0098927),3.455747e-01,6.533123e-01,9.268817e-01,1.000000e+00,1.000000e+00,3/23,9.82%,EMP2;MYO1D;PXK
prerank,Establishment Of Spindle Orientation (GO:0051294),-3.373309e-01,-6.520786e-01,9.385475e-01,9.987577e-01,1.000000e+00,3/30,6.05%,MAD2L1;INSC;NDC80
prerank,Golgi Vesicle Transport (GO:0048193),-2.630177e-01,-6.518844e-01,1.000000e+00,9.980482e-01,1.000000e+00,18/172,17.53%,RAB6B;NSF;RAB7B;YKT6;GABARAPL2;RINT1;TBC1D14;YIF1B;MYO1B;RAB13;HTT;NAPA;VAPB;SNX8;TRAPPC2;VTI1B;SEC16A;GOLGA4
prerank,Regulation Of Proteasomal Ubiquitin-Dependent Protein Catabolic Process (GO:0032434),-2.791096e-01,-6.517120e-01,9.927798e-01,9.973250e-01,1.000000e+00,14/96,18.64%,MAP1A;DDA1;TRIB1;USP5;DESI1;RNF19B;CBFA2T3;PLK1;PARK7;PRICKLE1;AXIN1;STUB1;VCP;CSNK1A1
prerank,Translation (GO:0006412),-2.560372e-01,-6.502133e-01,1.000000e+00,9.974319e-01,1.000000e+00,22/199,15.71%,EEF1A2;MRPL27;WARS2;TUFM;MRPS33;APEH;MRPL55;EIF5A2;GSPT2;IGF2BP3;MRPL54;ZC3H15;MRPL40;FASTKD2;MRPL28;MRPL34;MRPL13;MRPL57;MRPS7;MRPL23;RPL22;AURKAIP1
prerank,Epidermis Development (GO:0008544),3.369808e-01,6.500843e-01,9.449153e-01,1.000000e+00,1.000000e+00,7/26,17.83%,FGFR2;EMP1;ALDH3A2;PPP3CA;SVEP1;DLL1;PLOD1
prerank,"Synaptic Transmission, Glutamatergic (GO:0035249)",-3.626149e-01,-6.498365e-01,9.322638e-01,9.968338e-01,1.000000e+00,6/22,13.84%,UNC13C;GRIN3A;GRIN2B;UNC13A;GRIK1;NAPA
prerank,Regulation Of Neutrophil Chemotaxis (GO:0090022),-3.677749e-01,-6.496980e-01,8.930481e-01,9.960968e-01,1.000000e+00,10/18,24.91%,DPP4;C5AR2;MPP1;C1QBP;SLIT2;NCKAP1L;DNM1L;RIPOR2;RAC2;MCU
prerank,Protein Insertion Into Mitochondrial Membrane (GO:0051204),-3.470485e-01,-6.495431e-01,9.335793e-01,9.953793e-01,1.000000e+00,6/25,16.31%,MOAP1;MTCH1;TIMM13;TOMM20;TOMM70;TIMM10
prerank,Ribosome Biogenesis (GO:0042254),-2.674343e-01,-6.487122e-01,1.000000e+00,9.950901e-01,1.000000e+00,26/142,22.81%,SNU13;ZNF622;MRTO4;BYSL;SBDS;UTP4;IGF2BP3;UTP15;WDR55;NOC2L;POP4;RPS19BP1;DHX37;MTREX;WDR12;NOM1;PNO1;SPPL2B;RSL24D1;XRN2;MRPL22;HEATR3;LYAR;DHX29;GTPBP4;NAT10
prerank,Regulation Of Cell Cycle Phase Transition (GO:1901987),3.525903e-01,6.484120e-01,9.153675e-01,1.000000e+00,1.000000e+00,2/21,7.94%,NEK10;MN1
prerank,tRNA Modification (GO:0006400),-2.991887e-01,-6.457770e-01,9.863946e-01,9.961006e-01,1.000000e+00,8/60,19.01%,GON7;DUS1L;QTRT2;TARBP1;TRMO;OSGEP;YRDC;TRMT6
prerank,Endoplasmic Reticulum To Golgi Vesicle-Mediated Transport (GO:0006888),-2.831739e-01,-6.456311e-01,1.000000e+00,9.953709e-01,1.000000e+00,28/97,35.39%,YKT6;YIF1B;SEC13;VAPB;TRAPPC2;SEC16A;VAMP7;ERGIC3;COPB1;TRAPPC11;PREB;TMED10;COPG2;KLHL12;BCAP31;SAR1A;TFG;TMED3;CUL3;USE1;TRAPPC10;RAB29;ARF4;COPA;TRAPPC6A;USO1;TRAPPC9;SEC16B
prerank,DNA-templated Transcription (GO:0006351),2.511492e-01,6.449499e-01,1.000000e+00,1.000000e+00,1.000000e+00,14/168,13.95%,NFIX;THRB;TFAM;POLR2F;TCEANC;GTF2H2;SOX5;TCEA3;CREBL2;MAF;PIR;THRA;THAP1;TAF4
prerank,Positive Regulation Of Transforming Growth Factor Beta Receptor Signaling Pathway (GO:0030511),3.405297e-01,6.435246e-01,9.459459e-01,1.000000e+00,1.000000e+00,5/20,18.72%,CDKN2B;SDCBP;HIPK2;CREBBP;SMAD4
prerank,Positive Regulation Of Cellular Response To Transforming Growth Factor Beta Stimulus (GO:1903846),3.405297e-01,6.435246e-01,9.459459e-01,1.000000e+00,1.000000e+00,5/20,18.72%,CDKN2B;SDCBP;HIPK2;CREBBP;SMAD4
prerank,I-kappaB kinase/NF-kappaB Signaling (GO:0007249),-3.166311e-01,-6.430481e-01,9.823322e-01,9.961356e-01,1.000000e+00,12/41,24.14%,RELB;NFKB2;IRAK2;TLR2;TLR3;NFKB1;IKBKG;BCL3;TIFA;TLR8;TBK1;REL
prerank,Regulation Of Fibroblast Proliferation (GO:0048145),3.119257e-01,6.429055e-01,9.669604e-01,1.000000e+00,1.000000e+00,4/38,7.80%,BMI1;AQP1;DAB2IP;DDR2
prerank,Phosphatidylinositol Phosphate Biosynthetic Process (GO:0046854),-3.205718e-01,-6.404818e-01,9.581818e-01,9.967763e-01,1.000000e+00,2/36,4.20%,SOCS3;PIK3R3
prerank,Regulation Of Extrinsic Apoptotic Signaling Pathway (GO:2001236),2.948898e-01,6.395406e-01,9.905437e-01,1.000000e+00,1.000000e+00,4/51,7.64%,LGALS3;SH3RF1;DEDD2;FGFR1
prerank,Positive Regulation Of Cytokine-Mediated Signaling Pathway (GO:0001961),-3.195029e-01,-6.387300e-01,9.688042e-01,9.969759e-01,1.000000e+00,5/36,15.45%,IKBKE;PARP14;AGPAT1;NLRC5;IL7
prerank,Positive Regulation Of TORC1 Signaling (GO:1904263),3.378844e-01,6.385058e-01,9.439252e-01,1.000000e+00,1.000000e+00,4/25,15.50%,CLEC16A;CASTOR1;WDR59;RRAGD
prerank,Cellular Response To Hexose Stimulus (GO:0071331),3.464021e-01,6.379622e-01,9.302326e-01,1.000000e+00,1.000000e+00,2/20,5.55%,SLC26A6;IGF1R
prerank,Positive Regulation Of Stem Cell Population Maintenance (GO:1902459),3.130998e-01,6.359470e-01,9.675174e-01,1.000000e+00,1.000000e+00,13/37,26.74%,REST;ARID4A;PHF10;SIRT6;SAP30;BRMS1L;BCL7C;ACTL6A;SAP30L;BICRAL;SS18;ING1;SMARCC1
prerank,RNA 3'-End Processing (GO:0031123),-3.204037e-01,-6.358945e-01,9.593640e-01,9.977582e-01,1.000000e+00,7/33,26.09%,NCBP2;USB1;PTCD1;SUPV3L1;TENT4A;ELAC2;RPRD1B
prerank,Peptidyl-Lysine Methylation (GO:0018022),3.449006e-01,6.353872e-01,9.419643e-01,1.000000e+00,1.000000e+00,2/19,14.07%,METTL21A;SMYD3
prerank,Regulation Of Chemotaxis (GO:0050920),3.423236e-01,6.330027e-01,9.274376e-01,1.000000e+00,1.000000e+00,2/21,3.40%,CXCR4;PDGFRB
prerank,tRNA Processing (GO:0008033),3.039115e-01,6.310094e-01,9.722864e-01,1.000000e+00,1.000000e+00,6/42,15.49%,TRPT1;PUS3;DTWD1;TRMT9B;TRIT1;TRUB1
prerank,Positive Regulation Of Viral Life Cycle (GO:1903902),-3.569343e-01,-6.308650e-01,9.511785e-01,9.997488e-01,1.000000e+00,9/19,25.18%,SMPD1;TMPRSS4;CD4;VPS37B;HLA-DRB1;KPNA2;KPNA6;FURIN;LGALS1
prerank,Regulation Of Neuroblast Proliferation (GO:1902692),-3.644486e-01,-6.301403e-01,9.363636e-01,9.992635e-01,1.000000e+00,2/17,4.69%,DRD2;VEGFA
prerank,Ribosomal Large Subunit Biogenesis (GO:0042273),-3.088509e-01,-6.294091e-01,9.965636e-01,9.988423e-01,1.000000e+00,13/45,28.97%,ZNF622;MRTO4;NOC2L;WDR12;RSL24D1;BRIX1;HEATR3;GTPBP4;NOP16;MAK16;MRPL20;NIP7;WDR74
prerank,Protein Destabilization (GO:0031648),-3.291721e-01,-6.276896e-01,9.489982e-01,9.988410e-01,1.000000e+00,4/31,13.64%,DAZAP2;KDM8;PLK1;HTT
prerank,Negative Regulation Of Receptor-Mediated Endocytosis (GO:0048261),3.389532e-01,6.276345e-01,9.356322e-01,1.000000e+00,1.000000e+00,2/19,10.80%,APOC1;SDCBP
prerank,Membrane Protein Ectodomain Proteolysis (GO:0006509),-3.571267e-01,-6.274942e-01,9.313894e-01,9.981223e-01,1.000000e+00,5/18,25.41%,PRKCQ;ADAM9;SPPL2B;SPPL2A;PSEN1
prerank,Regulation Of Transcription Elongation By RNA Polymerase II (GO:0034243),-2.807735e-01,-6.225859e-01,9.948542e-01,9.997300e-01,1.000000e+00,8/72,16.33%,MED29;MED18;NCBP2;SUPT4H1;SRCAP;MED8;PWWP2B;TCERG1
prerank,Negative Regulation Of Cellular Biosynthetic Process (GO:0031327),-2.687190e-01,-6.170641e-01,1.000000e+00,1.000000e+00,1.000000e+00,16/96,17.32%,BTG2;ENC1;PLEK;BRCA1;CDKN1A;GAPDH;NHLRC3;IGF2BP3;ZC3H12A;EIF4E2;PDGFA;MRPL13;RBM4;TYMS;NFKB1;SYNCRIP
prerank,Potassium Ion Homeostasis (GO:0055075),3.516943e-01,6.139794e-01,9.418345e-01,1.000000e+00,1.000000e+00,4/16,14.37%,ATP1A2;SLC12A2;ATP1B2;KCNJ2
prerank,Negative Regulation Of Protein Localization To Plasma Membrane (GO:1903077),3.388164e-01,6.126502e-01,9.331797e-01,1.000000e+00,1.000000e+00,2/18,9.85%,PKDCC;PPP2R5A
prerank,Toll-Like Receptor Signaling Pathway (GO:0002224),-3.257608e-01,-6.123990e-01,9.606440e-01,1.000000e+00,1.000000e+00,10/26,23.92%,BTK;IRAK2;TLR2;TLR3;TRAF3;TICAM1;IRAK4;TLR8;HSPD1;TLR10
prerank,Ribonucleoprotein Complex Biogenesis (GO:0022613),-2.584719e-01,-6.118681e-01,9.965577e-01,1.000000e+00,1.000000e+00,15/110,17.87%,SNU13;ZNF622;MRTO4;BYSL;UTP4;IGF2BP3;UTP15;NOC2L;RPS19BP1;DHX37;WDR12;NOM1;PNO1;SPPL2B;RSL24D1
prerank,Regulation Of Vascular Endothelial Growth Factor Signaling Pathway (GO:1900746),3.504524e-01,6.105607e-01,9.516484e-01,1.000000e+00,1.000000e+00,4/15,13.51%,DAB2IP;SEMA6A;ROBO1;CADM4
prerank,Cellular Response To Misfolded Protein (GO:0071218),3.368478e-01,6.065114e-01,9.478261e-01,1.000000e+00,1.000000e+00,2/18,13.37%,BAG6;ATXN3
prerank,Positive Regulation Of Interferon-Alpha Production (GO:0032727),-3.450623e-01,-6.052139e-01,9.448669e-01,1.000000e+00,1.000000e+00,8/16,26.45%,STAT1;IRF7;TLR3;TLR8;DHX36;TBK1;HSPD1;DHX9
prerank,Stress Granule Assembly (GO:0034063),-3.288870e-01,-6.039312e-01,9.702048e-01,1.000000e+00,1.000000e+00,6/21,19.88%,DAZAP2;DYNC1H1;CIRBP;G3BP2;YTHDF3;YTHDF2
prerank,Intrinsic Apoptotic Signaling Pathway By P53 Class Mediator (GO:0072332),2.982431e-01,5.998856e-01,9.887133e-01,1.000000e+00,1.000000e+00,6/32,13.87%,BOK;DYRK2;BAG6;RPS27L;USP28;HIPK2
prerank,Positive Regulation Of Dendritic Spine Development (GO:0060999),-3.409738e-01,-5.990449e-01,9.435626e-01,1.000000e+00,1.000000e+00,7/16,25.41%,NEURL1;CUX2;DBN1;CAMK2B;DLG5;DHX36;PSEN1
prerank,Positive Regulation Of Cell Division (GO:0051781),3.112735e-01,5.977578e-01,9.777778e-01,1.000000e+00,1.000000e+00,4/25,9.25%,FGFR2;FGF1;PKP4;SIRT2
prerank,mRNA Methylation (GO:0080009),-3.413470e-01,-5.934491e-01,9.390681e-01,1.000000e+00,1.000000e+00,5/15,34.37%,VIRMA;TRMT6;CMTR1;TRMT10C;WTAP
prerank,Protein Neddylation (GO:0045116),-3.323742e-01,-5.924288e-01,9.666667e-01,1.000000e+00,1.000000e+00,6/18,20.48%,COPS8;COPS4;UBE2M;COPS3;RNF7;COPS7A
prerank,Positive Regulation Of ERBB Signaling Pathway (GO:1901186),-3.402148e-01,-5.904625e-01,9.588551e-01,1.000000e+00,1.000000e+00,6/16,16.61%,RTN4;RALB;APEX1;BCAR3;PLAUR;DGKD
prerank,Negative Regulation Of Tumor Necrosis Factor-Mediated Signaling Pathway (GO:0010804),3.350767e-01,5.888814e-01,9.411765e-01,1.000000e+00,1.000000e+00,4/15,14.04%,RFFL;CCDC3;F2RL1;ZNF675
prerank,tRNA Methylation (GO:0030488),-2.945657e-01,-5.884117e-01,9.894921e-01,1.000000e+00,1.000000e+00,9/34,32.27%,TARBP1;TRMO;HSD17B10;TRMT6;THUMPD3;GTPBP3;METTL2B;TRMT10C;TRMT5
prerank,Prostaglandin Metabolic Process (GO:0006693),-3.354128e-01,-5.873543e-01,9.636678e-01,1.000000e+00,1.000000e+00,4/16,14.15%,HPGD;PTGS2;CYP2S1;PLA2G4A
prerank,Spermatid Development (GO:0007286),3.051309e-01,5.860623e-01,9.688995e-01,1.000000e+00,1.000000e+00,7/26,22.41%,TTC21A;FXR1;JAM2;RFX2;CCDC62;SYCP3;IQCN
prerank,Protein K63-linked Ubiquitination (GO:0070534),-2.816047e-01,-5.860022e-01,9.945554e-01,1.000000e+00,1.000000e+00,11/47,20.40%,UBE2V2;PRPF19;RNF152;UBE2T;UBE2O;UBE2N;STUB1;RNF8;TRAF3;RNF213;TRIM5
prerank,Negative Regulation Of Ion Transmembrane Transporter Activity (GO:0032413),3.225314e-01,5.830499e-01,9.515738e-01,1.000000e+00,1.000000e+00,2/16,7.74%,HECW2;SLC6A9
prerank,DNA Geometric Change (GO:0032392),-3.086113e-01,-5.824333e-01,9.851301e-01,1.000000e+00,1.000000e+00,6/24,27.73%,BLM;IGHMBP2;SUPV3L1;DHX36;DHX9;DDX1
prerank,Transcription By RNA Polymerase II (GO:0006366),-2.366597e-01,-5.824093e-01,1.000000e+00,1.000000e+00,1.000000e+00,40/166,26.09%,ERCC6;MED18;NCBP2;POLR2E;SUPT4H1;SRCAP;C5AR1;GTF2A1;SUB1;ATF4;TAF7;POLR2A;POLR2K;DDX21;GTF2E2;TAF2;POLR2B;TFDP1;RTF1;NFKB1;NFX1;XRN2;TAF1C;ETV1;NR1H2;XBP1;SUPT5H;NFYA;SNAPC2;POLR2C;TAF11;E2F3;TAF12;LEO1;SSU72;CDC73;MNAT1;NCBP3;MED16;RPRD1B
prerank,Barbed-End Actin Filament Capping (GO:0051016),-3.349367e-01,-5.794397e-01,9.761905e-01,1.000000e+00,1.000000e+00,2/15,8.31%,ADD2;CAPZA1
prerank,Actin Filament Capping (GO:0051693),-3.349367e-01,-5.794397e-01,9.761905e-01,1.000000e+00,1.000000e+00,2/15,8.31%,ADD2;CAPZA1
prerank,Regulation Of Cell Cycle G2/M Phase Transition (GO:1902749),3.291614e-01,5.763776e-01,9.563319e-01,1.000000e+00,1.000000e+00,1/15,3.84%,NEK10
prerank,Nucleocytoplasmic Transport (GO:0006913),2.708444e-01,5.752465e-01,9.953488e-01,1.000000e+00,1.000000e+00,8/46,19.69%,BACH2;CDAN1;HTATIP2;RBM15B;RITA1;ANP32A;HNRNPA1;NUP35
prerank,Pattern Recognition Receptor Signaling Pathway (GO:0002221),-2.833199e-01,-5.751302e-01,9.929453e-01,1.000000e+00,1.000000e+00,15/42,24.85%,NOD2;NOD1;NLRP3;TLR2;TLR3;ALPK1;TRIM25;TRAF3;TIFA;TICAM1;IRAK4;TLR8;TBK1;TLR10;CLEC4E
prerank,Pore Complex Assembly (GO:0046931),-3.229348e-01,-5.709608e-01,9.601449e-01,1.000000e+00,1.000000e+00,4/17,18.24%,BAD;RTN4;PDZD11;NUP98
prerank,ncRNA Catabolic Process (GO:0034661),-2.998617e-01,-5.705603e-01,9.811966e-01,1.000000e+00,1.000000e+00,3/27,14.78%,ZC3H12A;MTREX;TRIR
prerank,Ceramide Metabolic Process (GO:0006672),-2.864791e-01,-5.680922e-01,9.800725e-01,1.000000e+00,1.000000e+00,4/35,10.09%,SMPD1;ORMDL1;PLPP1;PPP2R1A
prerank,Negative Regulation Of Fibroblast Proliferation (GO:0048147),-3.256658e-01,-5.654402e-01,9.540636e-01,1.000000e+00,1.000000e+00,7/15,24.71%,EMD;CD300A;TP53;MYC;SKI;FTH1;CDC73
prerank,Response To Transforming Growth Factor Beta (GO:0071559),-2.998499e-01,-5.641413e-01,9.842932e-01,1.000000e+00,1.000000e+00,4/26,13.70%,FNDC4;OVOL2;ZFP36L1;SMAD3
prerank,Positive Regulation Of Protein Import Into Nucleus (GO:0042307),2.935625e-01,5.577919e-01,9.823400e-01,1.000000e+00,1.000000e+00,3/23,13.74%,TRIM28;EFCAB7;FLNA
prerank,Negative Regulation Of Response To Endoplasmic Reticulum Stress (GO:1903573),-3.048223e-01,-5.569222e-01,9.721739e-01,1.000000e+00,1.000000e+00,5/23,21.14%,PTPN1;PARK7;CREB3;NR1H2;XBP1
prerank,Regulation Of Macrophage Activation (GO:0043030),-3.028939e-01,-5.494580e-01,9.735450e-01,1.000000e+00,1.000000e+00,5/20,16.86%,SPHK1;ZC3H12A;TNIP2;THBS1;PJA2
prerank,Regulation Of TOR Signaling (GO:0032006),2.482473e-01,5.481897e-01,1.000000e+00,1.000000e+00,1.000000e+00,10/59,15.85%,PIK3CA;NPRL2;RFFL;SH3BP4;EPM2A;WDR59;UBR2;TTI1;RRAGD;NPRL3
prerank,RNA Export From Nucleus (GO:0006405),-2.569358e-01,-5.472285e-01,1.000000e+00,1.000000e+00,1.000000e+00,11/55,25.78%,NCBP2;NUP160;NUP98;MCM3AP;RAN;SRSF3;NUP133;NXT1;POM121;THOC5;NCBP3
prerank,Heterotypic Cell-Cell Adhesion (GO:0034113),2.899538e-01,5.465547e-01,9.779951e-01,1.000000e+00,1.000000e+00,3/21,11.20%,CTNNA3;ITGA7;MADCAM1
prerank,Nuclear Membrane Organization (GO:0071763),-2.971668e-01,-5.454177e-01,9.945848e-01,1.000000e+00,1.000000e+00,5/22,23.63%,PLK1;EMD;DCTN1;TOR1AIP1;TOR1A
prerank,Response To Glucose (GO:0009749),2.718251e-01,5.441070e-01,1.000000e+00,1.000000e+00,1.000000e+00,9/35,20.03%,IGF1R;ZBED3;IRS2;KHK;ZBTB20;GPLD1;RACK1;ZNF236;KLRG1
prerank,Protein Quality Control For Misfolded Or Incompletely Synthesized Proteins (GO:0006515),2.839374e-01,5.433556e-01,9.868421e-01,1.000000e+00,1.000000e+00,3/25,13.37%,BAG6;ZER1;ATXN3
prerank,GPI Anchor Biosynthetic Process (GO:0006506),-2.870544e-01,-5.403696e-01,9.873418e-01,1.000000e+00,1.000000e+00,8/25,27.79%,PIGB;DPM2;TP53INP2;PGAP3;PGAP2;PIGG;GPAA1;PIGO
prerank,Response To Nutrient Levels (GO:0031667),-2.952691e-01,-5.385750e-01,9.838129e-01,1.000000e+00,1.000000e+00,1/22,4.60%,KCNB1
prerank,Anaphase-Promoting Complex-Dependent Catabolic Process (GO:0031145),2.951031e-01,5.335345e-01,9.774436e-01,1.000000e+00,1.000000e+00,1/17,4.40%,ANAPC16
prerank,Keratinocyte Differentiation (GO:0030216),2.868051e-01,5.333681e-01,9.902913e-01,1.000000e+00,1.000000e+00,7/21,16.76%,FGFR1;ASAH1;TXNIP;CSTA;PPP3CA;KRT10;CASP3
prerank,rRNA Catabolic Process (GO:0016075),-3.112171e-01,-5.321035e-01,9.735915e-01,1.000000e+00,1.000000e+00,4/15,35.87%,TRIR;EXOSC6;EXOSC8;EXOSC2
prerank,Regulation Of Endoplasmic Reticulum Stress-Induced Intrinsic Apoptotic Signaling Pathway (GO:1902235),-2.878219e-01,-5.252194e-01,9.827288e-01,1.000000e+00,1.000000e+00,5/21,16.81%,PTPN1;PARK7;NCK2;CREB3;DDIT3
prerank,mRNA Export From Nucleus (GO:0006406),2.400401e-01,5.249483e-01,1.000000e+00,1.000000e+00,1.000000e+00,7/54,17.82%,ZC3H11B;SARNP;THOC3;RBM15B;ALKBH5;MAGOHB;MAGOH
prerank,Regulation Of Meiotic Cell Cycle (GO:0051445),-2.972624e-01,-5.241352e-01,9.775475e-01,1.000000e+00,1.000000e+00,5/17,23.88%,ANAPC13;DUSP1;ANAPC7;ANAPC15;CDC23
prerank,Regulation Of Protein Import Into Nucleus (GO:0042306),2.630645e-01,5.224879e-01,9.978214e-01,1.000000e+00,1.000000e+00,4/31,16.98%,TRIM28;EFCAB7;FLNA;SIRT6
prerank,Regulation Of RIG-I Signaling Pathway (GO:0039535),2.899618e-01,5.217267e-01,9.827160e-01,1.000000e+00,1.000000e+00,4/16,23.04%,RNF125;SEC14L1;GPATCH3;DHX58
prerank,Response To Hexose (GO:0009746),2.881677e-01,5.131812e-01,9.858491e-01,1.000000e+00,1.000000e+00,5/18,20.03%,ZBED3;IRS2;KHK;GPLD1;KLRG1
prerank,Endodermal Cell Differentiation (GO:0035987),2.761797e-01,5.129224e-01,9.729064e-01,1.000000e+00,1.000000e+00,3/21,10.31%,MMP2;COL4A2;ITGA7
prerank,Vacuolar Transport (GO:0007034),-2.496889e-01,-5.101829e-01,9.981982e-01,1.000000e+00,1.000000e+00,6/41,16.98%,HGSNAT;BECN1;ATP6V0D1;VPS37B;VPS37C;VTI1B
prerank,Histone H3-K4 Methylation (GO:0051568),2.668083e-01,5.099700e-01,9.953162e-01,1.000000e+00,1.000000e+00,4/23,18.92%,WDR5B;KMT2A;CXXC1;RBBP5
prerank,Endocytic Recycling (GO:0032456),2.215256e-01,4.900786e-01,1.000000e+00,1.000000e+00,1.000000e+00,4/56,13.77%,MICALL2;SNX27;SNX12;SNX7
prerank,mRNA Modification (GO:0016556),2.541852e-01,4.895958e-01,9.976415e-01,1.000000e+00,1.000000e+00,4/26,18.22%,PUS3;TRUB1;METTL4;RPUSD2
prerank,Positive Regulation Of Antigen Receptor-Mediated Signaling Pathway (GO:0050857),-2.749732e-01,-4.866096e-01,9.962264e-01,1.000000e+00,1.000000e+00,3/17,19.89%,NFAM1;IKBKG;CD226
prerank,Maturation Of 5.8S rRNA (GO:0000460),2.692912e-01,4.822213e-01,9.910112e-01,1.000000e+00,1.000000e+00,3/15,14.20%,PES1;NSA2;NEDD4
prerank,GPI Anchor Metabolic Process (GO:0006505),-2.619047e-01,-4.815332e-01,9.962547e-01,1.000000e+00,1.000000e+00,6/23,24.44%,PIGB;DPM2;TP53INP2;PGAP3;PGAP2;PIGG
prerank,Muscle Tissue Development (GO:0060537),2.561427e-01,4.727460e-01,9.976636e-01,1.000000e+00,1.000000e+00,6/20,21.55%,PTCH1;BVES;CSRP1;PGM5;NF1;MYH7B
prerank,Post-Transcriptional Regulation Of Gene Expression (GO:0010608),-2.258320e-01,-4.712306e-01,1.000000e+00,1.000000e+00,1.000000e+00,12/50,33.35%,RBM3;EIF4E;ELP6;PARP9;ATG14;RBM4B;CYFIP1;ZC3H7A;METAP1;NOLC1;TDRD7;PUM1
prerank,Histone Lysine Methylation (GO:0034968),2.361537e-01,4.704902e-01,1.000000e+00,1.000000e+00,1.000000e+00,5/29,18.92%,WDR5B;KMT2A;SMYD3;CXXC1;RBBP5
prerank,Regulation Of Ubiquitin-Dependent Protein Catabolic Process (GO:2000058),-2.278392e-01,-4.626349e-01,1.000000e+00,1.000000e+00,1.000000e+00,14/38,34.08%,PDCL3;DESI1;AXIN1;PTK2B;SMURF1;GNA12;UBE3A;MAGEF1;SGTA;GLMN;HFE;RAD23A;FBXW7;PML
prerank,Positive Regulation Of DNA Binding (GO:0043388),-2.656114e-01,-4.568980e-01,9.927405e-01,1.000000e+00,1.000000e+00,4/16,22.43%,PARK7;PLAUR;EDF1;SKI
prerank,Regulation Of Mitotic Spindle Assembly (GO:1901673),-2.549429e-01,-4.468101e-01,9.983051e-01,1.000000e+00,1.000000e+00,5/17,35.10%,PLK1;DRG1;CHMP1A;CHMP2A;CHMP3
prerank,Regulation Of Androgen Receptor Signaling Pathway (GO:0060765),2.353922e-01,4.406463e-01,1.000000e+00,1.000000e+00,1.000000e+00,4/22,17.68%,TRIM68;HEYL;FOXP1;RNF6
prerank,Regulation Of Intracellular Steroid Hormone Receptor Signaling Pathway (GO:0033143),2.316635e-01,4.344987e-01,9.977974e-01,1.000000e+00,1.000000e+00,2/21,10.32%,UFSP2;TRIM68
prerank,U2-type Prespliceosome Assembly (GO:1903241),2.218599e-01,4.265416e-01,1.000000e+00,1.000000e+00,1.000000e+00,1/23,7.17%,RBMX2
prerank,Regulation Of Early Endosome To Late Endosome Transport (GO:2000641),-2.414715e-01,-4.249977e-01,9.981785e-01,1.000000e+00,1.000000e+00,6/17,30.74%,MAP2K2;VPS11;EZR;MAPK3;MAP2K1;SRC
prerank,Regulation Of Actin Nucleation (GO:0051125),2.264101e-01,4.110053e-01,1.000000e+00,1.000000e+00,1.000000e+00,16/16,77.38%,GSN;WASHC2A;CORO1A;WASHC4;WASHC1;WASHC3;CARMIL1;ARFIP1;WASHC2C;RNH1;WASHC5;PICK1;WHAMM;ARFIP2;CORO1B;SCIN
prerank,Histone H2A Acetylation (GO:0043968),-2.243291e-01,-4.105818e-01,1.000000e+00,1.000000e+00,1.000000e+00,4/20,30.53%,RUVBL1;MORF4L2;MORF4L1;KAT5
prerank,Regulation Of mRNA Processing (GO:0050684),-2.068669e-01,-4.067241e-01,9.982788e-01,1.000000e+00,1.000000e+00,5/31,29.89%,ZFP36L1;JMJD6;SRSF3;DHX9;RBM39
prerank,RNA Destabilization (GO:0050779),2.200356e-01,3.895128e-01,9.955357e-01,9.996909e-01,1.000000e+00,4/15,21.17%,FXR1;RIDA;FTO;GIGYF2
prerank,Peroxisomal Membrane Transport (GO:0015919),-2.164727e-01,-3.729097e-01,1.000000e+00,1.000000e+00,1.000000e+00,1/16,12.29%,TRIM37
prerank,Branched-Chain Amino Acid Catabolic Process (GO:0009083),-2.095437e-01,-3.626423e-01,1.000000e+00,9.998964e-01,1.000000e+00,4/16,24.52%,SLC25A44;HSD17B10;ECHS1;ACAT1
