Name,Term,ES,NES,NOM p-val,FDR q-val,FWER p-val,Tag %,Gene %,Lead_genes
prerank,Regulation Of Myoblast Differentiation (GO:0045661),0.8806813134719744,1.8428211652481385,0.0,0.005550108227110429,0.006,5/39,2.70%,RANBP3L;DPF3;SOX8;BOC;PLCB1
prerank,Positive Regulation Of Myoblast Differentiation (GO:0045663),0.9137331564050267,1.7965248529524303,0.0,0.011562725473146728,0.022,4/29,2.70%,RANBP3L;DPF3;BOC;PLCB1
prerank,Mesenchymal Cell Differentiation (GO:0048762),0.8620815949051095,1.7874250444562638,0.002178649237472767,0.010175198416369118,0.028,11/40,7.64%,RANBP3L;TGFBR3;HGF;BMP7;FGFR2;SOX9;TRIM28;NOTCH4;TGFB2;S100A4;FGFR1
prerank,Regulation Of Smoothened Signaling Pathway (GO:0008589),0.8465973537396496,1.7339400155785163,0.0,0.044169611307420496,0.146,7/36,6.40%,GLI3;RORA;FGFR2;ARMC9;PTCH1;PTCH2;TUBD1
prerank,Synaptic Vesicle Exocytosis (GO:0016079),-0.8809386514240775,-1.7174279739477,0.0,0.09941032445938056,0.079,15/32,6.28%,SYT1;CPLX1;SYT4;RAB3A;UNC13C;SYT5;SNAP25;STX19;RIMS3;CPLX2;SYT7;STX1B;RIMS1;CDK5;RIMS2
prerank,Regulation Of Secretion By Cell (GO:1903530),-0.8307061141868376,-1.7070903502918606,0.0,0.06451095523427887,0.102,9/45,4.02%,SYT1;CPLX1;RAB3A;RAB3C;SCG5;SYN1;CPLX2;RIMS1;NSF
prerank,Regulation Of Regulated Secretory Pathway (GO:1903305),-0.8957549044313372,-1.7048514675714102,0.0,0.04653249230013557,0.11,13/28,6.28%,SYT1;SYT4;RAB3A;SYT5;SYT13;RAB15;SYN1;RIMS3;SYT7;RIMS1;RPH3A;VPS18;RIMS2
prerank,Regulation Of Epithelial Cell Migration (GO:0010632),0.8105241224827961,1.6831714210103952,0.0022624434389140274,0.14948291491684088,0.478,12/40,7.19%,SASH1;BMPER;EMP2;PLCG2;PTPRG;DOCK1;SOX9;DUSP10;PTN;ENPP2;DAB2IP;TGFB2
prerank,Regulation Of Osteoblast Differentiation (GO:0045667),0.7507560721699676,1.6790439649001823,0.0,0.13566931221825493,0.514,16/65,6.08%,RANBP3L;YAP1;WWTR1;BMPR1B;PRKD1;FERMT2;GREM1;HGF;SMOC1;RORB;LTF;BMP7;FGFR2;TMEM64;SOX9;PTCH1
prerank,Regulation Of Catecholamine Secretion (GO:0050433),-0.9092588201449848,-1.6785217014099636,0.0,0.07059190593259204,0.205,8/21,4.60%,SYT1;SYT4;SYT5;SYT13;CHRNB2;CHRNA4;SYT7;KCNB1
prerank,Regulation Of Vasculature Development (GO:1901342),0.8668019236054574,1.6782289124231495,0.0,0.11866659971298012,0.52,6/23,7.56%,RAPGEF3;BMPER;GPNMB;FGF2;EMP2;PLXND1
prerank,Negative Regulation Of Osteoblast Differentiation (GO:0045668),0.8786360542216929,1.6750920204290003,0.0022123893805309734,0.11181155532532884,0.545,6/23,6.08%,RANBP3L;GREM1;RORB;TMEM64;SOX9;PTCH1
prerank,Sensory Organ Development (GO:0007423),0.8349945760781996,1.6740110526552023,0.0,0.10195754372765824,0.554,7/32,4.70%,BMPR1B;MEIS2;CPAMD8;SMOC1;ECE1;OLIG2;SOX2
prerank,Regulation Of Dopamine Secretion (GO:0014059),-0.933765721381093,-1.6720538996737877,0.0,0.07022176110747733,0.252,6/17,3.05%,SYT1;SYT4;SYT5;SYT13;CHRNB2;SYT7
prerank,ERBB Signaling Pathway (GO:0038127),0.8073674634686391,1.668535868732489,0.0,0.10341701663182433,0.59,13/41,8.22%,NRG3;EFEMP1;ERBB4;EGFR;AREG;GAB1;SLC30A10;PIK3CA;SOX9;TGFA;PLCE1;ERBIN;SOS1
prerank,Peptidyl-Tyrosine Phosphorylation (GO:0018108),0.7719214911613419,1.665000099922649,0.002386634844868735,0.10116333632142191,0.62,17/50,8.70%,EFEMP1;ERBB4;EGFR;FYN;FGFR3;ALK;PDGFRB;FGFR2;PKDCC;IGF1R;PIBF1;RELN;EPHA3;FGFR1;DDR2;FER;INSR
prerank,Chemical Synaptic Transmission (GO:0007268),-0.6754086470311801,-1.663062834454772,0.0,0.07720163495249766,0.311,46/181,7.37%,GABRG2;SYT1;CPLX1;NSG1;GLRA3;UNC13C;SLC18A2;GABRA4;SNCG;SYT5;SLC32A1;TH;CBLN2;KIF5A;GRIN1;SCN2B;SLC1A1;CHRNB2;CHRNE;SNAP25;HTR2A;AMPH;GLRB;CACNA1E;CBLN1;SNCB;SYN1;CHRNA7;CHRNA4;DRD2;ERC2;SLC1A6;CHRNA6;CHRNB3;CACNB3;NTSR1;STXBP1;KCNMB1;DLG3;RIMBP2;CDK5;RIC3;BSN;HOMER1;GRIN3A;GLRA1
prerank,DNA Replication Initiation (GO:0006270),-0.9232889996634165,-1.6569305152598028,0.0,0.07825919159568256,0.35,5/19,5.45%,MCM10;ORC6;CDC45;ORC1;MCM2
prerank,Extracellular Matrix Organization (GO:0030198),0.6961332839047223,1.656597262164243,0.0022935779816513763,0.11331470963683792,0.681,19/99,5.17%,FLRT2;COLGALT2;COL27A1;HPSE2;ADAMTS9;COL5A3;ELN;GREM1;MATN2;SMOC1;ADAMTS20;COL28A1;HMCN1;COL16A1;COL4A5;COL4A3;LAMC1;COL9A2;ADAMTS14
prerank,Establishment Of Epithelial Cell Polarity (GO:0090162),0.9167210199258825,1.6504143466508054,0.0,0.1189715507144697,0.717,1/16,0.09%,PARD3
prerank,Negative Regulation Of Cell Differentiation (GO:0045596),0.6618075369389601,1.6406275515981181,0.0,0.1368365968850678,0.79,21/135,7.13%,RANBP3L;YAP1;WWTR1;SOX8;MEIS2;EFEMP1;RORA;FERMT2;GREM1;EGFR;RORB;RUNX1T1;BMP7;SOX2;TMEM64;ZBTB16;SOX9;USF3;PTCH1;DAB2IP;NOTCH4
prerank,Embryonic Limb Morphogenesis (GO:0030326),0.8567729825834404,1.636179618799682,0.0021008403361344537,0.14306945652106884,0.824,6/21,7.43%,GLI3;ECE1;PTCH1;ZNF358;TGFB2;CACNA1C
prerank,Cartilage Development (GO:0051216),0.8152925319449822,1.6349208842716105,0.00477326968973747,0.13881051930512647,0.832,8/31,5.72%,NFIB;ITGB8;CHI3L1;FGFR3;FGF2;CD44;ZBTB16;SOX9
prerank,Regulated Exocytosis (GO:0045055),-0.8031162797475868,-1.6335120967084646,0.0035587188612099642,0.12783215924497474,0.543,12/43,6.28%,CPLX1;RAB3A;SYT13;SNAP25;SYNGR3;RIMS3;CPLX2;RIMS1;STXBP1;PLEK;CDK5;RIMS2
prerank,Calcium-Ion Regulated Exocytosis (GO:0017156),-0.9071079311148332,-1.6276770962813185,0.0,0.13430969368448223,0.604,8/19,3.20%,SYT1;SYT4;RAB3A;SYT5;SYT13;RIMS3;SYT7;RIMS1
prerank,Regulation Of SMAD Protein Signal Transduction (GO:0060390),0.8606592082529798,1.625078908108291,0.0022471910112359553,0.15921192816201094,0.883,3/19,3.49%,RBPMS;WWTR1;BMP7
prerank,BMP Signaling Pathway (GO:0030509),0.8261775045085854,1.623960358060825,0.004424778761061947,0.15370716395636383,0.89,7/29,7.85%,TGFBR3;BMPR1B;RGMA;BMP7;RGMB;TGFB2;ACVR2B
prerank,Skeletal System Development (GO:0001501),0.7029240262430632,1.6238486124352027,0.0,0.14576336870147916,0.89,19/80,8.45%,COL27A1;ITGB8;CHI3L1;GJA1;FBN1;FGFR3;CD44;KIAA1217;GLI2;BMP7;FGFR2;PKDCC;PTH1R;COL9A2;ZBTB16;SOX9;TGFB2;FGFR1;SOX5
prerank,Signal Release From Synapse (GO:0099643),-0.8423350615708031,-1.6216099520003338,0.0017452006980802793,0.14298165815859842,0.658,10/31,5.74%,SYT1;CPLX1;RAB3A;SLC32A1;SNAP25;SYN1;CPLX2;RIMS1;STXBP1;CDK5
prerank,Mitotic Spindle Organization (GO:0007052),-0.7159153683331662,-1.6186466218635462,0.0,0.1401743259785076,0.682,16/76,8.53%,CENPE;STMN1;KIF4A;MAP9;TTK;KIFC1;KIF11;DCTN2;NDC80;CCNB1;PLK3;KPNB1;DYNC1H1;CDCA8;SPC25;SBDS
prerank,Regulation Of Vesicle-Mediated Transport (GO:0060627),-0.727630483343516,-1.6180867502515242,0.005208333333333333,0.13052011571306968,0.685,21/72,13.32%,SYT1;CPLX1;RAB3A;RAB3C;OCRL;CPLX2;NSF;PTPN1;RIMS2;AP2S1;PACSIN1;USP6;NELL1;BET1L;TPCN2;RINT1;RAB11A;SPHK1;DNAJC5;MAP2K2;RAB13
prerank,Negative Regulation Of Neurogenesis (GO:0050768),-0.8667120914926681,-1.6146784074733518,0.005244755244755245,0.1298354155787,0.713,3/22,0.70%,IL1B;TNF;THY1
prerank,Oligodendrocyte Differentiation (GO:0048709),0.89926013583232,1.608574150645038,0.011312217194570135,0.1885649270160768,0.951,6/15,5.72%,SOX8;PTPRZ1;SOX13;MYRF;SOX10;SOX9
prerank,Positive Regulation Of DNA Repair (GO:0045739),0.6912648665719732,1.6047744236923915,0.004662004662004662,0.19310852752104857,0.958,6/79,2.20%,NPAS2;FMN2;DPF3;EYA1;EGFR;EYA2
prerank,Peptidyl-Tyrosine Modification (GO:0018212),0.768646939649635,1.6030921876918212,0.011904761904761904,0.19042757697411464,0.961,14/43,8.70%,EFEMP1;ERBB4;EGFR;FYN;FGFR3;PDGFRB;FGFR2;PKDCC;RELN;EPHA3;FGFR1;DDR2;FER;INSR
prerank,Negative Regulation Of Smoothened Signaling Pathway (GO:0045879),0.8800656341103718,1.6023176668447927,0.0045351473922902496,0.1846014258147599,0.961,5/20,6.24%,GLI3;RFX4;GLI2;PTCH1;PTCH2
prerank,Microtubule Cytoskeleton Organization Involved In Mitosis (GO:1902850),-0.7584118240996031,-1.6021360242369989,0.0,0.15931335431978236,0.814,14/52,8.53%,CENPE;STMN1;KIF4A;TTK;KIF11;DCTN2;NDC80;CCNB1;PLK3;KPNB1;DYNC1H1;CDCA8;SPC25;SBDS
prerank,DNA-templated DNA Replication (GO:0006261),-0.7337869405454561,-1.6020829023306287,0.0,0.14890397536043384,0.814,10/65,5.45%,MCM10;ORC6;CDC45;GINS2;MCM6;WDHD1;ORC1;BLM;RFC3;MCM2
prerank,Positive Regulation Of T Cell Activation (GO:0050870),-0.7265244165777581,-1.6004079553406645,0.0034423407917383822,0.14587671946931707,0.823,13/75,9.75%,IL1B;THY1;HLA-DMA;CD80;CCL2;HLA-A;PRKCQ;PNP;CD1D;NOD2;RHOH;HLA-DQA1;TFRC
prerank,Neurotransmitter Secretion (GO:0007269),-0.815181214239397,-1.59595379935527,0.005226480836236934,0.15216373819001552,0.853,12/35,6.28%,SYT1;CPLX1;RAB3A;SLC32A1;SNAP25;SYN1;CPLX2;RIMS1;STXBP1;CDK5;RPH3A;RIMS2
prerank,Negative Regulation Of Cell Junction Assembly (GO:1901889),-0.8682232170987677,-1.5955112572519345,0.005253940455341506,0.14482650696948765,0.854,4/22,2.91%,DMTN;IL1B;TNF;ROBO2
prerank,DNA Metabolic Process (GO:0006259),-0.613380962651851,-1.5950557921533106,0.0,0.13887388551296442,0.856,25/251,6.08%,MCM10;ORC6;CHEK1;CDC45;POLQ;FANCA;NEIL3;MCM6;UBE2V2;GADD45A;TOP2A;FAM111B;TERF2IP;ISG20;CHRNA4;WDHD1;INSL6;BTG2;ORC1;XRCC3;BLM;RFC3;MCM2;PARP2;BRCA1
prerank,Adherens Junction Organization (GO:0034332),0.8243077688026145,1.5933427838153675,0.016666666666666666,0.2067800738781073,0.977,8/25,5.50%,FERMT2;CDH2;ZNF703;CDHR3;CDH10;CDH6;CDH26;TJP1
prerank,Intrinsic Apoptotic Signaling Pathway (GO:0097193),-0.6941865603825628,-1.5895259836585844,0.00505902192242833,0.14768778522077122,0.875,22/89,13.58%,MLLT11;MOAP1;BCL2A1;ATP2A3;SCN2A;E2F1;IFI6;BNIP3;IKBKE;HINT1;ZNF622;BRCA1;CUL1;CDKN1A;BAD;BCL2L2;CD24;MCL1;ZNF385B;PPP1R15A;ATF4;CYCS
prerank,Response To Organic Cyclic Compound (GO:0014070),-0.805222118691294,-1.5889570525320231,0.007285974499089253,0.14201474922768648,0.877,10/34,3.71%,IL1B;TNF;SLC1A1;CDKN2D;FOXA1;CHRNB2;ABCB4;CCL3;DRD2;CCL2
prerank,DNA Integrity Checkpoint Signaling (GO:0031570),-0.8033978835013589,-1.581231043490373,0.007233273056057866,0.16425777498921823,0.917,6/35,6.03%,CLSPN;CHEK1;CDC45;E2F1;ERCC6;PRPF19
prerank,Positive Regulation Of Signaling (GO:0023056),-0.8198055969421324,-1.580865349715274,0.0036101083032490976,0.158449573583268,0.919,11/28,7.01%,SYT1;CLSTN3;CLSTN2;TNF;CD80;OCRL;RIMS3;RIMS1;NSF;RIMS2;HOMER1
prerank,Protein Depolymerization (GO:0051261),-0.857932326902188,-1.5806463734932072,0.0,0.1524203511990236,0.919,5/23,4.97%,STMN2;STMN1;DSTN;KIF18B;STMN3
prerank,Glial Cell Differentiation (GO:0010001),0.8135259266141353,1.5778982362365275,0.0048543689320388345,0.25841303905426155,0.996,12/26,6.42%,NFIB;SOX8;PTPRZ1;ERBB3;MYRF;BCAN;SOX10;CDH2;SOX2;SOX9;GPR157;RELN
prerank,Cytoskeleton Organization (GO:0007010),-0.6875172729313793,-1.5774580984731137,0.0017452006980802793,0.15643377865991034,0.932,12/91,7.35%,DMTN;RAC3;THY1;DIAPH3;CCL3;ARHGAP4;WASF3;CCL2;ANK1;MAST1;TNFAIP3;PACSIN1
prerank,Fibroblast Growth Factor Receptor Signaling Pathway (GO:0008543),0.8466842265692974,1.5766252857081298,0.013729977116704805,0.2543443827923875,0.997,5/20,4.25%,FLRT2;FGFR3;FGF2;FGFR2;FGF1
prerank,Mitotic G2/M Transition Checkpoint (GO:0044818),-0.7726228562937368,-1.5754221036140117,0.003676470588235294,0.15733188830150738,0.942,10/38,15.00%,CLSPN;CHEK1;ORC1;BLM;BRCA1;CDKN1A;NABP2;RINT1;PLK1;DEPDC1B
prerank,Mitotic Sister Chromatid Segregation (GO:0000070),-0.6916730236143239,-1.5707907728635249,0.0035650623885918,0.16752480603340056,0.955,24/94,13.79%,NCAPH;CENPE;MAP9;CENPK;NCAPG;KIFC1;CDCA5;KIF11;KIF18B;DCTN2;NDC80;CEP55;CCNB1;DSN1;TEX14;KPNB1;CDCA8;EML4;INO80;RAB11A;CENPI;NCAPG2;PLK1;BECN1
prerank,Cytoplasmic Translation (GO:0002181),0.6691520323847118,1.5706833318480384,0.0,0.26887190966890523,0.999,45/88,19.62%,RPS27;RPL32;RPL37;RPLP2;RPS17;RPL30;RPS18;RPLP1;RPS28;RPL19;RPL28;FAU;RPL34;RPS8;RPS29;RPL7A;RPL10;RPS15;RPS15A;RPL36;RPS25;RPL31;RPL38;RPL41;RPL13;RPL23A;RPL11;RPL27;RPS14;RPL35;RPL37A;RPL35A;RPS19;RPL29;RPS27A;RPS4X;RPS5;RPS23;RACK1;RPS24;RPL18;RPS7;RPL12;RPS13;RPS11
prerank,Chloride Transmembrane Transport (GO:1902476),-0.7826061111742679,-1.5662377072889804,0.0034423407917383822,0.17940693054029544,0.969,5/36,1.80%,GABRG2;GLRA3;GABRA4;SLC1A1;GLRB
prerank,Synaptic Vesicle Recycling (GO:0036465),-0.7760412774576776,-1.5653624537983681,0.0037105751391465678,0.1765390244709689,0.969,11/38,7.35%,SYT1;RAB3A;SNCG;SYT5;SNCB;AP3B2;SYT7;CDK5;AP2S1;AP2M1;PACSIN1
prerank,Negative Regulation Of Cell Development (GO:0010721),-0.8814221747859149,-1.561911342217364,0.008635578583765112,0.18440262668334031,0.975,2/16,0.62%,IL1B;TNF
prerank,Protein Secretion (GO:0009306),-0.7370774931398543,-1.5596929768192365,0.008928571428571428,0.1876651320696817,0.979,9/50,14.80%,RAB3A;RAB3C;PTPRN;RIMS2;NECAB3;SVBP;TVP23B;RAB13;PARK7
prerank,Monoatomic Anion Transmembrane Transport (GO:0098656),-0.7741523034905131,-1.55923614723276,0.0035087719298245615,0.18361827217297816,0.979,5/39,1.80%,GABRG2;GLRA3;GABRA4;SLC1A1;GLRB
prerank,Regulation Of Cell Migration (GO:0030334),0.5677088146559467,1.5590051309371529,0.0,0.30961675181237464,0.999,43/316,6.42%,SASH1;LGR6;KANK1;PLXNB1;NTNG1;CTNNA2;SEMA4B;ERBB4;FERMT2;PTPRK;DAAM2;PRR5L;EGFR;HGF;FYN;NTRK3;MAGI2;GPNMB;PLXNA1;MITF;FRMD5;FGF2;CXCR4;TMEFF2;ALOX15B;ROR2;PDGFRB;PLEKHG3;SERPINE1;NEXN;ZNF703;FGF1;LIMCH1;SEMA3D;TJP1;IGF1R;RFFL;CD151;TNC;ADARB1;DUSP10;ENPP2;RELN
prerank,Positive Regulation Of Monooxygenase Activity (GO:0032770),-0.902601824009908,-1.5578392821800326,0.0,0.18330981815204925,0.98,3/17,0.62%,IL1B;GCH1;TNF
prerank,Synaptic Vesicle Cycle (GO:0099504),-0.8138144501984481,-1.5545119855689833,0.008896797153024912,0.1901424635232144,0.983,9/27,5.74%,CPLX1;RAB3A;SLC18A2;SLC32A1;SNAP25;CPLX2;SYT7;RIMS1;CDK5
prerank,Rho Protein Signal Transduction (GO:0007266),-0.7572167326859823,-1.5524884842473754,0.008944543828264758,0.19235444544328772,0.988,3/42,2.11%,AGTR1;ARHGDIG;ARHGAP4
prerank,Regulation Of DNA Repair (GO:0006282),0.644813809798741,1.548825643542603,0.007125890736342043,0.34981630417655213,1.0,10/117,5.74%,NPAS2;DPF3;EYA1;EGFR;SGF29;EYA2;TMEM98;KAT2B;KAT2A;TRIM28
prerank,Regulation Of Nitric Oxide Biosynthetic Process (GO:0045428),-0.8058887192753499,-1.5468625679903472,0.0035460992907801418,0.20889681360243947,0.989,4/29,1.57%,IL1B;TNF;KLF2;CD36
prerank,Regulation Of Phagocytosis (GO:0050764),-0.7706254278491627,-1.5467826572539478,0.005172413793103448,0.2034510320591923,0.989,6/39,4.76%,IL1B;TNF;SYT7;FPR2;TUB;SLC11A1
prerank,Adenylate Cyclase-Inhibiting G Protein-Coupled Receptor Signaling Pathway (GO:0007193),-0.7960630762973014,-1.5467334716820433,0.005208333333333333,0.198208379283233,0.989,5/28,4.11%,AKAP12;MARCO;DRD2;FPR2;OPRM1
prerank,Cellular Response To BMP Stimulus (GO:0071773),0.7800858024527011,1.5459240087411619,0.015555555555555555,0.35119851503770994,1.0,8/32,7.85%,TGFBR3;BMPR1B;RGMA;BMP7;SOX9;RGMB;TGFB2;ACVR2B
prerank,Negative Regulation Of Epithelial Cell Proliferation (GO:0050680),0.7135237204067332,1.544189911409957,0.01327433628318584,0.34846324664621287,1.0,13/48,7.19%,NFIB;TGFBR3;PTPRK;RGCC;NUPR1;FGFR2;SPARC;SOX2;SOX9;DUSP10;RUNX3;DAB2IP;TGFB2
prerank,Limb Development (GO:0060173),0.8465282053069733,1.544074246068809,0.01293103448275862,0.33792065195271315,1.0,7/19,7.66%,GLI3;GREM1;SMOC1;KAT2B;KAT2A;PTCH1;LRP4
prerank,Anterograde Trans-Synaptic Signaling (GO:0098916),-0.6563211609239896,-1.5438890522539692,0.0017301038062283738,0.2049490540818326,0.99,33/122,7.37%,SYT1;CPLX1;GLRA3;UNC13C;SLC18A2;SNCG;SYT5;KIF5A;GRIN1;SCN2B;SLC1A1;CHRNB2;CHRNE;SNAP25;HTR2A;AMPH;GLRB;CACNA1E;CBLN1;SNCB;SYN1;CHRNA4;SLC1A6;CHRNA6;CHRNB3;CACNB3;NTSR1;KCNMB1;DLG3;CDK5;BSN;HOMER1;GLRA1
prerank,Regulation Of Calcium Ion-Dependent Exocytosis (GO:0017158),-0.8375918508858486,-1.5430238719017344,0.005484460694698354,0.20334170356837655,0.99,9/22,5.99%,SYT1;SYT4;SYT5;SYT13;SYT7;SCAMP5;KCNB1;STXBP1;RPH3A
prerank,Mitotic G2 DNA Damage Checkpoint Signaling (GO:0007095),-0.8100455240086311,-1.5429852819040015,0.005607476635514018,0.19856270827408187,0.99,5/26,7.25%,CLSPN;CHEK1;BLM;BRCA1;CDKN1A
prerank,Visual System Development (GO:0150063),0.8110193501504824,1.5426013885336771,0.015765765765765764,0.33589367113870844,1.0,6/24,7.19%,BMPR1B;MEIS2;CPAMD8;SMOC1;SOX2;TGFB2
prerank,Establishment Of Protein Localization To Extracellular Region (GO:0035592),-0.7751977171818681,-1.5425090678151523,0.010362694300518135,0.19527028018806894,0.99,6/33,13.32%,RAB3A;RAB3C;NECAB3;SVBP;TVP23B;RAB13
prerank,Smoothened Signaling Pathway (GO:0007224),0.7885746917831251,1.5409800501470623,0.009280742459396751,0.33384989242584345,1.0,5/25,6.85%,GLI3;GLI2;PTCHD1;PTCH1;DYRK2
prerank,Ventricular Cardiac Muscle Tissue Morphogenesis (GO:0055010),0.8350233150570253,1.5405475775670991,0.021645021645021644,0.32637279284088894,1.0,7/19,8.38%,TGFBR3;ZFPM2;FGFR2;LRP2;TGFB2;PROX1;RYR2
prerank,Positive Regulation Of Nitric Oxide Metabolic Process (GO:1904407),-0.8526070618375802,-1.539071623320863,0.010657193605683837,0.20280493208610886,0.994,4/20,1.57%,IL1B;TNF;KLF2;CD36
prerank,Cellular Response To Ketone (GO:1901655),0.7833148286240774,1.538220906648471,0.023809523809523808,0.3287154377288135,1.0,3/30,4.57%,ADCY8;ADCY2;AQP1
prerank,Regulation Of Wnt Signaling Pathway (GO:0030111),0.6705122338667058,1.5370133783831694,0.009615384615384616,0.3248813351860361,1.0,9/70,4.42%,CTNND2;LGR6;KANK1;DAAM2;AMER2;TCF7L1;FGFR2;ZNF703;TLE1
prerank,Regulation Of Cell Motility (GO:2000145),0.6511332703020215,1.5360070936460821,0.01098901098901099,0.3203970372159099,1.0,12/84,7.56%,PLXNB1;ERBB4;FYN;PLXNA1;FRMD5;FGF2;PLEKHG3;NEXN;FGF1;TNC;ENPP2;PLXND1
prerank,Regulation Of Chondrocyte Differentiation (GO:0032330),0.8536922637561775,1.5349879028210789,0.01511879049676026,0.3160241111881169,1.0,6/16,5.72%,BMPR1B;EFEMP1;GREM1;PKDCC;ZBTB16;SOX9
prerank,Regulation Of Peptide Hormone Secretion (GO:0090276),-0.8118122466457723,-1.5333147447677928,0.01289134438305709,0.21939493270435825,0.995,4/27,3.05%,IL1B;TNF;SNAP25;SYT7
prerank,Positive Regulation Of Protein Localization To Nucleus (GO:1900182),0.6978569171214244,1.5328047227004797,0.02050113895216401,0.31728118698314617,1.0,3/59,0.98%,YAP1;WWTR1;FERMT2
prerank,Inorganic Anion Transmembrane Transport (GO:0098661),-0.7430960308972439,-1.5292109894603299,0.005235602094240838,0.23028883436819622,0.997,10/47,9.12%,GABRG2;GLRA3;GABRA4;SLC1A1;GLRB;SLC25A3;GLRA1;GABRA1;SLC20A1;GABRB3
prerank,Positive Regulation Of Nitric Oxide Biosynthetic Process (GO:0045429),-0.8596967342071336,-1.5290135713097615,0.003629764065335753,0.22615618910890994,0.997,4/19,1.57%,IL1B;TNF;KLF2;CD36
prerank,Cellular Response To Lipopolysaccharide (GO:0071222),-0.6766481833651323,-1.5270574088074989,0.008375209380234505,0.22953479398147153,0.997,18/88,13.22%,IL1B;IL1A;TNF;CCL3;CXCL10;CD80;ZFP36;IL10;CCL2;MYD88;TNFAIP3;NOD2;PPM1E;LYN;LDOC1;NLRP3;ZC3H12A;TNIP2
prerank,Regulation Of Proteolysis Involved In Protein Catabolic Process (GO:1903050),-0.8426413558232031,-1.5269835756153267,0.008818342151675485,0.2250612731277864,0.997,3/20,3.11%,PINK1;UBB;ATP5IF1
prerank,Negative Regulation Of Peptidyl-Tyrosine Phosphorylation (GO:0050732),-0.8267686812021655,-1.526172256058604,0.007366482504604052,0.22398618046883442,0.997,9/23,10.09%,DMTN;THY1;OCRL;SOCS3;PARP14;SAMSN1;SH2B3;PTPN2;PPP2R1A
prerank,Positive Regulation Of Release Of Cytochrome C From Mitochondria (GO:0090200),-0.8331753735204896,-1.5252563543613125,0.012345679012345678,0.22293294038337683,0.998,5/21,5.26%,MLLT11;MOAP1;PINK1;BNIP3;PPIF
prerank,Regulation Of Cell Morphogenesis (GO:0022604),0.8006544083503588,1.5246413496226014,0.013574660633484163,0.34631772880546785,1.0,5/27,5.38%,NTNG1;FERMT2;CD44;SPARC;SH3D19
prerank,Negative Regulation Of DNA Recombination (GO:0045910),-0.8026984767525178,-1.523827112157786,0.008944543828264758,0.22440937240288197,0.998,4/26,5.10%,POLQ;TERF2IP;INSL6;BLM
prerank,Regulation Of Cellular Metabolic Process (GO:0031323),-0.7655501612090421,-1.5228271720947415,0.013011152416356878,0.22389694393889537,0.998,3/38,1.61%,SLC2A6;PINK1;PGAM1
prerank,Regulation Of Phosphatidylinositol 3-Kinase Signaling (GO:0014066),0.6694060968124328,1.5217161516594053,0.007125890736342043,0.35152887862265697,1.0,20/67,8.70%,PLXNB1;RAPGEF3;EGFR;HGF;ERBB3;NTRK3;ROR1;FGF2;ROR2;PDGFRB;PPP1R16B;IGF1R;SOX9;DAB2IP;TGFB2;FGFR1;DDR2;NTRK2;PTPN13;INSR
prerank,cAMP-mediated Signaling (GO:0019933),0.8286059631412804,1.5183185437095725,0.028888888888888888,0.3583691975016769,1.0,3/18,1.07%,PDE7B;ADCY2;RAPGEF3
prerank,Negative Regulation Of Mitotic Metaphase/Anaphase Transition (GO:0045841),-0.8115150156434777,-1.5173585549872433,0.02018348623853211,0.2407637444654528,1.0,7/23,8.48%,BUB1;BUB1B;MAD2L1;TTK;NDC80;TEX14;SPC25
prerank,Regulation Of Canonical Wnt Signaling Pathway (GO:0060828),0.6024815082847598,1.5157581825439834,0.004914004914004914,0.3614507982905667,1.0,27/152,6.84%,GLI3;CTNND2;LGR6;WWTR1;GPC5;KANK1;GPRC5B;GREM1;DAAM2;LGR5;EGFR;SOX13;MLLT3;LYPD6;AMER2;LGR4;SHISA6;FGFR2;ZNF703;TLE1;SOX2;LZTS2;TMEM64;SOX9;APC2;RNF220;DAB2IP
prerank,Epidermal Growth Factor Receptor Signaling Pathway (GO:0007173),0.7552025950341394,1.5133914820788477,0.022172949002217297,0.3639843199164606,1.0,11/34,8.22%,EFEMP1;EGFR;AREG;GAB1;SLC30A10;PIK3CA;SOX9;TGFA;PLCE1;ERBIN;SOS1
prerank,Chondrocyte Differentiation (GO:0002062),0.8214251686137611,1.5127734941189157,0.04035874439461883,0.3586857987209011,1.0,3/19,2.14%,NFIB;BMPR1B;FGFR3
prerank,Pyruvate Metabolic Process (GO:0006090),-0.7601685123294302,-1.5120632174867217,0.017921146953405017,0.25855301487642673,1.0,18/35,17.59%,ENO2;PGAM1;GAPDHS;HK3;LDHB;HK2;GAPDH;HK1;LDHA;PFKFB2;ENO4;PFKM;PKM;TPI1;SDS;NR4A3;PGK1;PDHB
prerank,Glycolytic Process (GO:0006096),-0.8120605762118573,-1.510800318080508,0.01384083044982699,0.25900523606728354,1.0,13/21,15.34%,ENO2;PGAM1;GAPDHS;HK3;HK2;GAPDH;HK1;LDHA;PFKFB2;ENO4;PFKM;PKM;TPI1
prerank,Sister Chromatid Segregation (GO:0000819),-0.7755058561425774,-1.5103454332948187,0.023809523809523808,0.2562686365717694,1.0,10/29,13.56%,CENPK;TOP2A;KIFC1;KIF18B;NDC80;DSN1;INO80;CENPI;NCAPG2;PLK1
prerank,Bone Development (GO:0060348),0.7711637558890675,1.5101822763556176,0.03803131991051454,0.36284324565605625,1.0,5/24,4.11%,RANBP3L;GJA1;FGFR3;LTF;FGFR2
prerank,Carbohydrate Catabolic Process (GO:0016052),-0.7688408379187983,-1.5097554389386905,0.008896797153024912,0.2541846668707566,1.0,13/29,15.34%,ENO2;PGAM1;GAPDHS;HK3;HK2;GAPDH;HK1;LDHA;PFKFB2;ENO4;PFKM;PKM;TPI1
prerank,Regulation Of Dendrite Extension (GO:1903859),-0.8805844100048256,-1.5096946521534882,0.005084745762711864,0.24596258064039306,1.0,6/15,10.08%,SYT1;SYT4;RIMS1;RIMS2;UNC13A;CPNE6
prerank,Positive Regulation Of Dendrite Extension (GO:1903861),-0.8805844100048256,-1.5096946521534882,0.005084745762711864,0.24596258064039306,1.0,6/15,10.08%,SYT1;SYT4;RIMS1;RIMS2;UNC13A;CPNE6
prerank,Positive Regulation Of Cell Communication (GO:0010647),-0.8508708142525432,-1.5093368703554328,0.009041591320072333,0.2433437835968454,1.0,9/20,7.01%,SYT1;CLSTN3;CLSTN2;TNF;CD80;RIMS3;RIMS1;RIMS2;HOMER1
prerank,Connective Tissue Development (GO:0061448),0.7666054838545481,1.5082309593396885,0.02558139534883721,0.3636862585487084,1.0,6/28,5.72%,SOX8;ITGB8;CHI3L1;CD44;ZBTB16;SOX9
prerank,Gliogenesis (GO:0042063),0.8400175567416023,1.5025746221437952,0.025056947608200455,0.3820513275519076,1.0,6/16,7.86%,NFIB;BCAN;CDH2;RELN;TGFB2;CD9
prerank,Maintenance Of Protein Localization In Organelle (GO:0072595),-0.8657185118786342,-1.4996745585233946,0.01950354609929078,0.2795070196955238,1.0,4/15,9.66%,PINK1;HK2;SKP1;HK1
prerank,Regulation Of Microtubule Polymerization Or Depolymerization (GO:0031110),-0.8217548211018194,-1.4987936949077083,0.00929368029739777,0.2787344049400717,1.0,7/21,4.97%,STMN2;MAP1A;MAP1B;STMN1;MAPRE3;MAP2;STMN3
prerank,Regulation Of Postsynaptic Membrane Potential (GO:0060078),-0.8121694628963979,-1.4984516093703366,0.009157509157509158,0.2754515390162066,1.0,9/25,8.30%,GABRG2;GABRA4;GRIN1;MAPK8IP2;CHRNA4;DRD2;GLRA1;GRIN2B;GABRA1
prerank,DNA Replication (GO:0006260),-0.6805736869055059,-1.4983285423979207,0.009107468123861567,0.2716268140730215,1.0,8/64,6.76%,CHEK1;MCM6;FAM111B;WDHD1;BLM;RFC3;MCM2;RNASEH1
prerank,Regulation Of Chromosome Segregation (GO:0051983),-0.8262025211421952,-1.497611766222365,0.020754716981132074,0.2703114779980603,1.0,5/22,3.72%,BUB1;NCAPH;NCAPG;MKI67;CDCA2
prerank,Signal Transduction In Response To DNA Damage (GO:0042770),-0.7102418636553357,-1.4972836892449919,0.012302284710017574,0.2675458071402768,1.0,10/53,8.25%,CLSPN;CHEK1;GADD45A;E2F1;E2F7;BATF;ERCC6;PRPF19;MAPK12;GRB2
prerank,Transmembrane Receptor Protein Serine/Threonine Kinase Signaling Pathway (GO:0007178),0.6413036732166454,1.4939564820710656,0.013921113689095127,0.4155366029637578,1.0,7/78,3.49%,TGFBR3;BMPR1B;RGMA;FERMT2;PTPRK;MAGI2;BMP7
prerank,Negative Regulation Of miRNA Metabolic Process (GO:2000629),0.8231991296655149,1.4936243291792024,0.022935779816513763,0.40862218381885895,1.0,2/20,5.72%,NFIB;SOX9
prerank,Tight Junction Assembly (GO:0120192),0.7480075772558559,1.4935511529328285,0.023255813953488372,0.4010486858339891,1.0,7/29,5.53%,PARD3;MPDZ;FRMPD2;CLDN9;MICALL2;OCLN;CLDN12
prerank,Receptor Recycling (GO:0001881),-0.8588137496390068,-1.493250841244608,0.012455516014234875,0.2808523186893868,1.0,2/16,7.94%,NSG1;PHETA1
prerank,Negative Regulation Of Intracellular Protein Transport (GO:0090317),-0.8003675829305162,-1.492507421636951,0.02333931777378815,0.2795682090866434,1.0,2/22,3.31%,DMTN;SIAH3
prerank,Positive Regulation Of Programmed Cell Death (GO:0043068),-0.5961433920960982,-1.4917922855326995,0.0017123287671232876,0.27861253130166813,1.0,27/194,10.95%,MLLT11;PNMA3;TNF;MOAP1;PNMA2;BCL2A1;ADAMTSL4;FOXA1;MELK;OLFM1;GADD45A;TOP2A;E2F1;BNIP3;SMPD1;CLIP3;SOD1;ZNF622;GADD45B;PHLDA1;TNFRSF8;BAD;MTCH1;PNMA1;SAP18;NEURL1;MCL1
prerank,Regulation Of Neurotransmitter Secretion (GO:0046928),-0.7829615413957903,-1.4907495301597815,0.01950354609929078,0.2788021470476305,1.0,8/26,6.28%,CPLX1;SYN1;RIMS3;CPLX2;STX1B;RIMS1;VPS18;RIMS2
prerank,Spindle Assembly Checkpoint Signaling (GO:0071173),-0.8202387990213206,-1.4906579579813808,0.01855287569573284,0.2677211885761225,1.0,7/21,8.48%,BUB1;BUB1B;MAD2L1;TTK;NDC80;TEX14;SPC25
prerank,Mitotic Spindle Checkpoint Signaling (GO:0071174),-0.8202387990213206,-1.4906579579813808,0.01855287569573284,0.2677211885761225,1.0,7/21,8.48%,BUB1;BUB1B;MAD2L1;TTK;NDC80;TEX14;SPC25
prerank,Mitotic Spindle Assembly Checkpoint Signaling (GO:0007094),-0.8202387990213206,-1.4906579579813808,0.01855287569573284,0.2677211885761225,1.0,7/21,8.48%,BUB1;BUB1B;MAD2L1;TTK;NDC80;TEX14;SPC25
prerank,mRNA Stabilization (GO:0048255),-0.7358925874650285,-1.488307846028067,0.01763668430335097,0.27412154017472373,1.0,7/37,5.44%,ZFP36;DND1;E2F1;SLC11A1;FUS;MYD88;ELAVL4
prerank,Cell-Cell Junction Assembly (GO:0007043),0.6911134620214604,1.4879602859160561,0.019753086419753086,0.41939968772787295,1.0,13/50,7.86%,CTNND2;MPDZ;GJA1;CDH2;ZNF703;CDHR3;CDH10;CDH6;CDH26;TJP1;CLDN12;PKP4;CD9
prerank,Regulation Of Cell Death (GO:0010941),-0.7577521571085059,-1.4875453278709174,0.006993006993006993,0.2733572411304328,1.0,4/36,3.17%,SNCG;SNCB;CHRNA7;DHCR24
prerank,Negative Regulation Of miRNA Transcription (GO:1902894),0.8232094540726913,1.4865626755576935,0.024719101123595506,0.4180567632179939,1.0,2/19,5.72%,NFIB;SOX9
prerank,Regulation Of DNA Biosynthetic Process (GO:2000278),0.7561842763307298,1.4858875651991672,0.02386117136659436,0.4140044367228797,1.0,5/28,3.40%,HGF;FGF2;RGCC;JADE2;PDGFRB
prerank,Cilium Movement (GO:0003341),0.7840115747526062,1.4820176329620718,0.02528735632183908,0.42526052472308923,1.0,10/25,12.63%,CFAP54;DNAH7;DNAH5;CCDC40;HYDIN;DNAH9;CFAP61;CFAP70;DNAAF2;CFAP53
prerank,Regulation Of Establishment Of Cell Polarity (GO:2000114),0.8438249251576999,1.4817990235662397,0.028503562945368172,0.4187735169607737,1.0,2/15,3.53%,KANK1;PLEKHG3
prerank,Regulation Of Nitric-Oxide Synthase Activity (GO:0050999),-0.8100842066623757,-1.4812781456710538,0.021897810218978103,0.29693685801213904,1.0,4/22,0.62%,IL1B;GCH1;IL1A;TNF
prerank,Cytoskeleton-Dependent Intracellular Transport (GO:0030705),-0.8210685999761583,-1.4782782546970752,0.0106951871657754,0.3059222944194864,1.0,7/20,10.99%,TUBB2A;TUBA1A;DYNC1I1;KIF1A;HOOK1;HOOK2;TUBA1B
prerank,Negative Regulation Of B Cell Activation (GO:0050869),-0.8535862341083819,-1.477405641779388,0.016483516483516484,0.30604062243550706,1.0,7/15,9.44%,TNFRSF21;ID2;IL10;TNFAIP3;SAMSN1;INHBA;LYN
prerank,Positive Regulation Of Nitrogen Compound Metabolic Process (GO:0051173),-0.7825610562646322,-1.477093899626894,0.02456140350877193,0.30370617169539005,1.0,5/25,2.85%,AGTR1;TNF;KLF2;UHRF1;CHRNA7
prerank,Regulation Of Protein Localization To Nucleus (GO:1900180),0.7125087654408114,1.4753119698774173,0.04608294930875576,0.4414409356844527,1.0,5/39,4.50%,YAP1;WWTR1;FERMT2;OTUD7B;MFHAS1
prerank,Anterograde Axonal Transport (GO:0008089),-0.7566429760484898,-1.4743021821225704,0.019400352733686066,0.3124683296870184,1.0,8/33,5.89%,NEFL;MAP1A;KIF5A;KIF4A;AP3B2;KIF3A;KIF1A;SOD1
prerank,Positive Regulation Of Lymphocyte Proliferation (GO:0050671),-0.7062669628172504,-1.4737508100553736,0.023769100169779286,0.31106527189975597,1.0,15/49,19.25%,IL1B;CHRNB2;CD80;PNP;GPR183;CD1D;TFRC;NCK2;IL7;SLC7A1;CD40;FCGR3A;ZNF335;NCKAP1L;SASH3
prerank,Amyloid Precursor Protein Metabolic Process (GO:0042982),-0.8363982849718243,-1.4730556168183053,0.024013722126929673,0.3100317578722171,1.0,2/16,0.71%,NSG1;ACHE
prerank,Microtubule Polymerization Or Depolymerization (GO:0031109),-0.7929251901361672,-1.471920022430968,0.03171641791044776,0.31148228553371143,1.0,6/23,4.97%,STMN2;STMN1;TPPP3;KIF18B;PIN1;STMN3
prerank,Positive Regulation Of Cell Cycle Process (GO:0090068),-0.6488611030090498,-1.470268410774448,0.02112676056338028,0.3154036788698584,1.0,14/84,8.34%,IL1B;IL1A;NCAPH;NCAPG;MAD2L1;NPM2;DRD2;E2F7;PLK4;XRCC3;NDC80;CIT;DYNC1H1;CDCA8
prerank,Response To Lipid (GO:0033993),-0.6653075303995728,-1.468887467722377,0.011363636363636364,0.31813792195573976,1.0,7/74,4.76%,IL1B;GCH1;CDKN2D;FOXA1;CD36;GPX3;SLC11A1
prerank,Chloride Transport (GO:0006821),-0.6889655441512927,-1.4673748009138203,0.02680067001675042,0.3209192525255386,1.0,5/54,1.80%,GABRG2;GLRA3;GABRA4;SLC1A1;GLRB
prerank,Exocytosis (GO:0006887),-0.6691065417672236,-1.4667511792144956,0.020942408376963352,0.3198318717107803,1.0,12/71,5.99%,CPLX1;RAB3A;SNAP25;SYNGR3;CCL3;STX19;STX1B;RIMS1;ANK1;NSF;CADPS;RPH3A
prerank,Regulation Of Establishment Or Maintenance Of Cell Polarity (GO:0032878),0.8361084124161381,1.4666621028174904,0.04838709677419355,0.476603785299237,1.0,3/15,5.08%,KANK1;PLEKHG3;LLGL1
prerank,Regulation Of Microtubule-Based Process (GO:0032886),0.728280517673677,1.4664538451537743,0.0380952380952381,0.46970874265381507,1.0,8/37,8.50%,MPDZ;FRMPD2;MAPT;MEMO1;PHLDB1;EPHA3;BICD1;FAM107A
prerank,Base-Excision Repair (GO:0006284),-0.7470674595632099,-1.4651371619958364,0.02564102564102564,0.32315566062774936,1.0,7/33,14.86%,POLQ;NEIL3;ERCC6;LIG3;LIG1;RPA3;APEX1
prerank,Regulation Of Type II Interferon Production (GO:0032649),-0.6884439904176656,-1.464450641983552,0.017985611510791366,0.32266172010160404,1.0,15/61,12.33%,IL1B;IL18R1;CD244;HLA-A;SLC11A1;ISG15;ZFPM1;HAVCR2;INHBA;BTN3A1;CR1;IL12RB1;SLC7A5;BTN3A2;ZC3H12A
prerank,Cellular Response To Molecule Of Bacterial Origin (GO:0071219),-0.6667915368641376,-1.4644481007878976,0.015280135823429542,0.3190765898782529,1.0,18/80,14.89%,IL1B;IL1A;CXCL10;CD80;ZFP36;IL10;CCL2;MYD88;TNFAIP3;NOD2;PPM1E;LDOC1;NLRP3;TLR2;ZC3H12A;TNIP2;CX3CR1;ADAM9
prerank,Regulation Of Monoatomic Ion Transmembrane Transporter Activity (GO:0032412),-0.6969476561274139,-1.4634096180871707,0.02772963604852686,0.3199399383173657,1.0,15/52,9.57%,SCN3B;SCN2B;PRRT1;MAPK8IP2;FGF12;OPRM1;CACNG8;PPIF;FHL1;CACNG2;HOMER1;FXYD7;YWHAE;GSG1L;TRPC6
prerank,Regulation Of Protein Localization To Cell Surface (GO:2000008),-0.7631252220336696,-1.463199515027538,0.030965391621129327,0.31734745922179913,1.0,5/29,7.76%,TNF;MAP1A;TMEM35A;RIC3;BDNF
prerank,Positive Regulation Of Phosphatidylinositol 3-Kinase Activity (GO:0043552),0.7986389840730235,1.4624911535328964,0.037825059101654845,0.48187374080024076,1.0,4/18,3.40%,PRKD1;FGFR3;FGF2;PDGFRB
prerank,Positive Regulation Of Protein Localization To Plasma Membrane (GO:1903078),0.6913623927854156,1.458934306965242,0.035398230088495575,0.4918261228674605,1.0,4/42,1.25%,DPP10;SORBS1;LGALS3;EGFR
prerank,Circulatory System Development (GO:0072359),0.6036004990751046,1.458532540455683,0.019417475728155338,0.4859574920441107,1.0,23/91,8.83%,ERBB4;CRB2;GJA1;ERBB3;NTRK3;PDLIM3;FBN1;ZFPM2;GLI2;ECE1;PIK3CA;DVL2;KAT2B;KAT2A;SOX9;APLNR;PLCE1;NOTCH4;LDB3;TGFB2;CACNA1C;SLC2A12;DVL1
prerank,Positive Regulation Of Type II Interferon Production (GO:0032729),-0.710885528827038,-1.4568999414984782,0.030357142857142857,0.341135932676385,1.0,10/41,11.93%,IL1B;IL18R1;CD244;HLA-A;SLC11A1;ISG15;ZFPM1;IL12RB1;SLC7A5;BTN3A2
prerank,Regulation Of Glucose Metabolic Process (GO:0010906),0.7471327765835931,1.455636564121708,0.05034324942791762,0.4926154653765749,1.0,2/25,1.24%,RORA;SLC45A3
prerank,Regulation Of Protein Serine/Threonine Kinase Activity (GO:0071900),-0.63815637485094,-1.455135537240097,0.00859106529209622,0.3455060054490241,1.0,15/89,7.25%,THY1;CDK5R2;CDKN2D;SLC8A2;GADD45A;CALM3;HRAS;EZH2;CALM1;CDC37;CDC25C;BLM;CDK5R1;CCNB1;CDKN1A
prerank,Positive Regulation Of Phagocytosis (GO:0050766),-0.7347336890337509,-1.4543134986883264,0.026041666666666668,0.3454647927153367,1.0,6/37,4.76%,IL1B;TNF;FPR2;CCL2;TUB;SLC11A1
prerank,Zinc Ion Transmembrane Transport (GO:0071577),0.8016869773656218,1.4538236633885901,0.05392156862745098,0.4934046213901171,1.0,2/15,3.08%,SLC39A12;SLC30A10
prerank,Positive Regulation Of Protein Localization To Cell Periphery (GO:1904377),0.6845444490123621,1.4526105850420001,0.05580357142857143,0.4914088248963279,1.0,4/43,1.25%,DPP10;SORBS1;LGALS3;EGFR
prerank,Regulation Of Protein Deacetylation (GO:0090311),0.8005093056546224,1.4521073583590351,0.08370044052863436,0.4864766504737887,1.0,3/15,5.60%,SGF29;KAT2B;KAT2A
prerank,Negative Regulation Of Protein Localization To Membrane (GO:1905476),-0.7925060247312905,-1.4516259120268373,0.031578947368421054,0.3535213566296521,1.0,3/22,9.88%,DMTN;AP2M1;MRAP2
prerank,Lymphocyte Chemotaxis (GO:0048247),-0.8388831510761372,-1.4512919870826801,0.02877697841726619,0.3512723452244771,1.0,7/16,8.19%,CH25H;CCL3;CXCL10;CCL2;CCL3L1;GPR183;HSD3B7
prerank,Negative Regulation Of Notch Signaling Pathway (GO:0045746),-0.819592248499746,-1.451241308858167,0.028985507246376812,0.34792534421351373,1.0,4/19,4.32%,NRARP;DLK1;EGFL7;BEND6
prerank,Neural Crest Cell Development (GO:0014032),0.6978537209827639,1.4489394820536752,0.04555808656036447,0.494245299548047,1.0,6/36,5.35%,SOX8;SEMA4B;ERBB4;SOX10;CDH2;SEMA3D
prerank,Positive Regulation Of Interleukin-2 Production (GO:0032743),-0.7958242840356823,-1.4482310131653209,0.029616724738675958,0.3579134881809097,1.0,4/23,6.11%,IL1B;IL1A;CD80;PNP
prerank,Acylglycerol Metabolic Process (GO:0006639),0.7462461379330741,1.4481431736969894,0.05183585313174946,0.49087623875332237,1.0,6/25,12.31%,DGKG;DGKB;APOC1;DGKI;APOE;DGAT1
prerank,Regulation Of Microtubule Depolymerization (GO:0031114),-0.7913372074290537,-1.4480088405313467,0.03663003663003663,0.35530730541083066,1.0,3/21,1.23%,STMN2;MAP1A;MAP1B
prerank,Positive Regulation Of Reactive Oxygen Species Metabolic Process (GO:2000379),-0.7090144526882394,-1.4465662489930453,0.03717472118959108,0.35792533399989523,1.0,9/39,8.25%,AGTR1;GRIN1;CD36;GADD45A;FPR2;ITGAM;SOD1;CDKN1A;GRB2
prerank,Response To Lipopolysaccharide (GO:0032496),-0.6143125821107436,-1.4459051834895331,0.015202702702702704,0.3575267228131852,1.0,17/111,12.33%,IL1B;GCH1;IL1A;CXCL10;CD80;ZFP36;IL10;CCL2;SLC11A1;MYD88;TNFAIP3;NOD2;PPM1E;TRIB1;LDOC1;NLRP3;ZC3H12A
prerank,DNA Modification (GO:0006304),-0.8106806150392835,-1.4458214766745536,0.045207956600361664,0.3543430807082919,1.0,2/17,6.05%,NEIL3;PARP2
prerank,Mitochondrion Organization (GO:0007005),-0.5965546428365804,-1.4452833883267804,0.013769363166953529,0.3535594896816901,1.0,45/140,22.75%,ATCAY;BCL2A1;PINK1;SLC25A4;TYMP;TOMM34;CHCHD2;BNIP3;HK2;CHCHD7;COX7A2;WDR81;MCL1;TIMM13;RAB38;TIMM17A;RHOT2;PARK7;APEX1;YME1L1;TOMM20;SLC25A33;MFF;TOMM70;TIMM10;OXA1L;MFN2;PITRM1;HSD17B10;DNM1L;STOML2;TMEM70;MGME1;MTFR1L;COX7A2L;SUPV3L1;BID;PHB2;PID1;TIMM9;TIMM8B;LONP1;MIEF1;FBXO7;TOMM40
prerank,Axonal Transport (GO:0098930),-0.7198244076079594,-1.4451553279982048,0.04201680672268908,0.3507764305923857,1.0,12/34,16.82%,NEFL;KIF4A;AP3B2;KIF3A;KIF1A;SOD1;DYNC1H1;AP3M1;AP3M2;APEX1;DCTN1;ARL8A
prerank,Cellular Response To Interleukin-6 (GO:0071354),0.7824764639344205,1.4448939852231004,0.05707762557077625,0.5002101112400263,1.0,4/20,8.49%,YAP1;ST18;SELPLG;FER
prerank,Positive Regulation Of Osteoblast Differentiation (GO:0045669),0.7154243088156734,1.444248774723139,0.04954954954954955,0.49617446413444505,1.0,8/36,3.49%,YAP1;WWTR1;BMPR1B;PRKD1;FERMT2;HGF;LTF;BMP7
prerank,Positive Regulation Of T Cell Cytokine Production (GO:0002726),-0.8260786330576808,-1.4434903379081232,0.021164021164021163,0.3549100232831739,1.0,3/17,4.19%,IL1B;IL18R1;HLA-A
prerank,Cellular Response To Peptide Hormone Stimulus (GO:0071375),0.6394385399372738,1.4418417149609335,0.02391304347826087,0.500730250350993,1.0,10/63,9.17%,ADCY8;SORBS1;CPEB1;SLC30A10;KAT2B;DENND4C;FER;INSR;FOXO1;IRS1
prerank,Lytic Vacuole Organization (GO:0080171),-0.7535075101237146,-1.4392051239619605,0.025225225225225224,0.37064889416894314,1.0,5/30,10.86%,CLVS2;VPS18;HOOK1;HOOK2;TPCN2
prerank,Mitochondrial ATP Synthesis Coupled Electron Transport (GO:0042775),-0.6689998018169627,-1.4390693136450623,0.022684310018903593,0.36778490704982997,1.0,38/57,26.90%,NDUFB9;UQCRHL;NDUFA4;COX6C;NDUFB1;COX7A2;NDUFAB1;SDHC;COX7C;COX5A;NDUFA8;NDUFB3;UQCRFS1;UQCRQ;NDUFA5;NDUFB10;CYCS;UQCRH;NDUFA10;UQCC3;NDUFS5;NDUFS3;NDUFV2;NDUFB4;COX4I1;NDUFA6;NDUFS2;NDUFS6;UQCRC1;SDHB;NDUFA12;UQCRB;UQCR10;NDUFA3;NDUFA1;NDUFB5;NDUFV1;COX7B
prerank,Intracellular Steroid Hormone Receptor Signaling Pathway (GO:0030518),0.7412986218501554,1.4385652134511904,0.04481132075471698,0.5085571771389269,1.0,1/31,0.17%,YAP1
prerank,Regulation Of Interleukin-2 Production (GO:0032663),-0.7285132097710211,-1.437195915915606,0.029668411867364748,0.37287118673613645,1.0,8/39,9.16%,IL1B;IL1A;CD80;ZFP36;PNP;TNFAIP3;HAVCR2;CR1
prerank,Cellular Response To Alcohol (GO:0097306),0.718310046581972,1.4368968293604514,0.04377880184331797,0.5098474420251196,1.0,5/35,6.08%,ADCY8;ADCY2;GRAMD1C;CES1;PTCH1
prerank,"Wnt Signaling Pathway, Planar Cell Polarity Pathway (GO:0060071)",0.763809996033855,1.4363302408085705,0.07029478458049887,0.5055161908990559,1.0,5/20,9.34%,MAGI2;PRICKLE2;DVL2;DVL1;FZD6
prerank,Monoubiquitinated Protein Deubiquitination (GO:0035520),0.7180157477608401,1.4353442934136997,0.049217002237136466,0.5033680393609781,1.0,4/32,5.60%,SGF29;TMEM98;KAT2B;KAT2A
prerank,Integrated Stress Response Signaling (GO:0140467),-0.7718355204976888,-1.4351843997681366,0.025044722719141325,0.37813418484641165,1.0,4/26,5.35%,FOSL1;JUNB;FOS;BATF
prerank,Nuclear Export (GO:0051168),0.6825522807654855,1.435132818854719,0.05240174672489083,0.4976597043642351,1.0,1/42,0.04%,RANBP3L
prerank,Epithelial To Mesenchymal Transition (GO:0001837),0.7162113082795756,1.4344584203819695,0.04319654427645788,0.49409008347457645,1.0,9/32,7.64%,TGFBR3;HGF;BMP7;SOX9;TRIM28;NOTCH4;TGFB2;S100A4;FGFR1
prerank,RNA Transport (GO:0050658),-0.7351113654803407,-1.4340348399011613,0.03185840707964602,0.38010110162037447,1.0,4/32,7.73%,PEG10;RFTN1;ZFP36;KPNB1
prerank,Lipopolysaccharide-Mediated Signaling Pathway (GO:0031663),-0.8249280866251225,-1.4320269409937396,0.034782608695652174,0.3855832636112086,1.0,4/16,3.71%,IL1B;TNF;CCL3;CCL2
prerank,T Cell Differentiation (GO:0030217),0.7311259595873691,1.4318311414956013,0.05568445475638051,0.49988443129071397,1.0,2/30,1.42%,GLI3;SOX13
prerank,Fc-gamma Receptor Signaling Pathway (GO:0038094),0.7511056416165689,1.4313245577095712,0.0539906103286385,0.49571716648474645,1.0,3/23,1.63%,CD247;FYN;PLPP4
prerank,Enzyme-Linked Receptor Protein Signaling Pathway (GO:0007167),0.6116849198913529,1.4294437046690238,0.02195121951219512,0.49780816404932243,1.0,26/82,7.91%,ERBB4;LIFR;FRK;EGFR;ERBB3;FYN;NTRK3;ROR1;FGFR3;TYRO3;ALK;PTPRD;ROR2;PDGFRB;PTPRG;FGFR2;SHC2;SAMD12;MERTK;PTN;SHC4;EFS;FGFR1;DDR2;ACVR2B;NTRK2
prerank,Protein Localization To Chromatin (GO:0071168),0.7762927420515697,1.4289370198009224,0.05405405405405406,0.4940498778750576,1.0,2/21,1.75%,FAM47E;SGF29
prerank,Establishment Or Maintenance Of Epithelial Cell Apical/Basal Polarity (GO:0045197),0.6913847645005514,1.428935081838774,0.059322033898305086,0.48809746970788825,1.0,6/35,7.10%,PARD3;CRB2;CRB1;DLG2;LLGL1;ERBIN
prerank,Transmembrane Receptor Protein Tyrosine Kinase Signaling Pathway (GO:0007169),0.5542823678483499,1.4277496885142857,0.002564102564102564,0.48820029371525125,1.0,46/198,9.63%,FLRT2;PRKD1;SORBS1;ERBB4;GHR;FRK;EGFR;HGF;ERBB3;FYN;NTRK3;KALRN;ROR1;FGFR3;FGF2;GAB1;TYRO3;PLCB1;ALK;ROR2;PDGFRB;PTPRG;ANKS1B;FGFR2;FGF1;SHC2;PIK3CA;SAMD12;IGF1R;MERTK;SHC4;FOXO4;EPHA3;EFS;EPHB1;FGFR1;DDR2;NTRK2;GRB10;FER;INSR;FOXO1;MMP2;IRS1;COL4A2;GFRA2
prerank,Aerobic Electron Transport Chain (GO:0019646),-0.6687211572454003,-1.42745979270925,0.02666666666666667,0.40348125664590606,1.0,37/55,26.90%,NDUFB9;UQCRHL;NDUFA4;COX6C;NDUFB1;COX7A2;NDUFAB1;SDHC;COX7C;COX5A;NDUFA8;NDUFB3;UQCRFS1;UQCRQ;NDUFA5;NDUFB10;CYCS;UQCRH;NDUFA10;UQCC3;NDUFS5;NDUFS3;NDUFV2;NDUFB4;COX4I1;NDUFA6;NDUFS2;NDUFS6;UQCRC1;SDHB;UQCRB;UQCR10;NDUFA3;NDUFA1;NDUFB5;NDUFV1;COX7B
prerank,Positive Regulation Of Interleukin-6 Production (GO:0032755),-0.6812019934793294,-1.4270923109049412,0.030249110320284697,0.40161177365579537,1.0,8/53,9.14%,IL1B;IL1A;TNF;RAB7B;MYD88;NOD2;IL17RA;CARD9
prerank,Regulation Of Interleukin-6 Production (GO:0032675),-0.6388061775548056,-1.4255523401974808,0.022146507666098807,0.4050993712081566,1.0,12/79,9.14%,IL1B;IL1A;TNF;IL10;RAB7B;MYD88;TNFAIP3;C5AR2;NOD2;GHRL;IL17RA;CARD9
prerank,Neural Crest Cell Migration (GO:0001755),0.7242082989674301,1.4245184963600566,0.06487695749440715,0.4966258606748714,1.0,7/26,9.27%,SOX8;SEMA4B;ERBB4;SOX10;SEMA3D;SEMA6A;SEMA3B
prerank,Negative Regulation Of Wnt Signaling Pathway (GO:0030178),0.5974237729457089,1.4242824612874778,0.01909307875894988,0.49208808408973276,1.0,21/92,9.91%,GLI3;WWTR1;GREM1;SOX13;MLLT3;AMER2;SHISA6;TLE1;SOX2;LZTS2;TMEM64;SOX9;APC2;DAB2IP;LRP4;APCDD1;GRB10;CCDC88C;AMER1;FZD6;APOE
prerank,Regulation Of Nucleotide-Excision Repair (GO:2000819),0.734169799205316,1.4241314183552412,0.07399103139013453,0.48702731312455994,1.0,1/24,0.41%,DPF3
prerank,Positive Regulation Of Extrinsic Apoptotic Signaling Pathway (GO:2001238),-0.7639880717267747,-1.423978654465555,0.04861111111111111,0.40870917512050897,1.0,2/23,0.62%,RET;TNF
prerank,Protein Kinase B Signaling (GO:0043491),-0.803406527344325,-1.4230208661577362,0.03225806451612903,0.40961790084794947,1.0,7/20,7.57%,IL1B;TNF;CCL3;CCL2;PIK3R3;MT3;PLK3
prerank,Positive Regulation Of Protein Metabolic Process (GO:0051247),-0.579103541465108,-1.4225143237367512,0.015463917525773196,0.4085215839801194,1.0,16/164,9.52%,AGTR1;IL1B;TNF;KLF2;UHRF1;PERP;CD80;CHRNA7;NSF;CYFIP2;RBM3;TNFAIP3;BAD;INHBA;CARD9;TFR2
prerank,Chemokine-Mediated Signaling Pathway (GO:0070098),-0.8084616798392429,-1.4224281437788144,0.04436860068259386,0.4054529977481065,1.0,6/18,9.44%,CCL3;CXCL10;CCL2;CCL3L1;SH2B3;LYN
prerank,Plasma Membrane Bounded Cell Projection Organization (GO:0120036),-0.6116699129150511,-1.4222987138734788,0.01718213058419244,0.40259418811643816,1.0,24/100,13.89%,STMN2;ATCAY;MAP1B;STMN1;RAB6B;L1CAM;NCDN;BTG2;MAP2;STMN3;CDK5R1;PLEK;CDK5;ERCC6;CNTN4;LYN;LIMA1;FAM161A;CAMSAP1;RAB11A;CCDC32;RAB35;RAB13;KIFAP3
prerank,Regulation Of Neuron Migration (GO:2001222),0.7440567829438042,1.421641116579084,0.04640371229698376,0.49217266554879635,1.0,5/24,7.84%,NTNG1;CTNNA2;RELN;DAB2IP;SEMA6A
prerank,Mitotic Metaphase Plate Congression (GO:0007080),-0.6974184912444795,-1.4216274563608902,0.04020979020979021,0.40226483059987594,1.0,12/43,13.79%,CENPE;KIFC1;CDCA5;DCTN2;NDC80;CEP55;CCNB1;KPNB1;CDCA8;EML4;RAB11A;BECN1
prerank,Regulation Of Trans-Synaptic Signaling (GO:0099177),0.7110067865812515,1.420648497534027,0.04377880184331797,0.49093513503288594,1.0,6/35,7.27%,NRG3;GRIK4;GRID1;RELN;NLGN4X;NLGN1
prerank,Negative Regulation Of Plasma Membrane Bounded Cell Projection Assembly (GO:0120033),0.7294390138331326,1.4204851667747787,0.05855855855855856,0.48607642293469167,1.0,2/26,0.40%,YAP1;KANK1
prerank,Presynaptic Endocytosis (GO:0140238),-0.7478168569941744,-1.4198649745177836,0.03759398496240601,0.4070726226554334,1.0,9/27,9.50%,SYT1;SNCG;SYT5;SNCB;CDK5;AP2S1;AP2M1;PACSIN1;DNM1
prerank,Positive Regulation Of Receptor-Mediated Endocytosis (GO:0048260),0.7206575331692058,1.4190826823860747,0.0539906103286385,0.4866204781103122,1.0,10/30,11.69%,GREM1;MAGI2;F3;SERPINE1;SGIP1;ARRB1;BICD1;INSR;HIP1;LDLRAP1
prerank,Positive Regulation Of Stress Fiber Assembly (GO:0051496),0.7010414899946937,1.4189451266488833,0.06506024096385542,0.4817835795624102,1.0,5/32,5.56%,FERMT2;RAPGEF3;RGCC;LIMCH1;SORBS3
prerank,Apical Junction Assembly (GO:0043297),0.7097748643362111,1.418260108490955,0.0576036866359447,0.4794179508005783,1.0,5/31,4.60%,PARD3;FRMPD2;CLDN9;MICALL2;OCLN
prerank,Regulation Of Endothelial Cell Migration (GO:0010594),0.6331334379760714,1.41742658369149,0.03333333333333333,0.47791942581178204,1.0,12/63,7.70%,SASH1;ADAMTS9;PRKD1;BMPER;FGF2;EMP2;FGF1;SPARC;PLPP3;PTN;DAB2IP;PROX1
prerank,Regulation Of Reactive Oxygen Species Biosynthetic Process (GO:1903426),-0.8044624965907405,-1.417144051374127,0.06206896551724138,0.4157573291154944,1.0,3/16,1.57%,SLC18A2;GRIN1;CD36
prerank,Defense Response To Gram-positive Bacterium (GO:0050830),-0.7235834196541935,-1.4156189898606586,0.06329113924050633,0.4194150245314823,1.0,6/32,8.91%,IL1B;CHGA;HLA-A;RNASE2;MYD88;RNASE3
prerank,Mesenchymal Cell Migration (GO:0090497),0.7271352209635029,1.4155628037891856,0.06575963718820861,0.48062963543578574,1.0,7/25,9.27%,SOX8;SEMA4B;ERBB4;SOX10;SEMA3D;SEMA6A;SEMA3B
prerank,Positive Regulation Of Lipid Biosynthetic Process (GO:0046889),0.7147716234860533,1.4152792627818016,0.06466512702078522,0.4767311712578395,1.0,10/31,10.78%,SORBS1;SLC45A3;PLIN5;MID1IP1;KAT2B;SIRT2;SIRT4;APOE;CREBL2;SLC27A1
prerank,Positive Regulation Of T Cell Mediated Immunity (GO:0002711),-0.7600443252442619,-1.4146805982043442,0.04929577464788732,0.42025608909538814,1.0,5/25,9.96%,IL1B;HLA-A;HLA-C;CD1D;IL12RB1
prerank,Synaptic Vesicle Endocytosis (GO:0048488),-0.7090333430617232,-1.4140431995456548,0.03333333333333333,0.41985838065109704,1.0,12/36,12.63%,SYT1;SNCG;SYT5;SNCB;CDK5;AP2S1;AP2M1;PACSIN1;DNM1;SNAP91;STX1A;SYNJ1
prerank,Positive Regulation Of Phosphatidylinositol 3-Kinase Signaling (GO:0014068),0.6450496619425394,1.4120807853898882,0.04672897196261682,0.4846045528815647,1.0,15/51,8.70%,PLXNB1;HGF;ERBB3;NTRK3;ROR1;FGF2;ROR2;PDGFRB;IGF1R;SOX9;TGFB2;FGFR1;DDR2;NTRK2;INSR
prerank,RNA Stabilization (GO:0043489),-0.7399134933141577,-1.4119048698234913,0.05956678700361011,0.4261370366798744,1.0,6/28,13.61%,DND1;E2F1;SLC11A1;FUS;ZCCHC17;CIRBP
prerank,Positive Regulation Of Proteolysis (GO:0045862),-0.6904798633223385,-1.411400487203893,0.03728813559322034,0.42526170297945287,1.0,8/45,8.84%,IL1B;TNF;PINK1;PERP;ATP5IF1;CYFIP2;MAPK12;BAD
prerank,Chondroitin Sulfate Metabolic Process (GO:0030204),0.7891312063578939,1.4110631164122585,0.0857843137254902,0.4837561169177493,1.0,4/15,8.89%,CHST3;CSGALNACT1;CHST9;CHSY3
prerank,Regulation Of Protein Localization To Membrane (GO:1905475),0.7300287100722268,1.4109764941598328,0.08577878103837472,0.47930884147190367,1.0,2/24,1.41%,GPC5;FYN
prerank,Positive Regulation Of B Cell Activation (GO:0050871),-0.688672207981827,-1.4108525435532968,0.03272727272727273,0.42421958184686676,1.0,15/42,21.33%,CHRNB2;INSL6;BTK;GPR183;NOD2;TFRC;PAXIP1;TNIP2;IL7;CD40;NCKAP1L;SASH3;TP53BP1;XBP1;TNFRSF13C
prerank,Regulation Of Microtubule Polymerization (GO:0031113),-0.6977463520226898,-1.4108409834296254,0.04693140794223827,0.4210295697541114,1.0,7/35,5.52%,STMN2;STMN1;MAPRE3;TUBB4A;MAP2;CLIP3;CDK5R1
prerank,Regulation Of Tubulin Deacetylation (GO:0090043),0.7981324345972557,1.4105780497940947,0.07373271889400922,0.4758570292120696,1.0,4/16,5.60%,SGF29;MAPT;KAT2B;KAT2A
prerank,Cardiac Muscle Contraction (GO:0060048),-0.7997170293031237,-1.4093895783040047,0.06666666666666667,0.4244757885394047,1.0,3/17,4.12%,SCN3B;SCN2B;ATP1B1
prerank,Regulation Of Embryonic Development (GO:0045995),0.6575984350635151,1.4087215161489977,0.06178489702517163,0.4784541318357688,1.0,13/47,13.32%,CRB2;SGF29;PLCB1;PHLDB1;KAT2B;KAT2A;BAG6;INSR;ZBED3;NR2C2;CLASP1;INO80D;DAG1
prerank,Fat Cell Differentiation (GO:0045444),0.6652587780913667,1.4076727122048487,0.04225352112676056,0.47820711915647063,1.0,5/46,5.82%,PRDM16;SOX8;ZFPM2;PPARGC1A;BBS9
prerank,Protein Heterooligomerization (GO:0051291),-0.7960362379643589,-1.405916547114487,0.054514480408858604,0.43654656343832426,1.0,3/17,8.13%,GRIN1;KCNC2;GRIN2B
prerank,Collagen Fibril Organization (GO:0030199),0.7200090820840865,1.4052443320982722,0.06864988558352403,0.4832815113681125,1.0,4/27,1.02%,COLGALT2;COL27A1;COL5A3;GREM1
prerank,Mitotic Spindle Assembly (GO:0090307),-0.7108271053838293,-1.4049288753547609,0.05263157894736842,0.43791591736933805,1.0,7/35,11.62%,KIF4A;MAP9;KIFC1;KIF11;KPNB1;CDCA8;RAB11A
prerank,Positive Regulation Of CREB Transcription Factor Activity (GO:0032793),0.7997690609873647,1.403947545173156,0.07158836689038031,0.4837666449880388,1.0,2/15,0.50%,ADCY8;PRKD1
prerank,Chromosome Condensation (GO:0030261),-0.77333966027383,-1.4008635118452057,0.06216696269982238,0.45373915320885255,1.0,4/19,3.12%,NCAPH;NCAPG;TOP2A;CDCA5
prerank,Protein Complex Oligomerization (GO:0051259),-0.625710840967547,-1.4007616521934576,0.027881040892193308,0.45080114510161645,1.0,30/86,21.60%,GLRA3;PEG10;POLQ;PRMT8;CLDN1;FUS;BLM;HGSNAT;KCNC2;HOMER1;CARD9;NLRP3;SLC31A1;ZC3H12A;KCNC1;EHD1;YME1L1;G3BP2;FOXM1;OXA1L;ATL1;DNM1L;STOML2;TMEM70;EHD4;TIFA;TP53BP1;JMJD6;HLA-DRB1;LRRC8A
prerank,Regulation Of Exocytosis (GO:0017157),-0.6891579463730495,-1.4002124679862193,0.043478260869565216,0.45026251698775904,1.0,8/45,6.28%,SYT1;CPLX1;RAB3A;RAB3C;CPLX2;NSF;CADPS;RIMS2
prerank,Regulation Of Epithelial Cell Proliferation (GO:0050678),0.6425579627016895,1.3995978805486955,0.05066079295154185,0.49647920515402433,1.0,14/54,7.19%,YAP1;TGFBR3;PRKD1;EGFR;NUPR1;FGFR2;SOX2;LAMC1;SOX9;DUSP10;TGFA;RUNX3;DAB2IP;TGFB2
prerank,Positive Regulation Of Blood Coagulation (GO:0030194),-0.8172022586901497,-1.3991338064813912,0.04710144927536232,0.45193949804308853,1.0,3/15,2.98%,DMTN;PLAT;THBD
prerank,Regulation Of Extracellular Matrix Organization (GO:1903053),0.7652865058087837,1.3971051485802346,0.06320541760722348,0.5019706374840347,1.0,9/19,16.39%,LAMA2;LAMC1;LAMB2;LAMA1;DDR2;DDR1;ZNF469;EFEMP2;AGT
prerank,Transforming Growth Factor Beta Receptor Signaling Pathway (GO:0007179),0.6354093810486211,1.3970362413285564,0.05502392344497608,0.4976683493926262,1.0,3/50,1.13%,TGFBR3;FERMT2;PTPRK
prerank,Regulation Of Platelet Aggregation (GO:0090330),-0.7629944512645797,-1.3965902549580873,0.061946902654867256,0.4604356393901097,1.0,7/22,11.22%,DMTN;PRKCQ;PRKCA;ALOX12;SH2B3;LYN;PDPN
prerank,Negative Regulation Of G2/M Transition Of Mitotic Cell Cycle (GO:0010972),-0.757643703324589,-1.3963231637792914,0.07692307692307693,0.45849265058711086,1.0,6/22,15.00%,CHEK1;FHL1;BRCA1;NABP2;GPR132;DEPDC1B
prerank,Heart Development (GO:0007507),0.570688747261511,1.3955891795483801,0.038834951456310676,0.49856759243842297,1.0,24/106,8.83%,FLRT2;TGFBR3;ERBB4;GJA1;ERBB3;NTRK3;PDLIM3;FBN1;ZFPM2;GLI2;ECE1;BMP7;DVL2;KAT2B;KAT2A;SOX9;APLNR;PLCE1;LDB3;TGFB2;CACNA1C;SGCZ;INSR;DVL1
prerank,Neurotransmitter Transport (GO:0006836),-0.6902521056012039,-1.395481090729204,0.037300177619893425,0.45912310868667866,1.0,9/39,5.18%,SYT1;SLC18A2;SLC32A1;SLC1A1;SNAP25;SLC6A3;SYN1;SLC1A6;STXBP1
prerank,Regulation Of Cell-Substrate Junction Assembly (GO:0090109),0.7631790998920627,1.3946416464251727,0.07517084282460136,0.4975324083039803,1.0,6/20,12.76%,FYN;LIMCH1;EPHA3;GPM6B;LDB1;CLASP1
prerank,Regulation Of Receptor-Mediated Endocytosis (GO:0048259),0.7189148922184558,1.3945742915733426,0.08274231678486997,0.4932953010765528,1.0,9/28,12.89%,F3;SERPINE1;APOC1;HIP1R;SGIP1;BICD1;HIP1;LDLRAP1;MKLN1
prerank,DNA Repair (GO:0006281),-0.538751228394124,-1.3944071986543012,0.0052173913043478265,0.4611622000441386,1.0,41/253,15.00%,CHEK1;POLQ;FANCA;CDKN2D;NEIL3;UBE2V2;GADD45A;CHRNA4;WDHD1;CDCA5;EME2;BTG2;XRCC3;BLM;RFC3;ERCC6;FANCI;PARP2;BRCA1;TRAIP;FANCD2;LIG3;UBE2T;NABP2;INO80;RAD51AP1;ZGRF1;ATRIP;XRCC6;RRM1;ALKBH2;FBXO6;EXO1;FAAP100;XRCC2;LIG1;POLE2;RPA3;PARK7;APEX1;DEPDC1B
prerank,Bicellular Tight Junction Assembly (GO:0070830),0.728922340442204,1.3942166226644954,0.09523809523809523,0.49010955713636417,1.0,5/24,4.60%,PARD3;FRMPD2;CLDN9;MICALL2;OCLN
prerank,Neural Crest Cell Differentiation (GO:0014033),0.7734275107867302,1.394083035604607,0.08391608391608392,0.48619608796657243,1.0,1/16,0.43%,SOX8
prerank,Regulation Of Mitotic Cell Cycle Spindle Assembly Checkpoint (GO:0090266),-0.7993907827864875,-1.393875448658235,0.07168458781362007,0.4602978051552304,1.0,5/15,8.34%,MAD2L1;XRCC3;NDC80;CCNB1;CDCA8
prerank,Positive Regulation Of Apoptotic Signaling Pathway (GO:2001235),0.6339269845464084,1.3937964251643995,0.058004640371229696,0.4828512297582723,1.0,7/48,7.25%,TPD52L1;CRADD;NUPR1;BOK;S100A8;DAB2IP;DEDD2
prerank,Regulation Of Protein Localization To Plasma Membrane (GO:1903076),0.6132716682456109,1.3932205585379178,0.045454545454545456,0.4807740680767837,1.0,4/68,1.25%,DPP10;SORBS1;LGALS3;EGFR
prerank,Vesicle Transport Along Microtubule (GO:0047496),-0.7657066737123674,-1.3924153531405623,0.059336823734729496,0.46364614427406226,1.0,4/21,5.63%,KIF5A;DYNC1I1;KIF3A;KIF1A
prerank,Regulation Of Glycogen Biosynthetic Process (GO:0005979),0.7601470365959847,1.3923466930814918,0.07478632478632478,0.479762616240582,1.0,6/19,12.96%,SORBS1;DYRK2;INSR;IRS1;AKT2;IRS2
prerank,Rac Protein Signal Transduction (GO:0016601),-0.7869310550544981,-1.391918617540476,0.07692307692307693,0.46296010884090066,1.0,1/16,0.61%,RAC3
prerank,Negative Regulation Of Microtubule Polymerization Or Depolymerization (GO:0031111),-0.7290137261945573,-1.3914749986847692,0.04664179104477612,0.4618240458377092,1.0,5/27,5.46%,STMN2;STMN1;TUBB4A;MAP2;CLIP3
prerank,Positive Regulation Of Chemokine Production (GO:0032722),-0.708640680129522,-1.3904741538712146,0.04419889502762431,0.4631446178671184,1.0,3/35,1.33%,IL1B;TNF;EGR1
prerank,Metaphase Plate Congression (GO:0051310),-0.6922892417484149,-1.39041330538771,0.041742286751361164,0.4602313848831591,1.0,12/42,13.79%,CENPE;KIFC1;CDCA5;DCTN2;NDC80;CEP55;CCNB1;KPNB1;CDCA8;EML4;RAB11A;BECN1
prerank,Replication Fork Processing (GO:0031297),-0.6672757838865038,-1.3900956275494427,0.06204379562043796,0.4585365526565878,1.0,13/40,24.68%,EME2;BLM;TONSL;BRCA1;TRAIP;SAMHD1;CENPX;BRCA2;GEN1;FANCM;ASF1A;CARM1;ETAA1
prerank,Positive Regulation Of G1/S Transition Of Mitotic Cell Cycle (GO:1900087),0.7190348070284671,1.3882501588029161,0.0728051391862955,0.49164708711819877,1.0,3/26,2.70%,EGFR;RGCC;PLCB1
prerank,Positive Regulation Of Amyloid Precursor Protein Catabolic Process (GO:1902993),-0.7947411247572528,-1.3869502694451423,0.06428571428571428,0.4700023043963816,1.0,3/17,9.44%,TNF;CHRNA7;LYN
prerank,Positive Regulation Of Cholesterol Efflux (GO:0010875),0.7616065336876535,1.38686034002954,0.09490740740740741,0.4927658055144042,1.0,5/18,11.67%,ABCA8;CES1;PTCH1;APOE;ZDHHC8
prerank,Mitotic Cell Cycle Checkpoint Signaling (GO:0007093),-0.7694226107849765,-1.386858345776308,0.07017543859649122,0.4673272302457858,1.0,4/19,11.10%,CHEK1;BRCA1;PLK3;NABP2
prerank,Monoubiquitinated Histone Deubiquitination (GO:0035521),0.7359308188843756,1.3857709169896064,0.06103286384976526,0.48855721594134105,1.0,4/26,5.60%,SGF29;TMEM98;KAT2B;KAT2A
prerank,Monoubiquitinated Histone H2A Deubiquitination (GO:0035522),0.7359308188843756,1.3857709169896064,0.06103286384976526,0.48855721594134105,1.0,4/26,5.60%,SGF29;TMEM98;KAT2B;KAT2A
prerank,Cell Projection Organization (GO:0030030),-0.7750284835824053,-1.3856730756051776,0.07445008460236886,0.46952713482858055,1.0,4/19,5.71%,RAC3;NEFH;CYFIP2;PLEK
prerank,Negative Regulation Of Fat Cell Differentiation (GO:0045599),0.7205450218311019,1.3849204550494096,0.07603686635944701,0.487746594391924,1.0,5/23,3.26%,YAP1;WWTR1;RORA;FERMT2;RUNX1T1
prerank,Eye Development (GO:0001654),0.688844552307592,1.3837029244694228,0.06465517241379311,0.48849361653461326,1.0,6/32,1.69%,BMPR1B;MEIS2;EFEMP1;CPAMD8;SMOC1;FBN1
prerank,Negative Regulation Of BMP Signaling Pathway (GO:0030514),0.6993516985972479,1.383511621153852,0.07032967032967033,0.4852401998888159,1.0,3/27,1.69%,GREM1;BMPER;FBN1
prerank,Negative Regulation Of Developmental Process (GO:0051093),0.5964706265178924,1.3815673519370055,0.05203619909502263,0.4885448924790619,1.0,7/77,3.90%,NFIB;KANK1;GREM1;RAPGEF3;FGFR3;ZNF706;MAPT
prerank,Muscle Cell Differentiation (GO:0042692),0.7361166389913115,1.380758221715426,0.0958904109589041,0.487633702405584,1.0,4/22,7.75%,MEGF10;RORA;SPEG;SGCZ
prerank,Oligosaccharide Metabolic Process (GO:0009311),-0.719004402808268,-1.380036467118231,0.05935251798561151,0.4918612456139032,1.0,6/29,10.90%,B3GALT1;ST8SIA3;B3GALT2;ST6GALNAC5;ST8SIA6;B4GALT1
prerank,Male Gonad Development (GO:0008584),0.7812935918451948,1.378212873124318,0.07964601769911504,0.49324181821545515,1.0,5/15,7.19%,SOX8;ADAM32;SOX9;LRP2;TGFB2
prerank,Female Gamete Generation (GO:0007292),0.7779038387061814,1.3777206652143932,0.08333333333333333,0.49127267505525885,1.0,2/16,6.21%,FMN2;PTN
prerank,mRNA Splice Site Recognition (GO:0006376),-0.7273007894628367,-1.3776917970445912,0.058287795992714025,0.4996782335675581,1.0,4/26,11.21%,CELF4;CELF3;CELF5;SRSF1
prerank,"Chemical Synaptic Transmission, Postsynaptic (GO:0099565)",-0.77838741881061,-1.376058854077553,0.055762081784386616,0.503554908927397,1.0,6/18,8.13%,GRIN1;MAPK8IP2;CHRNA4;DRD2;GLRA1;GRIN2B
prerank,Regulation Of Spindle Organization (GO:0090224),-0.7588007442980755,-1.3758982187632143,0.09225092250922509,0.5010430457566651,1.0,3/19,7.92%,MAP9;FSD1;DYNC1H1
prerank,Protein Autophosphorylation (GO:0046777),0.5587154689734141,1.3757838631891852,0.02534562211981567,0.4944403502482472,1.0,23/134,10.92%,PRKD1;ERBB4;EGFR;FYN;STK33;TNIK;FGFR3;TYRO3;ALK;PDGFRB;FGFR2;IGF1R;EPHB1;MKNK2;FGFR1;DDR2;NTRK2;FER;INSR;DAPK2;DDR1;ULK1;EEF2K
prerank,Positive Regulation Of mRNA Processing (GO:0050685),-0.7571462829826734,-1.3746827335080618,0.07058823529411765,0.503756260246325,1.0,4/22,7.98%,CELF4;CELF3;RBM3;NCBP2
prerank,Lipid Modification (GO:0030258),0.6947963466814967,1.3745136993384497,0.06277056277056277,0.49544833311749586,1.0,7/30,5.97%,PLPPR1;PLPP4;DGKG;DGKB;ALOX15B;DGKI;PLPP3
prerank,Protein Export From Nucleus (GO:0006611),0.7236251377359886,1.374468060596132,0.09012875536480687,0.49178691542624614,1.0,2/25,3.61%,RANBP3L;DUSP16
prerank,In Utero Embryonic Development (GO:0001701),0.7782936981077809,1.373849842662545,0.12272727272727273,0.4904303326222554,1.0,3/17,4.11%,SOX8;ARNT2;FGFR2
prerank,"Nuclear-Transcribed mRNA Catabolic Process, Exonucleolytic (GO:0000291)",-0.7968062759182711,-1.3725504742390926,0.0773286467486819,0.5110019395455393,1.0,1/15,1.84%,NT5C3B
prerank,Regulation Of Membrane Protein Ectodomain Proteolysis (GO:0051043),-0.7951501354463659,-1.3707806994754292,0.07931034482758621,0.5160608682883275,1.0,3/16,3.34%,IL1B;TNF;IL10
prerank,Cognition (GO:0050890),-0.6896287765270096,-1.370624525414202,0.06545454545454546,0.5136200097067996,1.0,7/35,7.45%,TNF;CHRNB2;SLC8A2;CHRNA7;CHRNA4;TUSC3;CBR3
prerank,Negative Regulation Of Double-Strand Break Repair Via Homologous Recombination (GO:2000042),-0.7644989558930633,-1.3700325039069645,0.07787610619469026,0.5132851167697909,1.0,2/19,3.35%,POLQ;INSL6
prerank,Phospholipase C-activating G Protein-Coupled Receptor Signaling Pathway (GO:0007200),-0.6738064751944906,-1.3693415791564345,0.07652173913043478,0.5133419358068316,1.0,11/42,10.74%,AGTR1;HTR2A;DRD2;FPR2;OPRM1;P2RY6;HOMER1;C5AR2;FPR1;OPRK1;C5AR1
prerank,Development Of Primary Male Sexual Characteristics (GO:0046546),0.7793757403433005,1.3691134321199834,0.08258928571428571,0.5041136470100098,1.0,5/15,7.19%,SOX8;ADAM32;SOX9;LRP2;TGFB2
prerank,Transport Along Microtubule (GO:0010970),-0.7795773248790607,-1.3676655918481786,0.09259259259259259,0.5182941489445797,1.0,2/15,5.46%,DYNC1I1;CLIP3
prerank,Regulation Of Defense Response (GO:0031347),-0.6203254313758091,-1.3675450835909475,0.041379310344827586,0.5157178214529946,1.0,18/71,19.46%,AGTR1;MYD88;FBXL2;NOD2;PTGS2;NLRP4;SAMHD1;ALOX5;APLP2;PARK7;SPATA2;BCL6;SBNO2;PTPN22;IRF1;FGR;USP18;TRAF3
prerank,Translational Elongation (GO:0006414),-0.6975245621761491,-1.367075479769346,0.05390334572490706,0.5148237327153027,1.0,4/33,11.98%,EEF1A2;TUFM;EIF5A2;PTRH1
prerank,Regulation Of Sodium Ion Transmembrane Transporter Activity (GO:2000649),-0.7141166891210379,-1.3668267633970943,0.07407407407407407,0.5127547360896482,1.0,6/27,9.25%,SCN3B;SCN2B;FGF12;FXYD7;HECW1;FGF13
prerank,Retina Homeostasis (GO:0001895),0.7547732115800566,1.3657033910706156,0.08944954128440367,0.5131817873478836,1.0,6/17,4.01%,AZGP1;CRB2;F3;LTF;WHRN;HSPB1
prerank,Regulation Of Macrophage Derived Foam Cell Differentiation (GO:0010743),-0.763451726933619,-1.3652097588504666,0.07567567567567568,0.5170368945238366,1.0,2/19,1.57%,AGTR1;CD36
prerank,Positive Regulation Of Actin Filament Bundle Assembly (GO:0032233),0.6437513566667712,1.3651390936617567,0.08837209302325581,0.5114445596350783,1.0,5/38,5.56%,FERMT2;RAPGEF3;RGCC;LIMCH1;SORBS3
prerank,Establishment Of Vesicle Localization (GO:0051650),-0.7560717381667218,-1.3648454960965646,0.10054844606946983,0.5155620298898934,1.0,7/18,18.42%,KIF5A;LIMK2;CDK5;RAB11A;SYNJ1;SYT11;IKBKG
prerank,Endosome Organization (GO:0007032),-0.6596770175225412,-1.3625390525664467,0.07522935779816514,0.5234968333565442,1.0,9/46,12.55%,LAPTM4B;SNX10;VPS18;HOOK1;PHETA1;ATP6V1D;DNM1;HOOK2;RILP
prerank,Interstrand Cross-Link Repair (GO:0036297),-0.7027690677202828,-1.3622795187088494,0.08170515097690942,0.521657023012897,1.0,10/32,19.27%,FANCA;NEIL3;XRCC3;FANCI;FANCD2;RAD51AP1;FAAP100;CENPX;VCP;RNF8
prerank,Positive Regulation Of Cell Differentiation (GO:0045597),0.524142564293876,1.3621351309685312,0.0171990171990172,0.5189282161151396,1.0,34/193,7.85%,RANBP3L;YAP1;WWTR1;BMPR1B;DPF3;BOC;PRKD1;GPRC5B;FERMT2;CRB2;GJA1;HGF;LAMA2;BRINP3;RGCC;LTF;PLCB1;ALOX15B;ADRA2C;BMP7;PKDCC;ZNF703;LAMC1;TMEM64;ZBTB16;SOX9;PTN;LAMB2;BRINP2;TGFB2;LAMA1;FGFR1;DDR2;ACVR2B
prerank,ATP Biosynthetic Process (GO:0006754),-0.7685595430983483,-1.361840548863151,0.08872458410351201,0.5209399605900205,1.0,5/18,14.31%,ATP5F1A;ATP5F1B;ATP5MC3;ATP5PB;ATP5MC1
prerank,Regulation Of Interleukin-17 Production (GO:0032660),-0.76572004885343,-1.3616647766073928,0.10442477876106195,0.5187779175454907,1.0,7/18,12.04%,RFTN1;OSM;PRKCQ;MYD88;NOD2;SLC7A5;SPHK1
prerank,Positive Regulation Of Glucose Import (GO:0046326),0.7307942538133293,1.3604562579937864,0.12080536912751678,0.5218677690140885,1.0,7/18,12.96%,SORBS1;OCLN;INSR;IRS1;CREBL2;AKT2;IRS2
prerank,Negative Regulation Of mRNA Catabolic Process (GO:1902373),-0.7161425696795314,-1.3599234610682716,0.09430604982206406,0.5237610761224563,1.0,4/28,4.95%,DND1;E2F1;SLC11A1;FUS
prerank,ncRNA-mediated Post-Transcriptional Gene Silencing (GO:0035194),-0.784438448163136,-1.358138494461611,0.07652173913043478,0.5290106172712996,1.0,3/15,10.38%,MOV10L1;NCBP2;HELZ2
prerank,Regulation Of Erythrocyte Differentiation (GO:0045646),-0.6965353177361785,-1.3580776354684143,0.08274647887323944,0.5262255986606241,1.0,13/33,20.79%,ZFP36;ACVR1B;RHEX;ZFPM1;INHBA;LYN;ANKRD54;STAT1;ZFP36L1;TAL1;NCKAP1L;ETS1;BRD1
prerank,Response To Steroid Hormone (GO:0048545),0.7415635455594011,1.3579610043516666,0.06904231625835189,0.5272602815754908,1.0,3/19,7.19%,YAP1;ATP1A2;TGFB2
prerank,Regulation Of Protein Metabolic Process (GO:0051246),-0.6027256920029176,-1.3577105950840556,0.06076388888888889,0.5246689586360742,1.0,4/76,2.85%,AGTR1;KLF2;UHRF1;CHRNA7
prerank,DNA-templated DNA Replication Maintenance Of Fidelity (GO:0045005),-0.670660996959606,-1.3571040782528132,0.07246376811594203,0.5245961657762185,1.0,4/37,7.20%,EME2;BLM;TONSL;TRAIP
prerank,Regulation Of Kinase Activity (GO:0043549),0.607858395415668,1.3555172548867536,0.07142857142857142,0.5326348389341038,1.0,21/62,8.70%,ERBB4;EGFR;ERBB3;NTRK3;ROR1;FGFR3;TYRO3;ROR2;PDGFRB;EMP2;MAPT;FGFR2;NPRL2;IGF1R;MERTK;VAC14;PLCE1;FGFR1;DDR2;NTRK2;INSR
prerank,Regulation Of Synaptic Vesicle Exocytosis (GO:2000300),-0.7832878141366132,-1.3550637117202706,0.0989010989010989,0.5313116776190622,1.0,6/15,9.14%,SYN1;RIMS3;RIMS1;VPS18;RIMS2;PREPL
prerank,Cellular Response To Radiation (GO:0071478),-0.6996756837442127,-1.3549659681808965,0.06782608695652174,0.5287842629219058,1.0,12/31,20.66%,GADD45A;BLM;BRCA1;CDKN1A;GRB2;INO80;RHOB;RAD51AP1;DEPDC1B;BRCA2;RAD9B;TP53
prerank,Positive Regulation Of Release Of Sequestered Calcium Ion Into Cytosol (GO:0051281),-0.7455091255511043,-1.3520255757314439,0.09722222222222222,0.5393066229229274,1.0,5/19,6.59%,THY1;CXCL10;CALM3;CALM1;P2RY6
prerank,Regulation Of Anatomical Structure Morphogenesis (GO:0022603),0.5686489419639552,1.3514916980903384,0.019138755980861243,0.5438234668764447,1.0,16/105,5.38%,FERMT2;RAPGEF3;CRB2;BMPER;GPNMB;TNIK;CDH2;FGF2;EMP2;MAPT;FGFR2;SPARC;ZDHHC15;PHLDB1;HECW2;SH3D19
prerank,Positive Regulation Of Protein Localization To Membrane (GO:1905477),0.5963083062541712,1.350275987859222,0.06487695749440715,0.5443897522908171,1.0,5/66,1.41%,DPP10;SORBS1;LGALS3;EGFR;FYN
prerank,Chordate Embryonic Development (GO:0043009),0.678979329222867,1.3494592344023646,0.09259259259259259,0.5434216681511004,1.0,10/34,8.83%,SOX8;ARNT2;KIAA1217;BMP7;FGFR2;PTCH1;ZNF358;FGFR1;PROX1;DVL1
prerank,Positive Regulation Of Macroautophagy (GO:0016239),-0.6325809181692587,-1.3494309505730167,0.06878306878306878,0.5482491144564207,1.0,6/55,4.99%,MOAP1;OPTN;PINK1;SLC25A4;BNIP3;SCOC
prerank,Regulation Of Mitotic Nuclear Division (GO:0007088),-0.6822302008232963,-1.3483232693005993,0.07706422018348624,0.5503384542629044,1.0,8/38,7.16%,IL1B;CHEK1;IL1A;MKI67;CDCA2;PIN1;CDC25C;CCNB1
prerank,Lung Development (GO:0030324),0.7618113061930102,1.3482380956730757,0.12389380530973451,0.5444091975396357,1.0,7/18,8.61%,CHI3L1;GLI2;CCDC40;FGFR2;BAG6;PROX1;ITGA3
prerank,Positive Regulation Of Response To Stimulus (GO:0048584),0.6134376718904527,1.3481702643351965,0.07488986784140969,0.5409010405280368,1.0,5/57,2.20%,NPAS2;EYA1;EGFR;CNKSR3;EYA2
prerank,Positive Regulation Of T Cell Differentiation (GO:0045582),0.6446619413194835,1.347977549078164,0.08466819221967964,0.5377912561602644,1.0,2/43,2.98%,GLI3;GLI2
prerank,Positive Regulation Of Lymphocyte Activation (GO:0051251),-0.7053567706532896,-1.3475651886774216,0.09322033898305085,0.5506964735599962,1.0,8/31,13.22%,THY1;HLA-DMA;CCL2;PRKCQ;NOD2;HLA-DQA1;XRCC6;TNIP2
prerank,Aminoglycan Biosynthetic Process (GO:0006023),-0.778299387222771,-1.3460273219573955,0.09026548672566372,0.5544081779450455,1.0,2/15,2.34%,B4GAT1;HS3ST1
prerank,Endosomal Transport (GO:0016197),-0.5508347006148929,-1.3453939328964606,0.03741496598639456,0.5542573900665729,1.0,21/158,17.45%,NSG1;LAPTM4B;CALY;RAB6B;NSG2;PHETA1;PREPL;YKT6;BET1L;AP5Z1;SNX4;RILP;RAB35;RAB13;EHD1;CLTCL1;ARL4C;UBE2O;DCTN1;VTI1B;HEATR5B
prerank,Regulation Of Cytokine Production Involved In Inflammatory Response (GO:1900015),-0.6891406193986731,-1.3450918022528546,0.0846286701208981,0.5526733852060329,1.0,9/35,13.85%,TNF;MYD88;NOD2;IL17RA;CARD9;ZC3H12A;PLD3;ALOX5;APLP2
prerank,Organelle Membrane Fusion (GO:0090174),-0.7285776455280127,-1.3449032372873557,0.08214285714285714,0.55060606327625,1.0,3/23,3.08%,SYT4;SYT7;STX1B
prerank,Cardiac Muscle Cell Action Potential (GO:0086001),-0.7198169359478449,-1.3448835615139318,0.10363636363636364,0.5477690981048289,1.0,7/24,5.43%,SCN3B;SCN2B;CACNA1G;FGF12;ATP1B1;KCND3;SLC4A3
prerank,Negative Regulation Of Protein Modification Process (GO:0031400),0.5997033832294516,1.3448550815127827,0.04411764705882353,0.5461524902513377,1.0,12/68,9.05%,WWTR1;PRR5L;SNTA1;NTRK3;MAPT;PPP1R16B;MFHAS1;OCLN;PLPP3;DAB2IP;PTPN13;ZBED3
prerank,Regulation Of Angiogenesis (GO:0045765),0.5395812814764251,1.3443775865627972,0.035,0.5440637126906733,1.0,29/135,7.98%,SASH1;PRKD1;ITGB8;CHI3L1;RAPGEF3;BMPER;GPNMB;FGF2;RGCC;GAB1;THBS2;THBS4;EMP2;ANGPTL4;SERPINE1;PPP1R16B;HSPB1;COL4A3;FGF1;SPARC;AQP1;APLNR;FOXO4;DAB2IP;TGFB2;PLXND1;FOXJ2;SEMA6A;ISM1
prerank,Embryonic Organ Development (GO:0048568),0.6556738660324354,1.3442865280261909,0.08139534883720931,0.5406477001643998,1.0,6/41,4.14%,GLI3;COL27A1;COBL;GLI2;FGFR2;PKDCC
prerank,Negative Regulation Of Interleukin-6 Production (GO:0032715),-0.7448733576247022,-1.3433834253129913,0.09363957597173145,0.551881434005005,1.0,10/21,18.35%,TNF;IL10;TNFAIP3;C5AR2;GHRL;ZC3H12A;CD200R1;SYT11;PTPN22;NCKAP1L
prerank,Positive Regulation Of miRNA Metabolic Process (GO:2000630),-0.6710859523196976,-1.3416487748141566,0.09205776173285199,0.556851134708104,1.0,7/35,3.34%,TNF;FOXA1;EGR1;FOSL1;HRAS;FOS;IL10
prerank,Regulation Of Type I Interferon-Mediated Signaling Pathway (GO:0060338),-0.7022015258381742,-1.3414732184425968,0.07168458781362007,0.5548331776279681,1.0,10/28,19.88%,CDC37;ISG15;IKBKE;PTPN1;PTPN2;SAMHD1;NLRC5;YTHDF3;USP18;YTHDF2
prerank,Positive Regulation Of Immune Effector Process (GO:0002699),-0.7537846727241669,-1.3407648043251252,0.10326086956521739,0.5551452573769863,1.0,2/19,3.34%,IL1B;IL10
prerank,Vesicle Cytoskeletal Trafficking (GO:0099518),-0.6722235416762634,-1.3405642487436797,0.09420289855072464,0.5532288108585839,1.0,8/36,14.86%,SYT4;DYNC1I1;MYO1H;KIF1A;MYO1G;MYO1B;HTT;APEX1
prerank,Stress-Activated MAPK Cascade (GO:0051403),-0.6712499859731013,-1.3398676302576127,0.06976744186046512,0.5532226748838893,1.0,9/38,16.55%,MAPK8IP2;ZFP36;MAP2K3;TRIB1;SH2D3C;MAP4K1;ZFP36L1;PTGER4;MAPK8IP1
prerank,Receptor Metabolic Process (GO:0043112),-0.7581703456887995,-1.3396251911996708,0.08241758241758242,0.5515321433896341,1.0,2/19,7.94%,NSG1;PHETA1
prerank,Modulation Of Excitatory Postsynaptic Potential (GO:0098815),-0.7127685192134889,-1.3394748287176308,0.09430604982206406,0.5493328840420434,1.0,9/27,8.13%,GRIN1;SLC8A2;CBLN1;CHRNA7;STX1B;RIMS1;TMEM25;RIMS2;GRIN2B
prerank,Diacylglycerol Metabolic Process (GO:0046339),0.7419637034972202,1.339323822016949,0.10657596371882086,0.5550422859096092,1.0,4/18,6.89%,DGKG;DGKB;DGKI;PLCE1
prerank,Regulation Of Cytokinesis (GO:0032465),-0.6184002940100722,-1.3388279751601595,0.07578558225508318,0.5495571513521693,1.0,9/56,7.57%,MAP9;CALM3;FSD1;DRD2;PIN1;E2F7;CALM1;CIT;PLK3
prerank,Regulation Of Cyclin-Dependent Protein Kinase Activity (GO:1904029),-0.65638826538376,-1.3385963325747885,0.08849557522123894,0.5477284482444431,1.0,9/42,7.25%,CDK5R2;CDKN2D;GADD45A;CDC37;CDC25C;BLM;CDK5R1;CCNB1;CDKN1A
prerank,Positive Regulation Of RNA Metabolic Process (GO:0051254),-0.6943565739282305,-1.3384632774134295,0.1053639846743295,0.5456778631027377,1.0,8/30,17.11%,IL1B;HRAS;GRSF1;UTP15;HABP4;POLR2A;ZPR1;NFKB1
prerank,Protein Localization To Golgi Apparatus (GO:0034067),-0.6974054733677127,-1.3381987681418164,0.1,0.5442218371959437,1.0,2/26,1.35%,OPTN;RAB6B
prerank,Cyclic-Nucleotide-Mediated Signaling (GO:0019935),0.6672223263596225,1.3379060855562996,0.1048951048951049,0.5563170981834147,1.0,6/28,5.72%,PDE7B;ADCY2;RAPGEF3;GUCY1A2;AQP1;SOX9
prerank,Negative Regulation Of Viral Process (GO:0048525),-0.6429833794577642,-1.3376541190077367,0.06739526411657559,0.5437903381424594,1.0,10/47,12.99%,TNF;ISG20;ZFP36;PITX3;ISG15;PPIA;MX1;RSAD2;STAT1;IFIT1
prerank,Mitotic DNA Damage Checkpoint Signaling (GO:0044773),-0.6352299019411021,-1.3375070613136562,0.0779467680608365,0.5417689054333628,1.0,7/50,7.88%,CLSPN;CHEK1;EME2;BLM;BRCA1;CDKN1A;FANCD2
prerank,Establishment Of Protein Localization To Mitochondrion (GO:0072655),-0.67162107541246,-1.3371740073467784,0.08974358974358974,0.5404899761013835,1.0,20/39,23.29%,PINK1;TOMM34;TOMM40L;HK2;HK1;TIMM13;TIMM17A;TOMM20;MFF;TOMM70;TIMM10;MFN2;PITRM1;AKT1;GRPEL1;TIMM9;TIMM8B;FBXO7;TOMM40;HSPD1
prerank,Establishment Or Maintenance Of Apical/Basal Cell Polarity (GO:0035088),0.7123285191556191,1.3368246411124762,0.09799554565701558,0.5566187399714697,1.0,6/23,7.10%,PARD3;CRB2;CRB1;DLG2;LLGL1;ERBIN
prerank,Regulation Of Protein Targeting To Mitochondrion (GO:1903214),-0.6838438292691018,-1.3364433255216568,0.09233449477351917,0.54102097238794,1.0,5/34,8.07%,PINK1;ATP5IF1;SIAH3;PIN1;UBE2L3
prerank,Regulation Of Insulin Secretion Involved In Cellular Response To Glucose Stimulus (GO:0061178),0.7423729351127974,1.3355486085007104,0.11971830985915492,0.5575885396431897,1.0,1/19,0.12%,ADCY8
prerank,Hepaticobiliary System Development (GO:0061008),0.7756519137845285,1.3354695387998914,0.1211453744493392,0.5542512052494957,1.0,4/15,10.48%,TGFBR3;COBL;PROX1;PRKCSH
prerank,Regulation Of Heterotypic Cell-Cell Adhesion (GO:0034114),-0.779935316199322,-1.3354139680323345,0.09773123909249563,0.5428635245313388,1.0,4/15,3.34%,IL1B;TNF;THY1;IL10
prerank,Positive Regulation Of Peptidyl-Tyrosine Phosphorylation (GO:0050731),0.5780629380125831,1.3349695684003875,0.07294117647058823,0.5525522221367527,1.0,13/77,6.42%,GPRC5B;ERBB4;GHR;GREM1;HGF;ERBB3;FGFR3;CD44;THBS4;PLCG2;PIBF1;ENPP2;RELN
prerank,Cell Junction Assembly (GO:0034329),0.598566932443736,1.3349111264453393,0.06954436450839328,0.5491826044856241,1.0,14/60,8.13%,CTNND2;ADGRL3;CDH2;CDHR3;CDH10;CDH6;GPM6A;CDH26;TJP1;NLGN1;PLXND1;PKP4;FARP1;NRXN1
prerank,Innate Immune Response Activating Cell Surface Receptor Signaling Pathway (GO:0002220),0.7320876193340807,1.334139218919105,0.13901345291479822,0.5486618352694241,1.0,3/18,3.91%,KLRD1;FYN;PLCG2
prerank,Respiratory Tube Development (GO:0030323),0.7657308356687137,1.3335898817396818,0.14317673378076062,0.5472526069097057,1.0,7/16,8.61%,CHI3L1;GLI2;CCDC40;FGFR2;BAG6;PROX1;ITGA3
prerank,Positive Regulation Of Chemotaxis (GO:0050921),0.6874184280973628,1.3331446703224494,0.1029082774049217,0.54533371093044,1.0,6/29,6.21%,PRKD1;NTRK3;FGF2;PDGFRB;HSPB1;PTN
prerank,Positive Regulation Of Dephosphorylation (GO:0035306),-0.7084063774715552,-1.3326144819648795,0.12237762237762238,0.5523283024516646,1.0,7/24,6.90%,CALM3;CDCA2;PIN1;SMPD1;CALM1;PPIA;NSMF
prerank,Dendritic Spine Organization (GO:0097061),0.7063033647412554,1.330312295937483,0.12155963302752294,0.5521061482354958,1.0,7/23,8.70%,CTNND2;ZNF365;FYN;IGF1R;EPHB1;ITGA3;INSR
prerank,Positive Regulation Of Calcium Ion Transmembrane Transport (GO:1904427),-0.7481387830784317,-1.3301406136347553,0.08211678832116788,0.5608438497154249,1.0,3/19,1.86%,THY1;GRIN1;CXCL10
prerank,Cortical Cytoskeleton Organization (GO:0030865),-0.6975576711558534,-1.3301061496065356,0.11512027491408934,0.5583030551236843,1.0,4/27,6.99%,RAC3;TNF;PLEK;FHOD1
prerank,Regulation Of Protein Modification By Small Protein Conjugation Or Removal (GO:1903320),-0.7069062609426691,-1.3300630779678004,0.10256410256410256,0.5558527885393709,1.0,4/28,11.47%,EGR1;PINK1;COPS8;COPS4
prerank,Regulation Of Plasma Membrane Bounded Cell Projection Organization (GO:0120035),0.6913208983423933,1.3299340634178545,0.12284482758620689,0.5498412598792513,1.0,5/25,3.10%,ZNF365;NTNG1;CTNNA2;IL1RAPL1;ZNF804A
prerank,Immunoglobulin Mediated Immune Response (GO:0016064),-0.7357908855358446,-1.3295145852749826,0.1076388888888889,0.5556574646000966,1.0,5/21,9.52%,IL21R;HLA-DMA;CSF2RB;CARD9;HLA-DQA1
prerank,Establishment Of Protein Localization To Plasma Membrane (GO:0061951),-0.6746940889511457,-1.3287604874764236,0.10877192982456141,0.5565870253241975,1.0,6/31,10.32%,OPTN;NSF;RILPL2;PREPL;RAB31;GGA2
prerank,Positive Regulation Of Cell Population Proliferation (GO:0008284),0.4844466676092557,1.3282078529840415,0.007371007371007371,0.5523346698971321,1.0,43/302,9.20%,YAP1;TGFBR3;WWTR1;SOX8;MEIS2;MEGF10;ERBB4;GREM1;LIFR;EGFR;GJA1;ERBB3;NTRK3;ZFPM2;FGFR3;AREG;FGF2;BMI1;LTF;PDGFRB;EMP2;SPDYA;FGFR2;ZNF703;FGF1;AQP1;LAMC1;TJP1;IGF1R;TOX;SOX9;PTN;TGFA;TGFB2;FGFR1;PROX1;DDR2;NTRK2;FER;INSR;POU3F3;IRS1;TMEM250
prerank,Cellular Response To Virus (GO:0098586),-0.6706201342157461,-1.3277942586273834,0.09671848013816926,0.5582495683314412,1.0,10/35,18.40%,CXCL10;IFI6;IFNGR2;NLRP3;ZC3H12A;POU2F2;TOMM70;VWCE;IFNLR1;RRP1B
prerank,Nucleotide Biosynthetic Process (GO:0009165),-0.7480357372165539,-1.3277406154741613,0.12105263157894737,0.5558158546399128,1.0,3/17,6.11%,NMNAT2;PRPS1;PNP
prerank,Cellular Response To Xenobiotic Stimulus (GO:0071466),-0.7269475250339692,-1.3275459727232126,0.11888111888111888,0.554015694443665,1.0,3/20,9.75%,IL1B;PPM1E;TFRC
prerank,Organelle Organization (GO:0006996),-0.50131375651263,-1.327525915335223,0.01468189233278956,0.5515602661021806,1.0,36/337,12.40%,DMTN;THY1;OPTN;RAB6B;KIF4A;PINK1;DIAPH3;ATP8B3;CCL3;ARHGAP4;WASF3;CHGA;CHCHD2;KIF3A;CCL2;ANK1;MAST1;SNX10;PPIA;VPS18;CEP55;GOLGA8A;TNFAIP3;PACSIN1;SEC23IP;CDCA8;PEX11B;RAB31;WDR81;FAM161A;CAMSAP1;RAB38;PCLO;CCDC32;ATP8B1;VMP1
prerank,Regulation Of Reactive Oxygen Species Metabolic Process (GO:2000377),-0.6389009496970617,-1.3272078545671637,0.11310592459605028,0.5503721525858531,1.0,7/44,8.25%,AGTR1;PINK1;GADD45A;MT3;BRCA1;CDKN1A;GRB2
prerank,Regulation Of Interleukin-1 Beta Production (GO:0032651),-0.6192844685700801,-1.3271913035416698,0.07706422018348624,0.5478730943166215,1.0,14/61,15.62%,TNF;EGR1;CD36;CCL3;MYD88;TNFAIP3;NOD2;GHRL;NLRP3;ZC3H12A;SERPINB1;CX3CR1;AIM2;PANX1
prerank,Response To Molecule Of Bacterial Origin (GO:0002237),-0.6373568261340725,-1.3263549345021055,0.09888059701492537,0.5491058273930222,1.0,7/46,10.52%,IL1B;GCH1;IL10;SLC11A1;TNFAIP3;TRIB1;CD24
prerank,Stimulatory C-type Lectin Receptor Signaling Pathway (GO:0002223),0.7399811882183975,1.3258010522547763,0.12100456621004566,0.5539823865074686,1.0,3/16,3.91%,KLRD1;FYN;PLCG2
prerank,Cellular Response To Lectin (GO:1990858),0.7399811882183975,1.3258010522547763,0.12100456621004566,0.5539823865074686,1.0,3/16,3.91%,KLRD1;FYN;PLCG2
prerank,Response To Glucocorticoid (GO:0051384),-0.756004028315016,-1.324834536695175,0.11449016100178891,0.5527528396228156,1.0,5/18,8.07%,TNF;ZFP36;IL10;GOT1;UBE2L3
prerank,Vesicle-Mediated Transport (GO:0016192),-0.4983015743808724,-1.3230208110597397,0.01468189233278956,0.5581001660555488,1.0,53/346,13.84%,CPLX1;NSG1;SYT4;RAB3A;CALY;KIF5A;SNAP25;AMPH;CCL3;DENND3;SYP;NSG2;STX19;AP3B2;SPTBN2;SYT7;STX1B;DNER;ANK1;NSF;NECAP1;RAB7B;STXBP1;GDI2;OCIAD2;KIF1A;CADPS;RPH3A;VPS18;HOOK1;AP2S1;RAB39B;AP2M1;DNM1;IFT27;HOOK2;RHOBTB2;AP3M1;EXOC7;AP5Z1;MYCBPAP;RAB11A;SYTL3;RHOB;TVP23B;STX1A;RILP;DNAJC5;RAB35;AP3M2;RAB13;BECN1;NAPA
prerank,Apoptotic Process (GO:0006915),-0.5298618912185377,-1.3224489799101993,0.023972602739726026,0.557966884944353,1.0,38/182,12.92%,IL1B;NSG1;TNFRSF21;CHEK1;IL1A;ATCAY;MELK;SCN2A;GADD45A;IL2RA;DHCR24;RFK;IER3;IFI6;BNIP3;MYD88;MCM2;CYFIP2;CDK5;PPIA;CIT;HK2;TRAIP;PLK3;GAPDH;IFI27L1;BAD;DPF1;PPP2R1A;RNF152;DYNLL1;MX1;NLRP3;RHOB;TLR2;PPP1R15A;BCL2L13;FASTKD2
prerank,Endoplasmic Reticulum Organization (GO:0007029),-0.6504209614873144,-1.321316032043254,0.08797127468581688,0.5603853877835641,1.0,14/42,23.50%,REEP1;REEP2;VAPB;RTN4;REEP5;SEC16A;GAK;JAGN1;DNM1L;STX18;REEP4;SEC61A1;TMEM33;RTN3
prerank,Diterpenoid Metabolic Process (GO:0016101),-0.7593079886326587,-1.3196083274407746,0.10854092526690391,0.565030601117842,1.0,2/16,3.90%,ALDH1A1;E2F1
prerank,"Mitochondrial Electron Transport, NADH To Ubiquinone (GO:0006120)",-0.6918981121523997,-1.3188843444103742,0.11359404096834265,0.5653991843667717,1.0,19/30,26.72%,NDUFB9;NDUFA4;NDUFB1;NDUFAB1;NDUFA8;NDUFB3;NDUFA5;NDUFB10;NDUFA10;NDUFS5;NDUFS3;NDUFV2;NDUFB4;NDUFA6;NDUFS2;NDUFS6;NDUFA3;NDUFB5;NDUFV1
prerank,Protein Transport (GO:0015031),-0.5068962178791828,-1.3187149932636713,0.022838499184339316,0.5636210359973808,1.0,38/264,15.56%,RAB3A;RAB3C;SCG5;OPTN;RAB6B;CD36;STX19;STX1B;SCAMP5;KIF3A;NSF;STXBP1;IFT22;SEC23IP;NECAB3;PREPL;TFR2;IFT27;SVBP;TFRC;RAB31;GGA2;RAB38;TIMM17A;SEC13;SNX4;TVP23B;ERP29;VMP1;STX1A;RILP;RAB35;RAB13;NAPA;EHD1;SNX8;ARRDC1;ARL4C
prerank,Negative Regulation Of Double-Strand Break Repair (GO:2000780),-0.6746883385063538,-1.3187025081466732,0.12815884476534295,0.5611489553774026,1.0,3/28,5.78%,POLQ;INSL6;ERCC6
prerank,Positive Regulation Of Protein Tyrosine Kinase Activity (GO:0061098),0.6751139163984027,1.3183595207616665,0.12100456621004566,0.5773254553772441,1.0,6/26,6.42%,GPRC5B;ERBB3;AREG;DOCK3;TGFA;RELN
prerank,Cell-Substrate Junction Assembly (GO:0007044),0.6905060629459753,1.3180353938652185,0.1415525114155251,0.5748561483451995,1.0,5/25,4.87%,ITGB4;SORBS1;FERMT2;PTPRK;LAMC1
prerank,Regulation Of Neuronal Synaptic Plasticity (GO:0048168),-0.6942277233039542,-1.317936141553282,0.10726643598615918,0.561955651681746,1.0,9/30,8.52%,RAB3A;GRIN1;SLC8A2;NCDN;SYP;DRD2;NSMF;GRIN2B;SLC4A10
prerank,RNA Catabolic Process (GO:0006401),-0.6335221183788143,-1.3175747450980018,0.11231884057971014,0.5610221521099946,1.0,10/52,20.68%,ISG20;ZFP36;RNASE2;RNASEH1;RNASE3;MTREX;ZPR1;XRN2;YTHDF2;SUPV3L1
prerank,Regulation Of Cardiac Muscle Contraction (GO:0055117),-0.7020282077002838,-1.3163482914829043,0.10975609756097561,0.5637240748808491,1.0,9/24,18.79%,CALM3;CHGA;ATP1B1;CALM1;ZC3H12A;RNF207;RGS2;ATP2A2;P2RX4
prerank,Positive Regulation Of Cellular Metabolic Process (GO:0031325),-0.6530968380692084,-1.316187397037316,0.10526315789473684,0.5619412659361649,1.0,8/40,8.25%,AGTR1;GADD45A;CHCHD2;MT3;GHITM;CCNB1;CDKN1A;GRB2
prerank,Regulation Of Hippo Signaling (GO:0035330),0.7310598069949741,1.3154111163364248,0.1476510067114094,0.5807928803392154,1.0,3/19,4.53%,FRMD6;WWC1;WWC3
prerank,Carboxylic Acid Transmembrane Transport (GO:1905039),0.6750061896285061,1.3151959423104984,0.12155963302752294,0.5779905132392505,1.0,4/28,5.98%,SLC7A11;SLC38A2;SLC13A3;SLC16A9
prerank,Negative Regulation Of DNA Metabolic Process (GO:0051053),-0.6877155510769298,-1.314995362229661,0.12413793103448276,0.5646110995069711,1.0,5/27,11.30%,TSPYL2;TERF2IP;BLM;CDKN1A;SUB1
prerank,Negative Regulation Of Protein Secretion (GO:0050709),-0.7165262747157763,-1.3149496307487225,0.11293260473588343,0.5624141166464733,1.0,10/23,14.21%,IL1B;CHGA;DRD2;OPRM1;KCNB1;MIDN;RSAD2;ERP29;HMGCR;RAB11FIP5
prerank,Histone H3 Acetylation (GO:0043966),0.6565931090102448,1.3148611538181496,0.11258278145695365,0.5756398394347003,1.0,4/34,5.60%,SGF29;TMEM98;KAT2B;KAT2A
prerank,Spindle Assembly (GO:0051225),-0.6106186965608327,-1.3137787026729877,0.09357798165137615,0.5649540522834643,1.0,8/61,11.62%,MAP9;KIFC1;MAPRE3;KIF11;GOLGA8A;KPNB1;INO80;RAB11A
prerank,Positive Regulation Of Developmental Process (GO:0051094),0.5090158376144689,1.3122037700658606,0.030927835051546393,0.5817255652054077,1.0,28/179,9.05%,BMPR1B;DPF3;SOX8;RAPGEF3;GJA1;COBL;PLCB1;ALK;BMP7;ZNF703;ZDHHC15;PHLDB1;DVL2;ZBTB16;SOX9;PTN;ENPP2;RELN;SPIRE1;DAB2IP;NLGN1;FGFR1;NRXN1;KMT5C;SOX5;INSR;DVL1;ZBED3
prerank,Regulation Of Synapse Assembly (GO:0051963),-0.6453294260123943,-1.3116186998035728,0.08445945945945946,0.5714890855940373,1.0,8/42,8.33%,SLITRK4;CLSTN3;CLSTN2;CHRNB2;ROBO2;BDNF;EPHB3;GHRL
prerank,Integrin-Mediated Signaling Pathway (GO:0007229),0.589864846828728,1.311392914629229,0.07317073170731707,0.5812196671168421,1.0,11/67,7.10%,PRKD1;ITGB4;ITGB8;FERMT2;COL16A1;ITGA2;DOCK1;ITGA1;PLPP3;PTN;ERBIN
prerank,Cellular Response To Fibroblast Growth Factor Stimulus (GO:0044344),0.6602940118025742,1.3110017706701433,0.14285714285714285,0.5791160264903272,1.0,6/31,4.25%,FLRT2;FGFR3;FGF2;CD44;FGFR2;FGF1
prerank,Regulation Of Cell Cycle Process (GO:0010564),-0.5649770262716628,-1.3102349742441621,0.07610619469026549,0.5747910745166611,1.0,12/103,5.45%,CHEK1;BUB1;MAP9;MKI67;CALM3;FSD1;CDCA2;KIF11;PIN1;CALM1;CDC25C;MCM2
prerank,Spliceosomal Complex Assembly (GO:0000245),-0.6132902761450717,-1.3098970083977615,0.0989010989010989,0.5736637256738378,1.0,7/57,15.72%,CELF4;CELF3;PRPF19;CELF5;SRSF1;SRSF9;SNRPA1
prerank,Regulation Of Histone Deacetylation (GO:0031063),0.7166538206298356,1.3098331116073958,0.15898617511520738,0.5800298399936445,1.0,3/19,5.60%,SGF29;KAT2B;KAT2A
prerank,Mitochondrion Disassembly (GO:0061726),-0.6691265603044763,-1.309749882780239,0.10458715596330276,0.5717930937023304,1.0,8/33,14.79%,MAP1LC3A;PINK1;BNIP3;MAP1LC3B2;GABARAPL2;MAP1LC3B;BECN1;FUNDC2
prerank,Response To Peptide Hormone (GO:0043434),0.6408145167260689,1.309214217083557,0.1388235294117647,0.578839503744592,1.0,6/36,10.78%,TGFBR3;SLC24A4;ZBED3;IRS1;SORT1;SLC27A1
prerank,Very Long-Chain Fatty Acid Metabolic Process (GO:0000038),0.6958440719674194,1.3073980537975436,0.13626373626373625,0.5821805385670137,1.0,6/22,9.76%,HACD1;ACSBG1;SLC27A4;SLC27A6;TECR;ABCD4
prerank,Cardiac Muscle Cell Contraction (GO:0086003),-0.7649334764979541,-1.3065904987783523,0.12926391382405744,0.5826780122803418,1.0,4/15,2.53%,SCN3B;SCN2B;CACNA1G;FGF12
prerank,Digestive Tract Development (GO:0048565),0.7146511092726926,1.306364802383067,0.12222222222222222,0.5826918538206293,1.0,6/19,4.14%,GLI3;COBL;GLI2;CCDC40;FGFR2;PKDCC
prerank,Defense Response To Virus (GO:0051607),-0.5373454217101383,-1.3063211929200824,0.05128205128205128,0.5813362206495548,1.0,36/143,20.40%,TNF;CXCL10;ISG20;IFI6;BNIP3;ISG15;RNASE2;MYD88;IKBKE;MX2;OPRK1;SAMHD1;MX1;RSAD2;TLR2;STAT1;IFIT1;IRF7;NLRC5;AIM2;IFI27;PQBP1;TLR3;CD40;UBE2N;DHX15;IRF1;TRIM25;OASL;IFNLR1;DDX60;USP18;TRAF3;GBP2;DDIT4;TRIM5
prerank,Positive Regulation Of Epithelial Cell Migration (GO:0010634),0.5728180479720618,1.306083901308507,0.07177033492822966,0.5803318624483292,1.0,12/74,7.70%,SASH1;PRKD1;FGF2;PLCG2;FGF1;DOCK1;SPARC;SOX9;PLPP3;ENPP2;TGFB2;PROX1
prerank,Anterior/Posterior Pattern Specification (GO:0009952),-0.7288800796705394,-1.3054078069353392,0.11677631578947369,0.5827535347036188,1.0,2/20,2.79%,HES4;BASP1
prerank,Fc-gamma Receptor Signaling Pathway Involved In Phagocytosis (GO:0038096),0.7013854916121105,1.3053733897722624,0.15296803652968036,0.5795475868922302,1.0,2/20,1.63%,FYN;PLPP4
prerank,Regulation Of Platelet Activation (GO:0010543),-0.7377643114971152,-1.3053034896330795,0.13644524236983843,0.5807219787168815,1.0,8/17,14.79%,THBD;PRKCQ;PRKCA;PLEK;LYN;PDGFA;PLA2G4A;FUNDC2
prerank,Positive Regulation Of Interleukin-1 Beta Production (GO:0032731),-0.6392426170025622,-1.3049400578360344,0.1213768115942029,0.5798394381903729,1.0,6/44,8.02%,TNF;EGR1;CD36;CCL3;MYD88;NOD2
prerank,Myeloid Cell Development (GO:0061515),-0.7520134964663673,-1.3043710176540662,0.1456140350877193,0.579720213285038,1.0,4/16,12.12%,DMTN;SH2B3;ALAS1;TLR2
prerank,Positive Regulation Of Peptide Hormone Secretion (GO:0090277),-0.6834135681329057,-1.304251313958494,0.11304347826086956,0.577839375249336,1.0,5/26,9.52%,NNAT;DRD2;GHRL;BAD;TFR2
prerank,Modulation Of Chemical Synaptic Transmission (GO:0050804),-0.5655064832043817,-1.3037881495356622,0.07056798623063683,0.5773479107052776,1.0,21/103,7.21%,SYT1;CPLX1;IL1B;CLSTN3;CLSTN2;TNF;CHRNB2;SLC8A2;MAPK8IP2;PLPPR4;SYN1;RIMS3;CHRNA7;CPLX2;RIMS1;DRD2;DLGAP3;CDK5;RIMS2;HOMER1;GRIN3A
prerank,Regulation Of Mitotic Spindle Organization (GO:0060236),-0.6583496116239298,-1.3036909116311757,0.10801393728222997,0.5754100947203129,1.0,5/35,16.39%,MAP9;FSD1;DYNC1H1;PLK1;DCTN1
prerank,Positive Regulation Of B Cell Proliferation (GO:0030890),-0.7034421822437009,-1.303176434892138,0.13667820069204153,0.5751732455487564,1.0,8/21,21.33%,CHRNB2;GPR183;TFRC;IL7;CD40;NCKAP1L;SASH3;TNFRSF13C
prerank,Double-Strand Break Repair Via Homologous Recombination (GO:0000724),-0.5604762664410455,-1.3029857125894766,0.070298769771529,0.5735382290736438,1.0,22/98,17.26%,CDC45;GINS2;MCM6;XRCC3;BLM;TONSL;MCM2;BRCA1;LIG3;MCMDC2;NABP2;AP5Z1;GINS4;INO80;SAMHD1;RAD51AP1;MCM4;XRCC2;RPA3;RAD54B;UBE2N;AUNIP
prerank,Regulation Of Myotube Differentiation (GO:0010830),0.7422285055595499,1.302110759940945,0.15081206496519722,0.5877701262901899,1.0,1/15,0.99%,DMPK
prerank,Positive Regulation Of Erythrocyte Differentiation (GO:0045648),-0.704219746903046,-1.3017272033221527,0.1289134438305709,0.576466450385743,1.0,9/24,20.79%,ACVR1B;RHEX;INHBA;ANKRD54;STAT1;TAL1;NCKAP1L;ETS1;BRD1
prerank,Regulation Of Cell Adhesion Mediated By Integrin (GO:0033628),-0.7025748714769584,-1.3016037132669684,0.13725490196078433,0.5746100233458965,1.0,6/24,10.64%,RET;RAC3;DPP4;LYN;NEXMIF;TESC
prerank,Regulation Of Release Of Cytochrome C From Mitochondria (GO:0090199),-0.6681949348614118,-1.3016009434693323,0.11151079136690648,0.5723285041588039,1.0,6/33,5.26%,MLLT11;MOAP1;PINK1;BNIP3;GHITM;PPIF
prerank,Negative Regulation Of Canonical Wnt Signaling Pathway (GO:0090090),0.5580306060911334,1.3013189602493607,0.06746987951807229,0.5874334888513377,1.0,15/77,7.66%,GLI3;WWTR1;GREM1;SOX13;MLLT3;AMER2;SHISA6;TLE1;SOX2;LZTS2;TMEM64;SOX9;APC2;DAB2IP;LRP4
prerank,Positive Regulation Of Endocytosis (GO:0045807),-0.6144545434825689,-1.301250111305001,0.0958904109589041,0.5714008036739575,1.0,8/58,5.46%,IL1B;CALY;TNF;FPR2;TUB;SLC11A1;SMPD1;CLIP3
prerank,DNA Biosynthetic Process (GO:0071897),-0.7630237458782869,-1.3004714984588372,0.1243432574430823,0.5721255540029927,1.0,3/15,15.51%,RFC3;RRM1;TYMS
prerank,Autophagy Of Mitochondrion (GO:0000422),-0.6453950095462034,-1.3002529702951902,0.1070110701107011,0.570813063109712,1.0,9/43,14.79%,MAP1LC3A;PINK1;BNIP3;MAP1LC3B2;GABARAPL2;SPATA33;MAP1LC3B;BECN1;FUNDC2
prerank,Morphogenesis Of An Epithelium (GO:0002009),0.7146442395259001,1.3001858820754857,0.15058823529411763,0.5881919472710616,1.0,5/17,5.88%,SOX8;SOX10;FGFR2;SOX9;TNC
prerank,External Encapsulating Structure Organization (GO:0045229),0.5862598289454743,1.2998891345384485,0.0847457627118644,0.5860531878136986,1.0,12/59,5.17%,HPSE2;ADAMTS9;COL5A3;MATN2;SMOC1;ADAMTS20;COL28A1;COL16A1;COL4A5;COL4A3;COL9A2;ADAMTS14
prerank,One-Carbon Compound Transport (GO:0019755),0.7288955792295638,1.2996118744989518,0.16186252771618626,0.5837994396446287,1.0,4/18,5.07%,SLC14A1;SLC4A4;CA2;SLC26A6
prerank,Cellular Response To Transforming Growth Factor Beta Stimulus (GO:0071560),0.5709985438619957,1.2984049802205615,0.08780487804878048,0.584846487379432,1.0,6/65,8.45%,TGFBR3;FERMT2;PTPRK;SOX9;TGFB2;SOX5
prerank,Positive Regulation Of Synaptic Transmission (GO:0050806),-0.605635449617412,-1.2979955550690396,0.1095890410958904,0.5778297972356045,1.0,14/58,6.59%,SYT1;CLSTN3;CLSTN2;TNF;GRIN1;SLC8A2;RIMS3;CHRNA7;STX1B;RIMS1;CCL2;CACNG8;RIMS2;CACNG2
prerank,Cell-Matrix Adhesion (GO:0007160),0.5522119194106064,1.2978910914879926,0.09237875288683603,0.5834678336667126,1.0,10/80,5.15%,ADAMTS9;ITGB4;ITGB8;SORBS1;FERMT2;PTPRK;CD44;EMP2;ITGA2;ITGA1
prerank,Regulation Of Lipid Biosynthetic Process (GO:0046890),0.6870594582105973,1.2973534955564099,0.13777777777777778,0.581917221702763,1.0,7/22,11.34%,SORBS1;MID1IP1;ASXL3;SIRT4;APOE;CREBL2;ASAH1
prerank,Vascular Endothelial Growth Factor Receptor Signaling Pathway (GO:0048010),0.6957093978040451,1.297045500607722,0.14454976303317535,0.5798003006710805,1.0,4/22,6.84%,PRKD1;FYN;HSPB1;DAB2IP
prerank,Positive Regulation Of Chromosome Organization (GO:2001252),-0.6799914166497325,-1.2967777004822958,0.10746812386156648,0.5804244113084558,1.0,9/27,17.69%,NCAPH;NCAPG;TERF2IP;NCAPG2;TINF2;SMC2;TAL1;PPP1R10;NCAPD3
prerank,Response To Metal Ion (GO:0010038),-0.6201899746323806,-1.2962902912852214,0.10460992907801418,0.5800615566256425,1.0,7/46,9.52%,IL1A;CALM3;CALM1;HAMP;MELTF;HOMER1;TFR2
prerank,Blood Vessel Diameter Maintenance (GO:0097746),-0.7133139026862636,-1.2962104206533205,0.1560798548094374,0.5781748583426114,1.0,2/19,1.19%,AGTR1;KLF2
prerank,Positive Regulation Of Secretion By Cell (GO:1903532),-0.605206921241831,-1.2957844664435043,0.11524822695035461,0.5777292573789384,1.0,9/55,7.69%,IL1B;RAB3A;IL1A;ACHE;STX1B;KCNB1;CADPS;PPIA;MYH10
prerank,Regulation Of Myeloid Cell Differentiation (GO:0045637),0.720800479713587,1.2953856966387898,0.14908256880733944,0.5828763660891387,1.0,3/20,9.69%,MEIS2;ZBTB16;L3MBTL1
prerank,Retinoid Metabolic Process (GO:0001523),-0.702009961689564,-1.2953095998516417,0.14774774774774774,0.5774708427120634,1.0,3/24,5.83%,ALDH1A1;E2F1;CYP27C1
prerank,Positive Regulation Of miRNA Transcription (GO:1902895),-0.6668647681550932,-1.2951830432448275,0.125,0.5757216339732072,1.0,6/30,3.34%,TNF;FOXA1;EGR1;FOSL1;FOS;IL10
prerank,Positive Regulation Of Cyclin-Dependent Protein Kinase Activity (GO:1904031),0.7052251374636987,1.2948292756605908,0.15898617511520738,0.5816274707679381,1.0,6/18,9.45%,EGFR;RGCC;SPDYA;CCND3;PROX1;STOX1
prerank,Regulation Of Pathway-Restricted SMAD Protein Phosphorylation (GO:0060393),0.6495585623861577,1.294342916107863,0.12946428571428573,0.5800159894561794,1.0,4/30,3.49%,RBPMS;GREM1;BMPER;BMP7
prerank,Regulation Of Cell-Substrate Adhesion (GO:0010810),-0.6703521316146467,-1.2942173394362706,0.13732394366197184,0.5775758490019354,1.0,6/31,8.35%,DMTN;THY1;NPNT;PTPRO;RELL2;ECM2
prerank,Regulation Of Stress-Activated MAPK Cascade (GO:0032872),0.6143975301008675,1.29399019008239,0.0935412026726058,0.577988664395977,1.0,9/46,8.73%,TGFBR3;GREM1;EGFR;PHLPP1;IGF1R;DAB2IP;TGFB2;EPHB1;FOXO1
prerank,Non-Canonical Wnt Signaling Pathway (GO:0035567),0.6731917952110027,1.293683155920444,0.12993039443155452,0.5760317352643404,1.0,6/25,13.11%,PRICKLE2;DVL2;CCDC88C;DVL1;FZD6;CELSR2
prerank,Positive Regulation Of Leukocyte Cell-Cell Adhesion (GO:1903039),-0.6835927012913869,-1.293499049276379,0.10398613518197573,0.5783422071713329,1.0,5/32,4.84%,TNF;THY1;HLA-DMA;CCL2;PRKCQ
prerank,Positive Regulation Of Myeloid Leukocyte Differentiation (GO:0002763),-0.6987682136288478,-1.293276556591944,0.12274368231046931,0.5770760890498408,1.0,6/25,13.47%,TNF;ID2;PRKCA;TESC;CD4;ZFP36L1
prerank,Intrinsic Apoptotic Signaling Pathway In Response To DNA Damage (GO:0008630),-0.6268292970858745,-1.2926012363736858,0.11891891891891893,0.577842540402028,1.0,8/44,10.95%,MOAP1;BCL2A1;E2F1;CDIP1;IKBKE;BRCA1;BCL2L2;MCL1
prerank,Neuron Development (GO:0048666),-0.5447025541405006,-1.291646838643447,0.065,0.5794253078515424,1.0,17/116,5.78%,STMN2;ATCAY;MAP1B;STMN1;RAB6B;L1CAM;NCDN;POU3F2;NOVA2;ROBO2;MYT1L;BTG2;MAP2;STMN3;CDK5R1;CDK5;ERCC6
prerank,Positive Regulation Of Catabolic Process (GO:0009896),-0.6000959498999986,-1.2916321394416412,0.10619469026548672,0.5772907507659164,1.0,4/63,6.86%,IL1B;TNF;NSF;TNFAIP3
prerank,Positive Regulation Of Canonical Wnt Signaling Pathway (GO:0090263),0.5704352811615042,1.2914427901738876,0.0871559633027523,0.5804585557839431,1.0,10/68,4.11%,LGR6;GPC5;KANK1;GPRC5B;DAAM2;LGR5;EGFR;LYPD6;LGR4;FGFR2
prerank,Liver Development (GO:0001889),0.6954802684050428,1.2913023810198536,0.16964285714285715,0.577923180496784,1.0,3/22,3.23%,TGFBR3;COBL;CCDC40
prerank,Negative Regulation Of Protein Serine/Threonine Kinase Activity (GO:0071901),-0.5939470737140976,-1.2911622516236538,0.08633093525179857,0.5770773691841975,1.0,10/67,9.44%,IL1B;UCHL1;GADD45A;SMPD1;PRKAR2B;PTPN1;PKIB;CDKN1A;SH2B3;LYN
prerank,Negative Regulation Of Transmembrane Receptor Protein Serine/Threonine Kinase Signaling Pathway (GO:0090101),0.5533412243701709,1.2908362361000172,0.09027777777777778,0.5763922292318032,1.0,5/81,1.83%,PRDM16;GREM1;BMPER;MAGI2;CD109
prerank,Establishment Of Endothelial Barrier (GO:0061028),0.6924268317812505,1.2907889104220274,0.13763440860215054,0.5735399405055238,1.0,5/22,11.02%,RAPGEF3;PPP1R16B;TJP1;RAP2B;F2RL1
prerank,Mitotic Chromosome Condensation (GO:0007076),-0.7453972070306334,-1.290303418879541,0.1518987341772152,0.5782861784782621,1.0,3/15,3.12%,NCAPH;NCAPG;CDCA5
prerank,Mitochondrial Fusion (GO:0008053),-0.721163086796604,-1.2897443502819275,0.16006884681583478,0.5784716895101342,1.0,5/18,18.74%,BCL2A1;MCL1;MFF;MFN2;STOML2
prerank,DNA Recombination (GO:0006310),-0.6537686502876223,-1.2894345702204364,0.1273996509598604,0.5775160153374487,1.0,12/34,20.68%,XRCC3;BLM;BRCA1;ENDOG;XRCC6;EXO1;XRCC2;RAD54B;ERCC1;GEN1;DMC1;SUPV3L1
prerank,Lamellipodium Assembly (GO:0030032),-0.6958981694966857,-1.2880644962046341,0.15526802218114602,0.5806064019545849,1.0,1/21,0.09%,DMTN
prerank,Actomyosin Structure Organization (GO:0031032),0.5948484539243966,1.2880066722126968,0.1050328227571116,0.5802962384570622,1.0,8/52,6.72%,SORBS1;FAM171A1;FRMD5;MYLK3;TJP1;TMOD2;ARRB1;CDC42BPA
prerank,Response To Exogenous dsRNA (GO:0043330),-0.7470988444505364,-1.2868279377562273,0.13917525773195877,0.5832191602611078,1.0,8/16,20.65%,RFTN1;COLEC12;IFIT1;RALB;PQBP1;TLR3;FLOT1;TICAM1
prerank,Epithelial Cell Migration (GO:0010631),0.6577248544706796,1.2863720322878143,0.14418604651162792,0.5828609811737483,1.0,5/29,7.56%,KANK1;DAAM2;PIK3CA;ANLN;PLXND1
prerank,Positive Regulation Of DNA Metabolic Process (GO:0051054),0.5478941492697291,1.2861076302244456,0.08,0.5808782914123969,1.0,12/89,5.74%,NPAS2;EYA1;EGFR;HGF;GINS3;EYA2;FGF2;RGCC;GLI2;PDGFRB;TOX;TRIM28
prerank,Negative Regulation Of Interleukin-1 Production (GO:0032692),-0.7076020235801557,-1.285951157405602,0.13686131386861314,0.5846622488253631,1.0,7/22,14.66%,IL10;TNFAIP3;GHRL;NLRP3;ZC3H12A;SERPINB1;CX3CR1
prerank,Regulation Of Potassium Ion Transmembrane Transport (GO:1901379),0.6481369942580173,1.285852094760866,0.15659955257270694,0.5789626857114577,1.0,3/29,7.14%,DPP10;KCNIP3;DPP6
prerank,Regulation Of Protein Targeting To Membrane (GO:0090313),-0.6800520807560411,-1.2854356802235514,0.13993174061433447,0.5847053134163519,1.0,4/26,4.60%,DMTN;HRAS;ITGAM;KCNB1
prerank,Regulation Of Multicellular Organismal Development (GO:2000026),0.6010266983975653,1.285251982206973,0.12354312354312354,0.5781362736573363,1.0,7/46,8.70%,SGF29;ALOX15B;KAT2B;KAT2A;PTN;BAG6;INSR
prerank,Negative Regulation Of Endocytosis (GO:0045806),0.6645678810445368,1.285154173165699,0.1572769953051643,0.5756075811317516,1.0,4/25,6.43%,PRKD1;LGALS3;APOC1;EPHA3
prerank,Regulation Of Amyloid-Beta Formation (GO:1902003),-0.6721520376281823,-1.2849112470055264,0.11837455830388692,0.584586547068447,1.0,3/30,4.03%,TNF;CHRNA7;PIN1
prerank,Proton Motive Force-Driven ATP Synthesis (GO:0015986),-0.622279356347706,-1.2842885141347755,0.10984848484848485,0.584932280309387,1.0,26/48,26.72%,NDUFB9;ATP5F1B;NDUFB1;NDUFAB1;ATP5MC3;SDHC;ATP5PB;NDUFA8;NDUFB3;NDUFA5;NDUFB10;ATP5MC1;NDUFA10;NDUFS5;NDUFS3;NDUFV2;NDUFB4;NDUFA6;NDUFS2;NDUFS6;SDHB;NDUFA12;NDUFA3;NDUFA1;NDUFB5;NDUFV1
prerank,Water-Soluble Vitamin Metabolic Process (GO:0006767),-0.6436643917921818,-1.284202579751857,0.12984822934232715,0.5831871292532007,1.0,6/36,8.85%,SLC2A3;VNN2;RFK;SLC25A19;MMAB;MTHFD2
prerank,Negative Regulation Of MAPK Cascade (GO:0043409),-0.5753288172224779,-1.2840980511220523,0.07785467128027682,0.581462141561758,1.0,16/78,10.09%,IL1B;UCHL1;DUSP26;PEBP1;LMO3;PIN1;SMPD1;DUSP8;PPIA;PTPN1;DUSP2;RPS6KA6;SH2B3;PTPN2;LYN;PPP2R1A
prerank,Mitotic Nuclear Division (GO:0140014),-0.6416932503136901,-1.2833773777880277,0.14842300556586271,0.5822133610153083,1.0,9/37,13.56%,CENPK;KIFC1;KIF18B;NDC80;DSN1;INO80;CENPI;NCAPG2;PLK1
prerank,Positive Regulation Of Interleukin-1 Production (GO:0032732),-0.6207245423327855,-1.2833308523347136,0.12979890310786105,0.580337984935725,1.0,6/48,8.02%,TNF;EGR1;CD36;CCL3;MYD88;NOD2
prerank,Axon Extension (GO:0048675),-0.7000627337917694,-1.2821792869241013,0.162748643761302,0.5827475823158357,1.0,5/20,8.60%,MAP1B;CDK5;NELL2;SEMA5A;NELL1
prerank,Lamellipodium Organization (GO:0097581),-0.6679492932389465,-1.2821774068169327,0.162748643761302,0.5806886019292063,1.0,1/26,0.09%,DMTN
prerank,Purine Nucleotide Biosynthetic Process (GO:0006164),-0.7244439392458544,-1.2820614898124627,0.15760869565217392,0.579122502147174,1.0,2/19,5.40%,NMNAT2;PRPS1
prerank,Response To Estradiol (GO:0032355),-0.7106129381462654,-1.2819194481557277,0.16493055555555555,0.577649354638783,1.0,2/18,1.20%,SSTR1;FOXA1
prerank,Transcription Initiation-Coupled Chromatin Remodeling (GO:0045815),0.6452572349405239,1.2809856135850415,0.15102974828375287,0.586586313433112,1.0,3/30,5.31%,FAM47E;SGF29;KAT2B
prerank,Regulation Of Interleukin-4 Production (GO:0032673),-0.7293718185177317,-1.2807240001520128,0.15706806282722513,0.58028689620315,1.0,9/17,22.49%,PRKCQ;ZFPM1;HAVCR2;SLC7A5;NLRP3;DDIT3;HLA-DRB1;CEBPB;FCER1G
prerank,Positive Regulation Of Growth (GO:0045927),0.5779866124371862,1.2806021804842964,0.09975062344139651,0.5848921267895072,1.0,8/61,8.70%,YAP1;EGFR;PLCB1;LGI1;S100A8;WFS1;TGFB2;INSR
prerank,Extracellular Structure Organization (GO:0043062),0.5744141353139292,1.280222062425594,0.09482758620689655,0.5833017209182114,1.0,12/61,5.17%,HPSE2;ADAMTS9;COL5A3;MATN2;SMOC1;ADAMTS20;COL28A1;COL16A1;COL4A5;COL4A3;COL9A2;ADAMTS14
prerank,Regulation Of Cytokine-Mediated Signaling Pathway (GO:0001959),-0.6482291412189752,-1.2801538856143357,0.12885662431941924,0.5805061533459938,1.0,11/36,17.66%,CDC37;IKBKE;PTPN1;TNFAIP3;IRAK2;PTPN2;CD24;SPHK1;IL7;SPATA2;SPPL2B
prerank,Positive Regulation Of Angiogenesis (GO:0045766),0.5524738001524067,1.2793766834896938,0.12,0.5830803355837852,1.0,16/78,5.75%,SASH1;PRKD1;ITGB8;CHI3L1;RAPGEF3;BMPER;FGF2;GAB1;EMP2;ANGPTL4;SERPINE1;HSPB1;FGF1;AQP1;TJP1;APLNR
prerank,Positive Regulation Of Cyclin-Dependent Protein Serine/Threonine Kinase Activity (GO:0045737),0.7192169219266425,1.2790957672682703,0.16627634660421545,0.5811153758674765,1.0,5/15,7.70%,EGFR;RGCC;SPDYA;CCND3;PROX1
prerank,Regulation Of B Cell Proliferation (GO:0030888),-0.6483009798445044,-1.2789146363805486,0.12456140350877193,0.58318905815436,1.0,6/32,9.75%,TNFRSF21;CHRNB2;IL10;GPR183;LYN;TFRC
prerank,Double-Strand Break Repair Via Nonhomologous End Joining (GO:0006303),-0.6332165056351169,-1.2787848625435714,0.12028725314183124,0.5816708420384057,1.0,15/39,27.92%,POLQ;ERCC6;PRPF19;XRCC6;IFFO1;ERCC1;RNF8;TP53BP1;CYREN;DCLRE1B;DCLRE1C;PNKP;ERCC8;PSMD14;NSMCE2
prerank,Glial Cell Development (GO:0021782),0.7050935086002112,1.2787213997260491,0.1689497716894977,0.5796027656685647,1.0,2/17,2.31%,MYRF;SOX10
prerank,Negative Regulation Of Epithelial Cell Migration (GO:0010633),0.67296943816675,1.278628255427004,0.1784037558685446,0.577103486527696,1.0,5/21,9.91%,ADAMTS9;PTPRG;DUSP10;DAB2IP;APOE
prerank,DNA Damage Checkpoint Signaling (GO:0000077),-0.6584571775654066,-1.2785940466859613,0.13970588235294118,0.5803973320034055,1.0,5/31,6.03%,CLSPN;CHEK1;E2F1;ERCC6;PRPF19
prerank,MAPK Cascade (GO:0000165),-0.5732633666658219,-1.2765546571853381,0.0913884007029877,0.586338576958072,1.0,12/79,9.26%,IL1B;TNF;CCL3;HRAS;ZFP36;CCL2;MT3;PLVAP;MAP2K3;MAPK12;FGF13;YWHAE
prerank,Negative Chemotaxis (GO:0050919),0.6657045566213967,1.2760414742839747,0.14685314685314685,0.5829982042137744,1.0,5/26,9.27%,LGR6;SEMA4B;SEMA3D;SEMA6A;SEMA3B
prerank,Positive Regulation Of Oxidoreductase Activity (GO:0051353),-0.7455294643718466,-1.2755510031530373,0.15818181818181817,0.5881650332978946,1.0,3/15,3.73%,AGTR1;TNF;RFK
prerank,Sensory Perception (GO:0007600),-0.6661648379897089,-1.2754411160354178,0.1596330275229358,0.5865998688816515,1.0,11/26,11.66%,CHRNB2;CHRNA7;CHRNA4;CCL2;OPRM1;NIPSNAP1;PCDH15;OPRK1;OR3A2;C5AR1;USH2A
prerank,Endoplasmic Reticulum Tubular Network Organization (GO:0071786),-0.7469293778765653,-1.2741393355669834,0.1505922165820643,0.5895102262963033,1.0,2/15,3.41%,REEP1;REEP2
prerank,Epithelium Development (GO:0060429),0.5554397453632178,1.2739657942462828,0.09976798143851508,0.5871685411327059,1.0,13/75,8.83%,SOX8;LGALS3;SOX10;CES1;FGFR2;CNN3;SOX9;TNC;PTCH1;ZNF358;PPP2R3A;PROX1;DVL1
prerank,Defense Response To Bacterium (GO:0042742),-0.5585894921170053,-1.2730426955914689,0.09172661870503597,0.5916058193130873,1.0,11/88,5.06%,IL1B;OPTN;LPO;ANXA3;CHGA;FPR2;HLA-A;SLC11A1;ISG15;RNASE2;MYD88
prerank,"Alternative mRNA Splicing, Via Spliceosome (GO:0000380)",-0.7159459793574647,-1.272971696650033,0.1732418524871355,0.5898369817508402,1.0,3/16,11.21%,CELF4;NCBP2;SRSF1
prerank,Calcium-Dependent Cell-Cell Adhesion Via Plasma Membrane Cell Adhesion Molecules (GO:0016339),0.7242138518726068,1.2727545026278817,0.19294117647058823,0.5885106386368794,1.0,6/16,7.27%,CDH2;CDHR3;CDH10;CDH6;CDH26;NLGN1
prerank,Regulation Of Glucose Import (GO:0046324),0.6509856027069133,1.2726888580800473,0.1360544217687075,0.5859416639576853,1.0,8/27,12.96%,SORBS1;OCLN;GRB10;INSR;IRS1;CREBL2;AKT2;IRS2
prerank,"Regulation Of Alternative mRNA Splicing, Via Spliceosome (GO:0000381)",-0.6098531762822731,-1.2720304151483555,0.14210526315789473,0.5915421646695752,1.0,7/48,9.81%,CELF4;CELF3;RBM11;NOVA2;RBM25;CELF5;SAP18
prerank,Excitatory Postsynaptic Potential (GO:0060079),-0.7433243013584309,-1.271934830552522,0.15555555555555556,0.5898602295291291,1.0,4/15,8.13%,GRIN1;MAPK8IP2;DRD2;GRIN2B
prerank,Response To Calcium Ion (GO:0051592),-0.5644806695393471,-1.2711737938911294,0.0924956369982548,0.5907199110224807,1.0,11/79,5.26%,DMTN;SYT1;SYT4;SYT5;SYT13;CALM3;SYT7;SMPD1;CALM1;KCNMB1;PPIF
prerank,Positive Regulation Of Neuron Apoptotic Process (GO:0043525),-0.6893237753418842,-1.2710734957675955,0.1785063752276867,0.5891510117012225,1.0,5/20,5.74%,TNF;CCL3;ITGAM;CDK5R1;CDK5
prerank,Antiviral Innate Immune Response (GO:0140374),-0.6388554040756508,-1.270672111823929,0.15456238361266295,0.5887770351491397,1.0,2/34,1.86%,TNF;CXCL10
prerank,Coenzyme A Metabolic Process (GO:0015936),-0.7278287795923545,-1.2698424737567666,0.19145299145299147,0.5900603912616558,1.0,1/15,0.81%,ACOT7
prerank,Positive Regulation Of Intracellular Signal Transduction (GO:1902533),0.4520091446028405,1.2675752380477918,0.01634877384196185,0.6001744996112732,1.0,46/393,7.91%,SASH1;RBPMS;PLXNB1;PRKD1;CHI3L1;GPRC5B;FRMD6;WWC1;FERMT2;EGFR;GJA1;HGF;ERBB3;NTRK3;ROR1;FGFR3;FGF2;LTF;ADRA2C;NUPR1;ROR2;PDGFRB;BOK;BMP7;PLCG2;FGFR2;FGF1;MFHAS1;SOX2;PIK3CA;RPL37;S100A8;IGF1R;PELI1;SOX9;RELN;DAB2IP;PLCE1;LRP2;TGFB2;NLGN1;S100A4;FGFR1;DDR2;TRIM58;NTRK2
prerank,Positive Regulation Of Transport (GO:0051050),-0.6324246603025221,-1.2675679856162627,0.14669051878354203,0.5969802195483077,1.0,7/40,9.52%,CALY;TNF;SYNGR3;SMPD1;CLIP3;DYNC1H1;TFR2
prerank,Cellular Response To Decreased Oxygen Levels (GO:0036294),0.5670508404418267,1.2674022202592954,0.11538461538461539,0.5979281690332584,1.0,8/59,4.57%,FMN2;RORA;CPEB1;KCND2;EGLN3;RGCC;BMP7;AQP1
prerank,Regulation Of Establishment Of Planar Polarity (GO:0090175),0.6798575571654303,1.2654995358071837,0.20495495495495494,0.6013616091804869,1.0,5/19,13.11%,PRICKLE2;DVL2;DVL1;FZD6;CELSR2
prerank,Neurogenesis (GO:0022008),0.6183549884342567,1.26471926632306,0.16105769230769232,0.6010239863228735,1.0,11/36,7.66%,ERBB4;EGFR;ERBB3;FAT4;CXCR4;SPOCK1;MAPT;VXN;TGFB2;EPHB1;LRP4
prerank,Insulin Receptor Signaling Pathway (GO:0008286),0.6174719038004611,1.2641668729741238,0.13819095477386933,0.5998290222473291,1.0,13/40,12.96%,SORBS1;GAB1;PIK3CA;IGF1R;FOXO4;GRB10;FER;INSR;FOXO1;IRS1;STXBP4;AKT2;IRS2
prerank,Activation Of GTPase Activity (GO:0090630),0.5566902882671768,1.2638481169163613,0.12380952380952381,0.5981312237440483,1.0,15/78,13.01%,NTRK3;ARHGEF26;SLC27A4;ARHGAP29;SGSM3;TBC1D16;APC2;RALGAPA2;AGAP1;TBC1D10A;TIAM2;ARHGAP42;RASGRF1;DOCK7;SIPA1
prerank,Oxidative Phosphorylation (GO:0006119),-0.6036260945476699,-1.2636667570681794,0.1297709923664122,0.6100251979622785,1.0,27/51,26.72%,NDUFB9;ATP5F1B;NDUFB1;NDUFAB1;SDHC;ATP5PB;NDUFA8;NDUFB3;NDUFA5;NDUFB10;UQCRH;NDUFA10;NDUFS5;NDUFS3;NDUFV2;NDUFB4;NDUFA6;NDUFS2;NDUFS6;UQCRC1;SDHB;NDUFA12;UQCRB;NDUFA3;NDUFA1;NDUFB5;NDUFV1
prerank,Glycosphingolipid Biosynthetic Process (GO:0006688),-0.7170307351650674,-1.263489756218413,0.17345132743362832,0.60871429707634,1.0,5/15,12.86%,ST8SIA3;B4GALNT1;ST6GALNAC5;ST8SIA6;B4GALT6
prerank,Postsynaptic Membrane Organization (GO:0001941),0.715524341670443,1.2626784854358863,0.19189765458422176,0.5992752803380127,1.0,9/15,20.81%,NLGN4X;NLGN1;LRP4;NRXN1;GPHN;NLGN2;CHRNB1;DNAJA3;NLGN4Y
prerank,Cellular Response To Chemokine (GO:1990869),-0.6903157147511686,-1.2622004176818873,0.17586206896551723,0.6118259909725203,1.0,7/22,14.86%,CCL3;CXCL10;CCL2;CCL3L1;SH2B3;ZC3H12A;DUSP1
prerank,Protein Monoubiquitination (GO:0006513),-0.6214151452515395,-1.2619543423039097,0.1388888888888889,0.6106214551455923,1.0,11/43,18.12%,FANCA;UHRF1;KBTBD8;RNF40;NEURL1;UBE2T;TRIM37;FAAP100;UBE2O;STUB1;TRIM25
prerank,Heart Contraction (GO:0060047),-0.6918333497374549,-1.261715762003536,0.1651376146788991,0.6096486791019243,1.0,4/22,5.89%,SCN3B;SCN2B;ATP1B1;SOD1
prerank,Stem Cell Differentiation (GO:0048863),0.6478032722207736,1.2605478415375015,0.15454545454545454,0.6035827561022762,1.0,5/26,7.19%,MLLT3;FGFR2;GPM6A;FOXO4;TGFB2
prerank,Positive Regulation Of Cell-Substrate Adhesion (GO:0010811),-0.5944161596022693,-1.2600073231404048,0.13214285714285715,0.6142755956681121,1.0,8/49,8.60%,DMTN;RAC3;CD36;NPNT;ENC1;RELL2;ECM2;NELL1
prerank,Membrane Protein Proteolysis (GO:0033619),-0.6690574691599133,-1.2597035500757636,0.15726495726495726,0.6133999656142836,1.0,2/27,4.84%,RET;PRKCQ
prerank,Vascular Transport (GO:0010232),0.5523508576012341,1.2594481683080598,0.10983981693363844,0.6045394140893511,1.0,24/67,10.12%,ABCC3;ABCC9;SLC4A4;SLC1A2;SLCO1C1;ATP1A2;SLC27A4;SLC29A1;SLCO3A1;SLC44A1;SLC38A2;SLC6A1;SLC13A3;SLC24A3;SLC22A3;SLC12A2;LRP2;SLC6A9;ATP8A1;INSR;SLC29A2;SLC29A4;SLC7A2;SLC15A2
prerank,Golgi To Plasma Membrane Protein Transport (GO:0043001),-0.6708215550864494,-1.2591358132573243,0.16460176991150444,0.6137444691897501,1.0,5/23,10.32%,OPTN;NSF;PREPL;RAB31;GGA2
prerank,Regulation Of Vascular Endothelial Growth Factor Receptor Signaling Pathway (GO:0030947),-0.699651960154758,-1.2580162678272926,0.17647058823529413,0.6160590494401245,1.0,4/19,8.60%,IL1B;MT3;PTPN1;NELL1
prerank,Proton Motive Force-Driven Mitochondrial ATP Synthesis (GO:0042776),-0.6162594605268766,-1.257078231231936,0.15065913370998116,0.6177283261772515,1.0,24/44,26.72%,NDUFB9;ATP5F1B;NDUFB1;NDUFAB1;SDHC;ATP5PB;NDUFA8;NDUFB3;NDUFA5;NDUFB10;NDUFA10;NDUFS5;NDUFS3;NDUFV2;NDUFB4;NDUFA6;NDUFS2;NDUFS6;SDHB;NDUFA12;NDUFA3;NDUFA1;NDUFB5;NDUFV1
prerank,Negative Regulation Of Axonogenesis (GO:0050771),-0.7119741079544719,-1.2570042383416637,0.18149466192170818,0.6160182977171594,1.0,6/18,15.55%,THY1;MAP2;MT3;FGF13;RTN4;DCC
prerank,Cell-Cell Adhesion Via Plasma-Membrane Adhesion Molecules (GO:0098742),0.521824129831211,1.2562754964434792,0.08088235294117647,0.6118657950193664,1.0,26/108,7.27%,NTNG1;ADGRL3;CRB2;CNTN2;DSCAML1;FAT4;CADM1;CRB1;IL1RAPL1;CDH2;IGSF11;PTPRD;HMCN1;CLDN9;SLITRK2;NEXN;CDHR3;CDH10;CDH6;CDH26;CLDN12;GPC4;NECTIN1;TGFB2;UNC5D;NLGN1
prerank,Mitochondrial Respiratory Chain Complex Assembly (GO:0033108),-0.5586492227832446,-1.2557712351952635,0.12897526501766785,0.6187076844258256,1.0,30/75,26.36%,COA3;NDUFB9;CHCHD7;NDUFB1;NDUFAB1;NDUFA8;NDUFB3;UQCRFS1;NDUFA5;NDUFB10;NDUFA10;UQCC3;SLC25A33;FASTKD3;NDUFS5;OXA1L;NDUFS3;DMAC2;NDUFB4;FOXRED1;NDUFA6;NDUFS2;COA5;SAMM50;SDHAF3;NDUFA3;NDUFA1;PET100;NDUFB5;TMEM223
prerank,Vasculogenesis (GO:0001570),0.7004233215319138,1.255701407944397,0.2100456621004566,0.6109095371703639,1.0,4/17,5.75%,TGFBR3;ITGB8;PDGFRB;APLNR
prerank,Response To Insulin (GO:0032868),0.5643704010352883,1.25429160227792,0.12387387387387387,0.6128411170684496,1.0,16/60,14.38%,SORBS1;CPEB1;KAT2B;DENND4C;FER;INSR;FOXO1;ZBED3;IRS1;SORT1;SLC27A1;AKT2;IRS2;LPIN1;KHK;CPEB2
prerank,Regulation Of Stress Fiber Assembly (GO:0051492),0.5666175949899245,1.254271366495403,0.12910798122065728,0.6101634676943465,1.0,9/57,5.56%,FERMT2;RAPGEF3;ASAP3;RGCC;TMEFF2;RHPN1;LIMCH1;TJP1;SORBS3
prerank,Positive Regulation Of Neurogenesis (GO:0050769),0.5646836441800169,1.254194160810733,0.13551401869158877,0.6077203326893446,1.0,6/60,2.86%,PLXNB1;SOX8;PLXNA1;BCAN;IL1RAPL1;PTPRD
prerank,Response To Tumor Necrosis Factor (GO:0034612),-0.5828750634790818,-1.2538966818404487,0.1267361111111111,0.6237838386998984,1.0,9/67,6.08%,TNFRSF21;GCH1;CCL3;ZFP36;CCL2;CCL3L1;NPNT;SMPD1;BRCA1
prerank,Organelle Fusion (GO:0048284),-0.6772632870421206,-1.2537198637202898,0.16991150442477876,0.6224959123491167,1.0,5/24,16.67%,BCL2A1;VPS18;MCL1;MFF;MFN2
prerank,Regulation Of Endopeptidase Activity (GO:0052548),0.6046554481439074,1.2534069985886944,0.11943793911007025,0.6075888479825357,1.0,4/42,3.93%,SERPINI2;CRB2;SPOCK1;SERPINE1
prerank,"Regulation Of Synaptic Transmission, Glutamatergic (GO:0051966)",-0.6183358333696845,-1.2530055037741585,0.15441176470588236,0.6232077877922875,1.0,13/44,9.40%,SYT1;TNF;GRIN1;MAPK8IP2;PLPPR4;DRD2;CCL2;CACNG8;CDK5;CACNG2;HOMER1;GRIN2B;UNC13A
prerank,Regulation Of Phosphatidylinositol 3-Kinase Activity (GO:0043551),0.6533540086346162,1.252908448070682,0.1875,0.6065253228190163,1.0,7/25,11.13%,PRKD1;FGFR3;FGF2;PDGFRB;DAB2IP;IRS1;PIK3IP1
prerank,Regulation Of Blood Coagulation (GO:0030193),-0.7243640398304096,-1.2518607717032655,0.20218579234972678,0.6257010599854709,1.0,2/16,2.98%,DMTN;THBD
prerank,Second-Messenger-Mediated Signaling (GO:0019932),-0.5967137739647614,-1.2512969512885244,0.15724381625441697,0.6260204891720719,1.0,12/51,12.04%,AGTR1;CD36;CCL3;FPR2;BTK;GUCY1B1;POMC;FPR1;RCAN2;PPP2R1A;TPCN2;SPHK1
prerank,Fc Receptor Mediated Stimulatory Signaling Pathway (GO:0002431),0.6654842375769647,1.2503698139141441,0.17633410672853828,0.6118444199529732,1.0,2/22,1.63%,FYN;PLPP4
prerank,Gluconeogenesis (GO:0006094),-0.6671390236233079,-1.249959819662579,0.1813285457809695,0.6292131540499157,1.0,6/25,10.54%,ENO2;PGAM1;MDH1;SLC25A1;MDH2;SLC37A4
prerank,Positive Regulation Of Nervous System Development (GO:0051962),-0.636283444951648,-1.2468827090110248,0.17443868739205526,0.6392056847272518,1.0,7/36,8.33%,SLITRK4;CLSTN3;CLSTN2;OPRM1;SERPINF1;EPHB3;GHRL
prerank,"Positive Regulation Of mRNA Splicing, Via Spliceosome (GO:0048026)",-0.7189406917834752,-1.2464384764291792,0.1688963210702341,0.6390400968253798,1.0,5/17,18.24%,CELF4;RBM3;CIRBP;WDR77;NUP98
prerank,Regulation Of mRNA Stability (GO:0043488),-0.5793077039099469,-1.246415855311875,0.14616755793226383,0.6371565954192713,1.0,11/62,15.72%,ZFP36;DND1;E2F1;SLC11A1;PRKCA;FUS;FASTKD2;ZFP36L1;CIRBP;APEX1;FASTKD3
prerank,Positive Regulation Of Inflammatory Response (GO:0050729),-0.563655478730574,-1.2463780543832712,0.13368983957219252,0.6353173612021878,1.0,6/73,5.18%,AGTR1;IL1B;TNF;CCL3;OSM;NFKBIZ
prerank,Regulation Of Response To External Stimulus (GO:0032101),-0.547253159420999,-1.2458557328654833,0.11754684838160136,0.6354613817365018,1.0,22/88,20.68%,AGTR1;CD36;MYD88;FBXL2;NOD2;PTGS2;NLRP4;SAMHD1;ALOX5;APLP2;PARK7;SPATA2;BCL6;SBNO2;PTPN22;IRF1;P2RX4;FGR;USP18;TRAF3;TRIM5;DAGLB
prerank,DNA Duplex Unwinding (GO:0032508),-0.6307416021662757,-1.2457315396121262,0.18198874296435272,0.6339889873954334,1.0,10/35,13.72%,CDC45;GINS2;MCM6;BLM;MCM2;GINS1;HMGA1;GINS4;MCM4;IGHMBP2
prerank,Insulin Secretion (GO:0030073),-0.7217490474928461,-1.245113877728466,0.20411663807890223,0.634365811765846,1.0,5/15,14.80%,PTPRN;RIMS2;PTPRN2;RAB11FIP5;PARK7
prerank,"Regulation Of mRNA Splicing, Via Spliceosome (GO:0048024)",-0.5553999585707143,-1.2446253638688494,0.12758620689655173,0.6342147843631493,1.0,18/82,19.29%,CELF4;CELF3;RBM11;NOVA2;RBM25;RBM3;CELF5;SAP18;CIRBP;SRSF7;SRSF9;RBM4;RNPS1;KHDRBS2;WDR77;NUP98;SRSF4;HNRNPL
prerank,Long-Chain Fatty Acid Metabolic Process (GO:0001676),0.5987632236310354,1.2442943040759147,0.15690866510538642,0.628302273824164,1.0,5/43,3.86%,EPHX1;CYP2J2;ALOX15B;ACSBG1;SLC27A4
prerank,Negative Regulation Of Nucleic Acid-Templated Transcription (GO:1903507),0.45390073216045396,1.2439315214108024,0.03561643835616438,0.6265967164525647,1.0,37/335,9.25%,GLI3;PRDM16;SOX8;PTPRK;SOX13;ZFPM2;RORB;CDKN2A;PLCB1;ZNF706;GCLC;ZNF827;RUNX1T1;BMP7;ZNF703;ZBTB33;TLE1;ZNF423;PIAS4;ZBTB16;SOX9;TRIM28;ZNF24;NACC2;DAB2IP;NDUFA13;DEDD2;PROX1;BAHD1;MECOM;IKZF4;FOXO1;POU3F3;SPINDOC;KCTD1;ZNF540;SIRT2
prerank,Inflammatory Response (GO:0006954),-0.5142699479027161,-1.243717057288137,0.08843537414965986,0.6356847618327032,1.0,30/135,12.12%,AGTR1;IL1B;IL1A;TNF;OLR1;CDO1;CCL3;CXCL10;IL2RA;FOS;FPR2;PITX3;CCL2;RELB;CCL3L1;SLC11A1;ADM;SCUBE1;C5AR2;NFKB2;FPR1;IRAK2;MMP24;ITGAL;NOD1;C5AR1;TAC1;PLA2G4C;NLRP3;TLR2
prerank,Glucose Metabolic Process (GO:0006006),-0.6078845335745763,-1.2433722062834165,0.16878402903811252,0.6349666227195153,1.0,10/44,10.54%,ENO2;PGAM1;HK3;MDH1;SLC25A1;HK2;GHRL;HK1;MDH2;SLC37A4
prerank,Response To Organonitrogen Compound (GO:0010243),-0.6248241402247681,-1.2429187296732238,0.1663619744058501,0.6346553972476195,1.0,4/34,3.21%,GLRA3;CHRNB2;CHRNA7;DRD2
prerank,B Cell Activation (GO:0042113),-0.5901703606033655,-1.2427049861910977,0.1494057724957555,0.633447760563572,1.0,8/53,9.23%,CHRNB2;CHRNA4;IL10;PIK3R3;BTK;AKAP17A;GPR183;PTPN2
prerank,Negative Regulation Of Transport (GO:0051051),0.6225070300159805,1.2425701881390447,0.17468354430379746,0.628485407639362,1.0,8/32,11.33%,PRKD1;LGALS3;ERBB3;EPHA3;PXK;SNX12;LRSAM1;NDFIP2
prerank,Histone Acetylation (GO:0016573),0.5692309506630304,1.241965756821967,0.15898617511520738,0.6276787981781228,1.0,4/56,5.60%,SGF29;TMEM98;KAT2B;KAT2A
prerank,Response To Type II Interferon (GO:0034341),-0.6088823230062098,-1.2419635370898532,0.16326530612244897,0.6342545114827106,1.0,11/47,12.54%,GCH1;CCL3;CCL2;CCL3L1;SLC11A1;CALM1;GAPDH;IL12RB1;SLC22A5;TLR2;STAT1
prerank,Protein Targeting To Membrane (GO:0006612),0.5595743002705532,1.2415739838712843,0.15236051502145923,0.6261574686913292,1.0,5/59,6.93%,PARD3;ZDHHC11B;ZDHHC9;ZDHHC15;BAG6
prerank,Learning (GO:0007612),-0.6294685603610253,-1.2413425001210914,0.16722408026755853,0.6347334651580074,1.0,6/36,3.21%,MAP1A;TH;CHRNB2;SLC8A2;MAPK8IP2;DRD2
prerank,Positive Regulation Of Synapse Assembly (GO:0051965),-0.6648091343165086,-1.2412159361472246,0.19197207678883071,0.6332901730231342,1.0,7/25,8.33%,SLITRK4;CLSTN3;CLSTN2;SEMA4A;BDNF;EPHB3;GHRL
prerank,Nuclear Envelope Organization (GO:0006998),0.696598268873807,1.2404803842291712,0.22637362637362637,0.6268763871796788,1.0,1/16,0.99%,DMPK
prerank,Xenobiotic Transport (GO:0042908),0.6975816095138151,1.240404438671491,0.21513002364066194,0.624438565440915,1.0,3/17,1.27%,ABCC3;ABCA8;GJA1
prerank,Cell Junction Organization (GO:0034330),-0.5942082240351011,-1.2397245746417465,0.16637478108581435,0.6369323732981625,1.0,11/49,4.03%,PTK7;SNCG;CBLN2;SLC8A2;L1CAM;CBLN1;SNCB;CHRNA7;PAK3;CLDN1;PIN1
prerank,Long-Chain fatty-acyl-CoA Metabolic Process (GO:0035336),0.6905211105409685,1.2396837615474805,0.2088167053364269,0.6242887693756837,1.0,3/17,6.61%,HACD1;ACSBG1;TECR
prerank,Actin Cytoskeleton Reorganization (GO:0031532),-0.6062834307110865,-1.2395205624541905,0.16694772344013492,0.6358928049806698,1.0,5/43,8.25%,DMTN;PTK7;PLEK;PTPN1;GRB2
prerank,Negative Regulation Of Signaling Receptor Activity (GO:2000272),-0.6853831238379018,-1.2392217650766764,0.20535714285714285,0.6350565065009157,1.0,1/21,0.62%,TNF
prerank,Substrate Adhesion-Dependent Cell Spreading (GO:0034446),0.6282894582662343,1.2385446992507774,0.19767441860465115,0.625382745811001,1.0,5/29,8.49%,FERMT2;TYRO3;MICALL2;LAMC1;FER
prerank,Regulation Of Cytosolic Calcium Ion Concentration (GO:0051480),-0.6530073421206521,-1.2385416437981658,0.18065693430656934,0.6357350458154417,1.0,4/27,9.57%,ATP2B3;SLC8A2;YWHAE;TRPC6
prerank,Positive Regulation Of Wnt Signaling Pathway (GO:0030177),0.5245273499289086,1.2385386592826686,0.13053613053613053,0.6227557091371722,1.0,10/85,4.11%,LGR6;GPC5;KANK1;GPRC5B;DAAM2;LGR5;EGFR;LYPD6;LGR4;FGFR2
prerank,Regulation Of Extrinsic Apoptotic Signaling Pathway In Absence Of Ligand (GO:2001239),-0.6735060788195294,-1.237959680456939,0.19715808170515098,0.636058111661412,1.0,4/21,0.62%,IL1B;RET;IL1A;TNF
prerank,Generation Of Neurons (GO:0048699),-0.5253712399716329,-1.23776687228555,0.11051693404634581,0.6348999439282295,1.0,20/107,9.25%,CCK;IER2;MAP1B;TUBB2B;EN1;POU3F2;NOVA2;MYT1L;DNER;PIN1;WNT3;CDK5R1;CDK5;ERCC6;EN2;CIT;NIF3L1;NELL1;LMX1B;FGF13
prerank,Regulation Of Centrosome Cycle (GO:0046605),-0.6923251420889442,-1.2373183365277538,0.20869565217391303,0.6347349835185625,1.0,2/18,5.45%,XRCC3;MCM2
prerank,Cell-Cell Junction Organization (GO:0045216),0.6015870245531066,1.2357733842081688,0.176056338028169,0.6289423063917813,1.0,11/40,7.58%,CTNND2;CDH2;CDHR3;CDH10;OCLN;CDH6;CDH26;TJP1;NLGN4X;TGFB2;PKP4
prerank,Positive Regulation Of Immune Response (GO:0050778),-0.5731608522994046,-1.235567507068243,0.17222222222222222,0.6393191984771874,1.0,24/55,26.87%,IL10;FPR2;ITGAM;CD1D;NOD2;IL12RB1;SKAP1;NLRP3;RSAD2;SLC15A4;POLR3G;POLR3B;ITGB2;SASH3;CD226;HLA-DRB1;XBP1;TLR8;IFI35;HLA-DMB;NRG1;LILRB1;DHX9;STX4
prerank,Negative Regulation Of Interleukin-1 Beta Production (GO:0032691),-0.6980915589841631,-1.2350166703124603,0.21288014311270126,0.6394313339708046,1.0,6/18,14.66%,TNFAIP3;GHRL;NLRP3;ZC3H12A;SERPINB1;CX3CR1
prerank,Endothelial Cell Development (GO:0001885),0.7062838588464504,1.2348446469266976,0.2182628062360802,0.6294612284688506,1.0,2/15,3.95%,RAPGEF3;PPP1R16B
prerank,Positive Regulation Of T Cell Migration (GO:2000406),-0.7138447154998582,-1.2346229397111204,0.19710669077757687,0.6390400968253798,1.0,1/16,1.86%,CXCL10
prerank,Lipid Translocation (GO:0034204),-0.6880086858211039,-1.2335307896277707,0.20141342756183744,0.6410749431838173,1.0,2/20,1.76%,ABCB4;ATP8B3
prerank,Potassium Ion Transport (GO:0006813),0.538952719092752,1.2332638488858356,0.1351981351981352,0.631906801349293,1.0,18/75,8.68%,ABCC9;KCNJ10;KCND2;NALCN;SLC24A2;KCNH8;KCNJ3;KCNK1;SLC24A4;ATP1A2;KCNJ16;AQP1;SLC24A3;KCNH1;KCNJ5;KCNK10;KCNC4;KCNH7
prerank,Negative Regulation Of Signaling (GO:0023057),-0.6982800681142719,-1.232031021709222,0.22586206896551725,0.6446188704420602,1.0,5/18,6.21%,IL1B;OPTN;OSM;OPRM1;PTPN1
prerank,Positive Regulation Of Dendrite Morphogenesis (GO:0050775),0.6907152005130502,1.232016378826538,0.23129251700680273,0.6333264577497436,1.0,4/16,10.40%,IL1RAPL1;PTPRD;RELN;CDKL3
prerank,Negative Regulation Of Endopeptidase Activity (GO:0010951),0.6035870768692123,1.2316544702751402,0.19058823529411764,0.6318637676244603,1.0,5/33,3.93%,SERPINI2;CRB2;LTF;SPOCK1;SERPINE1
prerank,Mitochondrial Translation (GO:0032543),-0.5459307000633251,-1.2311021882490663,0.125,0.6462035764564282,1.0,33/88,29.47%,MRPL27;TUFM;MRPS33;MRPL55;MRPL54;MRPL40;FASTKD2;MRPL28;MRPL34;MRPL13;MRPL57;MRPS7;MRPL23;MRPL9;CHCHD1;MRPL14;MRPL22;MRPS15;MRPL43;GADD45GIP1;MRPL17;MRPL42;MRPL4;MRPS21;MRPS26;MRPL41;MRPL44;MRPL20;MRPL37;MRPL24;MRPS25;TSFM;MRPL16
prerank,Response To Axon Injury (GO:0048678),-0.7058600137750097,-1.2305328892206933,0.23467600700525393,0.646303470157731,1.0,5/15,13.15%,GAP43;SOD1;NREP;RTN4RL1;DPYSL3
prerank,Cortical Actin Cytoskeleton Organization (GO:0030866),-0.6760287784563487,-1.230220870246935,0.20973154362416108,0.6455960283986537,1.0,3/19,6.99%,TNF;PLEK;FHOD1
prerank,RNA-mediated Gene Silencing (GO:0031047),-0.671722249030769,-1.229905303105461,0.19891500904159132,0.6448413969546307,1.0,2/21,10.38%,MOV10L1;HELZ2
prerank,Negative Regulation Of Phosphorylation (GO:0042326),0.5497768092347326,1.2279627042552537,0.13711583924349882,0.6409118804977191,1.0,14/65,9.73%,WWTR1;PRR5L;NTRK3;CDKN2A;BMP7;MAPT;CDKN2C;OCLN;NPRL2;PLPP3;DAB2IP;PTPN13;ZBED3;CDKN2B
prerank,Negative Regulation Of Protein Tyrosine Kinase Activity (GO:0061099),-0.684623193111932,-1.2273599770193568,0.2224231464737794,0.6524944223113923,1.0,1/20,0.70%,THY1
prerank,Negative Regulation Of Cell Migration (GO:0030336),0.49551335551942305,1.227169139359307,0.11707317073170732,0.640749379858809,1.0,14/116,6.84%,KANK1;PTPRK;GJA1;MAGI2;MITF;FGF2;TMEFF2;ALOX15B;PTPRG;SERPINE1;LIMCH1;ADARB1;DUSP10;DAB2IP
prerank,Positive Regulation Of T Cell Mediated Cytotoxicity (GO:0001916),-0.7011799531277989,-1.2271530144032743,0.2103386809269162,0.6514099535343407,1.0,5/17,13.79%,HLA-A;HLA-C;CD1D;IL12RB1;HLA-F
prerank,Positive Regulation Of Nucleic Acid-Templated Transcription (GO:1903508),0.43761262454844196,1.2269264606328707,0.030470914127423823,0.6388438860272061,1.0,30/423,5.74%,GLI3;NFIB;YAP1;PRDM16;NPAS2;SOX8;ERBB4;RORA;EGFR;ARNT2;MYRF;MLLT3;SGF29;MITF;RORB;SOX10;TMEM98;FGF2;PLCB1;GLI2;PPARGC1A;BMP7;TFAM;SOX2;ZNF423;KAT2B;KAT2A;ZBTB16;SOX9;TRIM28
prerank,Positive Regulation Of Response To External Stimulus (GO:0032103),-0.5262911434024978,-1.226507109260719,0.11484098939929328,0.6518731349421407,1.0,11/111,5.18%,AGTR1;IL1B;TNF;OPTN;PLAT;CCL3;THBD;FPR2;OSM;PRKCA;NFKBIZ
prerank,Positive Regulation Of Substrate Adhesion-Dependent Cell Spreading (GO:1900026),-0.6334928259359733,-1.2260250015455674,0.20430107526881722,0.6518183342032179,1.0,2/27,0.61%,DMTN;RAC3
prerank,Non-Motile Cilium Assembly (GO:1905515),0.6164819912970521,1.2255057705191754,0.19956616052060738,0.6408758100864268,1.0,5/28,10.10%,IFT88;PIBF1;CCDC13;BBS10;TMEM216
prerank,Positive Regulation Of Transcription Initiation By RNA Polymerase II (GO:0060261),-0.5917751525629346,-1.2251129072438856,0.19243986254295534,0.6530204325135791,1.0,10/45,17.61%,PSMC6;MED29;MED18;GTF2A1;ZNHIT1;MED8;PAXIP1;TAF7;TAF2;MDC1
prerank,Protein N-linked Glycosylation Via Asparagine (GO:0018279),-0.6710975378578273,-1.224685457106684,0.2056239015817223,0.6527198128927663,1.0,5/22,12.78%,NUDT14;TUSC3;PSMD2;STT3A;UBE2J1
prerank,Autophagy Of Nucleus (GO:0044804),0.6746492071330651,1.2237308316754343,0.22811059907834103,0.6440522351319454,1.0,5/17,13.77%,ATG7;ULK1;ATG9A;ATG2A;SNX7
prerank,Cell Cycle G2/M Phase Transition (GO:0044839),0.6020671267973163,1.2232358350400478,0.19957537154989385,0.6429882439159177,1.0,3/34,2.70%,TPD52L1;FBXL7;PLCB1
prerank,Negative Regulation Of Proteolysis (GO:0045861),-0.666943403481154,-1.2228183234389944,0.21493624772313297,0.6578681756442288,1.0,4/23,5.74%,PLAT;IL10;CTSB;CDK5
prerank,Cellular Response To Organic Cyclic Compound (GO:0071407),-0.5187232511152292,-1.2227853459719737,0.13448275862068965,0.6561269948093945,1.0,9/111,1.76%,GABRG2;SSTR1;DMTN;IL1B;TNF;SLC1A1;EGR1;ABCB4;CCL3
prerank,Inositol Phosphate Metabolic Process (GO:0043647),-0.6916663633414778,-1.2224406834109818,0.19823008849557522,0.6554559815019477,1.0,3/19,3.10%,OCRL;NUDT11;IPPK
prerank,Cell Chemotaxis (GO:0060326),-0.6460621467343965,-1.2219675726142571,0.2153558052434457,0.6554771228697454,1.0,8/29,8.60%,AGTR1;EGR3;VEGFA;PRKCQ;ENC1;HBEGF;SEMA5A;NELL1
prerank,Positive Regulation Of Apoptotic Process (GO:0043065),-0.47878545931225086,-1.2209863205287836,0.06375838926174497,0.6573561751279575,1.0,28/212,9.81%,MLLT11;PNMA3;TNF;MOAP1;PNMA2;BCL2A1;ADAMTSL4;FOXA1;MELK;OLFM1;CCL3;GADD45A;TOP2A;E2F1;BNIP3;SMPD1;CLIP3;CDK5R1;CDK5;SOD1;ZNF622;GADD45B;PHLDA1;TNFRSF8;BAD;MTCH1;PNMA1;SAP18
prerank,Positive Regulation Of Vasculature Development (GO:1904018),0.5361802084186397,1.2204836026086066,0.16296296296296298,0.6492103503648843,1.0,13/69,4.57%,SASH1;PRKD1;ITGB8;CHI3L1;RAPGEF3;FGF2;GAB1;EMP2;ANGPTL4;SERPINE1;HSPB1;FGF1;AQP1
prerank,Cellular Response To Hypoxia (GO:0071456),0.5496111972186317,1.2203762467349784,0.14651162790697675,0.6469354152405972,1.0,8/58,4.57%,FMN2;RORA;CPEB1;KCND2;EGLN3;RGCC;BMP7;AQP1
prerank,Histone H4-K5 Acetylation (GO:0043981),0.6872227414322448,1.2203410080634043,0.22641509433962265,0.641889104139118,1.0,1/15,2.46%,JADE2
prerank,Histone H4-K8 Acetylation (GO:0043982),0.6872227414322448,1.2203410080634043,0.22641509433962265,0.641889104139118,1.0,1/15,2.46%,JADE2
prerank,Negative Regulation Of Ubiquitin-Protein Transferase Activity (GO:0051444),-0.7109674780340616,-1.220097684803937,0.21284403669724772,0.6589422767004799,1.0,2/15,2.06%,BUB1B;MAD2L1
prerank,Regulation Of Inflammatory Response (GO:0050727),-0.49655089787754625,-1.217625134368447,0.10743801652892562,0.6663246034651407,1.0,24/152,12.60%,AGTR1;IL1B;TNF;CCL3;IL10;FPR2;OSM;MYD88;NFKBIZ;FBXL2;METRNL;FNDC4;TNFAIP3;NOD2;GHRL;IL17RA;PTPN2;PTGS2;ENPP3;NLRP4;NLRP3;SPHK1;TLR2;ALOX5
prerank,Regulation Of Release Of Sequestered Calcium Ion Into Cytosol (GO:0051279),-0.6267994434557025,-1.2170486125509314,0.21837088388214904,0.6666054776463195,1.0,4/31,4.85%,THY1;CXCL10;CALM3;CALM1
prerank,Negative Regulation Of ERBB Signaling Pathway (GO:1901185),0.7002463408543103,1.216573718307845,0.2376470588235294,0.6513552903609684,1.0,3/16,6.84%,EGFR;ITGA1;DAB2IP
prerank,Positive Regulation Of Nervous System Process (GO:0031646),0.6913482167639718,1.2164008198239278,0.2385542168674699,0.6493371699488298,1.0,2/15,1.61%,PARD3;MYRF
prerank,Regulation Of Defense Response To Virus By Host (GO:0050691),-0.6305433693465873,-1.216089161838278,0.20104895104895104,0.6681850915572002,1.0,12/29,26.45%,TNFAIP3;IL12RB1;ZC3H12A;STAT1;TOMM70;PQBP1;PTPN22;IFNLR1;PARP9;DTX3L;LILRB1;DHX9
prerank,Mitotic Sister Chromatid Cohesion (GO:0007064),-0.6989878533048689,-1.2156527854607622,0.244122965641953,0.667989660644936,1.0,3/17,9.29%,CDCA5;ESCO2;DSCC1
prerank,Regulation Of Arp2/3 Complex-Mediated Actin Nucleation (GO:0034315),0.6386791163289692,1.215647683997902,0.21615720524017468,0.6493771726587885,1.0,1/23,0.58%,CTNNA2
prerank,Regulation Of Mitochondrial Translation (GO:0070129),-0.6732753081648772,-1.2151794943485539,0.20947176684881602,0.6679188650519152,1.0,5/20,15.95%,COA3;FASTKD2;MPV17L2;FASTKD3;C1QBP
prerank,Aerobic Respiration (GO:0009060),-0.5726235857940692,-1.2149386643350661,0.17424242424242425,0.6669170008468372,1.0,28/50,26.72%,NDUFB9;NDUFB1;NDUFAB1;SDHC;MDH2;NDUFA8;NDUFB3;NDUFA5;NDUFB10;UQCRH;NDUFA10;NDUFS5;OXA1L;NDUFS3;NDUFV2;MTFR1L;NDUFB4;NDUFA6;NDUFS2;NDUFS6;UQCRC1;SDHB;NDUFA12;UQCRB;NDUFA3;NDUFA1;NDUFB5;NDUFV1
prerank,Positive Regulation Of Endothelial Cell Proliferation (GO:0001938),-0.5841124987277035,-1.2149034145620818,0.1767857142857143,0.6652174198692908,1.0,9/48,8.60%,AGTR1;NRARP;EGR3;EGFL7;VEGFA;PRKCA;NELL2;SEMA5A;NELL1
prerank,Cellular Response To Calcium Ion (GO:0071277),-0.5725706322190225,-1.2148908217371328,0.1793478260869565,0.6634756910275333,1.0,8/54,5.26%,DMTN;SYT1;SYT4;SYT5;SYT13;SYT7;SMPD1;PPIF
prerank,Positive Regulation Of Mitotic Nuclear Division (GO:0045840),-0.6853603921593359,-1.2144277359154487,0.215929203539823,0.6633637760145368,1.0,2/19,0.51%,IL1B;IL1A
prerank,Plasma Membrane Invagination (GO:0099024),-0.6425709418200168,-1.2130955494356732,0.2184115523465704,0.666427966284095,1.0,3/24,4.56%,MARCO;CD36;ITGAM
prerank,Axon Guidance (GO:0007411),0.4955415256636575,1.2129293348758137,0.11491442542787286,0.6556679613064955,1.0,24/120,8.22%,NFIB;KIAA1755;LGR6;PLXNB1;BOC;SEMA4B;CNTN2;DSCAML1;FYN;KALRN;PLXNA1;GLI2;LGI1;NEXN;SEMA3D;NFASC;RELN;EPHA3;NCAM1;EPHB1;PLXND1;SEMA6A;NRXN1;SOS1
prerank,Metallo-Sulfur Cluster Assembly (GO:0031163),-0.6633541817666788,-1.2128213669590824,0.23076923076923078,0.6639340605914799,1.0,6/21,15.11%,NDUFAB1;CIAO1;ISCU;NDOR1;CIAPIN1;IBA57
prerank,Iron-Sulfur Cluster Assembly (GO:0016226),-0.6633541817666788,-1.2128213669590824,0.23076923076923078,0.6639340605914799,1.0,6/21,15.11%,NDUFAB1;CIAO1;ISCU;NDOR1;CIAPIN1;IBA57
prerank,Vesicle Organization (GO:0016050),-0.5377713990699312,-1.2127925465155536,0.15716753022452504,0.662300473095837,1.0,12/78,10.69%,SYT4;LAPTM4B;SYT7;STX1B;SNX10;VPS18;HOOK1;AP2M1;PHETA1;SRGN;DNM1;HOOK2
prerank,Regulation Of Sodium Ion Transmembrane Transport (GO:1902305),-0.6783043023302475,-1.2127646821923561,0.2314647377938517,0.6606334739963304,1.0,3/18,2.53%,SCN3B;SCN2B;FGF12
prerank,intra-Golgi Vesicle-Mediated Transport (GO:0006891),-0.6312198446565056,-1.2121665304462317,0.1888111888111888,0.6608777778480535,1.0,5/28,16.98%,RAB6B;NSF;GABARAPL2;NAPA;VTI1B
prerank,Negative Regulation Of I-kappaB kinase/NF-kappaB Signaling (GO:0043124),0.5965646887124259,1.2119599745805578,0.1958041958041958,0.6561725229906574,1.0,4/36,6.84%,RORA;OTUD7B;TLE1;DAB2IP
prerank,Positive Regulation Of Cell Cycle G1/S Phase Transition (GO:1902808),0.6068622264240224,1.2118396271886682,0.21428571428571427,0.6540415328796586,1.0,4/31,3.91%,EGFR;RGCC;PLCB1;PLCG2
prerank,Positive Regulation Of Defense Response (GO:0031349),-0.5329883828136979,-1.2117072208812234,0.13157894736842105,0.6607078152330357,1.0,8/88,5.18%,AGTR1;IL1B;TNF;OPTN;CCL3;FPR2;OSM;NFKBIZ
prerank,Positive Regulation Of Transcription By RNA Polymerase I (GO:0045943),-0.6220537594460864,-1.2114636550897755,0.20825515947467166,0.6598207218582501,1.0,5/30,14.85%,IPPK;ERCC6;UTP15;ATF4;DDX21
prerank,Positive Regulation Of Cellular Process (GO:0048522),0.43354924747423984,1.211240653219506,0.046632124352331605,0.6533841695627352,1.0,49/381,9.25%,PARD3;YAP1;WWTR1;DPF3;MEIS2;ERBB4;GREM1;LIFR;EGFR;ERBB3;NTRK3;MYRF;LAMA2;FRMD5;FGFR3;AREG;FGF2;NUPR1;PDGFRB;LGI1;EMP2;SPDYA;MAPT;FGFR2;ZNF703;FGF1;LAMC1;S100A8;TJP1;IGF1R;SOX9;PTN;TGFA;LAMB2;TGFB2;LAMA1;TNPO1;FGFR1;PROX1;NTRK2;RYR2;FER;CXCL12;ECHDC3;INSR;POU3F3;IRS1;TMEM250;SIRT2
prerank,Positive Regulation Of Cytokine Production (GO:0001819),-0.48167376136761053,-1.209911797925609,0.10855263157894737,0.6636070785112511,1.0,45/219,13.62%,IL1B;IL1A;TNF;EGR1;IL18R1;RFTN1;CD80;DRD2;SCAMP5;IL10;CD244;OSM;SULF2;HLA-A;SLC11A1;PRKCQ;RAB7B;ISG15;MYD88;IKBKE;BATF;SOD1;BRCA1;PNP;GAPDH;NOD2;ZFPM1;IL17RA;HAVCR2;BTN3A1;CARD9;PTGS2;IL12RB1;SLC7A5;NOD1;NLRP3;BTN3A2;SPHK1;CD4;TLR2;AGPAT1;NFAM1;ATF4;IRF7;CLEC9A
prerank,Positive Regulation Of Translational Initiation (GO:0045948),-0.6915580387129707,-1.2098933106000636,0.24733096085409254,0.6619474044471094,1.0,4/15,19.88%,CDC123;HABP4;YTHDF3;YTHDF2
prerank,Histone Deubiquitination (GO:0016578),0.6082273275208123,1.2096652981873952,0.22528735632183908,0.6559374061640355,1.0,4/32,5.60%,SGF29;TMEM98;KAT2B;KAT2A
prerank,Calcium-Mediated Signaling (GO:0019722),-0.5665977662046529,-1.2094350560599245,0.18265682656826568,0.6618979188977866,1.0,7/61,5.58%,AGTR1;DMTN;CCL3;FPR2;ATP1B1;BTK;POMC
prerank,Regulation Of Axon Extension (GO:0030516),-0.63442081752068,-1.2083900980009823,0.21942446043165467,0.6638949530281121,1.0,4/29,4.97%,OLFM1;L1CAM;MAP2;MT3
prerank,Extrinsic Apoptotic Signaling Pathway Via Death Domain Receptors (GO:0008625),-0.6718237018130089,-1.2082767843430302,0.21081081081081082,0.6625303945014346,1.0,2/24,0.79%,TNF;MOAP1
prerank,Regulation Of Cilium Assembly (GO:1902017),0.5455296310567405,1.2078308057330855,0.1585081585081585,0.6593677427284544,1.0,5/63,5.27%,YAP1;CDKL1;IFT88;SGSM3;TBC1D16
prerank,Negative Regulation Of Tumor Necrosis Factor Production (GO:0032720),-0.615959116364299,-1.207792654551116,0.2135593220338983,0.6625427982510413,1.0,8/34,12.33%,CHRNA7;IL10;POMC;TNFAIP3;C5AR2;GHRL;HAVCR2;ZC3H12A
prerank,Cellular Respiration (GO:0045333),-0.5477823845057768,-1.2071789206987182,0.16443594646271512,0.6629705089832447,1.0,45/73,26.90%,NDUFB9;NDUFA4;COX6C;NDUFB1;COX7A2;NDUFAB1;SDHC;COX7C;MDH2;COX5A;NDUFA8;NDUFB3;UQCRFS1;ETFB;UQCRQ;NDUFA5;NDUFB10;CYCS;UQCRH;NDUFA10;ETFA;NDUFS5;OXA1L;ETFRF1;NR4A3;NDUFS3;ETFDH;NDUFV2;MTFR1L;NDUFB4;COX4I1;NDUFA6;NDUFS2;NDUFS6;UQCRC1;CHCHD5;SDHB;NDUFA12;UQCRB;UQCR10;NDUFA3;NDUFA1;NDUFB5;NDUFV1;COX7B
prerank,G2/M Transition Of Mitotic Cell Cycle (GO:0000086),0.600059824001064,1.207146979599103,0.22127659574468084,0.6591212498109362,1.0,3/33,2.70%,TPD52L1;FBXL7;PLCB1
prerank,Positive Regulation Of T Cell Proliferation (GO:0042102),-0.5941863366015401,-1.206567993860317,0.22280701754385965,0.6634205459740159,1.0,7/42,10.52%,IL1B;CD80;PNP;CD1D;TFRC;IL12RB1;CD24
prerank,Positive Regulation Of Immunoglobulin Production (GO:0002639),-0.63616193660465,-1.2065372436353308,0.23792486583184258,0.6618374341564564,1.0,8/25,21.17%,IL10;INSL6;TFRC;PAXIP1;SASH3;TP53BP1;XBP1;PHB2
prerank,Negative Regulation Of Peptidyl-Serine Phosphorylation (GO:0033137),-0.6889802547872977,-1.2061063781997603,0.23498233215547704,0.6616101476601736,1.0,2/16,1.99%,DMTN;GADD45A
prerank,Hexose Biosynthetic Process (GO:0019319),-0.6369060154959001,-1.2060023777903908,0.23297491039426524,0.6602372104126945,1.0,8/28,15.34%,ENO2;PGAM1;MDH1;SLC25A1;MDH2;SLC37A4;ATF4;TPI1
prerank,Defense Response To Symbiont (GO:0140546),-0.5154957503753127,-1.2053385254939233,0.15924657534246575,0.6609081536246528,1.0,31/112,20.40%,ISG20;IFI6;BNIP3;ISG15;RNASE2;MYD88;IKBKE;MX2;OPRK1;SAMHD1;MX1;RSAD2;TLR2;STAT1;IFIT1;IRF7;NLRC5;AIM2;IFI27;PQBP1;TLR3;CD40;DHX15;IRF1;OASL;IFNLR1;DDX60;TRAF3;GBP2;DDIT4;TRIM5
prerank,Neuron Migration (GO:0001764),-0.5828419665450852,-1.205190828182421,0.19413919413919414,0.6597323584472843,1.0,9/47,9.25%,CCK;MAP1B;TUBB2B;DNER;VEGFA;CDK5R1;CDK5;NELL1;FGF13
prerank,Peptide Hormone Secretion (GO:0030072),-0.7008818578514074,-1.2041770359784896,0.2643884892086331,0.661582204929656,1.0,3/15,8.33%,PTPRN;RIMS2;GHRL
prerank,Neuron Apoptotic Process (GO:0051402),-0.679940469162601,-1.2035420352673336,0.2113676731793961,0.6621027473156863,1.0,6/17,8.00%,TNFRSF21;SCN2A;BNIP3;CDK5;CIT;GAPDH
prerank,Dendrite Morphogenesis (GO:0048813),0.6043740789286352,1.2031898815272881,0.21658986175115208,0.6692347230809024,1.0,8/32,8.83%,CTNND2;ZNF365;CTNNA2;PTN;EPHB1;LRP4;FARP1;DVL1
prerank,Cellular Response To Oxygen-Containing Compound (GO:1901701),-0.46295505492079964,-1.20307675407943,0.08914100486223663,0.6620251174385795,1.0,29/285,6.90%,SSTR1;DMTN;SYT1;IL1B;SYT4;PTK7;RET;IL1A;SYT5;SYT13;EGR1;ABCB4;CXCL10;CD80;FOS;ZFP36;SYT7;IL10;CCL2;WNT3;SMPD1;MT3;GUCY1B1;MYD88;PPIF;P2RY6;KCNC2;TNFAIP3;NSMF
prerank,Myelination (GO:0042552),0.5801922852865421,1.2026096618708566,0.2037914691943128,0.6687074526741149,1.0,10/41,6.14%,PARD3;LGI4;MYRF;SOX10;CXCR4;ACSBG1;GAL3ST1;MAL;NFASC;ZNF24
prerank,Regulation Of Double-Strand Break Repair (GO:2000779),0.5262100929482463,1.202560983853767,0.13551401869158877,0.6663306349568157,1.0,3/80,0.41%,FMN2;ZNF365;DPF3
prerank,Positive Regulation Of Cell Junction Assembly (GO:1901890),-0.584504899199607,-1.2025320886524213,0.1933884297520661,0.6622995095681594,1.0,9/44,8.60%,SLITRK4;CLSTN3;CLSTN2;THY1;VEGFA;BDNF;EPHB3;GHRL;NELL1
prerank,Negative Regulation Of Protein Localization To Nucleus (GO:1900181),0.6666145543377927,1.201876040095477,0.2597701149425287,0.6660477623674564,1.0,2/18,4.50%,OTUD7B;MFHAS1
prerank,Mitotic Cytokinesis (GO:0000281),-0.5800133981657276,-1.2016987843825966,0.1948529411764706,0.66343876270633,1.0,10/50,13.56%,STMN1;KIF4A;CIT;CEP55;MYH10;CDCA8;EXOC7;RHOB;RAB35;PLK1
prerank,Calcium Ion Import Across Plasma Membrane (GO:0098703),-0.6486590733050168,-1.2007339602844942,0.24640287769784172,0.6650865057755821,1.0,6/23,5.59%,CACNA1G;SCN7A;SLC8A2;SCN2A;CACNA1E;SCN3A
prerank,Protein Acylation (GO:0043543),0.6065079987824127,1.2002984565582497,0.19910514541387025,0.6683965543320604,1.0,9/32,18.27%,ZDHHC9;ZDHHC15;KAT2B;KAT2A;FOXO1;ZDHHC8;ING4;CREBBP;ZDHHC2
prerank,DNA Unwinding Involved In DNA Replication (GO:0006268),-0.6834772414371406,-1.200174414308536,0.24349442379182157,0.6652824453115406,1.0,7/18,11.27%,CDC45;GINS2;MCM6;MCM2;GINS1;HMGA1;GINS4
prerank,mRNA Transport (GO:0051028),-0.5754925414211138,-1.1999124037754791,0.19294990723562153,0.6645306174809772,1.0,3/52,7.98%,PEG10;ZFP36;NCBP2
prerank,Regulation Of Myelination (GO:0031641),0.6305061065725165,1.1991468656680364,0.21397379912663755,0.66955083609205,1.0,5/24,2.34%,PARD3;LGI4;PTPRZ1;MYRF;TMEM98
prerank,Positive Regulation Of Response To Biotic Stimulus (GO:0002833),0.6128792568928217,1.199146429969059,0.22325581395348837,0.6670617995266521,1.0,1/31,0.10%,SASH1
prerank,Regulation Of Protein Dephosphorylation (GO:0035304),-0.6104093314819138,-1.198492780796709,0.2182468694096601,0.6678207127920803,1.0,12/35,13.64%,CALM3;CDCA2;PIN1;SMPD1;CALM1;YWHAB;PPIA;NSMF;PPP6R2;DYNLL1;PPP1R15A;HTT
prerank,Positive Regulation Of MAP Kinase Activity (GO:0043406),0.5318492934838913,1.1977883729731889,0.17539863325740318,0.6689936009307738,1.0,12/67,6.84%,TPD52L1;SASH1;GHR;EGFR;NTRK3;FGF2;PDGFRB;NEK10;FGF1;DVL2;TGFA;DAB2IP
prerank,Response To Cytokine (GO:0034097),-0.5186695163724065,-1.1976667724352272,0.1598639455782313,0.6691263225622135,1.0,20/98,13.15%,IL1B;CH25H;GCH1;RELB;SLC11A1;SMPD1;PRKCA;ISG15;MYD88;IKBKE;NFKB2;IRAK2;MX2;MCL1;SLC22A5;MX1;SPHK1;SELL;STAT1;DPYSL3
prerank,Negative Regulation Of G Protein-Coupled Receptor Signaling Pathway (GO:0045744),-0.695109088352076,-1.197330294064858,0.2703639514731369,0.668689924228456,1.0,6/16,15.30%,STMN1;YWHAB;PLEK;MRAP2;RGS2;RPGRIP1L
prerank,Negative Regulation Of Type II Interferon Production (GO:0032689),-0.6756742105002498,-1.1968098054596004,0.25569176882662,0.6689476624554677,1.0,8/19,21.89%,HAVCR2;INHBA;CR1;ZC3H12A;C1QBP;DDIT3;HLA-DRB1;VSIR
prerank,Positive Regulation Of Type I Interferon Production (GO:0032481),-0.5555412627888417,-1.1967070109376172,0.19473684210526315,0.6676620779996726,1.0,23/55,24.45%,ISG15;MYD88;IKBKE;GAPDH;TLR2;STAT1;IRF7;TOMM70;PQBP1;TLR3;POLR3G;POLR3B;PTPN22;IRF1;TRAF3;FLOT1;TICAM1;TLR8;DHX36;TBK1;OAS1;HSPD1;PTPN11
prerank,Immune Response-Activating Cell Surface Receptor Signaling Pathway (GO:0002429),-0.668671354820435,-1.1952803558029,0.2636986301369863,0.6709300446359787,1.0,6/17,10.74%,FPR2;C5AR2;FPR1;CR1;LYN;C5AR1
prerank,Cellular Response To Amino Acid Stimulus (GO:0071230),0.6085093845018998,1.1946106183693601,0.23094170403587444,0.6765909610514157,1.0,6/31,9.16%,CPEB1;FYN;CASTOR2;SESN1;SH3BP4;CASTOR1
prerank,Regulation Of Cytoskeleton Organization (GO:0051493),0.505166256488724,1.1940384843454996,0.1655011655011655,0.6760351495971818,1.0,21/96,8.50%,PLXNB1;MPDZ;RAPGEF3;DAAM2;FRMPD2;CORO2B;PDGFRB;IQGAP2;MAPT;NEXN;HIP1R;PHLDB1;S100A8;TJP1;SORBS3;CAPN2;EPHA3;P2RX7;BICD1;GPM6B;FAM107A
prerank,Cellular Response To Reactive Oxygen Species (GO:0034614),0.5341648120496231,1.1936285441071595,0.19002375296912113,0.6747989644406125,1.0,6/60,6.26%,PTPRK;EGFR;FYN;MAPT;AQP1;PLEKHA1
prerank,Regulation Of Cardiac Conduction (GO:1903779),-0.6897326848514443,-1.1934134045802003,0.22794117647058823,0.67585127241184,1.0,3/17,1.52%,ATP2B3;ATP2A3;SLC8A2
prerank,Cellular Response To Insulin Stimulus (GO:0032869),0.5139162820916888,1.1932611351610365,0.17321016166281755,0.6733861237301427,1.0,18/80,13.39%,SORBS1;CPEB1;GAB1;SLC27A4;KAT2B;IGF1R;FOXO4;DENND4C;GRB10;FER;INSR;FOXO1;IRS1;SLC27A1;STXBP4;AKT2;IRS2;LPIN1
prerank,Cell-Cell Adhesion Mediated By Cadherin (GO:0044331),0.663355975471758,1.193130527425317,0.26869158878504673,0.6713444548532332,1.0,9/18,15.73%,CDH2;CDHR3;CDH10;CDH6;CDH26;FER;PLEKHA7;CDH3;CDH4
prerank,Regulation Of G2/M Transition Of Mitotic Cell Cycle (GO:0010389),-0.6172765049621569,-1.1930206519858064,0.2222222222222222,0.6755485665324529,1.0,11/31,21.82%,CDC25C;FHL1;CCNB1;CDKN1A;RAB11A;GPR132;RRM1;CENPF;KIF14;DBF4B;RCC2
prerank,Regulation Of Programmed Cell Death (GO:0043067),-0.4895157747267956,-1.1928966031982862,0.14593698175787728,0.6743342273849471,1.0,12/139,7.28%,BEX1;TNF;MOAP1;PINK1;CXCL10;GLS2;CTSB;BNIP3;RBM25;MCM2;CDK5;PSMC5
prerank,Semaphorin-Plexin Signaling Pathway (GO:0071526),0.6052369797119781,1.192846475059844,0.2334096109839817,0.6697633321241069,1.0,6/28,9.27%,PLXNB1;SEMA4B;SEMA3D;PLXND1;SEMA6A;SEMA3B
prerank,Determination Of Left/Right Symmetry (GO:0007368),0.6419520894489197,1.1926968877059037,0.23893805309734514,0.6677828773617764,1.0,2/19,3.23%,DNAH5;CCDC40
prerank,Intracellular Lipid Transport (GO:0032365),0.6801258129160991,1.1922053829134998,0.2681704260651629,0.6667616529313688,1.0,1/15,0.58%,GRAMD1C
prerank,Regulation Of Proteolysis (GO:0030162),-0.5872114076595125,-1.1917388608415813,0.21978021978021978,0.6766535593715081,1.0,10/37,19.46%,PLAT;PERP;CYFIP2;CDK5;BAD;PLK1;AURKAIP1;PLAUR;STUB1;TRAF3
prerank,Positive Regulation Of Mitochondrion Organization (GO:0010822),-0.5621755581069746,-1.190861899562142,0.21551724137931033,0.6780349869596156,1.0,5/51,5.26%,MLLT11;MOAP1;PINK1;BNIP3;PPIF
prerank,Negative Regulation Of Amide Metabolic Process (GO:0034249),-0.5333846032480293,-1.1905483593863477,0.1724137931034483,0.6775199504851404,1.0,16/78,15.51%,ATCAY;CHRNA7;PIN1;BTG2;ENC1;ORMDL1;GAPDH;NHLRC3;IGF2BP3;SPHK1;EIF4E2;RTN4;MRPL13;APEX1;RBM4;TYMS
prerank,Negative Regulation Of Cell Motility (GO:2000146),0.4973389508009706,1.1900086447557183,0.16097560975609757,0.6709729406031661,1.0,11/97,6.20%,KANK1;PTPRK;MAGI2;MITF;FRMD5;TMEFF2;ALOX15B;SERPINE1;LIMCH1;ADARB1;DUSP10
prerank,Positive Regulation Of Cell-Cell Adhesion (GO:0022409),-0.6135132969030124,-1.1898599412279343,0.21890547263681592,0.6783255161865888,1.0,5/31,3.34%,IL1B;TNF;THY1;FOXA1;IL10
prerank,Ventricular Septum Development (GO:0003281),0.6229614718147785,1.1894637711817218,0.2545045045045045,0.6702978029500146,1.0,5/25,7.70%,TGFBR3;ZFPM2;APLNR;TGFB2;PROX1
prerank,Neuron Projection Guidance (GO:0097485),0.49576786221172664,1.1887809190746303,0.16707021791767554,0.6698842371198481,1.0,20/99,8.63%,KIAA1755;LGR6;BOC;SEMA4B;CNTN2;DSCAML1;FYN;KALRN;GLI2;LGI1;NEXN;SEMA3D;NFASC;RELN;EPHA3;EPHB1;SEMA6A;NRXN1;SOS1;CXCL12
prerank,Glycoprotein Metabolic Process (GO:0009100),-0.5714015543297055,-1.1883484250408805,0.20987654320987653,0.681978780086401,1.0,4/45,4.41%,FBXO2;ST8SIA3;B4GAT1;FBXO44
prerank,Regulation Of Peptidase Activity (GO:0052547),-0.6604905328718434,-1.1870791319031628,0.22671353251318102,0.6846204786610092,1.0,4/19,9.73%,PINK1;CTSB;MAPK12;SVBP
prerank,Positive Regulation Of Protein Catabolic Process (GO:0045732),-0.5360038587131529,-1.1867349617045,0.17647058823529413,0.6841224872159621,1.0,7/73,7.57%,IL1B;TNF;PSMC6;NSF;TNFAIP3;PSMC5;PLK3
prerank,Cytoskeleton-Dependent Cytokinesis (GO:0061640),-0.553540486238434,-1.1863479007732922,0.20652173913043478,0.6836471188236317,1.0,11/58,13.56%,STMN1;KIF4A;DCTN3;CIT;CEP55;MYH10;CDCA8;EXOC7;RHOB;RAB35;PLK1
prerank,Axon Development (GO:0061564),-0.5364518330340757,-1.1861692682937668,0.1799660441426146,0.6826338831643397,1.0,20/72,8.83%,SLITRK4;CCK;RAB3A;GAP43;MAP1A;NEFH;MAP1B;NMNAT2;L1CAM;PLPPR4;DRD2;PAK3;S100B;CDK5R1;CDK5;NREP;EPHB3;SEMA5A;AMIGO1;CNTN4
prerank,Negative Regulation Of Stem Cell Population Maintenance (GO:1902455),0.6474959453789153,1.184923530972838,0.2863741339491917,0.6795471164169969,1.0,1/19,2.72%,ZNF706
prerank,Regulation Of Tumor Necrosis Factor Production (GO:0032680),-0.5169861661904135,-1.1848541478206545,0.16258741258741258,0.6855711659126416,1.0,12/95,8.76%,IL1A;CCL3;CHRNA7;ZFP36;IL10;POMC;TNFAIP3;C5AR2;TNFRSF8;NOD2;GHRL;HAVCR2
prerank,Focal Adhesion Assembly (GO:0048041),0.6471508156724449,1.184537584063425,0.25934579439252337,0.6782866364834044,1.0,3/19,1.13%,SORBS1;FERMT2;PTPRK
prerank,Protein Targeting To ER (GO:0045047),-0.6492166946993708,-1.1839097061892496,0.2513562386980108,0.6872987775738822,1.0,12/20,29.14%,SRP54;SRP14;SGTB;SEC63;SEC61A1;SRP72;SRPRA;ZFAND2B;SEC62;SRPRB;SPCS1;EDEM1
prerank,Blood Circulation (GO:0008015),-0.6176239192687183,-1.1837688896910858,0.2430939226519337,0.6861663070472869,1.0,6/28,5.89%,AGTR1;OLR1;CXCL10;GUCY1B1;TBC1D8;SOD1
prerank,Cholesterol Metabolic Process (GO:0008203),-0.5857910292688782,-1.1829130669516952,0.20490367775831875,0.6874593206144411,1.0,11/45,19.09%,CH25H;CYP46A1;DHCR24;INSIG1;NSDHL;ABCA5;HMGCR;MVD;ACLY;APOL2;MSMO1
prerank,Regulation Of Histone Modification (GO:0031056),0.6699578105433617,1.1827775707445387,0.27705627705627706,0.6812985846181747,1.0,3/15,5.60%,SGF29;KAT2B;KAT2A
prerank,Ventricular Septum Morphogenesis (GO:0060412),0.6410735132954039,1.1827518374085666,0.2853881278538813,0.6789892052017822,1.0,5/21,7.70%,TGFBR3;ZFPM2;APLNR;TGFB2;PROX1
prerank,Nucleosome Assembly (GO:0006334),-0.590455102714045,-1.182699918130321,0.2313167259786477,0.686596202451502,1.0,4/33,5.86%,NAP1L3;CHAF1A;NAP1L2;CHAF1B
prerank,Regulation Of Lipopolysaccharide-Mediated Signaling Pathway (GO:0031664),0.6509173062414213,1.1823075586559952,0.2885085574572127,0.6778894426203549,1.0,2/18,2.51%,SASH1;LTF
prerank,Negative Regulation Of Epithelial Cell Apoptotic Process (GO:1904036),0.6349806591001488,1.1815954919011313,0.26666666666666666,0.6776482315621183,1.0,4/21,5.58%,YAP1;NUPR1;SERPINE1;WFS1
prerank,Regulation Of Nucleic Acid-Templated Transcription (GO:1903506),0.4236855597543656,1.1810260685478402,0.07253886010362694,0.6770232713982367,1.0,71/350,16.67%,WWTR1;EFEMP1;RORA;WWC1;SOX13;ARNT2;SGF29;MITF;RORB;ZNF536;JADE2;TCF7L1;PPARGC1A;SNAI3;ZNF703;WWC3;ASCC1;ZNF98;SOX2;ZNF423;SSBP2;DVL2;KAT2B;KAT2A;FOXO4;RUNX3;ZNF273;ACVR2B;ZNF263;APBB2;INSR;DVL1;ZNF395;ZNF274;BNC2;NFIA;ZNF737;CREBL2;ZNF562;REST;NR2C2;HINFP;POU6F2;FOXN2;ZNF219;CLOCK;SOX6;CELSR2;TESMIN;THAP1;HP1BP3;RPS6KA5;TULP3;ZNF675;ZNF33A;CXXC1;ATF7IP;PFDN5;RELA;NFIL3;PPIE;NFXL1;NAB1;RYBP;ZFPL1;TCF7;ING4;CREBBP;SPIN4;KAT14;PPARGC1B
prerank,Protein Homotetramerization (GO:0051289),0.5788959013137001,1.1804712475695442,0.2219679633867277,0.6763578256558009,1.0,9/38,14.37%,RYR3;ACACB;AQP4;CRYZ;TNPO1;ALDH9A1;SHMT1;SSBP1;KCNJ2
prerank,Negative Regulation Of Microtubule Depolymerization (GO:0007026),-0.6661894152861415,-1.1800555135637445,0.2857142857142857,0.6938840647264762,1.0,1/17,0.18%,STMN2
prerank,Osteoclast Differentiation (GO:0030316),-0.6432721420035755,-1.1790426754476946,0.2539964476021314,0.6957431797944301,1.0,5/19,17.64%,SNX10;GPR183;OSCAR;FARP2;SBNO2
prerank,Ubiquitin-Dependent ERAD Pathway (GO:0030433),-0.5410949929570903,-1.1781486312805138,0.21350364963503649,0.6970388032506524,1.0,11/68,18.53%,FBXO2;PSMC6;CLGN;FBXO44;UBE2J1;FBXO6;TMUB2;DERL2;STUB1;TRIM25;VCP
prerank,Vesicle Fusion (GO:0006906),-0.545247216716037,-1.1779206422143431,0.20481927710843373,0.6961465440834058,1.0,6/68,6.03%,SYT4;SYT7;STX1B;RAB7B;STXBP1;VPS18
prerank,Negative Regulation Of Protein Ubiquitination (GO:0031397),-0.5735419550444566,-1.1778800072714894,0.23211169284467714,0.6946692697194535,1.0,5/46,9.73%,BUB1B;MAD2L1;ISG15;TNFAIP3;SVBP
prerank,Regulation Of Inflammatory Response To Antigenic Stimulus (GO:0002861),0.6597344707537116,1.1775389127017228,0.282560706401766,0.6835213459076245,1.0,1/15,1.41%,FYN
prerank,Transport Across Blood-Brain Barrier (GO:0150104),0.517505939148807,1.1775211911641703,0.18779342723004694,0.6812360504260073,1.0,24/69,10.12%,ABCC3;ABCC9;SLC4A4;SLC1A2;SLCO1C1;ATP1A2;SLC27A4;SLC29A1;SLCO3A1;SLC44A1;SLC38A2;SLC6A1;SLC13A3;SLC24A3;SLC22A3;SLC12A2;LRP2;SLC6A9;ATP8A1;INSR;SLC29A2;SLC29A4;SLC7A2;SLC15A2
prerank,Positive Regulation Of Innate Immune Response (GO:0045089),-0.5970751973256215,-1.1773856450910085,0.23048327137546468,0.694844227781126,1.0,7/34,17.03%,FPR2;IKBKE;CD1D;SLC15A4;NLRC5;POLR3G;POLR3B
prerank,Positive Regulation Of RNA Splicing (GO:0033120),-0.6142243761294212,-1.1771829623918133,0.24701873935264054,0.6938675756762623,1.0,8/29,18.24%,CELF4;RBM3;CIRBP;HABP4;POLR2A;ZPR1;WDR77;NUP98
prerank,Regulation Of Receptor Internalization (GO:0002090),0.6109100462277266,1.1768885369719386,0.24651162790697675,0.680841786688813,1.0,6/25,12.89%,GREM1;MAGI2;ARRB1;INSR;SDCBP;MKLN1
prerank,Regulation Of Macroautophagy (GO:0016241),-0.5256116079787596,-1.175710991545367,0.18650088809946713,0.6971917689718597,1.0,12/83,8.89%,UCHL1;PINK1;ATP6V0E2;BNIP3;SCOC;CDK5R1;ATP6V1E1;CDK5;ATP6V1G1;GAPDH;CAPNS1;ATP6V1D
prerank,Cytokine-Mediated Signaling Pathway (GO:0019221),-0.485770758138994,-1.1753770713284162,0.12824956672443674,0.6967051276020982,1.0,24/156,9.96%,IL1B;IL1A;TNF;IL21R;EGR1;IL18R1;CCL3;CXCL10;IL2RA;IL4R;PLP2;CCL2;OSM;CCL3L1;MT3;MYD88;PLVAP;RHEX;CSF2RB;IL17RA;IRAK2;LYN;CSF3R;IL12RB1
prerank,Organic Cyclic Compound Biosynthetic Process (GO:1901362),-0.6611480287353383,-1.1748538290649675,0.25950413223140495,0.6968884028290465,1.0,1/17,0.48%,GCH1
prerank,protein-DNA Complex Assembly (GO:0065004),-0.5777448686165014,-1.1742439201508277,0.23971377459749552,0.6973358323632439,1.0,4/37,5.86%,NAP1L3;CHAF1A;NAP1L2;CHAF1B
prerank,Positive Regulation Of Glucose Transmembrane Transport (GO:0010828),0.6045290943047418,1.174233944241664,0.2571428571428571,0.6868432569247387,1.0,7/23,12.96%,SORBS1;OCLN;INSR;IRS1;CREBL2;AKT2;IRS2
prerank,Axonemal Dynein Complex Assembly (GO:0070286),0.6461233578433944,1.1741094979268094,0.2682926829268293,0.6848814674335129,1.0,4/18,3.81%,DNAH7;DNAH5;CCDC40;SPAG1
prerank,Positive Regulation Of Telomere Maintenance (GO:0032206),-0.5685204639974222,-1.1739709287478675,0.25321100917431194,0.6966363316344786,1.0,12/44,21.00%,TERF2IP;PRKCQ;PKIB;NABP2;INO80;TINF2;RUVBL1;PPP1R10;ACTR5;ERCC1;TERF2;TFPT
prerank,Regulation Of Potassium Ion Transport (GO:0043266),0.6379526797939091,1.173675340760549,0.26785714285714285,0.6838454536304136,1.0,3/22,7.14%,DPP10;KCNIP3;DPP6
prerank,Gonad Development (GO:0008406),0.6490295061643265,1.173590610675383,0.2895927601809955,0.6818132953592596,1.0,5/18,7.19%,SOX8;ADAM32;SOX9;LRP2;TGFB2
prerank,Skeletal Muscle Tissue Development (GO:0007519),-0.6391027552593816,-1.1731359286631027,0.2532588454376164,0.6979946446162889,1.0,8/22,22.43%,LMOD3;EGR2;MYL6;MYL6B;SVIL;SELENON;PPP3CB;SKI
prerank,Nucleosome Organization (GO:0034728),-0.5489890005971503,-1.1729762854993593,0.21818181818181817,0.6969660455521085,1.0,6/50,11.46%,NAP1L3;CHAF1A;NAP1L2;CHAF1B;HMGA1;SART3
prerank,Negative Regulation Of Small Molecule Metabolic Process (GO:0062014),0.6496320178199988,1.1727891201901626,0.272108843537415,0.6819936860822658,1.0,2/19,5.60%,NUPR1;KAT2A
prerank,Purine Ribonucleotide Metabolic Process (GO:0009150),-0.5562798201710759,-1.171886073289744,0.20107719928186715,0.6989533986567424,1.0,14/54,16.72%,ACOT7;ATP1B1;HINT1;BAD;ENPP3;ACOT9;GPAT4;ACOT8;TPST2;GNAI3;ACSM3;HSPA8;SULT1A1;ACLY
prerank,Response To Purine-Containing Compound (GO:0014074),0.6498305832091912,1.1717795371648556,0.2782608695652174,0.6828154122159745,1.0,5/17,10.76%,ADORA1;P2RX7;RYR2;TLR7;NT5E
prerank,mRNA Destabilization (GO:0061157),-0.5807446283271591,-1.1713888809715058,0.24102564102564103,0.6990160986913134,1.0,8/38,19.88%,ZFP36;DND1;ZC3H12D;ZC3H12A;ZFP36L1;DCPS;YTHDF3;YTHDF2
prerank,Modified Amino Acid Transport (GO:0072337),0.6482326877393019,1.1708042980749782,0.26450116009280744,0.6834058013295139,1.0,3/20,9.72%,SLC7A11;SLC16A9;SLC7A2
prerank,Cellular Response To Tumor Necrosis Factor (GO:0071356),-0.5298057821915995,-1.1706142488937572,0.21666666666666667,0.6999250393040596,1.0,9/77,6.08%,TNFRSF21;TNF;CCL3;ZFP36;CCL2;CCL3L1;NPNT;PLVAP;BRCA1
prerank,Regulation Of Biomineral Tissue Development (GO:0070167),0.6588590449779403,1.1702836455551884,0.2985781990521327,0.6826663953280422,1.0,5/15,17.55%,SOX9;DDR2;NBR1;S1PR1;BMP2K
prerank,Regulation Of JNK Cascade (GO:0046328),0.49960399837746455,1.1700562643155699,0.19230769230769232,0.68114517601864,1.0,13/88,7.32%,TPD52L1;TGFBR3;EGFR;TNIK;PLCB1;PHLPP1;ANKS1B;MFHAS1;IGF1R;SH3RF1;DUSP10;DAB2IP;EPHB1
prerank,Positive Regulation Of Transcription By RNA Polymerase III (GO:0045945),-0.6678067826134649,-1.1697632463884418,0.31305903398926654,0.7011385204727905,1.0,3/15,16.58%,ERCC6;DDX21;ZNF143
prerank,Cellular Response To Salt (GO:1902075),-0.5177198237957966,-1.169657510800978,0.19005328596802842,0.6998733207280293,1.0,9/81,5.26%,DMTN;SYT1;SYT4;SYT5;SYT13;EGR1;SYT7;SMPD1;PPIF
prerank,Proteasomal Protein Catabolic Process (GO:0010498),-0.463561414559816,-1.1695939976576684,0.13367174280879865,0.6985233084766206,1.0,54/200,25.05%,UCHL1;PSMD12;SPSB1;PSMC1;SIAH3;PSMC6;FBXO44;ENC1;PRPF19;CUL1;SKP1;PSMC5;PSMB6;RNF187;PSMD7;ANKRD9;NHLRC3;PSMB5;PSMD4;PSMD2;KCTD10;PSMB7;PSMA8;IFI27;RMND5B;DDIT3;PJA2;KIF14;PSMA5;UBXN6;AXIN1;STUB1;VCP;CSNK1A1;KCTD5;RNF34;PSMB2;PSMD8;PSMA3;XBP1;UBXN11;PSMD13;SPSB2;FBXO7;SMURF1;RNF122;PSMA4;PSMB4;ZFAND2B;USP44;KLHDC3;MAEA;SKP2;RNF5
prerank,Establishment Of Protein Localization To Vacuole (GO:0072666),-0.6281367451195535,-1.1694369906493702,0.2621184919210054,0.6975097016137636,1.0,5/23,16.95%,CACNG8;CACNG2;UBAP1;VPS37B;VPS37C
prerank,JNK Cascade (GO:0007254),-0.6226431467377807,-1.1693072894161585,0.26220614828209765,0.6963062014078226,1.0,6/26,16.55%,MAPK8IP2;TRIB1;SH2D3C;MAP4K1;PTGER4;MAPK8IP1
prerank,Regulation Of BMP Signaling Pathway (GO:0030510),0.548735694391745,1.1691357165715495,0.2222222222222222,0.6817107271340136,1.0,9/46,9.96%,GREM1;CRB2;BMPER;PCSK6;FSTL5;ZNF423;LRP2;ITGA3;TMEM53
prerank,Response To Amino Acid Starvation (GO:1990928),0.5649486687982023,1.1691181722613961,0.2391304347826087,0.6795035968547921,1.0,3/37,5.78%,PRKD1;NPRL2;SESN1
prerank,Protein Alkylation (GO:0008213),-0.6439117505028145,-1.1690896462638927,0.27364864864864863,0.6954511412772144,1.0,3/20,8.65%,PRMT8;PCMT1;EEF2KMT
prerank,Cellular Response To Topologically Incorrect Protein (GO:0035967),-0.6417000757795265,-1.1686043025464494,0.2782931354359926,0.695527621059626,1.0,2/21,6.21%,OPTN;PTPN1
prerank,Proteoglycan Biosynthetic Process (GO:0030166),0.6123392923766006,1.1676392041813715,0.26077097505668934,0.6817778505891391,1.0,4/26,6.85%,BMPR1B;CSGALNACT1;B3GAT1;CHST9
prerank,Negative Regulation Of Programmed Cell Death (GO:0043069),0.43556721841767776,1.1675312940853046,0.10966057441253264,0.6798306337465384,1.0,27/281,8.78%,FMN2;SLC7A11;SOX8;ERBB4;GREM1;EGFR;HGF;ERBB3;LTF;CD44;GCLC;NUPR1;ANGPTL4;HSPB1;AQP1;TJP1;IGF1R;WFS1;SOX9;SH3RF1;LRP2;TPT1;NAA16;MECOM;BNIP3L;FOXO1;POU3F3
prerank,Regulation Of Chemokine Production (GO:0032642),-0.6095666891726134,-1.1669572016239158,0.23948811700182815,0.6996526240270486,1.0,2/29,1.33%,TNF;EGR1
prerank,Notch Signaling Pathway (GO:0007219),-0.6156926701773644,-1.1667340162128599,0.2543859649122807,0.6987934776767278,1.0,1/27,0.07%,NRARP
prerank,Endosome Transport Via Multivesicular Body Sorting Pathway (GO:0032509),-0.6480770740863324,-1.1665616752945045,0.2765598650927487,0.697846689604936,1.0,1/18,0.37%,LAPTM4B
prerank,Negative Regulation Of Epidermal Growth Factor Receptor Signaling Pathway (GO:0042059),0.6361915722777205,1.1656097774562573,0.26588235294117646,0.6835973987767272,1.0,5/20,13.05%,EGFR;ITGA1;DAB2IP;ZFYVE28;CHMP6
prerank,Positive Regulation Of Cell Development (GO:0010720),-0.6587454940325939,-1.1654132772817953,0.28546712802768165,0.7000299662487159,1.0,6/19,17.55%,LMOD3;OPRM1;SERPINF1;BAD;CX3CR1;ZNF335
prerank,Response To Retinoic Acid (GO:0032526),-0.5830309545076972,-1.1641237733584653,0.24909090909090909,0.7027709022986912,1.0,4/33,4.77%,PTK7;RET;CDKN2D;WNT3
prerank,Central Nervous System Development (GO:0007417),0.44242585360486275,1.1640683973941275,0.10945273631840796,0.6858812899946011,1.0,26/210,6.93%,NFIB;NPAS2;SOX8;MEIS2;ADGRL3;PTPRZ1;DSCAML1;ARNT2;MYRF;BRINP3;SOX10;CDH2;CXCR4;SPOCK1;UGT8;SYNJ2;MAL;ADAM22;SH3GL3;ZBTB16;SOX9;NFASC;PTCH1;RELN;GRIN2C;BAG6
prerank,Negative Regulation Of Protein Polymerization (GO:0032272),-0.62092435274589,-1.164068105723075,0.26653696498054474,0.7014069729429927,1.0,6/22,5.46%,STMN2;STMN1;KANK4;TUBB4A;MAP2;CLIP3
prerank,Mitochondrial Respiratory Chain Complex I Assembly (GO:0032981),-0.5524507021970129,-1.1634211574241395,0.23655913978494625,0.7005222735612465,1.0,16/48,21.40%,NDUFB9;NDUFB1;NDUFAB1;NDUFA8;NDUFB3;NDUFA5;NDUFB10;NDUFA10;NDUFS5;OXA1L;NDUFS3;DMAC2;NDUFB4;FOXRED1;NDUFA6;NDUFS2
prerank,NADH Dehydrogenase Complex Assembly (GO:0010257),-0.5524507021970129,-1.1634211574241395,0.23655913978494625,0.7005222735612465,1.0,16/48,21.40%,NDUFB9;NDUFB1;NDUFAB1;NDUFA8;NDUFB3;NDUFA5;NDUFB10;NDUFA10;NDUFS5;OXA1L;NDUFS3;DMAC2;NDUFB4;FOXRED1;NDUFA6;NDUFS2
prerank,Negative Regulation Of Protein Binding (GO:0032091),-0.5393117614285902,-1.1631079190642153,0.2305084745762712,0.7000261315537751,1.0,8/57,14.84%,ATP2A3;PIN1;MAP2;CDKN1A;ZFPM1;IFIT1;PARK7;RALB
prerank,Respiratory System Development (GO:0060541),0.6415349946013024,1.1620881452444556,0.29333333333333333,0.6898141818960275,1.0,7/19,8.61%,CHI3L1;GLI2;CCDC40;FGFR2;BAG6;PROX1;ITGA3
prerank,Autophagosome Organization (GO:1905037),-0.5562863894703617,-1.1619397593767933,0.24736842105263157,0.7022407018311747,1.0,11/51,19.76%,MAP1LC3A;MAP1LC3B2;GABARAPL2;MAP1LC3B;VMP1;RAB35;BECN1;TMEM41B;ATP2A2;TP53INP2;GABARAPL1
prerank,Cellular Response To Interleukin-1 (GO:0071347),-0.5613591287980286,-1.1617146288916862,0.24872231686541738,0.7015125733126499,1.0,6/48,5.06%,IL1B;EGR1;CCL3;CCL2;CCL3L1;MYD88
prerank,NAD Metabolic Process (GO:0019674),-0.6411115226304263,-1.1614142818241195,0.3023255813953488,0.7009577392476747,1.0,5/19,18.53%,NMNAT2;MDH1;KMO;QPRT;VCP
prerank,Positive Regulation Of Chromosome Segregation (GO:0051984),-0.665845239080394,-1.1612922136810153,0.30245746691871456,0.6998501523854743,1.0,3/16,7.16%,NCAPH;NCAPG;CCNB1
prerank,Calcium Ion Transmembrane Import Into Cytosol (GO:0097553),-0.5456122047116587,-1.1608434160461576,0.23211169284467714,0.699768291576488,1.0,10/56,5.59%,GRIN1;CACNA1G;SCN7A;SLC8A2;HTR2A;SCN2A;CACNA1E;DRD2;CACNB3;SCN3A
prerank,Positive Regulation Of Establishment Of Protein Localization To Mitochondrion (GO:1903749),-0.6119119696157214,-1.1607566192007517,0.275,0.6985241573122895,1.0,3/29,8.07%,PINK1;PIN1;UBE2L3
prerank,Cellular Response To Organic Substance (GO:0071310),-0.5656008862986076,-1.1606839763661205,0.2548330404217926,0.6972671519605542,1.0,7/47,4.42%,IL1B;TNF;SLC1A1;CCL3;ROBO2;CCL2;NPFFR1
prerank,Cell Morphogenesis Involved In Neuron Differentiation (GO:0048667),-0.5277272915061237,-1.1605746188849273,0.20608108108108109,0.6961224459054495,1.0,12/67,4.46%,SLITRK4;CCK;RAB3A;MAP1A;NEFH;MAP1B;MAPK8IP2;PLPPR4;DRD2;PAK3;MAP2;S100B
prerank,Peptidyl-Serine Phosphorylation (GO:0018105),-0.4812460990770613,-1.1602708957539976,0.16062176165803108,0.6955704363797335,1.0,11/143,5.74%,CLSPN;CAMKV;CAMK1G;PINK1;TTK;MAST1;PRKCQ;PRKCA;IKBKE;CDK5R1;CDK5
prerank,Regulation Of Fat Cell Differentiation (GO:0045598),0.5299727698783419,1.1600615975055857,0.21052631578947367,0.6935719388922906,1.0,7/53,5.67%,YAP1;WWTR1;RORA;FERMT2;RUNX1T1;TMEM64;ZBTB16
prerank,Ras Protein Signal Transduction (GO:0007265),-0.48244198656056725,-1.1599454379516432,0.1971326164874552,0.6951476071346806,1.0,6/130,2.50%,AGTR1;DOK6;RAC3;ARHGDIG;ARHGAP4;HRAS
prerank,Protein-Containing Complex Disassembly (GO:0032984),-0.5508378150677545,-1.1593785408122408,0.22866894197952217,0.6954790770790952,1.0,15/53,22.84%,MAP1LC3A;NSF;APEH;GSPT2;MAP1LC3B;BECN1;NAPA;HSPA8;VTI1B;VCP;VAMP7;PYM1;MYC;VIPAS39;ATG14
prerank,Negative Regulation Of Metabolic Process (GO:0009892),-0.5786216783254533,-1.158822799248073,0.25089605734767023,0.6957910941598969,1.0,4/38,2.44%,IL1B;ALDH1A1;IL18R1;NOVA2
prerank,Regulation Of Cholesterol Efflux (GO:0010874),0.6038441226888349,1.1583950597894246,0.2907801418439716,0.6963297074615535,1.0,6/25,14.18%,ABCA8;CES1;PTCH1;APOE;ZDHHC8;ABCA2
prerank,Regulation Of Cytokine Production Involved In Immune Response (GO:0002718),-0.6698241060597552,-1.1572544417066837,0.3176043557168784,0.6993802091023134,1.0,5/16,10.04%,TNF;IL10;BTK;NOD2;SLC7A5
prerank,Positive Regulation Of Protein Targeting To Mitochondrion (GO:1903955),-0.6163584944458889,-1.1568550238723572,0.2922297297297297,0.6991392455592604,1.0,3/27,8.07%,PINK1;PIN1;UBE2L3
prerank,Negative Regulation Of Peptidase Activity (GO:0010466),0.5819754750360445,1.1565910601875733,0.2789115646258503,0.6995277887018475,1.0,4/31,3.93%,SERPINI2;CRB2;SPOCK1;SERPINE1
prerank,Antigen Processing And Presentation Of Peptide Antigen Via MHC Class I (GO:0002474),-0.6677842124861313,-1.1564966032093866,0.31521739130434784,0.6988455289815673,1.0,5/15,22.49%,HLA-A;TAP1;MFSD6;B2M;FCER1G
prerank,Positive Regulation Of Defense Response To Virus By Host (GO:0002230),-0.6341782653386093,-1.1557895528163193,0.2824561403508772,0.6997738279648343,1.0,9/21,26.05%,IL12RB1;ZC3H12A;STAT1;TOMM70;PQBP1;PTPN22;PARP9;DTX3L;LILRB1
prerank,Cellular Response To Unfolded Protein (GO:0034620),-0.6561707657704499,-1.1557684618821251,0.28440366972477066,0.6983689081011573,1.0,2/17,6.21%,OPTN;PTPN1
prerank,Positive Regulation Of Vascular Endothelial Growth Factor Production (GO:0010575),-0.6536431069369459,-1.1557184970632728,0.31448763250883394,0.6955812209630228,1.0,4/16,6.08%,IL1B;IL1A;SULF2;BRCA1
prerank,Regulation Of Vascular Endothelial Growth Factor Production (GO:0010574),-0.6536431069369459,-1.1557184970632728,0.31448763250883394,0.6955812209630228,1.0,4/16,6.08%,IL1B;IL1A;SULF2;BRCA1
prerank,"Negative Regulation Of Gene Expression, Epigenetic (GO:0045814)",-0.5661593409732397,-1.1554578945388927,0.2581227436823105,0.6949521747650943,1.0,5/42,7.45%,CHEK1;UHRF1;INSL6;EZH2;DNMT1
prerank,RNA Phosphodiester Bond Hydrolysis (GO:0090501),-0.6262925976524227,-1.1552183998993997,0.2755632582322357,0.6943633724067683,1.0,7/26,14.78%,RNASE2;ZC3H12D;RNASEH1;POP7;ZC3H12A;NHP2;TRIR
prerank,Negative Regulation Of Lymphocyte Activation (GO:0051250),0.643285499079922,1.1540911631414168,0.3055555555555556,0.70478962480794,1.0,3/15,5.84%,LGALS3;GPNMB;PIBF1
prerank,Positive Regulation Of Developmental Growth (GO:0048639),-0.5753997398373052,-1.1536190990176283,0.270979020979021,0.6978085492450442,1.0,9/38,10.08%,SYT1;SYT4;L1CAM;RIMS1;RIMS2;BDNF;GHRL;UNC13A;CPNE6
prerank,Regulation Of Endothelial Cell Apoptotic Process (GO:2000351),-0.6112945146488133,-1.1530817736477452,0.2910321489001692,0.6980336526051731,1.0,6/24,8.10%,TNF;IL10;CCL2;ICAM1;TNFAIP3;SEMA5A
prerank,Positive Regulation Of Cysteine-Type Endopeptidase Activity (GO:2001056),-0.5443348169388404,-1.1528483068156499,0.2591304347826087,0.6973365804139198,1.0,12/56,14.75%,TNF;GRIN1;PERP;CYFIP2;GRIN2B;BAD;CARD9;NOD1;NLRP3;CYCS;TNFSF10;AIM2
prerank,Autophagosome Assembly (GO:0000045),-0.5487476927486457,-1.1519894078397999,0.25259515570934254,0.6987575139247679,1.0,15/55,22.95%,MAP1LC3A;MAP1LC3B2;GABARAPL2;MAP1LC3B;VMP1;RAB35;BECN1;TMEM41B;MFN2;ATP2A2;TP53INP2;GABARAPL1;TOM1;ATG14;SMURF1
prerank,Cellular Response To Mechanical Stimulus (GO:0071260),-0.563446404593424,-1.1519869942494072,0.25044404973357015,0.6973173796721898,1.0,7/44,8.84%,IL1B;CHEK1;GADD45A;BNIP3;MYD88;TNFRSF8;BAD
prerank,Cardiac Muscle Tissue Development (GO:0048738),0.5997978401124079,1.1515058399801907,0.29534883720930233,0.7104374957036902,1.0,4/26,3.49%,ADAMTS9;GREM1;GJA1;BMP7
prerank,Membrane Assembly (GO:0071709),0.566311341167637,1.1510220051323992,0.26066350710900477,0.7095124023708271,1.0,10/32,13.05%,IL1RAPL1;PTPRD;EMP2;NLGN4X;NLGN1;LRP4;NRXN1;STX2;UBXN2A;CHMP6
prerank,Protein K48-linked Deubiquitination (GO:0071108),0.6313880066759061,1.150968101798167,0.2860635696821516,0.70738625434942,1.0,2/21,2.83%,OTUD7B;OTUD7A
prerank,N-glycan Processing (GO:0006491),-0.6649101747142396,-1.1506900543253484,0.3010752688172043,0.7000981277196299,1.0,2/17,9.02%,ST8SIA3;ST8SIA6
prerank,Regulation Of Neuron Death (GO:1901214),-0.5422542851823908,-1.150310449536603,0.2491103202846975,0.6998255705849303,1.0,12/51,8.13%,SNCG;EGR1;UBB;CHGA;SNCB;CHRNA7;DHCR24;ITGAM;FAIM2;CDK5;NSMF;GRIN2B
prerank,Negative Regulation Of Cellular Response To Growth Factor Stimulus (GO:0090288),0.5288753634905725,1.1502165365248733,0.26292134831460673,0.7074953626152672,1.0,12/47,14.20%,GREM1;BMPER;FGF2;DAB2IP;LRP2;SPRY1;TMEM53;EPN2;UBE2D1;CADM4;HIPK2;NEDD4
prerank,Regulation Of Fatty Acid Biosynthetic Process (GO:0042304),0.6327168021742714,1.149394421039993,0.29347826086956524,0.7077642745894744,1.0,5/20,9.25%,SLC45A3;APOC1;MID1IP1;KAT2B;SIRT2
prerank,Odontogenesis (GO:0042476),0.6607571467944825,1.1492142178960272,0.33021077283372363,0.7061203731208607,1.0,4/15,7.19%,GLI2;FGFR2;AQP1;TGFB2
prerank,Regulation Of Autophagy Of Mitochondrion (GO:1903146),-0.6479479838934848,-1.1486733860540541,0.298932384341637,0.7034731875832458,1.0,7/19,22.64%,PINK1;HTT;PARK7;CAMKK2;DNM1L;VDAC1;FBXO7
prerank,Regulation Of Cellular Response To Stress (GO:0080135),0.4842956084402901,1.1485047740155025,0.22769953051643194,0.706009143353844,1.0,9/97,5.60%,ADCY8;SGF29;CORO2B;TMEM98;NUPR1;MAPT;SLC38A2;KAT2B;KAT2A
prerank,Negative Regulation Of Viral Genome Replication (GO:0045071),-0.5735469767137776,-1.1481177240989822,0.27208480565371024,0.703757257193907,1.0,6/37,12.99%,TNF;ISG20;ISG15;MX1;RSAD2;IFIT1
prerank,Negative Regulation Of Inflammatory Response To Antigenic Stimulus (GO:0002862),0.6422909014854998,1.1476188121751025,0.30957683741648107,0.7064565102769504,1.0,1/16,1.41%,FYN
prerank,Regulation Of Cell Junction Assembly (GO:1901888),-0.6467641623855921,-1.1470648128764607,0.30601092896174864,0.7056156619282853,1.0,1/17,1.24%,CHRNB2
prerank,Non-Membrane-Bounded Organelle Assembly (GO:0140694),-0.5002689586946613,-1.1468934321324926,0.2206896551724138,0.7047566120954257,1.0,22/96,20.09%,CENPE;LMOD3;MAPRE3;GOLGA8A;DAZAP2;DYNC1H1;TMOD1;INO80;PLA2G4C;CIRBP;BIN2;DHX37;G3BP2;CCDC61;FARP2;CENPF;LSM4;TUBGCP2;YTHDF3;RNF213;YTHDF2;MRPL22
prerank,Positive Regulation Of Endothelial Cell Migration (GO:0010595),0.5061155434743698,1.1468141313768232,0.22072072072072071,0.7067224259471191,1.0,9/64,7.70%,SASH1;PRKD1;FGF2;HSPB1;FGF1;SPARC;PLPP3;FGFR1;PROX1
prerank,Regulation Of Cell Differentiation (GO:0045595),0.46004758992655337,1.1464403908691274,0.1888111888111888,0.705558944734826,1.0,17/142,7.64%,DPF3;MEGF10;GREM1;SMOC1;ALK;ALOX15B;PLEKHB1;EMP2;FGFR2;PHLDB1;RELN;EPHA3;RUNX3;APC2;NOTCH4;NLGN1;FGFR1
prerank,Regulation Of Mitochondrial Membrane Potential (GO:0051881),-0.596499029079825,-1.1454159344564232,0.26846846846846845,0.7080492805643357,1.0,8/31,15.61%,PINK1;UBB;ATP5IF1;SOD1;BAD;PARK7;TUSC2;SLC25A33
prerank,Myeloid Leukocyte Differentiation (GO:0002573),-0.5495454171984517,-1.1453398749904666,0.26501766784452296,0.7068312288542072,1.0,11/47,21.12%,SNX10;VEGFA;SRP54;GPR183;OSCAR;CD4;CBFA2T3;FARP2;SBNO2;PDE1B;HLA-DRB1
prerank,Activation Of Cysteine-Type Endopeptidase Activity (GO:0097202),-0.6592214414592585,-1.1444487389872413,0.30915371329879104,0.708309309299948,1.0,4/16,13.58%,PERP;CYFIP2;BAD;CYCS
prerank,Regulation Of Transcription By RNA Polymerase III (GO:0006359),-0.6097683014944993,-1.14397570897263,0.29056603773584905,0.7083891941628929,1.0,6/26,16.80%,ERCC6;TENM1;DDX21;PRDX5;ZNF143;POLR3G
prerank,Cardiac Conduction (GO:0061337),-0.5897950577307979,-1.1431337265994308,0.28233151183970856,0.709562705898189,1.0,5/33,5.43%,SCN3B;SCN2B;CACNA1G;KCND3;SLC4A3
prerank,Positive Regulation Of Ras Protein Signal Transduction (GO:0046579),0.5820062055294944,1.14293667535017,0.27705627705627706,0.713690077947232,1.0,9/32,17.47%,P2RY8;ARRB1;RASGEF1A;F2RL1;ROBO1;RASGRF1;NOTCH2;GPR65;F11R
prerank,Positive Regulation Of Excitatory Postsynaptic Potential (GO:2000463),-0.6445099423279071,-1.1422029017449769,0.325044404973357,0.71102631014518,1.0,5/18,8.13%,GRIN1;STX1B;RIMS1;RIMS2;GRIN2B
prerank,Positive Regulation Of Stress-Activated MAPK Cascade (GO:0032874),0.4905131323508435,1.138614162046291,0.23732718894009217,0.7248372824751564,1.0,8/78,7.19%,TPD52L1;SASH1;TNIK;PLCB1;MFHAS1;SH3RF1;DAB2IP;TGFB2
prerank,Negative Regulation Of Secretion By Cell (GO:1903531),-0.5947697686528988,-1.13805593101272,0.29947460595446584,0.72297642453858,1.0,4/27,3.75%,SYT4;CHGA;DRD2;OSM
prerank,Regulation Of Lamellipodium Assembly (GO:0010591),-0.5802691630328747,-1.1378917635055925,0.2766726943942134,0.7220494579852024,1.0,1/27,0.09%,DMTN
prerank,Negative Regulation Of Immune System Process (GO:0002683),0.5784597271673254,1.1376939758874045,0.2511520737327189,0.7253536059337773,1.0,9/28,13.68%,TYRO3;LGR4;MFHAS1;SOX9;IL17D;DAB2IP;GPR108;FCGR2B;TSC22D3
prerank,Autophagosome Maturation (GO:0097352),-0.5761035345568691,-1.1375101186258623,0.2672566371681416,0.7217229479576113,1.0,9/37,19.79%,MAP1LC3A;CALM1;MAP1LC3B;VMP1;BECN1;VTI1B;ATP2A2;VCP;VAMP7
prerank,Regulation Of Synapse Organization (GO:0050807),-0.6138417761992829,-1.137172817149436,0.30823117338003503,0.7213278079717637,1.0,3/21,1.24%,SLITRK4;TNF;CHRNB2
prerank,Negative Regulation Of Interleukin-2 Production (GO:0032703),-0.6460312266499315,-1.1351555123853452,0.32280701754385965,0.7262791398205161,1.0,5/17,12.92%,ZFP36;TNFAIP3;HAVCR2;CR1;VSIG4
prerank,Postreplication Repair (GO:0006301),-0.6351291796878116,-1.1351330281671714,0.3333333333333333,0.7249033620614163,1.0,1/19,1.88%,UBE2V2
prerank,Epithelial Cell Differentiation (GO:0030855),0.5140335486940327,1.1350631771953836,0.24096385542168675,0.731377145289916,1.0,8/61,4.95%,YAP1;LGALS3;ERBB4;HSF4;CES1;FGFR2;ZNF703;CNN3
prerank,Arachidonic Acid Metabolic Process (GO:0019369),0.5983768625278573,1.13484191214433,0.2974828375286041,0.7298250878583263,1.0,4/23,5.22%,EPHX1;CYP2J2;ALOX15B;PTGES3
prerank,Branching Morphogenesis Of An Epithelial Tube (GO:0048754),-0.6294195566100065,-1.1337562621123713,0.3303411131059246,0.7278580929556566,1.0,4/21,8.60%,NRARP;VEGFA;NPNT;NELL1
prerank,Establishment Of Protein Localization To Membrane (GO:0090150),0.5071436853234018,1.133622844733089,0.24946236559139784,0.7311900966215183,1.0,5/60,4.52%,PARD3;EGFR;ZDHHC11B;ZDHHC9;ZDHHC15
prerank,Regulation Of Protein Kinase Activity (GO:0045859),-0.491635285640934,-1.1327685792595075,0.24479166666666666,0.7296068563844547,1.0,16/98,10.75%,CAMK2N2;THY1;CENPE;TSPYL2;YWHAG;MAPRE3;DBNDD1;SOD1;PPIA;MAP2K3;CDKN1A;LCP2;PPM1E;TRIB1;C5AR1;ANKRD54
prerank,Post-Translational Protein Modification (GO:0043687),-0.5442697251751595,-1.1312851103781767,0.3108348134991119,0.7327503624933912,1.0,10/45,21.68%,PRKCA;ESCO2;PARP2;DSCC1;STT3A;SENP8;UBE2M;RNF7;JAK2;PARP9
prerank,Cellular Response To Osmotic Stress (GO:0071470),-0.626903061631076,-1.1304696909616834,0.32275132275132273,0.7338354134486459,1.0,4/23,13.53%,SCN2A;NLRP3;ZFP36L1;ZFAND1
prerank,Monoatomic Ion Transport (GO:0006811),-0.5058830704551854,-1.1303808864619085,0.24471830985915494,0.7326422198788101,1.0,11/74,3.68%,TMEM63C;SLC32A1;GRIN1;SLC1A1;CHRNB2;SLC8A2;GLRB;CHRNA7;CHRNA4;PLP2;SLC1A6
prerank,Regulation Of Organelle Organization (GO:0033043),0.48295951926716224,1.1299133458559445,0.2242152466367713,0.7399525749718684,1.0,8/86,6.16%,PLXNB1;SCARB2;MAPT;NEXN;CLEC16A;S100A8;TJP1;CAPN2
prerank,Positive Regulation Of Mitochondrial Fission (GO:0090141),-0.6533697940870544,-1.1294214978075,0.3298245614035088,0.7342321660246782,1.0,2/17,4.66%,PINK1;BNIP3
prerank,Cellular Response To Glucose Stimulus (GO:0071333),-0.6079701450632011,-1.1286273507361433,0.30675909878682844,0.7352620925654699,1.0,5/26,14.21%,PTPRN;KCNB1;MLXIPL;PTPRN2;RAB11FIP5
prerank,Potassium Ion Transmembrane Transport (GO:0071805),0.48856509735037285,1.1285849019814802,0.24942263279445728,0.741519686906622,1.0,19/82,8.68%,ABCC9;KCNJ10;KCND2;NALCN;SLC24A2;KCNH8;KCNJ3;KCNK1;SLC24A4;ATP1A2;KCNJ16;SLC24A3;SLC12A2;KCNH1;KCNJ5;KCNK10;KCNE3;KCNC4;KCNH7
prerank,Negative Regulation Of Signal Transduction In Absence Of Ligand (GO:1901099),-0.6472142928356552,-1.1283802303414845,0.35778175313059035,0.7331438851462627,1.0,4/16,4.64%,IL1B;IL1A;TNF;IFI6
prerank,Negative Regulation Of Extrinsic Apoptotic Signaling Pathway In Absence Of Ligand (GO:2001240),-0.6472142928356552,-1.1283802303414845,0.35778175313059035,0.7331438851462627,1.0,4/16,4.64%,IL1B;IL1A;TNF;IFI6
prerank,Response To Copper Ion (GO:0046688),-0.6445918633753692,-1.1283294523607708,0.3409490333919156,0.7318602408210302,1.0,2/16,4.97%,IL1A;MT3
prerank,Adenylate Cyclase-Activating G Protein-Coupled Receptor Signaling Pathway (GO:0007189),0.5286833077939735,1.1281314349101708,0.2652582159624413,0.7406655759092438,1.0,9/50,6.99%,ADCY8;ADCY2;ADGRL3;ADRA2C;CALCRL;PTH1R;ADCY9;GPR157;ADGRE3
prerank,miRNA-mediated Gene Silencing (GO:0035195),-0.6179379294081652,-1.1273708748434481,0.30701754385964913,0.7335518577097634,1.0,6/22,22.15%,ZFP36;NCBP2;EIF4E2;RBM4;EIF4G1;RAN
prerank,Lysosome Localization (GO:0032418),-0.5782778885816218,-1.1273093779553303,0.29597197898423816,0.7323363295093374,1.0,2/31,2.66%,RAB3A;CHGA
prerank,Skin Development (GO:0043588),0.5479266501435204,1.126782493731538,0.26107226107226106,0.742605595266939,1.0,11/36,15.03%,ITGB4;COL5A3;AHDC1;FGFR1;ITGA3;ASAH1;TXNIP;CSTA;COL5A2;PPP3CA;KRT10
prerank,Purine Ribonucleotide Catabolic Process (GO:0009154),-0.6154523487567498,-1.1258006096211257,0.33505154639175255,0.735641750507728,1.0,3/23,6.11%,NUDT11;HINT1;PNP
prerank,Regulation Of Viral Transcription (GO:0046782),-0.6546166628808808,-1.1257805700537258,0.35159010600706714,0.7342810856897033,1.0,1/15,2.85%,ZFP36
prerank,Peripheral Nervous System Development (GO:0007422),0.6248308478769087,1.1255407518186062,0.32505643340857787,0.7441145102329495,1.0,5/16,5.92%,SOX8;ERBB3;SOX10;UGT8;NFASC
prerank,Gland Development (GO:0048732),0.5491278783460344,1.1252890643046571,0.2863636363636364,0.7425568451279411,1.0,8/38,7.70%,TGFBR3;COBL;GLI2;FGFR2;SOX2;SOX9;NOTCH4;PROX1
prerank,Negative Regulation Of Protein Kinase Activity (GO:0006469),-0.5102608761115255,-1.1251793107664603,0.2690972222222222,0.7347436264378437,1.0,12/72,9.72%,CAMK2N2;THY1;GADD45A;PTPRB;YWHAG;DBNDD1;PPIA;PTPN1;PTPRO;CDKN1A;PPM1E;TRIB1
prerank,Positive Regulation Of Kinase Activity (GO:0033674),0.49269735355225214,1.1247569598932246,0.24449877750611246,0.7418534213655973,1.0,20/78,8.70%,ERBB4;EGFR;ERBB3;NTRK3;ROR1;FGFR3;TYRO3;ALK;ROR2;PDGFRB;SPDYA;FGFR2;IGF1R;MERTK;RELN;VAC14;FGFR1;DDR2;NTRK2;INSR
prerank,Negative Regulation Of Blood Vessel Morphogenesis (GO:2000181),0.518779124345091,1.124197254993458,0.26004728132387706,0.7413799330991717,1.0,12/48,9.35%,RGCC;THBS2;THBS4;COL4A3;SPARC;FOXO4;DAB2IP;TGFB2;FOXJ2;SEMA6A;ISM1;COL4A2
prerank,Brain Development (GO:0007420),0.45325991913324776,1.1237956591958451,0.2069767441860465,0.7403630275834888,1.0,16/126,8.14%,NFIB;MEIS2;CTNNA2;ADGRL3;DSCAML1;ARNT2;CDH2;CXCR4;SYNJ2;NFASC;PTCH1;RELN;GRIN2C;BAG6;PROX1;CADM2
prerank,Regulation Of Chromosome Organization (GO:0033044),-0.5599326339384473,-1.1233748149495035,0.27986348122866894,0.7389477601754078,1.0,2/37,2.60%,BUB1;TERF2IP
prerank,Positive Regulation Of Organelle Organization (GO:0010638),0.5722021064637438,1.1220699938661984,0.3026315789473684,0.743358726264393,1.0,5/29,12.78%,PPARGC1A;SORBS3;P2RX7;CALCOCO2;AKT2
prerank,Positive Regulation Of Axon Extension (GO:0045773),-0.6423921444846806,-1.121786905245605,0.3376383763837638,0.7423496399069849,1.0,4/16,8.60%,L1CAM;VEGFA;SEMA5A;NELL1
prerank,Receptor Signaling Pathway Via STAT (GO:0097696),0.595005721167307,1.1210272611329704,0.3195402298850575,0.7442056624528958,1.0,1/22,0.92%,GHR
prerank,Negative Regulation Of Transferase Activity (GO:0051348),-0.5759983395291711,-1.1209489895132663,0.32899628252788105,0.7435764303170158,1.0,3/33,2.85%,BUB1B;MAD2L1;ZFP36
prerank,Immunoglobulin Production Involved In Immunoglobulin-Mediated Immune Response (GO:0002381),-0.647581242104656,-1.1208663436493926,0.35628227194492257,0.7423600207347416,1.0,2/16,9.52%,HLA-DMA;HLA-DQA1
prerank,Response To Interleukin-1 (GO:0070555),-0.5416415391399162,-1.1205461712870508,0.2927689594356261,0.7419277466038062,1.0,7/48,5.06%,IL1B;CCL3;CCL2;CCL3L1;SMPD1;PRKCA;MYD88
prerank,Positive Regulation Of Rho Protein Signal Transduction (GO:0035025),0.6302754272385968,1.120434061768291,0.34934497816593885,0.7437362675630999,1.0,6/16,17.47%,P2RY8;ARRB1;F2RL1;ROBO1;GPR65;F11R
prerank,Myoblast Differentiation (GO:0045445),-0.6301076914778155,-1.120109460867849,0.3469387755102041,0.7418536995178181,1.0,3/17,14.07%,SDC1;MAPK12;JAG1
prerank,Alpha-Amino Acid Catabolic Process (GO:1901606),-0.6187439461866695,-1.119717771079238,0.3293515358361775,0.7416707423657495,1.0,3/20,11.38%,FANCA;IL4I1;KMO
prerank,Regulation Of Immunoglobulin Production (GO:0002637),-0.6248831337415387,-1.1196996430394361,0.33689839572192515,0.7402997414187731,1.0,7/17,26.87%,IL10;CR1;SASH3;XBP1;PHB2;HLA-E;STX4
prerank,"mRNA Splicing, Via Spliceosome (GO:0000398)",-0.44641150902049487,-1.1195690771562186,0.2119205298013245,0.7393166981176996,1.0,42/196,23.77%,CELF4;NOVA2;PIN1;SNU13;PRPF19;SRSF2;NCBP2;PPWD1;SRSF1;SART3;GPKOW;MTREX;SRSF7;SRSF9;RBM4;SNRPA1;RNPS1;HSPA8;PQBP1;DHX15;BCAS2;SYNCRIP;WDR77;LSM4;DBR1;SRSF4;DCPS;TXNL4A;EFTUD2;SNRPD1;SNRNP35;PPIL3;SF3B2;SRSF3;BUD31;PRPF4;SFPQ;STRAP;HTATSF1;CWC25;HNRNPC;COIL
prerank,Regulation Of Muscle Cell Differentiation (GO:0051147),0.6263142866389824,1.1194546116557014,0.3395348837209302,0.7444523467327848,1.0,6/17,7.21%,MEGF10;LAMA2;FGFR2;LAMC1;LAMB2;LAMA1
prerank,Glycosaminoglycan Biosynthetic Process (GO:0006024),-0.5445980684881707,-1.1186275938471466,0.2768166089965398,0.7406776890737923,1.0,4/47,3.19%,IL1B;B4GAT1;HS3ST1;CHPF
prerank,Chondroitin Sulfate Proteoglycan Biosynthetic Process (GO:0050650),0.6112679074938391,1.118362203976241,0.3547619047619048,0.7454969202308802,1.0,4/19,8.89%,CHST3;CSGALNACT1;CHST9;CHSY3
prerank,Positive Regulation Of Insulin Secretion (GO:0032024),0.5770747646698396,1.1181948091821594,0.31363636363636366,0.7437684393446257,1.0,1/27,0.12%,ADCY8
prerank,Positive Regulation Of Small Molecule Metabolic Process (GO:0062013),0.574632763684309,1.1178890591983706,0.3129251700680272,0.7424641146781432,1.0,10/29,12.96%,SLC4A4;SLC45A3;CES1;P2RX7;INSR;IRS1;APOE;LDLRAP1;AKT2;IRS2
prerank,Plasma Membrane Repair (GO:0001778),-0.63219712804597,-1.1171466706080215,0.36427320490367776,0.7437372447512355,1.0,3/17,4.80%,RAB3A;SYT7;SMPD1
prerank,Cellular Response To Amino Acid Starvation (GO:0034198),0.5378181866263154,1.1163455841124041,0.28289473684210525,0.7449934404155664,1.0,3/38,5.78%,PRKD1;NPRL2;SESN1
prerank,Positive Regulation Of Calcium Ion Transmembrane Transporter Activity (GO:1901021),-0.6148622149404955,-1.1161371456149953,0.3467889908256881,0.7456375218909896,1.0,8/21,15.64%,CALM3;ATP1B1;CALM1;P2RY6;VMP1;HTT;APEX1;STAC3
prerank,DNA Damage Response (GO:0006974),-0.42162595756954196,-1.1161086613231783,0.15309446254071662,0.7443119639649457,1.0,55/345,15.00%,MCM10;CHEK1;MOAP1;POLQ;BCL2A1;FANCA;GADD45A;TOP2A;CHRNA4;WDHD1;INSL6;E2F1;BTG2;IER3;XRCC3;BLM;IKBKE;BATF;RFC3;GNL1;PARP2;BRCA1;TRAIP;CDKN1A;PLK3;ENDOG;MAPK12;GRB2;LYN;WDR76;BCL2L2;UBE2T;MCL1;NABP2;INO80;SAMHD1;RAD51AP1;ATRIP;PPP1R15A;ZC3H12A;RRM1;IRF7;FBXO6;EXO1;APBB1;HDGFL2;XRCC2;LIG1;MTREX;POLE2;RPA3;AIM2;PARK7;APEX1;DEPDC1B
prerank,DNA Methylation (GO:0006306),-0.6456957604759921,-1.1153283459386307,0.3656307129798903,0.7453260143188611,1.0,5/17,18.64%,FOS;ZDBF2;HELLS;GATAD2A;DNMT3B
prerank,snRNA Processing (GO:0016180),0.6090840444434058,1.1144468245649701,0.34467120181405897,0.7488047751035192,1.0,6/17,17.04%,SAGE1;INTS5;INTS3;INTS10;INTS4;INTS11
prerank,Regulation Of Interleukin-10 Production (GO:0032653),-0.5818805593682086,-1.1136613352322953,0.3140350877192982,0.7490727477745245,1.0,3/28,8.02%,TNFRSF21;ISG15;NOD2
prerank,Regulation Of Neuron Apoptotic Process (GO:0043523),-0.49261867156089634,-1.1133438751441154,0.2543859649122807,0.7487342002674925,1.0,15/75,7.76%,TNF;VSTM2L;EGR1;PINK1;CCL3;UBB;CCL2;KCNB1;FAIM2;MT3;CDK5R1;CDK5;SOD1;NSMF;BDNF
prerank,Negative Regulation Of Immune Response (GO:0050777),0.5065511428404008,1.1126278879948468,0.2850467289719626,0.7521542923689317,1.0,3/53,2.60%,LGALS3;FYN;TYRO3
prerank,Endomembrane System Organization (GO:0010256),-0.45059155951665714,-1.1126145456880985,0.2231833910034602,0.7495814659142981,1.0,30/164,18.64%,LAPTM4B;OPTN;RAB6B;ATP8B3;SYP;SNX10;VPS18;HOOK1;GOLGA8A;SEC23IP;PHETA1;SRGN;CR1;DNM1;HOOK2;ATP8B1;VMP1;HTT;VAPB;LMNB1;REEP5;ARHGEF7;ATP8B4;SEC16A;SYNGR1;ATL1;GAK;JAGN1;DNM1L;CSNK1A1
prerank,Nucleobase-Containing Compound Catabolic Process (GO:0034655),-0.5538559072840564,-1.112590655115176,0.32922535211267606,0.7482549925869009,1.0,9/38,22.37%,ISG20;RNASE2;RNASEH1;RNASE3;MTREX;REXO4;XRN2;SUPV3L1;ENTPD4
prerank,Negative Regulation Of Catalytic Activity (GO:0043086),-0.6387558356592016,-1.11205888818946,0.33629893238434166,0.7485425455290502,1.0,7/18,21.68%,ATP5IF1;MT3;IFIT1;OXA1L;CAND1;TP53;PARP9
prerank,Response To Alcohol (GO:0097305),-0.6034556476646056,-1.110459992754497,0.32737030411449014,0.7519602613198002,1.0,8/20,8.13%,TH;GRIN1;CHRNB2;CCL3;SOD1;GRIN3A;GLRA1;GRIN2B
prerank,Positive Regulation Of Protein Kinase Activity (GO:0045860),-0.4746952832352564,-1.1101408791111138,0.25654450261780104,0.7515249587012544,1.0,15/114,8.32%,CLSPN;CENPE;EGR1;SLC8A2;CALM3;EZH2;MAPRE3;VEGFA;SLC11A1;CALM1;DLG3;PTPN1;MAP2K3;CDKN1A;LCP2
prerank,Positive Regulation Of Cell Motility (GO:2000147),0.43850176715783584,1.110091453162705,0.23136246786632392,0.7575685082180942,1.0,22/158,8.70%,LGR6;SEMA4B;FERMT2;DAAM2;EGFR;HGF;NTRK3;GPNMB;CXCR4;ROR2;PDGFRB;ZNF703;FGF1;SEMA3D;TJP1;IGF1R;CD151;SUN2;FER;FAM107A;CXCL12;INSR
prerank,Cellular Response To Organonitrogen Compound (GO:0071417),-0.4921610907924936,-1.1096774391651716,0.25871559633027524,0.7515709096629577,1.0,7/82,7.37%,GABRG2;DMTN;EGR1;BRCA1;P2RY6;NSMF;GLRA1
prerank,Negative Regulation Of Proteasomal Ubiquitin-Dependent Protein Catabolic Process (GO:0032435),-0.5893593490910914,-1.1093494664723091,0.3404634581105169,0.7512007309209904,1.0,1/28,0.76%,MAP1A
prerank,Peptidyl-Serine Modification (GO:0018209),-0.46051863174632124,-1.1091800590289704,0.25217391304347825,0.7503070617662644,1.0,11/145,5.74%,CLSPN;CAMKV;CAMK1G;PINK1;TTK;MAST1;PRKCQ;PRKCA;IKBKE;CDK5R1;CDK5
prerank,Regulation Of Monoatomic Cation Transmembrane Transport (GO:1904062),0.5522069401209054,1.1086556569288863,0.3146067415730337,0.7598082260025274,1.0,5/32,7.14%,DPP10;SNTA1;KCNIP3;GRIN2C;DPP6
prerank,Import Into Cell (GO:0098657),-0.5787046941865019,-1.1083850341343866,0.3398576512455516,0.7512346773000254,1.0,4/28,3.68%,SNAP25;SLC22A4;PLPPR4;SLC1A6
prerank,Response To Amino Acid (GO:0043200),-0.5847400211242452,-1.107900318884138,0.321880650994575,0.751386190136796,1.0,5/25,10.36%,GLRA3;GRIN1;NSMF;GLRA1;NEURL1
prerank,Positive Regulation Of Establishment Of Protein Localization (GO:1904951),-0.6271162912074837,-1.1072201241277684,0.32,0.7520084685020697,1.0,1/17,0.62%,TNF
prerank,Mitotic Cell Cycle Phase Transition (GO:0044772),0.4611615079357951,1.1072081628886437,0.2826086956521739,0.7620140021301844,1.0,5/93,5.50%,TPD52L1;FBXL7;PLCB1;SPDYA;CCND3
prerank,Macrophage Activation (GO:0042116),-0.575926197736781,-1.1066842294716632,0.3333333333333333,0.7523271331974459,1.0,4/28,4.76%,TNF;CD93;ITGAM;SLC11A1
prerank,Positive Regulation Of Protein Serine/Threonine Kinase Activity (GO:0071902),0.46971389986385065,1.1056766217043896,0.2430379746835443,0.7645102783207975,1.0,17/89,7.70%,TPD52L1;GHR;FERMT2;EGFR;NTRK3;FGF2;RGCC;LTF;PDGFRB;SPDYA;NEK10;FGF1;CCND3;TGFA;DAB2IP;FGFR1;PROX1
prerank,Regulation Of Ossification (GO:0030278),0.5792444248900656,1.1051351801579274,0.35253456221198154,0.7639702951480281,1.0,8/23,13.43%,ZBTB16;SOX9;PTN;LRP4;DDR2;TMEM53;NBR1;S1PR1
prerank,Positive Regulation Of Signal Transduction (GO:0009967),0.42508050659021807,1.1051272658272142,0.18453865336658354,0.7618401391688328,1.0,26/195,8.35%,TPD52L1;SASH1;YAP1;LGR6;KANK1;SORBS1;LAMA2;THRB;CRADD;EMP2;FGFR2;FGF1;LAMC1;ARMC9;GKAP1;LAMB2;TUBD1;RELN;GRIN2C;DAB2IP;TGFB2;LAMA1;NLGN1;MN1;NRXN1;GRB10
prerank,Positive Regulation By Host Of Viral Process (GO:0044794),0.6404651407144826,1.1050099397924389,0.382830626450116,0.7600434225416548,1.0,6/16,23.36%,ZDHHC9;ZDHHC8;PPIB;PIK3C3;ZFYVE1;ZDHHC20
prerank,Unsaturated Fatty Acid Metabolic Process (GO:0033559),0.5465532133580703,1.105009543956302,0.3325892857142857,0.7579024551542135,1.0,3/31,2.84%,EPHX1;CYP2J2;ALOX15B
prerank,Neural Tube Closure (GO:0001843),0.5634496489887386,1.1040286696172894,0.3579418344519016,0.7587226602604145,1.0,5/26,8.83%,COBL;DVL2;LRP2;TGFB2;DVL1
prerank,Regulation Of Innate Immune Response (GO:0045088),-0.5085951987418609,-1.1035023947537055,0.30716723549488056,0.7607674396891182,1.0,20/68,22.38%,FPR2;CDC37;PTPN1;TNFAIP3;CD1D;YWHAZ;SAMHD1;SLC15A4;APLP2;TRAFD1;CFH;POLR3G;POLR3B;PTPN22;IRF1;FGR;AKT1;LYAR;PARP9;TLR8
prerank,Regulation Of Heart Rate By Cardiac Conduction (GO:0086091),-0.5849981216253958,-1.1033566882908041,0.329608938547486,0.7597711607004072,1.0,4/28,5.20%,SCN3B;SCN2B;CACNA1G;KCND3
prerank,Positive Regulation Of Lipid Metabolic Process (GO:0045834),-0.6277157576507418,-1.1030522633527855,0.37777777777777777,0.7592734686561802,1.0,2/17,0.38%,IL1B;EEF1A2
prerank,Cellular Response To Growth Factor Stimulus (GO:0071363),0.455234308266462,1.1022950627220687,0.2682926829268293,0.7617562408013174,1.0,16/112,8.45%,BMPR1B;PRKD1;EGFR;HGF;NTRK3;MAGI2;CD44;BMP7;MAPT;HSPB1;SOX9;DAB2IP;LRP2;SEMA6A;ACVR2B;SOX5
prerank,Regulation Of Transferase Activity (GO:0051338),0.6043952107255867,1.1022872189152488,0.3592436974789916,0.7596439331684286,1.0,6/19,13.06%,EMP2;KAT2B;SPINDOC;LDB1;FEM1B;FEM1A
prerank,Negative Regulation Of Response To External Stimulus (GO:0032102),0.45553680245451006,1.102195728948161,0.27631578947368424,0.7577881751981072,1.0,8/100,4.50%,CTNNA2;RORA;CD109;FGF2;LTF;TYRO3;SERPINE1;MFHAS1
prerank,Antigen Processing And Presentation Of Exogenous Peptide Antigen (GO:0002478),-0.593322082816889,-1.1015974724702247,0.3298611111111111,0.7623227235784114,1.0,12/24,25.74%,HLA-DMA;HLA-A;HLA-DQA1;MFSD6;HLA-F;HLA-DRB1;LGMN;CTSF;CTSL;FCER1G;HLA-DMB;HLA-E
prerank,Membrane Lipid Biosynthetic Process (GO:0046467),0.5182091413677983,1.1015508294060452,0.311804008908686,0.7575460915932305,1.0,5/47,8.58%,PRKD1;HACD1;FA2H;PLPP3;ACER2
prerank,ERAD Pathway (GO:0036503),-0.49430640286489586,-1.1014770202207351,0.2893772893772894,0.7612712658169888,1.0,12/82,18.53%,FBXO2;PSMC6;CLGN;FBXO44;UBE2J1;FBXO6;TMUB2;DERL2;UBXN6;STUB1;TRIM25;VCP
prerank,Negative Regulation Of Proteasomal Protein Catabolic Process (GO:1901799),-0.5730232547582725,-1.1010854061410054,0.33856893542757416,0.7610754453436638,1.0,1/31,0.76%,MAP1A
prerank,Regulation Of Protein-Containing Complex Disassembly (GO:0043244),-0.6322465420010872,-1.1010595435796102,0.3712784588441331,0.7597690374738645,1.0,2/16,4.66%,TNF;BNIP3
prerank,Protein Methylation (GO:0006479),-0.5739557809067451,-1.10052678958256,0.34060402684563756,0.7599732316643601,1.0,3/28,8.65%,PRMT8;PCMT1;EEF2KMT
prerank,Chromosome Organization (GO:0051276),-0.5818522246083287,-1.100145722951112,0.34429065743944637,0.7597310983932952,1.0,6/25,22.71%,TOP2A;CDCA8;DOT1L;MYC;NUF2;NUP133
prerank,Regulation Of Notch Signaling Pathway (GO:0008593),-0.5182868105895607,-1.0998110376721093,0.31103074141048825,0.7594249350512445,1.0,7/54,8.02%,NRARP;MESP1;DLK1;EGFL7;BEND6;JAG2;NOD2
prerank,Positive Regulation Of Tumor Necrosis Factor Superfamily Cytokine Production (GO:1903557),-0.5122622907411338,-1.0998063820738038,0.30018083182640143,0.7580699403871923,1.0,20/60,25.74%,IL1A;CCL3;TNFRSF8;NOD2;HAVCR2;TLR2;TLR3;THBS1;FCGR3A;APP;LCP1;TMEM106A;JAK2;FRMD8;OAS1;RIPK1;PTPN11;DDT;PSEN1;HLA-E
prerank,Regulation Of Lipid Storage (GO:0010883),-0.631044480021271,-1.0995985673778141,0.38045375218150085,0.757282835571541,1.0,8/17,18.76%,TNF;VSTM2A;IKBKE;PTPN2;ZC3H12A;ITGAV;NFKB1;LCP1
prerank,Positive Regulation Of Tumor Necrosis Factor Production (GO:0032760),-0.514404103385572,-1.0994869066375248,0.3115942028985507,0.7562631224720052,1.0,20/57,25.74%,IL1A;CCL3;TNFRSF8;NOD2;HAVCR2;TLR2;TLR3;THBS1;FCGR3A;APP;LCP1;TMEM106A;JAK2;FRMD8;OAS1;RIPK1;PTPN11;DDT;PSEN1;HLA-E
prerank,Regulation Of Double-Strand Break Repair Via Nonhomologous End Joining (GO:2001032),-0.5725651024040312,-1.09923021630859,0.3197158081705151,0.7556734983884473,1.0,7/24,25.25%,INSL6;ERCC6;HSF1;AUNIP;CYREN;SMCHD1;PNKP
prerank,Cellular Response To Metal Ion (GO:0071248),-0.47367048285140023,-1.0990474359871925,0.2927241962774958,0.7548967966373556,1.0,11/99,5.26%,DMTN;SYT1;SYT4;SYT5;SYT13;FOS;SYT7;BNIP3;SMPD1;MT3;PPIF
prerank,Negative Regulation Of Hydrolase Activity (GO:0051346),-0.5631596183458976,-1.097043604483001,0.3370165745856354,0.7596712642097986,1.0,4/31,3.61%,HRAS;ATP5IF1;PITX3;CTSB
prerank,Secondary Alcohol Metabolic Process (GO:1902652),-0.5769314182974614,-1.0970315309058132,0.3480565371024735,0.7583510587826462,1.0,1/27,0.24%,CH25H
prerank,"Retrograde Transport, Endosome To Golgi (GO:0042147)",-0.4861824815058576,-1.0938545865804896,0.30550621669627,0.7667643200033947,1.0,13/82,17.45%,RAB6B;RAB7B;PHETA1;PREPL;YKT6;BET1L;TBC1D14;SNX8;CLTCL1;UBE2O;DCTN1;VTI1B;HEATR5B
prerank,Establishment Of Protein Localization To Organelle (GO:0072594),-0.4897626448686464,-1.0936958085026296,0.30282861896838603,0.765862609626089,1.0,26/73,23.94%,PINK1;HK2;KPNB1;RANBP6;HK1;RAB11A;SEC13;NUP50;APLP2;PTTG1IP;RANBP17;PRICKLE1;PPP1R10;NUP98;BCL3;AKT1;HEATR3;PHB2;RAN;NUP133;NXT1;KPNA2;POM121;KPNA6;IPO7;E2F3
prerank,Action Potential (GO:0001508),-0.5842079293754875,-1.0925111598350863,0.3597122302158273,0.7681142655276934,1.0,4/24,5.43%,SCN3B;CHRNA4;KCNB1;SLC4A3
prerank,Regulation Of Stem Cell Population Maintenance (GO:2000036),0.5066827639315581,1.0913645640797152,0.32079646017699115,0.7854325597022273,1.0,10/50,19.88%,ZNF706;KAT2A;PTN;REST;ARID4A;PHF10;SIRT6;SAP30;BRMS1L;BCL7C
prerank,Regulation Of Autophagosome Maturation (GO:1901096),0.6205220619506701,1.0906928249033199,0.3669724770642202,0.7853811989112792,1.0,3/16,8.69%,CLEC16A;CALCOCO2;UBQLN4
prerank,Protein Phosphorylation (GO:0006468),0.38851439141067867,1.0905962656006831,0.1736842105263158,0.7834724402470201,1.0,51/417,10.52%,TGFBR3;BMPR1B;PRKD1;EFEMP1;ERBB4;DMPK;EGFR;FYN;STK33;STK32A;CDKL1;TNIK;FGFR3;CDK18;TYRO3;ALK;PDGFRB;NEK10;MYLK3;FGFR2;PKDCC;IGF1R;RELN;EPHA3;RUNX3;CDC42BPA;DAB2IP;DYRK2;TGFB2;EPHB1;CDKL4;COQ8A;MKNK2;FGFR1;DDR2;ACVR2B;NTRK2;FER;INSR;MAP4K5;TLR7;SGK3;DAPK2;PXK;ACVR1C;DDR1;CSNK1G1;GRK4;CDKL3;ULK1;GRK3
prerank,Striated Muscle Contraction (GO:0006941),-0.5733980304562348,-1.0904460517886292,0.34552102376599636,0.7729353943246293,1.0,4/27,4.12%,SCN3B;SCN2B;LMOD3;ATP1B1
prerank,Negative Regulation Of Cell-Matrix Adhesion (GO:0001953),-0.5710870300225912,-1.0901166580695485,0.36510791366906475,0.7726198668319532,1.0,2/26,3.83%,DMTN;PLET1
prerank,Response To Cholesterol (GO:0070723),0.611502823454318,1.0901001461517439,0.376940133037694,0.7828066795654164,1.0,3/16,6.08%,GRAMD1C;CES1;PTCH1
prerank,"Phagocytosis, Engulfment (GO:0006911)",-0.5689725733367338,-1.0895221582369858,0.32752613240418116,0.7730310070450693,1.0,4/27,4.56%,MARCO;RAC3;CD36;ITGAM
prerank,Regulation Of Actin Cytoskeleton Reorganization (GO:2000249),0.595431470223147,1.0894390892340413,0.38148984198645597,0.7826919748222763,1.0,3/19,12.59%,RAPGEF3;BAIAP2L2;NOTCH2
prerank,Negative Regulation Of MAP Kinase Activity (GO:0043407),-0.5268594207932586,-1.08924519419259,0.32094594594594594,0.7724594806536351,1.0,6/42,9.44%,IL1B;UCHL1;SMPD1;PTPN1;SH2B3;LYN
prerank,Regulation Of T Cell Differentiation (GO:0045580),-0.5670073453737384,-1.0891746810037644,0.35379061371841153,0.7712877692013764,1.0,3/30,8.11%,FANCA;SOD1;RHOH
prerank,Hexose Metabolic Process (GO:0019318),-0.5621813901664198,-1.0890407828397881,0.37842778793418647,0.7703836304969017,1.0,8/32,11.63%,HK3;PMM1;HK2;GHRL;HK1;SLC37A4;CHST1;FUOM
prerank,Negative Regulation Of Intrinsic Apoptotic Signaling Pathway (GO:2001243),-0.5150926624126289,-1.0885298215261061,0.32653061224489793,0.7705994829189583,1.0,11/53,16.10%,CDKN2D;PINK1;PPIF;PPIA;PTPN1;BCL2L2;NOC2L;PARK7;CREB3;PTTG1IP;PLAUR
prerank,Nervous System Development (GO:0007399),0.39609439246575195,1.0883563447071587,0.20984455958549222,0.7836646667069024,1.0,48/313,7.84%,NPAS2;SOX8;BOC;LSAMP;ADORA1;ERBB4;ADGRL3;PLPPR1;PTPRZ1;EGFR;ERBB3;DSCAML1;ARNT2;KALRN;FAT4;BRINP3;SOX10;CDH2;FGF2;TYRO3;CXCR4;SPOCK1;LGI1;DOC2A;UGT8;MAL;ADAM22;GPM6A;SH3GL3;ZBTB16;VXN;MERTK;NFASC;FGF14;ZNF358;PTN;TMOD2;RELN;APC2;BRINP2;NINJ2;NLGN1;EPHB1;PLXND1;PROX1;FARP1;GPM6B;SEMA6A
prerank,Neuron Projection Extension (GO:1990138),-0.5629829868882292,-1.088261864667623,0.3459552495697074,0.7700269597556288,1.0,7/32,8.60%,NRN1;MAP1B;S100B;CDK5;NELL2;SEMA5A;NELL1
prerank,Positive Regulation Of Protein Secretion (GO:0050714),-0.5153951173346804,-1.0879860902896257,0.35106382978723405,0.769485965305419,1.0,12/52,14.97%,IL1A;ACHE;NNAT;PPIA;MYH10;GHRL;BAD;EXOC7;TLR2;APBB1;ADAM9;APBB3
prerank,Sphingolipid Metabolic Process (GO:0006665),0.48234771675351895,1.087377780021683,0.3194444444444444,0.7843648863959387,1.0,10/71,8.58%,PRKD1;HACD1;FA2H;UGT8;GAL3ST1;PLPP3;ENPP2;TECR;TEX2;ACER2
prerank,Endocytosis (GO:0006897),-0.4408069943067755,-1.0871285310322567,0.2638888888888889,0.7706603187072344,1.0,21/163,11.40%,MARCO;ANXA3;CD36;AMPH;SYP;CD93;SYT7;DNER;ITGAM;SLC11A1;MYD88;OCIAD2;MRC1;P2RY6;CEACAM4;DNM1;TFR2;HOOK2;RHOBTB2;AP3M1;MYCBPAP
prerank,Membrane Fusion (GO:0061025),-0.6030092671447171,-1.08676080744113,0.3890909090909091,0.7703610434747742,1.0,3/22,5.20%,RIMS1;NSF;DPP4
prerank,Positive Regulation Of Microtubule Polymerization Or Depolymerization (GO:0031112),-0.581189316743898,-1.0863013241987136,0.3663716814159292,0.7703547370908059,1.0,2/23,5.52%,STMN2;CDK5R1
prerank,Protein Sumoylation (GO:0016925),0.5138519067169317,1.0859610306151748,0.31476997578692495,0.7862904685337017,1.0,3/41,5.74%,EYA1;PIAS4;TRIM28
prerank,Regulation Of Response To Biotic Stimulus (GO:0002831),-0.5665248327434403,-1.0857394651243268,0.36379310344827587,0.7706050520981961,1.0,7/30,20.40%,CD36;SAMHD1;PTPN22;IRF1;FGR;TRAF3;TRIM5
prerank,Positive Regulation Of DNA Biosynthetic Process (GO:2000573),0.4944560897171555,1.0850681520258925,0.3094170403587444,0.7867992856755015,1.0,7/58,5.22%,GREM1;HGF;GINS3;FGF2;RGCC;PDGFRB;PTGES3
prerank,Tube Closure (GO:0060606),0.5680544202714122,1.0849490470828125,0.36551724137931035,0.7829068435028553,1.0,4/23,7.19%,COBL;DVL2;LRP2;TGFB2
prerank,Primary Neural Tube Formation (GO:0014020),0.5680544202714122,1.0849490470828125,0.36551724137931035,0.7829068435028553,1.0,4/23,7.19%,COBL;DVL2;LRP2;TGFB2
prerank,Nucleus Organization (GO:0006997),0.5311835923333394,1.0840496840812324,0.3393258426966292,0.7836295280876256,1.0,1/37,0.99%,DMPK
prerank,Positive Regulation Of Autophagosome Assembly (GO:2000786),-0.6257905539030644,-1.0826268997628015,0.40219378427787933,0.7787642195942949,1.0,1/15,0.79%,MOAP1
prerank,Regulation Of Macromolecule Biosynthetic Process (GO:0010556),0.5090579640948515,1.0818037409198695,0.3476297968397291,0.7879665717824661,1.0,6/48,12.27%,MITF;JADE2;MSI2;RPL10;ULK1;S100A9
prerank,Negative Regulation Of Innate Immune Response (GO:0045824),-0.5313755788122305,-1.0817825717384553,0.34982935153583616,0.7799927741550085,1.0,16/46,20.98%,SUSD4;ISG15;TNFAIP3;YWHAZ;CR1;PTPN2;SAMHD1;VSIG4;NLRC5;TRAFD1;YTHDF3;FAM3A;USP18;YTHDF2;AKT1;LYAR
prerank,Cellular Response To Type II Interferon (GO:0071346),-0.546989370214937,-1.0813299291071095,0.3641025641025641,0.780011842422159,1.0,13/38,18.03%,CCL3;CCL2;CCL3L1;CALM1;GAPDH;IL12RB1;IFNGR2;TLR2;STAT1;CD58;SYNCRIP;IRF8;IRF1
prerank,Regulation Of Transcription Involved In G1/S Transition Of Mitotic Cell Cycle (GO:0000083),-0.6150993358564987,-1.0803965129317634,0.40734265734265734,0.7814287856728408,1.0,4/16,5.74%,ID2;E2F1;E2F7;CDK5
prerank,Mitochondrial Gene Expression (GO:0140053),-0.46968707815755184,-1.0793779683237044,0.30755064456721914,0.783098888986806,1.0,31/92,28.04%,MRPL27;MRPS33;MRPL55;MRPL54;MRPL40;FASTKD2;MRPL28;MRPL34;MRPL13;MRPL57;MRPS7;MRPL23;SLC25A33;FASTKD3;MRPL9;CHCHD1;MRPL14;MRPL22;MRPS15;MRPL43;GADD45GIP1;MRPL17;MRPL42;MRPL4;MRPS21;MRPS26;MRPL41;MRPL44;MRPL20;MRPL37;MRPL24
prerank,Vitamin Transport (GO:0051180),-0.5796618831518731,-1.0782724948866698,0.3720508166969147,0.7849954537822459,1.0,2/25,2.00%,SLC2A6;SLC2A3
prerank,Vesicle Budding From Membrane (GO:0006900),-0.5687594558745881,-1.0770126219704308,0.4049733570159858,0.7874813045468927,1.0,7/27,23.73%,AP2M1;SEC13;RILP;VAPB;TRAPPC2;TMED10;GOLPH3
prerank,Positive Regulation Of Leukocyte Mediated Cytotoxicity (GO:0001912),0.5774146628784418,1.077008352650754,0.36607142857142855,0.8001801757059397,1.0,2/25,1.53%,KLRD1;CADM1
prerank,Negative Regulation Of G1/S Transition Of Mitotic Cell Cycle (GO:2000134),-0.572668115955344,-1.076920717691544,0.39823008849557523,0.7864244289201623,1.0,7/27,9.00%,WEE1;CCL2;E2F7;FHL1;CDKN1A;PLK3;INHBA
prerank,Regulation Of Mitotic Cell Cycle (GO:0007346),-0.46582089056978687,-1.0766861198537963,0.3333333333333333,0.7857772188155652,1.0,19/105,13.56%,FOXA1;TMEM8B;MKI67;MAD2L1;IL10;CDCA2;PIN1;BTG2;PRKCA;CDC25C;CCNB1;ANAPC13;RNF40;YWHAE;SPHK1;PIM3;DYNLT3;EIF4E;PLK1
prerank,Endosome To Lysosome Transport (GO:0008333),-0.5081750677600576,-1.0762417676781058,0.3241758241758242,0.7856961239571792,1.0,10/48,12.55%,DENND3;CACNG8;RAB7B;VPS18;HOOK1;CACNG2;HOOK2;TPCN2;RHOB;RILP
prerank,Neuron Differentiation (GO:0030182),-0.4626495897237355,-1.0761794611669657,0.3293310463121784,0.7845649425513389,1.0,19/100,9.00%,IER2;FOXA1;ID2;EN1;POU3F2;NOVA2;MYT1L;PITX3;PIN1;VEGFA;WNT3;CDK5R1;CDK5;ERCC6;EN2;NIF3L1;TENM1;LMX1B;INHBA
prerank,Regulation Of Filopodium Assembly (GO:0051489),-0.5295609372022286,-1.075696119707619,0.37358490566037733,0.7845328645668136,1.0,2/37,0.34%,DMTN;GAP43
prerank,Negative Regulation Of Organelle Assembly (GO:1902116),0.5313584147130674,1.0750970340860757,0.3665893271461717,0.8037395395876886,1.0,4/35,5.60%,YAP1;NUPR1;KAT2B;KAT2A
prerank,Vesicle Cargo Loading (GO:0035459),-0.596458851258995,-1.074643010923437,0.4032846715328467,0.7863829876523104,1.0,2/19,12.08%,SEC23B;SEC13
prerank,Actin Filament Bundle Assembly (GO:0051017),-0.5722557626716062,-1.0745652796371359,0.3862433862433862,0.7852635438219272,1.0,6/25,14.62%,DMTN;ADD2;LIMA1;MYO1B;DPYSL3;SHROOM2
prerank,Granulocyte Chemotaxis (GO:0071621),-0.552505605256679,-1.0743619505537694,0.37181663837011886,0.7845837667290404,1.0,7/30,6.40%,CCL3;CXCL10;TREM1;CCL2;CCL3L1;PPIA;SRP54
prerank,Heart Looping (GO:0001947),-0.585134118453807,-1.0742843567282883,0.4024390243902439,0.7834515151170536,1.0,2/21,2.14%,MESP1;NDRG4
prerank,Regulation Of Amide Metabolic Process (GO:0034248),-0.5377458309536038,-1.0741055450468289,0.3559633027522936,0.7826773750795072,1.0,2/37,6.34%,PGAM1;RBM3
prerank,Positive Regulation Of Double-Strand Break Repair (GO:2000781),0.4701666374281484,1.0738079340602422,0.33176470588235296,0.8056439680361,1.0,2/81,0.41%,FMN2;DPF3
prerank,Negative Regulation Of Protein Depolymerization (GO:1901880),-0.5822937548050096,-1.0735615582724651,0.4130052724077329,0.7830504867365595,1.0,3/20,9.95%,STMN2;FGF13;LIMA1
prerank,Regulation Of Neurotransmitter Receptor Activity (GO:0099601),-0.5641793165101026,-1.0733953366820657,0.36824324324324326,0.782299136013662,1.0,8/27,10.65%,PRRT1;MAPK8IP2;OPRM1;DLGAP3;CACNG8;CACNG2;GSG1L;NPTXR
prerank,Positive Regulation Of Cell Adhesion (GO:0045785),-0.5064221981671594,-1.0731618864059596,0.3544973544973545,0.7816654467367491,1.0,9/55,8.35%,RET;RAC3;TNF;DUSP26;VEGFA;NPNT;PRKCA;RELL2;ECM2
prerank,Positive Regulation Of Pathway-Restricted SMAD Protein Phosphorylation (GO:0010862),0.577926984294613,1.0730566806072273,0.3658008658008658,0.8056735355676305,1.0,3/20,7.19%,RBPMS;BMP7;TGFB2
prerank,Intracellular Protein Transmembrane Transport (GO:0065002),-0.5255760615518821,-1.0729500628773738,0.36428571428571427,0.7809878960983495,1.0,16/43,28.28%,TOMM40L;SRP54;TIMM17A;TRIM37;TOMM20;TOMM70;SEC63;SEC61A1;GRPEL1;TOMM40;HSPD1;ZFAND2B;DNAJC15;RTN2;SEC62;PEX10
prerank,"Positive Regulation Of Synaptic Transmission, Glutamatergic (GO:0051968)",-0.6286772783539569,-1.07292931752029,0.40998217468805703,0.7797688223467211,1.0,4/15,8.13%,GRIN1;CCL2;CACNG8;GRIN2B
prerank,Regulation Of Osteoclast Differentiation (GO:0045670),-0.5691694808430801,-1.072788792814704,0.39107142857142857,0.7789010432721103,1.0,2/25,1.76%,TNF;CCL3
prerank,Positive Regulation Of Lipid Kinase Activity (GO:0090218),0.567902238177884,1.0727323121001067,0.39712918660287083,0.8045087434760534,1.0,5/21,3.90%,PRKD1;FGFR3;FGF2;PDGFRB;MAPT
prerank,Actin Filament Bundle Organization (GO:0061572),-0.5751735300751979,-1.0727225233893303,0.4052631578947368,0.7777651640895109,1.0,6/25,14.62%,DMTN;ADD2;LIMA1;MYO1B;DPYSL3;SHROOM2
prerank,Regulation Of Protein Secretion (GO:0050708),-0.495533053093923,-1.0725234358690705,0.3249097472924188,0.7770107573930408,1.0,7/66,3.21%,IL1B;IL1A;TNF;ACHE;SNAP25;SYT7;DRD2
prerank,Regulation Of Insulin Secretion (GO:0050796),-0.5220417776340084,-1.0723651523318425,0.34798534798534797,0.7761869460382332,1.0,7/52,4.60%,IL1B;TNF;SNAP25;NNAT;CHGA;SYT7;KCNB1
prerank,Telomere Maintenance Via Telomere Lengthening (GO:0010833),-0.5956081137299785,-1.0721328927906544,0.42678571428571427,0.7755934823429017,1.0,4/19,13.74%,TERF2IP;ZBTB48;NHP2;TELO2
prerank,Heterophilic Cell-Cell Adhesion Via Plasma Membrane Cell Adhesion Molecules (GO:0007157),0.5378513099308675,1.0720185235493391,0.3792325056433409,0.8046216927615314,1.0,9/32,7.27%,CRB2;FAT4;CADM1;CRB1;IL1RAPL1;PTPRD;HMCN1;NECTIN1;NLGN1
prerank,Regulation Of Double-Strand Break Repair Via Homologous Recombination (GO:0010569),-0.49979589485399495,-1.0714633064843058,0.35583941605839414,0.7763182452256016,1.0,6/65,5.78%,CHEK1;POLQ;TERF2IP;INSL6;FUS;ERCC6
prerank,Amino Acid Transmembrane Transport (GO:0003333),0.5414067705200705,1.0713257550227275,0.35253456221198154,0.8046293744833287,1.0,3/28,4.62%,SLC7A11;SLC25A18;SLC38A2
prerank,Extrinsic Apoptotic Signaling Pathway (GO:0097191),-0.5038542018035953,-1.0706450982866775,0.3628472222222222,0.7773599773161187,1.0,4/55,1.04%,MLLT11;TNF;MOAP1;BCL2A1
prerank,Positive Regulation Of Transferase Activity (GO:0051347),0.4386730721674185,1.0703776868244959,0.3107476635514019,0.8054867699841406,1.0,24/110,7.96%,ERBB4;GREM1;ARRDC4;EGFR;ERBB3;NTRK3;GINS3;ROR1;FGFR3;BMI1;TYRO3;ALK;ROR2;DCUN1D4;PDGFRB;FGFR2;PTGES3;IGF1R;MERTK;VAC14;FGFR1;DDR2;NTRK2;CHTF8
prerank,L-alpha-amino Acid Transmembrane Transport (GO:1902475),0.5446421915478075,1.0697674371064871,0.3372093023255814,0.805203986818057,1.0,4/30,4.62%,SLC7A11;SLC25A18;SLC1A2;SLC38A2
prerank,Mononuclear Cell Differentiation (GO:1903131),-0.6071138971798403,-1.069592460758849,0.4199288256227758,0.7791561635674342,1.0,3/19,9.44%,RELB;VEGFA;LYN
prerank,Positive Regulation Of DNA Recombination (GO:0045911),-0.5182223605658512,-1.0695430092481986,0.37455197132616486,0.7780590333710693,1.0,9/48,15.48%,INSL6;FUS;ERCC6;TFRC;ACTR2;RAD51AP1;PAXIP1;HDGFL2;RUVBL1
prerank,Neuropeptide Signaling Pathway (GO:0007218),-0.59953818952097,-1.0693507135558646,0.4042145593869732,0.7773544925810527,1.0,6/20,7.37%,SSTR1;GLRB;GPR84;OPRM1;NTSR1;GLRA1
prerank,Ceramide Biosynthetic Process (GO:0046513),-0.5597726137050043,-1.0692943273147135,0.3956043956043956,0.7762465760977162,1.0,8/28,16.93%,ST8SIA3;SMPD1;B4GALNT1;ST6GALNAC5;ST8SIA6;B4GALT6;SPTLC2;SMPD2
prerank,Positive Regulation Of Protein Localization (GO:1903829),0.47669106202565203,1.069222736300165,0.3325301204819277,0.8046787460658356,1.0,6/73,3.90%,YAP1;WWTR1;FERMT2;FYN;CORO2B;MAPT
prerank,Release Of Cytochrome C From Mitochondria (GO:0001836),-0.6080855369757029,-1.0685481754837725,0.44035087719298244,0.777117199651762,1.0,4/17,10.95%,BCL2A1;IFI6;GGCT;MCL1
prerank,Protein Import Into Mitochondrial Matrix (GO:0030150),-0.5987005833890714,-1.0681067225313605,0.4007220216606498,0.7770881285245643,1.0,6/15,22.75%,TOMM40L;TIMM17A;TOMM20;TOMM70;GRPEL1;TOMM40
prerank,Regulation Of Cyclin-Dependent Protein Serine/Threonine Kinase Activity (GO:0000079),-0.48751325768681286,-1.068003628452554,0.33098591549295775,0.7761154597765383,1.0,10/65,7.25%,CDK5R2;CDKN2D;GADD45A;MAPRE3;CDC37;CDC25C;BLM;CDK5R1;CCNB1;CDKN1A
prerank,Phosphatidylinositol-Mediated Signaling (GO:0048015),0.49190454375141224,1.067124928004307,0.3526570048309179,0.8088945494853816,1.0,12/51,9.17%,ERBB3;TYRO3;PLCB1;PDGFRB;PLCG2;PIK3CA;IGF1R;PLEKHA1;PLCE1;KCNH1;FGFR1;IRS1
prerank,Peptide Antigen Assembly With MHC Protein Complex (GO:0002501),-0.6371456418628146,-1.0671159795941743,0.42424242424242425,0.7774074770382808,1.0,2/15,9.52%,HLA-DMA;HLA-DQA1
prerank,Protein Import Into Nucleus (GO:0006606),-0.49080178057260443,-1.0666862130779964,0.3441226575809199,0.7774073089987728,1.0,23/65,23.94%,KPNB1;RANBP6;SEC13;NUP50;APLP2;PTTG1IP;RANBP17;PRICKLE1;PPP1R10;NUP98;BCL3;AKT1;HEATR3;RANBP2;PHB2;RAN;NUP133;NXT1;KPNA2;POM121;KPNA6;IPO7;E2F3
prerank,Response To Cadmium Ion (GO:0046686),0.5852941186878348,1.0666593273720624,0.38588235294117645,0.8082110847914781,1.0,2/17,4.13%,EGFR;MT1F
prerank,Regulation Of Interferon-Beta Production (GO:0032648),-0.5172226086642693,-1.0659255090029955,0.36813186813186816,0.7783496716949589,1.0,19/45,26.89%,RELB;ISG15;TLR2;IRF7;TOMM70;TLR3;POLR3G;POLR3B;IRF1;TRAF3;FLOT1;TLR8;TBK1;OAS1;REL;PTPN11;LILRB1;DHX9;POLR3A
prerank,Regulation Of Apoptotic Signaling Pathway (GO:2001233),0.5098825471209971,1.0658501007430583,0.38388625592417064,0.8084753507615678,1.0,2/38,2.58%,TPD52L1;CRADD
prerank,Macromolecule Modification (GO:0043412),-0.4861974590419907,-1.0657871809525739,0.3614678899082569,0.7774721077020553,1.0,6/68,8.29%,FBXO2;PLAT;FBXL2;QPCT;UBE2L3;USP6
prerank,"Retrograde Vesicle-Mediated Transport, Golgi To Endoplasmic Reticulum (GO:0006890)",-0.5284659946192907,-1.0654004969423074,0.36310679611650487,0.7773007102274928,1.0,10/41,26.46%,RAB6B;RINT1;HTT;STX18;ERGIC3;TMED10;GOLPH3;RAB6A;ARF5;COPG2
prerank,Regulation Of JUN Kinase Activity (GO:0043506),0.5298937519483732,1.0646568919365826,0.36281179138321995,0.8099524865799482,1.0,5/33,6.84%,SASH1;DUSP16;DVL2;DUSP10;DAB2IP
prerank,Positive Regulation Of Multicellular Organismal Process (GO:0051240),0.39820412077814993,1.0645662345899645,0.3045822102425876,0.8081677566939359,1.0,23/248,6.21%,PRDM16;WWTR1;BMPR1B;SOX8;GHR;FERMT2;OXTR;CRB2;GJA1;CADM1;FGF2;RGCC;CXCR4;PLCB1;PPARGC1A;SERPINE1;ZNF703;TMEM64;IGF1R;KAT2A;ZBTB16;SOX9;PTN
prerank,Mitochondrial Transport (GO:0006839),-0.5157262577989988,-1.0643176832452625,0.38035714285714284,0.7791595552198975,1.0,16/49,17.70%,PINK1;SLC25A4;TOMM34;BNIP3;PPIF;BAD;TIMM13;TIMM17A;SPG7;TOMM20;MFF;TOMM70;TIMM10;OXA1L;MFN2;PITRM1
prerank,Negative Regulation Of DNA Biosynthetic Process (GO:2000279),-0.5798382821610677,-1.0640658091272992,0.39464285714285713,0.7786533703292225,1.0,7/23,23.69%,CDKN1A;TENM1;TINF2;TERF2;TP53;NAT10;HNRNPC
prerank,Determination Of Heart Left/Right Asymmetry (GO:0061371),-0.5765464392101691,-1.0635967083670903,0.4205933682373473,0.7787073963060933,1.0,2/22,2.14%,MESP1;NDRG4
prerank,Neutrophil Chemotaxis (GO:0030593),-0.5557996290310302,-1.0633780987697978,0.3927958833619211,0.7780913493418571,1.0,7/27,6.40%,CCL3;CXCL10;TREM1;CCL2;CCL3L1;PPIA;SRP54
prerank,Positive Regulation Of Axonogenesis (GO:0050772),0.5369322878288528,1.0631316171519227,0.37986270022883295,0.8103229349733245,1.0,5/32,7.91%,PLXNB1;PLXNA1;MAPT;PLXND1;NTRK2
prerank,Protein Localization To Membrane (GO:0072657),-0.43080806767649443,-1.0630574959683579,0.32608695652173914,0.7777064456212138,1.0,25/162,11.62%,SCN3B;RAB3A;RAB3C;TNF;THY1;RAB6B;RFTN1;CYP46A1;SLC9A3R2;ANK1;ATP1B1;CACNB3;KCNB1;STXBP1;PACSIN1;KCNB2;TM9SF3;FGF13;RAB40A;ITGAL;MRAP2;TESC;RAB38;EPB41L3;RAB11A
prerank,Regulation Of Epithelial To Mesenchymal Transition (GO:0010717),0.4888617744680303,1.0630322259355611,0.3621495327102804,0.8085558950450816,1.0,12/55,7.73%,WWTR1;FERMT2;GREM1;CRB2;RGCC;ZNF703;PHLDB1;USF3;EPHA3;DAB2IP;TGFB2;SPRY1
prerank,Cellular Response To Gamma Radiation (GO:0071480),0.6123590999231915,1.0630112959050624,0.4043956043956044,0.8065447557557296,1.0,1/15,0.17%,YAP1
prerank,Regulation Of Protein-Containing Complex Assembly (GO:0043254),-0.47012522575752913,-1.062650910300648,0.33053691275167785,0.7776312295872709,1.0,9/92,6.03%,TNF;PINK1;CD36;STX1B;VEGFA;STXBP1;TRABD2A;CHAF1B;VPS18
prerank,Positive Regulation Of Macromolecule Metabolic Process (GO:0010604),-0.4154229463791147,-1.0624884962511292,0.29462738301559793,0.7768337315460124,1.0,27/233,6.21%,AGTR1;IL1B;IL1A;TNF;KLF2;EGR1;ID2;CD36;OLFM1;CCL3;UHRF1;OCRL;CHRNA7;ACTG1;RIMS1;E2F1;NSF;PIK3R3;VSTM2A;NTSR1;VEGFA;SLC11A1;WNT3;MT3;MYD88;BRCA1;PTPN1
prerank,Protein Catabolic Process (GO:0030163),-0.47485329870263326,-1.0624230886607655,0.34532374100719426,0.7757786157300449,1.0,6/77,6.03%,FBXO2;DENND3;CTSB;FBXO44;BNIP3;PRPF19
prerank,RNA Polymerase II Preinitiation Complex Assembly (GO:0051123),-0.5272868395971744,-1.0620095988047995,0.3663194444444444,0.7756984008041993,1.0,6/40,15.75%,MED29;MED18;GTF2A1;MED8;TAF7;TAF2
prerank,Metal Ion Transport (GO:0030001),-0.4553406801237247,-1.0617308418037472,0.3250883392226148,0.7752664837946374,1.0,19/99,7.69%,SCN3B;ATP2A3;CHRNB2;SCN7A;KCNJ6;CCL3;SCN2A;CHRNA7;CHRNA4;KCNJ13;CACNB3;CACNG8;SLC11A1;KCND3;KCNMB1;SCN3A;TUSC3;GRIN3A;KCNB2
prerank,Lymphocyte Differentiation (GO:0030098),-0.5104530996841252,-1.0616649996992809,0.3471502590673575,0.774220573307513,1.0,8/51,12.97%,IL10;PIK3R3;RELB;JAG2;RHOH;PTPN2;CD4;NFAM1
prerank,Purine Ribonucleotide Biosynthetic Process (GO:0009152),0.5011136064252735,1.061212178006845,0.3530751708428246,0.8095772025717766,1.0,9/42,11.46%,ADCY8;ADCY2;ADCY9;PPCDC;AK5;ADCY10;PANK4;ADCY1;NPR2
prerank,Glycosphingolipid Metabolic Process (GO:0006687),-0.5645285177801336,-1.0603936456484058,0.3770197486535009,0.7764715167170603,1.0,6/26,12.86%,ST8SIA3;SMPD1;B4GALNT1;ST6GALNAC5;B3GALNT1;B4GALT6
prerank,Regulation Of T Cell Migration (GO:2000404),-0.6126709292024491,-1.0597878615420002,0.40613718411552346,0.7769957485533481,1.0,1/15,1.86%,CXCL10
prerank,Regulation Of Ruffle Assembly (GO:1900027),0.5917213287847285,1.0588964925319435,0.42152466367713004,0.8146301982659654,1.0,1/18,0.40%,KANK1
prerank,Regulation Of DNA Metabolic Process (GO:0051052),0.4436763545564269,1.0586179007744743,0.33715596330275227,0.8133350224694864,1.0,7/110,5.60%,ZNF365;SGF29;TMEM98;JADE2;CHRAC1;KAT2B;KAT2A
prerank,Phospholipid Biosynthetic Process (GO:0008654),-0.5658409073406475,-1.058131289945876,0.4013722126929674,0.7805470833334524,1.0,9/23,24.53%,DHDDS;LPCAT1;IDI1;FADS1;AGPAT3;DOLPP1;PIP5K1A;PCYT2;AGPAT4
prerank,Positive Regulation Of Cell Migration (GO:0030335),0.4026352749464105,1.0578264161027577,0.2757731958762887,0.8135334588391562,1.0,31/204,8.70%,LGR6;SEMA4B;FERMT2;DAAM2;EGFR;HGF;NTRK3;GPNMB;GAB1;CXCR4;ROR2;PDGFRB;PLCG2;ZNF703;FGF1;DOCK1;SEMA3D;TJP1;IGF1R;CD151;SOX9;ENPP2;DAB2IP;SUN2;TGFB2;DDR2;SEMA6A;FER;FAM107A;CXCL12;INSR
prerank,Negative Regulation Of Axon Extension Involved In Axon Guidance (GO:0048843),0.5847103505739282,1.0572469808922804,0.4113785557986871,0.8132894071232368,1.0,4/16,9.27%,SEMA4B;SEMA3D;SEMA6A;SEMA3B
prerank,Regulation Of T Cell Mediated Cytotoxicity (GO:0001914),0.5818433003713835,1.0566718983245835,0.41280353200883,0.8128298930040723,1.0,1/18,0.29%,KLRD1
prerank,Regulation Of Protein Phosphorylation (GO:0001932),0.40317255065792995,1.0561571304430122,0.29177057356608477,0.8122425347093264,1.0,32/196,9.05%,WWTR1;ERBB4;PRR5L;EGFR;HGF;BMPER;FYN;NTRK3;GPNMB;TNIK;FGF2;FAXDC2;BMP7;HSPB1;FGF1;LIMCH1;SLCO3A1;OCLN;DVL2;CCND3;SOX9;PLPP3;ARRB1;RELN;DAB2IP;PLCE1;NTRK2;PTPN13;FER;INSR;CCDC88C;ZBED3
prerank,Positive Regulation Of Cell Projection Organization (GO:0031346),0.4440097639310081,1.0558530494648424,0.348780487804878,0.8111225838076775,1.0,26/100,10.40%,PLXNB1;PRKD1;NTRK3;MAGI2;PLXNA1;ROR1;IL1RAPL1;PTPRD;ZNF804A;ROR2;SCARB2;DVL2;TOX;PTN;RELN;EPHA3;DAB2IP;NLGN1;PLXND1;DDR2;NTRK2;DVL1;TENM3;APOE;DDR1;CDKL3
prerank,Regulation Of Cellular Component Biogenesis (GO:0044087),-0.5369435458129761,-1.055792783264989,0.3953098827470687,0.7859116079789558,1.0,2/32,1.57%,PINK1;CD36
prerank,Macromolecule Catabolic Process (GO:0009057),-0.4702505383840041,-1.0556933169303406,0.35390199637023595,0.7849388910308968,1.0,9/71,14.86%,DENND3;ISG20;RNASE2;RNASEH1;RNASE3;SLC16A3;BECN1;MTREX;APEX1
prerank,Neuron Maturation (GO:0042551),0.595076428393859,1.055342898342679,0.4484304932735426,0.8105771187538157,1.0,1/15,0.73%,LGI4
prerank,Plasma Membrane Bounded Cell Projection Morphogenesis (GO:0120039),0.502099599679994,1.0552346158109915,0.35714285714285715,0.8088325428081509,1.0,6/43,7.27%,PLXNB1;TNIK;BMP7;GPM6A;DAB2IP;NLGN1
prerank,Purine-Containing Compound Biosynthetic Process (GO:0072522),-0.6227668268467268,-1.054653115957084,0.45,0.7866522672892425,1.0,2/15,6.11%,PRPS1;PNP
prerank,Cardiac Muscle Cell Action Potential Involved In Contraction (GO:0086002),-0.5635205535274548,-1.0542626146519039,0.42057761732851984,0.7865161827460023,1.0,4/22,2.53%,SCN3B;SCN2B;CACNA1G;FGF12
prerank,Protein Localization To Plasma Membrane (GO:0072659),-0.44951904853093144,-1.0542339683900805,0.3695652173913043,0.7853528526877778,1.0,18/113,11.62%,SCN3B;RAB3A;RAB3C;TNF;SLC9A3R2;ANK1;ATP1B1;CACNB3;KCNB1;STXBP1;PACSIN1;KCNB2;FGF13;RAB40A;MRAP2;TESC;EPB41L3;RAB11A
prerank,Glycerophospholipid Metabolic Process (GO:0006650),0.49531995604780593,1.0541149138283097,0.3559718969555035,0.810021268051543,1.0,4/45,7.29%,ENPP6;PLCB1;PDGFRB;ACP6
prerank,Fc Receptor Signaling Pathway (GO:0038093),0.5521033832097543,1.0535762466035021,0.39631336405529954,0.8095491608984638,1.0,6/23,13.75%,CD247;PLCG2;SOS1;FER;LILRA4;MAP2K7
prerank,Proteasome-Mediated Ubiquitin-Dependent Protein Catabolic Process (GO:0043161),-0.40307576592763283,-1.0523667965063028,0.3158783783783784,0.789325137092589,1.0,50/291,20.19%,UCHL1;FBXO2;PSMD12;SPSB1;PSMC1;SIAH3;PSMC6;CLGN;FBXO44;FBXL2;FBXL15;CUL1;FBXL16;SKP1;ANAPC13;PSMC5;PSMB6;RNF187;PSMD7;ANKRD9;NHLRC3;PSMB5;FBXL12;PSMD4;PSMD2;UBE2J1;KCTD10;PSMB7;FBXO6;FBXL18;TMUB2;IFI27;RMND5B;DDIT3;PJA2;DERL2;KIF14;PSMA5;ANAPC7;AXIN1;STUB1;TRIM25;VCP;CSNK1A1;KCTD5;DMAC2;RNF34;ANAPC15;PSMB2;PSMD8
prerank,Regulation Of Nervous System Development (GO:0051960),0.5178967970726374,1.0518000232641902,0.39072847682119205,0.8126764288735314,1.0,3/32,1.02%,YAP1;LGI4;PTPRZ1
prerank,Negative Regulation Of Lipid Storage (GO:0010888),-0.6027508001751107,-1.0513778152876536,0.4206773618538324,0.7909100375353033,1.0,1/16,0.62%,TNF
prerank,Sterol Transport (GO:0015918),0.5859208218100423,1.0512458831726201,0.40835266821345706,0.8122457770642577,1.0,1/17,0.58%,GRAMD1C
prerank,Negative Regulation Of Telomere Maintenance Via Telomere Lengthening (GO:1904357),-0.5729706377955174,-1.0510972124908007,0.4160714285714286,0.7905318529419874,1.0,9/22,32.96%,TENM1;TINF2;TERF2;NAT10;HNRNPC;SRC;POT1;CTC1;PINX1
prerank,Regulation Of Actin Filament Polymerization (GO:0030833),0.4878884369203902,1.050987927474865,0.37445887445887444,0.8110494361536601,1.0,7/50,9.01%,KANK1;DAAM2;CDC42EP1;HIP1R;CDC42EP4;FER;BAIAP2L2
prerank,Activation Of Protein Kinase Activity (GO:0032147),0.47235326081794393,1.0505035547760455,0.36342592592592593,0.8104544402252207,1.0,8/65,7.19%,ADCY8;CHI3L1;NTRK3;ADRA2C;EMP2;FGF1;PIBF1;TGFB2
prerank,Negative Regulation Of Apoptotic Process (GO:0043066),0.38217339412278106,1.050270820208931,0.2887700534759358,0.8091413910022227,1.0,27/338,5.87%,YAP1;FMN2;SOX8;ERBB4;GREM1;PTPRZ1;EGFR;HGF;ERBB3;LTF;TYRO3;CD44;GCLC;NUPR1;PPARGC1A;IL27RA;ANGPTL4;HSPB1;TLE1;AQP1;PIK3CA;TJP1;IGF1R;WFS1;SOX9;SH3RF1;MERTK
prerank,Regulation Of Telomere Maintenance (GO:0032204),-0.5275677977557296,-1.050043194253142,0.40425531914893614,0.7922270654048752,1.0,10/33,28.41%,TERF2IP;TINF2;PPP1R10;ERCC1;TERF2;MYC;DHX36;HNRNPD;NSMCE2;GNL3
prerank,Golgi To Plasma Membrane Transport (GO:0006893),-0.5168296354657903,-1.0498440513032525,0.39526411657559196,0.7915959729843157,1.0,6/42,10.99%,OPTN;NSF;PREPL;RAB31;GGA2;EXOC7
prerank,Regulation Of Proteasomal Protein Catabolic Process (GO:0061136),-0.5155892176356034,-1.049519431453973,0.3824561403508772,0.7912711172104596,1.0,6/44,10.72%,PINK1;UBB;PSMC6;PSMC5;DESI1;GABARAPL2
prerank,Positive Regulation Of Production Of Molecular Mediator Of Immune Response (GO:0002702),-0.5654469253016474,-1.0491607922247546,0.41696750902527074,0.7910326630778977,1.0,7/24,21.17%,IL10;NOD2;SLC7A5;PTPN22;SASH3;XBP1;PHB2
prerank,Inositol Lipid-Mediated Signaling (GO:0048017),0.5346736455600212,1.0481179898774484,0.40046838407494145,0.81337356249596,1.0,7/28,7.64%,PLCB1;PDGFRB;PLCG2;IGF1R;PLCE1;KCNH1;FGFR1
prerank,Positive Regulation Of MAPK Cascade (GO:0043410),0.39782130747738986,1.0474058269151978,0.2942643391521197,0.813379641390812,1.0,33/195,7.91%,TPD52L1;CHI3L1;ERBB4;GHR;WWC1;FERMT2;EGFR;BMPER;NTRK3;GPNMB;ROR1;FGFR3;FGF2;CD44;ADRA2C;SLC30A10;ROR2;PDGFRB;NEK10;PLCG2;FGFR2;FGF1;MFHAS1;SOX2;IGF1R;ARRB1;TGFA;DAB2IP;PLCE1;TGFB2;FGFR1;DDR2;NTRK2
prerank,Cellular Response To Cytokine Stimulus (GO:0071345),-0.42048679274791684,-1.0471402417714677,0.34175084175084175,0.7954563956815214,1.0,29/198,13.47%,IL1B;TNFRSF21;IL1A;IL21R;EGR1;CCL3;IL4R;ZFP36;PLP2;CCL2;CCL3L1;NPNT;CALM1;BRCA1;RHEX;GAPDH;CSF2RB;SH2B3;CSF3R;IL12RB1;STAT4;CD4;TLR2;ZC3H12A;STAT1;IFIT1;CSF2RA;DPYSL3;ZFP36L1
prerank,Positive Regulation Of NF-kappaB Transcription Factor Activity (GO:0051092),-0.44616594926538583,-1.0470929218068568,0.3623931623931624,0.7943429091221217,1.0,20/121,12.29%,IL1B;TNF;IL18R1;CD36;TERF2IP;NTSR1;BTK;PRKCQ;RAB7B;MYD88;PPIA;NOD2;IRAK2;CARD9;TFRC;NOD1;NLRP3;SPHK1;TLR2;TRIM37
prerank,Positive Regulation Of Cytokinesis (GO:0032467),-0.5627327907135675,-1.0470405287780078,0.38421052631578945,0.7932769975279225,1.0,6/22,17.76%,DRD2;CIT;CDCA8;SVIL;KIF14;KIF20B
prerank,Positive Regulation Of Carbohydrate Metabolic Process (GO:0045913),0.5330280431257063,1.047032173055098,0.4164859002169197,0.812478677884097,1.0,6/28,9.17%,SLC4A4;SLC45A3;PTH1R;P2RX7;INSR;IRS1
prerank,Response To Gamma Radiation (GO:0010332),0.5699742681985354,1.0469194658320777,0.4247191011235955,0.8108299495335305,1.0,1/20,0.17%,YAP1
prerank,Melanosome Assembly (GO:1903232),-0.597912542022222,-1.0469041687198457,0.43636363636363634,0.7924102196071349,1.0,8/18,31.89%,AP3M1;RAB38;HPS3;AP1M1;AP1S1;AP3D1;HPS6;AP1B1
prerank,Regulation Of Blood Circulation (GO:1903522),-0.5967881084059121,-1.0463337779066262,0.44424131627056673,0.792712847098307,1.0,2/19,0.89%,AGTR1;TH
prerank,Entrainment Of Circadian Clock By Photoperiod (GO:0043153),-0.5904811943826997,-1.046185548548473,0.4412811387900356,0.7919455977132409,1.0,1/20,1.55%,ID2
prerank,Negative Regulation Of TORC1 Signaling (GO:1904262),0.5555848846239517,1.0459508580489179,0.40176600441501104,0.811576782163717,1.0,5/21,11.95%,CASTOR2;NPRL2;SESN1;CASTOR1;WDR59
prerank,Regulation Of Cellular Component Organization (GO:0051128),-0.4378129145080312,-1.0456735859853459,0.335559265442404,0.7921326688991066,1.0,13/131,8.06%,AGTR1;SLITRK4;TNF;PINK1;CD36;MKI67;PRKCQ;MCM2;MELTF;PTPN1;AP2S1;PACSIN1;LTBP4
prerank,Protein-Containing Complex Organization (GO:0043933),0.4385542555693022,1.0452725347897516,0.3459715639810427,0.8115290494541455,1.0,9/100,5.72%,PARD3;YAP1;CD247;MITF;PPARGC1A;OCLN;LAMC1;LLGL1;SOX9
prerank,acyl-CoA Metabolic Process (GO:0006637),-0.5982498723509055,-1.0450859847297826,0.44112478031634444,0.7925884214659492,1.0,7/17,20.33%,ACOT7;ACOT9;GPAT4;ACOT8;ACSM3;OGDH;HMGCS1
prerank,Negative Regulation Of Ubiquitin-Dependent Protein Catabolic Process (GO:2000059),-0.5351187696784886,-1.0446340276746617,0.4090121317157712,0.7926476115120095,1.0,1/34,0.76%,MAP1A
prerank,COPII-coated Vesicle Budding (GO:0090114),-0.5303436463459764,-1.0442254764643004,0.41323792486583183,0.7925319781673112,1.0,11/33,30.61%,SEC23B;SEC13;VAPB;TRAPPC2;TRAPPC11;PREB;TMED10;KLHL12;CSNK1D;SAR1A;CUL3
prerank,Microglial Cell Activation (GO:0001774),-0.6070311408173721,-1.04404755853666,0.43040293040293043,0.7918160703118108,1.0,8/17,21.56%,TNF;ITGAM;C5AR1;CX3CR1;APP;ITGB2;C1QA;JAK2
prerank,Organonitrogen Compound Catabolic Process (GO:1901565),-0.4893322289784777,-1.0439027484569712,0.38269230769230766,0.7909959445862813,1.0,7/57,14.71%,ACHE;DENND3;IL4I1;SLC16A3;ETFB;PLA2G4A;ETFA
prerank,Negative Regulation Of Cysteine-Type Endopeptidase Activity (GO:2000117),-0.522061890206217,-1.0437202747056515,0.4049586776859504,0.7902781153041741,1.0,6/35,4.97%,TNF;CDKN2D;DHCR24;IFI6;VEGFA;MT3
prerank,Negative Regulation Of Cell Population Proliferation (GO:0008285),0.3936072109476971,1.0434736034808578,0.3293838862559242,0.814845046104905,1.0,37/263,8.46%,TGFBR3;ZBTB7C;BMPR1B;PLXNB1;ERBB4;GREM1;AZGP1;PTPRK;MAGI2;GPNMB;CLMN;RGCC;ST18;CDKN2A;ALOX15B;NUPR1;PPARGC1A;CDKN2C;COL4A3;TOB1;SOX2;ITGA1;KAT2B;SOX9;ADARB1;DUSP10;FOXO4;NACC2;RUNX3;DAB2IP;TGFB2;TP53I11;SPEG;PROX1;MN1;SH3BP4;TNS2
prerank,Negative Regulation Of Myeloid Cell Differentiation (GO:0045638),0.6058916374086805,1.0433699694606464,0.45617977528089887,0.8131709049095687,1.0,2/15,5.67%,MEIS2;ZBTB16
prerank,Regulation Of Developmental Growth (GO:0048638),0.5615158876531381,1.0431694710940747,0.42070484581497797,0.8117332748420248,1.0,3/23,2.70%,GHR;FGFR3;PLCB1
prerank,fatty-acyl-CoA Biosynthetic Process (GO:0046949),0.5781787964071191,1.0430146377591958,0.4349775784753363,0.8102582641509835,1.0,3/18,6.61%,HACD1;ACSBG1;TECR
prerank,Negative Regulation Of Cell Growth (GO:0030308),-0.45552042371307017,-1.0421943541100032,0.39622641509433965,0.7932912390171324,1.0,11/92,10.09%,RERG;CDKN2D;TSPYL2;MAP2;MT3;FHL1;BRCA1;CDKN1A;INHBA;FGF13;PPP2R1A
prerank,Nucleic Acid Phosphodiester Bond Hydrolysis (GO:0090305),-0.5767361201613406,-1.0419670229788187,0.4280639431616341,0.7927277699148769,1.0,3/19,12.33%,RNASE2;MEI4;ZC3H12A
prerank,Cytosolic Pattern Recognition Receptor Signaling Pathway (GO:0002753),-0.5754432541550393,-1.0416117502265747,0.4397905759162304,0.7925313460442134,1.0,6/20,22.90%,TNFAIP3;IRF7;TRIM25;TIFA;PHB2;TBK1
prerank,Protein K11-linked Ubiquitination (GO:0070979),-0.5496743134977303,-1.0415945917276048,0.40070921985815605,0.7913835555246034,1.0,6/26,23.88%,ANAPC13;UBE2L3;UBE2T;ANAPC7;UBE2S;CDC23
prerank,Regulation Of Neuron Projection Development (GO:0010975),0.4131217229400837,1.0410345723443728,0.35135135135135137,0.8138547126489969,1.0,24/149,7.91%,ZNF365;KANK1;NTNG1;PRKD1;CTNNA2;NTRK3;MAGI2;ROR1;IL1RAPL1;CDH2;SPOCK1;ZNF804A;ROR2;SCARB2;ZDHHC15;TOX;PTN;RELN;EPHA3;DAB2IP;NLGN1;EFHC2;DDR2;NTRK2
prerank,Positive Regulation Of Vacuole Organization (GO:0044090),-0.5780444686273012,-1.0408111544089211,0.42680776014109345,0.792387893805783,1.0,1/20,0.79%,MOAP1
prerank,Aortic Valve Morphogenesis (GO:0003180),0.5539773961147617,1.040283088107351,0.4288939051918736,0.8141171848089133,1.0,2/20,5.72%,ELN;SOX9
prerank,Muscle Organ Development (GO:0007517),-0.5180127518292416,-1.0401360492919114,0.3930530164533821,0.7930685856890102,1.0,6/38,8.21%,EGR3;CXCL10;HBEGF;FHL1;COPRS;MAPK12
prerank,Transition Metal Ion Transport (GO:0000041),0.5367006522224625,1.0398559992318894,0.4209354120267261,0.8133896734501762,1.0,4/29,3.08%,F3;HEPH;LTF;SLC30A10
prerank,Response To Estrogen (GO:0043627),-0.5437800105740213,-1.0397738956721236,0.425569176882662,0.7928505339368767,1.0,9/25,19.47%,SERPINB9;BRCA1;GHRL;CD24;CITED2;ASH2L;CITED4;TRIM25;WBP2
prerank,Receptor Signaling Pathway Via JAK-STAT (GO:0007259),0.5448163579019486,1.039561934483023,0.4216589861751152,0.8122776285132821,1.0,1/24,0.92%,GHR
prerank,Erythrocyte Differentiation (GO:0030218),-0.5204065231239918,-1.0379476361168851,0.38461538461538464,0.796777487772178,1.0,9/37,9.44%,DMTN;ID2;ATP5IF1;VEGFA;ZFPM1;SH2B3;INHBA;PTPN2;LYN
prerank,Transcription Preinitiation Complex Assembly (GO:0070897),-0.5115611963960254,-1.037844363792655,0.3982608695652174,0.7958304290712889,1.0,6/43,15.75%,MED29;MED18;GTF2A1;MED8;TAF7;TAF2
prerank,NIK/NF-kappaB Signaling (GO:0038061),0.5217576973211606,1.0375297390704057,0.41935483870967744,0.8161676883195677,1.0,1/29,0.70%,CHI3L1
prerank,Positive Regulation Of Histone Methylation (GO:0031062),0.5644292908330842,1.0373254287796325,0.43548387096774194,0.8148514438484381,1.0,1/19,0.64%,FAM47E
prerank,Negative Regulation Of Cell Cycle Process (GO:0010948),-0.571591296184358,-1.0368722828123065,0.43209876543209874,0.797299405345406,1.0,2/21,4.34%,CHEK1;E2F7
prerank,Negative Regulation Of Developmental Growth (GO:0048640),0.543825275543291,1.0364007954058665,0.4068965517241379,0.815448018883427,1.0,7/23,10.41%,WWC1;FGFR3;WWC3;PTCH1;DUSP10;CDKL3;ULK1
prerank,Positive Regulation Of Peptidase Activity (GO:0010952),-0.5681698765714002,-1.0363996232226742,0.4168126094570928,0.7974072079731792,1.0,7/20,23.74%,PINK1;MAPK12;PSME3;VCP;VSIR;CTSL;APH1B
prerank,Positive Regulation Of Ion Transmembrane Transporter Activity (GO:0032414),-0.5621766524475319,-1.036393066985123,0.44905008635578586,0.7962421425844813,1.0,4/25,9.57%,CCL2;ATP1B1;NDUFA4;TRPC6
prerank,Cellular Response To Steroid Hormone Stimulus (GO:0071383),0.5798711449491571,1.0362687970666984,0.40589569160997735,0.8138899318865356,1.0,2/15,3.67%,BMP7;ATP1A2
prerank,Fatty Acid Transport (GO:0015908),-0.5668124199166942,-1.0361373962256326,0.4458041958041958,0.7957135105460735,1.0,3/23,6.32%,FABP7;CD36;FABP3
prerank,Positive Regulation Of Monoatomic Ion Transport (GO:0043270),-0.5418463253197097,-1.035849953152196,0.4390681003584229,0.7952920522173084,1.0,3/28,5.29%,SCN3B;CCL3;FHL1
prerank,Lysosomal Transport (GO:0007041),-0.4480373576674141,-1.035713237754243,0.37364620938628157,0.7944941494276699,1.0,11/90,13.79%,PINK1;DENND3;RAB7B;VPS18;HGSNAT;HOOK1;HOOK2;AP3M1;RHOB;RILP;BECN1
prerank,Protein Localization To Cell Periphery (GO:1990778),-0.4390520877504729,-1.0352830963665913,0.3848797250859107,0.7945236062862506,1.0,18/118,11.62%,SCN3B;RAB3A;RAB3C;TNF;SLC9A3R2;ANK1;ATP1B1;CACNB3;KCNB1;STXBP1;PACSIN1;KCNB2;FGF13;RAB40A;MRAP2;TESC;EPB41L3;RAB11A
prerank,mRNA Catabolic Process (GO:0006402),-0.5085852579001341,-1.0350302338250459,0.42226148409893993,0.7940351809401305,1.0,5/41,20.68%,ZFP36;MRTO4;XRN2;YTHDF2;SUPV3L1
prerank,Internal Peptidyl-Lysine Acetylation (GO:0018393),0.5063648780072745,1.0347214535579456,0.4153498871331828,0.816292674147427,1.0,7/35,16.93%,KAT2B;KAT2A;BAG6;MBTD1;CREBBP;KAT14;EPC2
prerank,Regulation Of Catabolic Process (GO:0009894),0.5625822898489528,1.0344953590288224,0.4175824175824176,0.8150467929451727,1.0,5/19,18.27%,SCARB2;MDM2;CHMP6;SIRT6;ZDHHC2
prerank,Negative Regulation Of Cellular Catabolic Process (GO:0031330),0.47140970501216245,1.0343526385028459,0.3891625615763547,0.8135652234962171,1.0,6/56,9.25%,HGF;PLIN5;NUPR1;APOC1;TIMP3;SIRT2
prerank,Positive Regulation Of Leukocyte Migration (GO:0002687),-0.5892869557681552,-1.0339840123821349,0.46808510638297873,0.7957056183323183,1.0,5/18,6.06%,TNF;THY1;VEGFA;PLVAP;ICAM1
prerank,Regulation Of Defense Response To Virus (GO:0050688),-0.5931391621945872,-1.0337137297689525,0.4716981132075472,0.7952982400040856,1.0,6/16,26.45%,TNFAIP3;C1QBP;IFNLR1;TRAF3;TRAF3IP1;DHX9
prerank,Negative Regulation Of Supramolecular Fiber Organization (GO:1902904),-0.46662051463404725,-1.033222914581566,0.3893805309734513,0.7954653639575447,1.0,6/60,5.46%,STMN2;STMN1;KANK4;TUBB4A;MAP2;CLIP3
prerank,DNA Repair-Dependent Chromatin Remodeling (GO:0140861),-0.5998671958301729,-1.0331805120850268,0.4606164383561644,0.7944012984723904,1.0,6/15,23.17%,PARP2;HDGFL2;DEPDC1B;RNF8;DTX3L;ASF1A
prerank,Heterochromatin Organization (GO:0070828),0.5028845804226518,1.0331592586106877,0.4228187919463087,0.814936588937903,1.0,5/34,9.69%,PRDM16;EZH1;MECOM;SIRT2;L3MBTL1
prerank,Adenine Nucleotide Transport (GO:0051503),-0.5959512072229858,-1.0329141019500947,0.4573502722323049,0.7939493578450499,1.0,2/15,6.45%,SLC25A4;SLC25A25
prerank,Protein Localization To Centrosome (GO:0071539),-0.5871710324473138,-1.0327244233631228,0.449820788530466,0.793302787429788,1.0,2/16,5.77%,SNX10;DCTN2
prerank,Sterol Biosynthetic Process (GO:0016126),-0.5482724835058573,-1.0325394394475973,0.42105263157894735,0.7926068686615239,1.0,7/26,16.72%,CH25H;DHCR24;INSIG1;NSDHL;HMGCR;MVD;ACLY
prerank,Positive Regulation Of Plasma Membrane Bounded Cell Projection Assembly (GO:0120034),0.4476238484453094,1.032025591137219,0.37815126050420167,0.8163144680161171,1.0,12/72,7.27%,CDC42EP1;IFT88;OCLN;PALM;AGRN;PIK3CA;GPM6A;ANLN;CDC42EP4;PLCE1;P2RX7;NLGN1
prerank,Protein Transmembrane Import Into Intracellular Organelle (GO:0044743),-0.5306996042650453,-1.0319674152554459,0.42245989304812837,0.7930279221278438,1.0,9/29,25.44%,TOMM40L;TIMM17A;TRIM37;TOMM20;TOMM70;GRPEL1;TOMM40;HSPD1;DNAJC15
prerank,Regulation Of Transport (GO:0051049),-0.5272849898919052,-1.031899259519301,0.4283276450511945,0.7920278605886979,1.0,9/32,13.88%,PINK1;PTPRN;ACTG1;CDK5;USP6;NELL1;RAB11A;ICA1L;PTPRN2
prerank,Heme Biosynthetic Process (GO:0006783),-0.5978341889244954,-1.0313224968684815,0.45614035087719296,0.7924779059809838,1.0,2/15,3.11%,PGRMC1;ATP5IF1
prerank,Regulation Of Viral Genome Replication (GO:0045069),-0.4899697377162323,-1.0312838884318325,0.4215500945179584,0.7914228998969972,1.0,8/52,13.93%,TNF;ISG20;ISG15;PPIA;MX1;RSAD2;IFIT1;VAPB
prerank,Defense Response To Gram-negative Bacterium (GO:0050829),-0.5480883265898346,-1.0311369295392492,0.4470802919708029,0.7906700454178881,1.0,6/26,8.91%,OPTN;CHGA;TREM1;SLC11A1;RNASE2;RNASE3
prerank,Amide Transport (GO:0042886),0.5495448786936624,1.030611462279573,0.43249427917620137,0.8185231949985988,1.0,2/22,1.27%,SLC14A1;GJA1
prerank,Peptidyl-Glutamic Acid Modification (GO:0018200),0.5999623410502466,1.0304835597424775,0.46335697399527187,0.8170259204581048,1.0,2/15,4.31%,TTLL7;TTLL9
prerank,Fatty Acid Derivative Biosynthetic Process (GO:1901570),0.5942802248681671,1.0304396655873667,0.4581497797356828,0.8152563352865565,1.0,2/15,5.67%,ACSS3;GGT5
prerank,Negative Regulation Of Mitotic Cell Cycle (GO:0045930),-0.5467299944755551,-1.0299101998449933,0.41824440619621345,0.792847290566575,1.0,4/27,4.07%,CHEK1;MAD2L1;IL10;BTG2
prerank,Glucose Homeostasis (GO:0042593),0.4673254007712446,1.0295202697905712,0.40877598152424943,0.8159297037326712,1.0,6/58,9.17%,ADCY8;PPARGC1A;WFS1;INSR;FOXO1;IRS1
prerank,Porphyrin-Containing Compound Biosynthetic Process (GO:0006779),-0.5863715418636395,-1.0284150026582202,0.44991212653778556,0.7958252083131901,1.0,2/17,3.11%,PGRMC1;ATP5IF1
prerank,Regulation Of Heart Contraction (GO:0008016),-0.48936155624062766,-1.0276325035838736,0.411663807890223,0.7968497441985447,1.0,7/47,5.43%,TH;ATP2B3;ATP2A3;SLC8A2;CALM3;CALM1;SLC4A3
prerank,snRNA Metabolic Process (GO:0016073),0.5595323403228051,1.0272651230693222,0.41950113378684806,0.8203806763222709,1.0,7/19,19.84%,INTS5;INTS3;INTS10;RPAP2;INTS4;INTS11;ZCCHC8
prerank,Positive Regulation Of Epithelial To Mesenchymal Transition (GO:0010718),0.5104264406969298,1.0270797701825192,0.431924882629108,0.8190304447778837,1.0,6/33,4.17%,WWTR1;FERMT2;CRB2;RGCC;EMP2;ZNF703
prerank,Sensory Perception Of Mechanical Stimulus (GO:0050954),0.4736005670726445,1.0270278811078843,0.4056603773584906,0.8173315772351625,1.0,8/53,7.04%,EYA1;ROR1;PIEZO2;WHRN;COL4A3;TPRN;WFS1;LRP2
prerank,Positive Regulation Of Signaling Receptor Activity (GO:2000273),0.5309602661023335,1.0261040148096117,0.4146919431279621,0.8179898687978857,1.0,5/26,6.42%,GREM1;AREG;ADRA2C;TGFA;RELN
prerank,Embryonic Heart Tube Morphogenesis (GO:0003143),-0.5472445162614885,-1.0245566486331474,0.4656084656084656,0.8039990081819902,1.0,2/25,2.14%,MESP1;NDRG4
prerank,Sprouting Angiogenesis (GO:0002040),-0.5134195557876863,-1.0244691640103558,0.4319852941176471,0.80307423224589,1.0,7/36,8.60%,NRARP;EGR3;PIK3R3;E2F7;VEGFA;SEMA5A;NELL1
prerank,Response To Reactive Oxygen Species (GO:0000302),0.4656459118286402,1.024348898848903,0.38443935926773454,0.8209408947110832,1.0,4/55,3.90%,PTPRK;EGFR;FYN;MAPT
prerank,Positive Regulation Of Myeloid Cell Differentiation (GO:0045639),-0.5271009681833352,-1.0243434596858545,0.4306569343065693,0.8022407682132249,1.0,12/31,20.79%,RAB7B;ACVR1B;RHEX;PITHD1;INHBA;TESC;ANKRD54;STAT1;TAL1;NCKAP1L;ETS1;BRD1
prerank,Regulation Of Cell-Cell Adhesion (GO:0022407),0.5271600219833785,1.0240328708811408,0.40093240093240096,0.8199687104782898,1.0,4/29,9.19%,MEGF10;PTPRG;PLPP3;TENM3
prerank,Epithelial Tube Morphogenesis (GO:0060562),-0.5701349179939981,-1.0236503308776395,0.4784172661870504,0.8029418695453835,1.0,1/20,0.52%,MESP1
prerank,Neuron Projection Development (GO:0031175),-0.4250659662364928,-1.0235248132727113,0.4204946996466431,0.8021201412917168,1.0,25/143,9.82%,STMN2;ATCAY;NEFH;MAP1B;STMN1;RAB6B;NMNAT2;L1CAM;NCDN;UBB;PAK3;BTG2;MAP2;STMN3;CDK5R1;NYAP2;CDK5;ERCC6;PACSIN1;BDNF;EPHB3;CNTN4;LYN;SVBP;ADGRV1
prerank,Regulation Of Cell Population Proliferation (GO:0042127),0.3635544714942359,1.022996363126407,0.33884297520661155,0.8210288494290796,1.0,65/500,9.20%,YAP1;WWTR1;ZBTB7C;MEIS2;ELN;ERBB4;GREM1;AZGP1;LIFR;PTPRK;EGFR;ERBB3;NTRK3;MAGI2;GPNMB;EGLN3;CLMN;FGFR3;AREG;FGF2;RGCC;ST18;CDKN2A;ALK;ALOX15B;NUPR1;PDGFRB;BOK;EMP2;SPDYA;CDKN2C;FGFR2;COL4A3;ZNF703;TOB1;FGF1;ITGA1;KAT2B;TJP1;IGF1R;SOX9;ADARB1;PTN;TGFA;FOXO4;NACC2;DAB2IP;KCNH1;TGFB2;TP53I11;SPEG;FGFR1;PROX1;NTRK2;SOS1;SH3BP4;TNS2;FER;ACER2;INSR;BNIPL;POU3F3;SGK3;IRS1;TMEM250
prerank,Protein Processing (GO:0016485),0.4422835459451537,1.0228723922907843,0.39753086419753086,0.8194761942327402,1.0,10/86,6.08%,AEBP1;MYRF;C1R;ECE1;MASP1;CPM;PCSK6;PCSK4;ADAM19;PTCH1
prerank,Sodium Ion Transport (GO:0006814),-0.4825468555232528,-1.0225630118133242,0.40942028985507245,0.8036410973167921,1.0,8/51,5.59%,SCN3B;SCN2B;SCN7A;SLC8A2;SLC6A3;SCN2A;ATP1B1;SCN3A
prerank,Negative Regulation Of Telomere Maintenance Via Telomerase (GO:0032211),-0.5880970908842575,-1.0224983550503108,0.48717948717948717,0.8026414273172059,1.0,9/17,32.96%,TENM1;TINF2;TERF2;NAT10;HNRNPC;SRC;POT1;CTC1;PINX1
prerank,Negative Regulation Of Response To Wounding (GO:1903035),0.5722804021421306,1.022161005194862,0.47058823529411764,0.8195097304397436,1.0,3/17,3.93%,CD109;FGF2;SERPINE1
prerank,Positive Regulation Of Protein Phosphorylation (GO:0001934),0.38058056935095536,1.022053063478598,0.3625,0.8179612311428837,1.0,28/261,6.42%,RBPMS;PRKD1;CHI3L1;ERBB4;GHR;EGFR;HGF;NTRK3;GPNMB;TNIK;FGF2;FAXDC2;CD44;THBS4;BMP7;SPDYA;NEK10;PLCG2;FGF1;LIMCH1;SLCO3A1;DVL2;CCND3;SOX9;APLNR;ARRB1;ENPP2;RELN
prerank,Positive Regulation Of Cold-Induced Thermogenesis (GO:0120162),0.44153467885406705,1.0219071833630624,0.40350877192982454,0.8165150812369093,1.0,5/70,3.25%,PRDM16;OXTR;GJA1;CXCR4;PPARGC1A
prerank,Protein Targeting To Mitochondrion (GO:0006626),-0.491004592381031,-1.0217219376452353,0.4350282485875706,0.8035397309005999,1.0,23/52,27.15%,TOMM34;TOMM40L;MTCH1;TIMM13;TIMM17A;PMPCA;TOMM20;MFF;TOMM70;TIMM10;MFN2;PITRM1;GRPEL1;TIMM9;TIMM8B;FBXO7;TOMM40;HSPD1;SAMM50;DNAJC15;GDAP1;MTX2;BCAP31
prerank,Artery Development (GO:0060840),-0.5880514562780947,-1.021634069913632,0.4781818181818182,0.8026476140740728,1.0,3/16,8.60%,ROBO2;VEGFA;NELL1
prerank,Negative Regulation Of Actin Filament Polymerization (GO:0030837),0.5754004992160572,1.0210946339494928,0.4485776805251641,0.8170454625878628,1.0,2/17,4.18%,KANK1;HIP1R
prerank,Regulation Of Small Molecule Metabolic Process (GO:0062012),-0.527415469973807,-1.020901915964222,0.44851657940663175,0.8033890169828909,1.0,2/32,1.61%,SLC2A6;PGAM1
prerank,Positive Regulation Of Protein Transport (GO:0051222),-0.4715724107342752,-1.0207556609211585,0.41729323308270677,0.8026054200314975,1.0,7/56,8.23%,IL1A;TNF;ACHE;PPIA;PLK3;MYH10;TENM1
prerank,Negative Regulation Of Angiogenesis (GO:0016525),0.4534179867676679,1.0203312965470988,0.40930232558139534,0.8172265944007336,1.0,16/56,10.09%,ADAMTS9;RGCC;THBS2;THBS4;SERPINE1;COL4A3;SPARC;SLC12A2;FOXO4;DAB2IP;TGFB2;FOXJ2;SEMA6A;ISM1;COL4A2;EPN2
prerank,Regulation Of Transcription By RNA Polymerase I (GO:0006356),-0.5280445398751243,-1.019646826016759,0.45663716814159294,0.804402324502509,1.0,5/28,14.85%,ERCC6;UTP15;ATF4;POLR2K;DDX21
prerank,Positive Regulation Of Lymphocyte Differentiation (GO:0045621),-0.533402661753785,-1.0195296964098803,0.46113074204946997,0.8035788413075505,1.0,9/31,26.40%,BTK;RHOH;XRCC6;IL7;NCKAP1L;XBP1;SMARCB1;SMARCD1;BRD7
prerank,Regulation Of Potassium Ion Transmembrane Transporter Activity (GO:1901016),-0.566288927721774,-1.0184994751715575,0.46935201401050786,0.80523987507937,1.0,3/20,9.26%,ATP1B1;FHL1;YWHAE
prerank,Icosanoid Metabolic Process (GO:0006690),0.5151759516447754,1.0184267755392995,0.4377880184331797,0.8205260225291543,1.0,4/31,6.67%,EPHX1;CYP2J2;ALOX15B;DPEP2
prerank,Response To Interferon-Beta (GO:0035456),-0.5566629567111094,-1.018346286156785,0.4649910233393178,0.8045016654466719,1.0,8/21,25.57%,CALM1;IKBKE;STAT1;AIM2;IRF1;OAS1;IFITM3;CDC34
prerank,Positive Regulation Of Phosphorylation (GO:0042327),0.3982343949126879,1.0183029961558718,0.4024691358024691,0.8190418046485239,1.0,31/160,7.91%,ERBB4;EGFR;HGF;ERBB3;NTRK3;GPNMB;ROR1;TNIK;FGFR3;FGF2;FAXDC2;TYRO3;ALK;ROR2;PDGFRB;FGFR2;FGF1;LIMCH1;SLCO3A1;DVL2;PTGES3;CCND3;IGF1R;SOX9;MERTK;ARRB1;RELN;VAC14;FGFR1;DDR2;NTRK2
prerank,Regulation Of Intracellular Estrogen Receptor Signaling Pathway (GO:0033146),0.5543835948694609,1.0182511491174089,0.44567627494456763,0.8173529117742407,1.0,1/21,0.17%,YAP1
prerank,Sphingolipid Biosynthetic Process (GO:0030148),0.46203161164326634,1.0181653494604173,0.4108695652173913,0.8157922353822183,1.0,5/58,5.97%,PRKD1;ABCA8;HACD1;FA2H;PLPP3
prerank,Regulation Of Cholesterol Metabolic Process (GO:0090181),0.5690773912506861,1.0179796688215408,0.45893719806763283,0.8145243269329844,1.0,4/17,11.69%,CES1;SEC14L2;APOE;LDLRAP1
prerank,Negative Regulation Of Multicellular Organismal Process (GO:0051241),0.40918993276835086,1.0178872852909977,0.3938679245283019,0.813009355885083,1.0,23/154,7.85%,NFIB;WWC1;EGFR;GJA1;GPNMB;RGCC;PLCL1;NOVA1;ZNF706;LGR4;ACOT11;PTPRG;WWC3;ZNF423;SOX9;IL17D;USF3;PTCH1;DUSP10;DAB2IP;LRP4;SPRY1;ACVR2B
prerank,Peptidyl-Lysine Modification (GO:0018205),0.44249333944896996,1.0175083880633768,0.40481927710843374,0.8123244117546007,1.0,13/73,13.40%,EYA1;PLOD2;METTL21A;PIAS4;KAT2B;TRIM28;SIRT2;SIRT4;BCL11A;MDM2;SLF2;P3H4;UHRF2
prerank,Proton Transmembrane Transport (GO:1902600),-0.522596094178648,-1.0171630253304833,0.451114922813036,0.8064221923165921,1.0,9/30,17.21%,ATP6V0E2;ATP1B1;ATP6V1E1;ATP5F1B;ATP6V1D;ATP1A1;ATP6V0D1;ATP6V0A1;ATP6V1A
prerank,Glycolipid Biosynthetic Process (GO:0009247),-0.5139723496648148,-1.0161775418430101,0.44424131627056673,0.8077905248118631,1.0,9/35,19.02%,ST8SIA3;ST6GALNAC5;ST8SIA6;PIGB;B4GALT6;DPM2;B3GNT5;TP53INP2;PGAP3
prerank,Positive Regulation Of ERK1 And ERK2 Cascade (GO:0070374),0.4182592771490351,1.015875720630638,0.4024390243902439,0.8150565186021127,1.0,17/109,4.50%,CHI3L1;ERBB4;FERMT2;EGFR;BMPER;NTRK3;GPNMB;ROR1;FGFR3;FGF2;CD44;SLC30A10;ROR2;PDGFRB;FGFR2;FGF1;MFHAS1
prerank,Heterochromatin Formation (GO:0031507),-0.5350290468757015,-1.0157241240331316,0.4648648648648649,0.8078910043672729,1.0,2/27,3.50%,UHRF1;EZH2
prerank,Adaptive Immune Response Based On Somatic Recombination Of Immune Receptors Built From Immunoglobulin Superfamily Domains (GO:0002460),-0.5790722551903782,-1.015288491082858,0.48134991119005327,0.807850790019335,1.0,8/16,21.12%,GNL1;CR1;MYO1G;BTN3A2;JAG1;CR1L;EBI3;HLA-DRB1
prerank,Regulation Of Telomere Maintenance Via Telomere Lengthening (GO:1904356),-0.5888855502919035,-1.0152670011993026,0.47706422018348627,0.8067755067268634,1.0,7/15,38.35%,TINF2;TERF2;DHX36;POT1;PINX1;SMG5;PARP1
prerank,Negative Regulation Of Type I Interferon Production (GO:0032480),-0.5216591233037517,-1.0146908569381494,0.4438687392055268,0.8071629784722877,1.0,3/35,8.76%,IL10;RELB;HAVCR2
prerank,Proteoglycan Metabolic Process (GO:0006029),0.5510240231052352,1.01430261282247,0.48868778280542985,0.8175196068402109,1.0,3/20,6.85%,BMPR1B;CSGALNACT1;CHST9
prerank,Negative Regulation Of Cytoskeleton Organization (GO:0051494),0.5424928997360084,1.0132932925399931,0.46284501061571126,0.8186227862884374,1.0,3/22,4.85%,KANK1;HIP1R;PIK3CA
prerank,"Positive Regulation Of DNA-templated Transcription, Elongation (GO:0032786)",-0.4817109737835955,-1.0132511088381204,0.4363327674023769,0.8098697377280885,1.0,9/50,16.33%,ERCC6;MED29;MED18;NCBP2;SUPT4H1;HMGN1;MED8;PWWP2B;TCERG1
prerank,Fatty Acid Metabolic Process (GO:0006631),0.43275425754818464,1.0130530808459297,0.42289719626168226,0.8174741106797987,1.0,10/86,5.67%,CYP2J2;ACOT11;PPARGC1A;FA2H;ACSBG1;ACACB;CES1;SLC27A4;SLC27A6;GGT5
prerank,Positive Regulation Of Interleukin-12 Production (GO:0032735),0.5725762615344553,1.0123611374328598,0.46938775510204084,0.8175007782216971,1.0,4/17,12.42%,PLCB1;PLCG2;IRF5;RIPK2
prerank,Cellular Response To Oxidative Stress (GO:0034599),0.4256993159052913,1.0122097360351716,0.4316546762589928,0.816122747365374,1.0,6/98,3.90%,PRKD1;PTPRK;PRR5L;EGFR;PPARGC1A;MAPT
prerank,Regulation Of Autophagy (GO:0010506),-0.40050182228213455,-1.0117670806364092,0.39658119658119656,0.8126060270366532,1.0,25/211,11.43%,EEF1A2;UCHL1;OPTN;PINK1;ATP6V0E2;IL10;DAPL1;DEPP1;BNIP3;FBXL2;CDK5R1;ATP6V1E1;CDK5;RAB39B;ATP6V1G1;GAPDH;ENDOG;CAPNS1;BAD;ATP6V1D;RNF152;TPCN2;MCL1;EXOC7;TBC1D14
prerank,Homotypic Cell-Cell Adhesion (GO:0034109),0.4851477849461421,1.011219192779646,0.43661971830985913,0.8170512138839521,1.0,6/35,9.09%,MEGF10;TYRO3;HSPB1;PLPP3;RAP2B;ACTN1
prerank,Aortic Valve Development (GO:0003176),0.5393662238743412,1.0109437500526661,0.44522144522144524,0.8160157503200902,1.0,2/22,5.72%,ELN;SOX9
prerank,Positive Regulation Of Protein Autophosphorylation (GO:0031954),0.5389463182275867,1.0109159041216014,0.46205357142857145,0.8143248771799326,1.0,3/20,3.84%,GREM1;GPNMB;NEK10
prerank,Regulation Of AMPA Receptor Activity (GO:2000311),-0.5818951824465488,-1.0091793139552776,0.4878472222222222,0.8184153494017087,1.0,5/17,9.41%,PRRT1;MAPK8IP2;CACNG8;CACNG2;GSG1L
prerank,Cellular Response To Retinoic Acid (GO:0071300),-0.5482780413034203,-1.0089370337869379,0.4694244604316547,0.8178956450749097,1.0,3/22,4.77%,PTK7;RET;WNT3
prerank,Regulation Of Protein Polymerization (GO:0032271),-0.5384219716532626,-1.0074622869439236,0.47706422018348627,0.8206994535162883,1.0,5/26,4.39%,TPPP3;PLEKHG2;PAK3;MAPRE3;MAP2
prerank,Regulation Of Telomere Capping (GO:1904353),-0.5754287292328576,-1.006820476632218,0.48545454545454547,0.8211942104674923,1.0,3/17,11.10%,PRKCQ;PKIB;NABP2
prerank,Receptor-Mediated Endocytosis (GO:0006898),-0.422841316669932,-1.0054152914733319,0.433389544688027,0.823951673044061,1.0,17/106,10.86%,MARCO;CD36;OCRL;ITGAM;DPP4;MRC1;ADM;AP2S1;AP2M1;CLTB;GRB2;DNM1;TFR2;TFRC;RAB31;SNAP91;TPCN2
prerank,Positive Regulation Of Gene Expression (GO:0010628),0.36246277921716313,1.0053147337475965,0.4315245478036176,0.8278075938609835,1.0,28/331,5.90%,YAP1;BMPR1B;NWD1;FAM47E;ITGB8;GJA1;NTRK3;CADM1;SGF29;MITF;PRR16;FGF2;RGCC;ZNF804A;PPARGC1A;BMP7;PLCG2;FGF1;MYOM1;TLE1;OCLN;SLC38A2;KAT2B;SLC24A3;KAT2A;SOX9;TNC;ADAM19
prerank,Negative Regulation Of Cysteine-Type Endopeptidase Activity Involved In Apoptotic Process (GO:0043154),-0.4990337216018714,-1.0052276141325327,0.4688581314878893,0.8233682364441943,1.0,5/37,4.69%,TNF;CDKN2D;DHCR24;IFI6;VEGFA
prerank,Negative Regulation Of Smooth Muscle Cell Proliferation (GO:0048662),-0.5436097598478737,-1.005161231259128,0.4856115107913669,0.8223995835384058,1.0,6/23,12.98%,NDRG4;IL10;TNFAIP3;CDKN1A;TRIB1;OGN
prerank,Regulation Of Cellular Biosynthetic Process (GO:0031326),0.4656019260647298,1.0049991816878374,0.4519906323185012,0.8268728300287693,1.0,5/59,10.19%,MITF;JADE2;CES1;MSI2;RPL10
prerank,Histone Modification (GO:0016570),0.4416738071067215,1.004600450399845,0.43601895734597157,0.8261857037689752,1.0,13/75,17.44%,JADE2;KAT2B;SIRT2;SIRT4;MBTD1;TBL1X;ING4;CREBBP;KAT14;EPC2;SIRT6;UBE2B;USP3
prerank,Regulation Of Exosomal Secretion (GO:1903541),0.5672917499933539,1.0043986270437397,0.47344110854503463,0.8249579670222373,1.0,1/17,0.60%,SDC4
prerank,Positive Regulation Of Transmembrane Receptor Protein Serine/Threonine Kinase Signaling Pathway (GO:0090100),0.45739227794873943,1.004282510073933,0.4533333333333333,0.8235402061555552,1.0,6/54,7.85%,RBPMS;CRB2;BMP7;ZNF423;TGFB2;ACVR2B
prerank,Negative Regulation Of Cell Projection Organization (GO:0031345),0.4729625812705997,1.0042492904242308,0.44675925925925924,0.8218706541373301,1.0,4/44,2.91%,ZNF365;KANK1;FYN;SPOCK1
prerank,Regulation Of Plasma Membrane Bounded Cell Projection Assembly (GO:0120032),-0.45538362770394525,-1.004215247486186,0.4649910233393178,0.8237411511774159,1.0,4/62,5.60%,DMTN;GAP43;RABEP2;TBC1D8
prerank,Negative Regulation Of Tumor Necrosis Factor Superfamily Cytokine Production (GO:1903556),-0.5104188310256169,-1.0036448354847305,0.45315161839863716,0.8241079814612714,1.0,7/36,8.76%,CHRNA7;IL10;POMC;TNFAIP3;C5AR2;GHRL;HAVCR2
prerank,Cellular Nitrogen Compound Biosynthetic Process (GO:0044271),-0.5528795502131325,-1.0036118331384294,0.4831649831649832,0.8230529784979564,1.0,1/20,0.48%,GCH1
prerank,Photoperiodism (GO:0009648),-0.5589080683632182,-1.0033293483829313,0.4782608695652174,0.8226386459390057,1.0,1/21,1.55%,ID2
prerank,Protein K63-linked Deubiquitination (GO:0070536),0.5103396706361067,1.002957216312464,0.46153846153846156,0.8236234916559642,1.0,2/30,2.83%,OTUD7B;OTUD7A
prerank,Response To Light Stimulus (GO:0009416),-0.5071489953131547,-1.0027237667633115,0.46167883211678834,0.8230989646752793,1.0,2/38,3.21%,CDKN2D;DRD2
prerank,Negative Regulation Of Oxidative Stress-Induced Intrinsic Apoptotic Signaling Pathway (GO:1902176),-0.5860755586828659,-1.002636356205871,0.49023090586145646,0.8221795431835773,1.0,2/15,5.98%,PINK1;PPIA
prerank,Iron Ion Transport (GO:0006826),0.5489944603210116,1.0026304948189657,0.48089887640449436,0.8227016359022391,1.0,5/21,9.37%,F3;HEPH;LTF;SLC40A1;TTYH1
prerank,Regulation Of Ras Protein Signal Transduction (GO:0046578),0.4428462104361633,1.0022794011080296,0.4447058823529412,0.8219499075157969,1.0,12/62,13.51%,KANK1;SGSM3;DAB2IP;PLCE1;DENND4C;TGFB2;SPRY1;RALGPS1;RASGEF1A;RASGRF1;NOTCH2;CADM4
prerank,Platelet Dense Granule Organization (GO:0060155),-0.5710265722513339,-1.0022467896067664,0.4858156028368794,0.8220696605669551,1.0,8/18,31.89%,AP3M1;HPS3;AP1M1;AP1S1;AP3D1;BLOC1S2;HPS6;AP1B1
prerank,Negative Regulation Of Extrinsic Apoptotic Signaling Pathway (GO:2001237),-0.47522211029509515,-1.001045800213054,0.45818815331010454,0.8240446451235339,1.0,8/55,6.86%,IL1B;IL1A;TNF;IFI6;FAIM2;ICAM1;BRCA1;TNFAIP3
prerank,Regulation Of Cellular Response To Transforming Growth Factor Beta Stimulus (GO:1903844),-0.5684264152279653,-1.0009824506056408,0.4895833333333333,0.8230797747510652,1.0,5/17,13.70%,DKK3;NREP;LTBP4;EID2;SMAD3
prerank,Cellular Component Assembly (GO:0022607),0.3873193192652063,1.0007262132703714,0.4199475065616798,0.8244174474482421,1.0,25/187,9.32%,PARD3;YAP1;ELN;CD247;MITF;PAWR;PTPRD;CCDC40;PPARGC1A;HYDIN;OCLN;LAMC1;PLS1;LLGL1;SOX9;NLGN4X;SYCP2;BAG6;NLGN1;PPID;GPM6B;FAM107A;DVL1;BAIAP2L2;CAPG
prerank,Organic Cation Transport (GO:0015695),-0.5516373658854089,-1.0004332040283406,0.4938704028021016,0.823407219325834,1.0,3/22,4.13%,SLC6A3;SLC22A4;SLC44A5
prerank,Positive Regulation Of Protein Modification By Small Protein Conjugation Or Removal (GO:1903322),-0.461991499967502,-1.000392767669453,0.45,0.8224009556802199,1.0,15/67,18.43%,PINK1;UBB;TSPYL5;FANCI;BRCA1;UBE2L3;SPHK1;ZC3H12A;PAXIP1;PHF23;PTTG1IP;PRICKLE1;AXIN1;STUB1;CENPX
prerank,ATP Metabolic Process (GO:0046034),-0.5226239287690414,-0.9994815861684351,0.477112676056338,0.8236905057237157,1.0,5/28,10.16%,ATP1B1;ATP5F1A;ATP5F1B;BAD;ENPP3
prerank,Alpha-Amino Acid Metabolic Process (GO:1901605),-0.5565065563760989,-0.9990005726362506,0.4902654867256637,0.8238207327963987,1.0,5/20,17.02%,RIMKLA;MTHFR;KMO;DDAH1;ASS1
prerank,Peptidyl-Threonine Dephosphorylation (GO:0035970),0.5746799065138821,0.9988822250142292,0.49887640449438203,0.8277119824889216,1.0,4/15,14.16%,PDP1;DUSP10;DUSP18;PPM1D
prerank,Cellular Response To Lipid (GO:0071396),-0.41491237886015025,-0.9988318724215841,0.46,0.8231368774667602,1.0,12/148,5.06%,SSTR1;IL1B;PTK7;RET;IL1A;CXCL10;CD80;ZFP36;IL10;CCL2;WNT3;MYD88
prerank,Positive Regulation Of DNA-binding Transcription Factor Activity (GO:0051091),-0.4011526534531061,-0.9986047064526994,0.4786184210526316,0.8225773545966993,1.0,17/190,5.98%,IL1B;BEX1;TNF;FOXA1;IL18R1;ANXA3;CD36;TERF2IP;IL10;NTSR1;BTK;VEGFA;PRKCQ;RAB7B;MYD88;IKBKE;PPIA
prerank,Negative Regulation Of Binding (GO:0051100),-0.4606744734857156,-0.9983818617632385,0.45532646048109965,0.822046692436789,1.0,14/63,22.45%,E2F1;PIN1;CDKN1A;ZFPM1;IFIT1;HABP4;PARK7;RALB;SUMO3;BTAF1;AKT1;JAK2;PDGFB;GTPBP4
prerank,Regulation Of B Cell Activation (GO:0050864),-0.5705244380839753,-0.9982405636251586,0.47491039426523296,0.8213206173206336,1.0,7/18,13.47%,IL10;TNFAIP3;SAMSN1;NOD2;IL4I1;TNIP2;ZFP36L1
prerank,Negative Regulation Of Mitochondrion Organization (GO:0010823),-0.516128022797972,-0.9981122153833049,0.48114901256732495,0.8205233302118454,1.0,5/28,5.26%,PINK1;SLC25A4;BNIP3;GHITM;PPIF
prerank,Regulation Of Insulin Receptor Signaling Pathway (GO:0046626),0.4918884655110323,0.9980735385135077,0.46172248803827753,0.8281748678973189,1.0,8/34,9.17%,KANK1;SORBS1;SLC27A4;GKAP1;PIP4K2C;GRB10;TNS2;IRS1
prerank,Regulation Of Cardiac Muscle Hypertrophy (GO:0010611),-0.5571683296358072,-0.9978105348821549,0.4843462246777164,0.8202211570047826,1.0,6/19,25.55%,PRKCA;RGS2;NR4A3;P2RX4;MEF2A;CAMK2D
prerank,Positive Regulation Of JUN Kinase Activity (GO:0043507),0.5262308340415385,0.9968542078562813,0.47045454545454546,0.8295821621771101,1.0,3/24,6.84%,SASH1;DVL2;DAB2IP
prerank,Cellular Response To Hydrogen Peroxide (GO:0070301),0.514344264598813,0.996701096677611,0.45714285714285713,0.8282549585030715,1.0,3/26,6.26%,FYN;AQP1;PLEKHA1
prerank,Regulation Of TORC1 Signaling (GO:1903432),0.4773036051546761,0.9965791039841068,0.46604215456674475,0.8268367391828024,1.0,8/42,15.85%,CASTOR2;CLEC16A;NPRL2;SESN1;CASTOR1;WDR59;RRAGD;NPRL3
prerank,T Cell Receptor Signaling Pathway (GO:0050852),-0.4576211293748642,-0.9965726371238497,0.4864406779661017,0.8223225588319844,1.0,11/66,12.33%,TNFRSF21;THY1;RFTN1;HLA-A;BTK;NFKBIZ;LCP2;BTN3A1;SKAP1;BTN3A2;ZC3H12A
prerank,Protein Dephosphorylation (GO:0006470),0.4096484505488097,0.9962688935507173,0.42657342657342656,0.825929334788695,1.0,14/107,10.00%,PTPRZ1;PTPRK;PTPRD;DUSP16;PPM1H;PTPRG;PDP2;PDP1;DUSP10;PPP2R3A;PTPN13;TNS2;PPP2R5A;DUSP18
prerank,Negative Regulation Of ERK1 And ERK2 Cascade (GO:0070373),-0.5042494552815925,-0.9948350776841631,0.47543859649122805,0.8256773452524181,1.0,7/37,9.44%,DUSP26;LMO3;PIN1;PTPN1;RPS6KA6;PTPN2;LYN
prerank,Positive Regulation Of G2/M Transition Of Mitotic Cell Cycle (GO:0010971),-0.5614744045238784,-0.9947383326642368,0.49554367201426025,0.8248185399809979,1.0,7/18,24.72%,CDC25C;CCNB1;RAB11A;RRM1;DBF4B;RCC2;RAD51C
prerank,Positive Regulation Of Protein Modification Process (GO:0031401),-0.407948934543323,-0.9944301477060771,0.4738675958188153,0.8245293103895378,1.0,22/166,7.25%,IL1B;MARCO;TNF;EGR1;PINK1;CALM3;HRAS;CHRNA7;FPR2;CDCA2;PIN1;PIK3R3;VEGFA;SMPD1;CALM1;MT3;CLIP3;LIMK2;TRABD2A;PPIA;NSMF;CDKN1A
prerank,Regulation Of DNA Recombination (GO:0000018),-0.528176678332443,-0.9937784014639995,0.489945155393053,0.8250763717923342,1.0,4/27,5.10%,CHEK1;TERF2IP;IL10;BLM
prerank,Substantia Nigra Development (GO:0021762),-0.49969323695299417,-0.9936446055205734,0.4787234042553192,0.8243398173148102,1.0,8/36,9.42%,INA;SYNGR3;CALM3;BASP1;CALM1;PADI2;YWHAE;ATP5PB
prerank,Regulation Of Focal Adhesion Assembly (GO:0051893),-0.4740269552127461,-0.9935249307450211,0.484573502722323,0.8235456195217711,1.0,4/47,4.69%,DMTN;THY1;ACTG1;VEGFA
prerank,Positive Regulation Of GTPase Activity (GO:0043547),0.3902881166610816,0.9934454098259492,0.41687344913151364,0.8318335284461124,1.0,32/171,12.55%,PLXNB1;FERMT2;RAPGEF3;NTRK3;ARHGEF26;ASAP3;DOCK9;RGS7;SLC27A4;ARHGAP29;RASGRF2;SGSM3;AGRN;TBC1D16;APC2;RAPGEF4;PKP4;RALGAPA2;SOS1;AGAP1;RALGPS1;RASGEF1A;PREX2;TBC1D10A;TIAM2;F2RL1;ARHGAP42;RALGDS;RASGRF1;DOCK7;RASGRP3;RAPGEF5
prerank,Interferon-Mediated Signaling Pathway (GO:0140888),-0.5361300134905049,-0.9934363289533266,0.4965156794425087,0.8226769985877856,1.0,11/26,23.96%,MYD88;IKBKE;IFNGR2;STAT1;IFI27;IRF1;IFNLR1;TRAF3;JAK2;TBK1;IFITM3
prerank,Amyloid Fibril Formation (GO:1990000),-0.567053894706143,-0.9933217730508036,0.4972477064220184,0.8219126364492183,1.0,2/17,4.95%,CD36;FUS
prerank,Spliceosomal snRNP Assembly (GO:0000387),-0.5133453162976155,-0.9926183608587292,0.5063752276867031,0.8226037515211742,1.0,9/35,25.92%,PRPF19;SART3;WDR77;LSM4;SNRPD1;STRAP;HNRNPC;COIL;USP4
prerank,"Wound Healing, Spreading Of Cells (GO:0044319)",0.5213072258293251,0.9926085275041313,0.4801762114537445,0.832316645112339,1.0,6/20,14.74%,TMEFF2;CD44;CD151;DDR1;FLNA;CCNA2
prerank,Positive Regulation Of Cation Channel Activity (GO:2001259),-0.5450618084807118,-0.9920527382938104,0.5063291139240507,0.8228920250486593,1.0,7/21,17.54%,CALM3;CALM1;P2RY6;HTT;APEX1;STAC3;LRRC55
prerank,Negative Regulation Of Apoptotic Signaling Pathway (GO:2001234),-0.45616970928878453,-0.9914984655731547,0.47560975609756095,0.8232345227921835,1.0,20/69,18.03%,TNF;PINK1;MAPK8IP2;SLC25A4;FAIM2;GHITM;PPIF;BDNF;BCL2L2;NOC2L;TMEM14A;HTT;CX3CR1;PARK7;ITGAV;NR4A2;PLAUR;THBS1;PSME3;NDUFS3
prerank,Wound Healing (GO:0042060),-0.4670022320938787,-0.9908150832236837,0.4838709677419355,0.8239366070938544,1.0,6/52,4.80%,RAB3A;ANXA6;SYT7;CLDN1;SLC11A1;SMPD1
prerank,mRNA 3'-End Processing (GO:0031124),-0.502248755228537,-0.9902123138321022,0.48134991119005327,0.8243358705308382,1.0,17/36,31.34%,NCBP2;CSTF2T;GRSF1;APP;LSM11;LSM10;CPSF4;LEO1;SSU72;CDC73;MTPAP;RPRD1B;PABPC1;CPSF3;PAPOLG;CSTF2;SYMPK
prerank,Zymogen Activation (GO:0031638),-0.5130713505170745,-0.9891966717809972,0.49040139616055844,0.8258773020696525,1.0,5/31,8.84%,PLAT;PERP;THBD;CYFIP2;BAD
prerank,mRNA Metabolic Process (GO:0016071),-0.44021215873533603,-0.9887112579211771,0.48873483535528595,0.826007842128106,1.0,14/77,23.10%,ZFP36;SRSF2;NCBP2;SRSF1;SRSF7;SRSF9;TCERG1;HSF1;DHX15;SRSF4;YTHDF2;TP53;SF3B2;SFPQ
prerank,Regulation Of Endothelial Cell Proliferation (GO:0001936),-0.46762565929648825,-0.9883862248141759,0.4757785467128028,0.8257836498543174,1.0,11/57,8.60%,NRARP;EGR3;EGFL7;ATP5IF1;VEGFA;PRKCA;ATP5F1A;NELL2;SEMA5A;GHRL;NELL1
prerank,Positive Regulation Of JNK Cascade (GO:0046330),0.4479809414244933,0.9882621867142819,0.46292134831460674,0.8423543658687266,1.0,6/58,6.84%,TPD52L1;TNIK;PLCB1;MFHAS1;SH3RF1;DAB2IP
prerank,RNA Modification (GO:0009451),0.4703881219778248,0.9882478423037533,0.4433497536945813,0.8406502769779216,1.0,14/45,23.42%,ADARB1;PUS3;DTWD1;TRMT9B;TRIT1;BCDIN3D;RBM15B;TRUB1;MRM1;AARS2;TRMT1;RBM15;NSUN6;TRDMT1
prerank,Protein Localization To Cell Junction (GO:1902414),0.552538456971968,0.988139334217188,0.4879807692307692,0.8391859002075283,1.0,4/17,7.27%,FERMT2;TJP1;NECTIN1;NLGN1
prerank,Neutrophil Migration (GO:1990266),-0.5094355439965096,-0.9873277704428958,0.5078534031413613,0.8274205669984966,1.0,7/30,6.40%,CCL3;CXCL10;TREM1;CCL2;CCL3L1;PPIA;SRP54
prerank,Double-Strand Break Repair (GO:0006302),-0.4027299724496304,-0.9870668992870605,0.4643478260869565,0.8270372357009266,1.0,36/148,21.68%,POLQ;UBE2V2;CDCA5;EME2;XRCC3;BLM;TONSL;PRPF19;PARP2;BRCA1;LIG3;NABP2;AP5Z1;INO80;SAMHD1;RAD51AP1;ZGRF1;XRCC6;XRCC2;RPA3;DEPDC1B;RAD54B;IFFO1;UBE2N;AUNIP;ACTR5;VCP;ERCC1;RNF8;BRCA2;GEN1;TP53BP1;CYREN;CHD4;TENT4A;PARP9
prerank,Dephosphorylation (GO:0016311),0.40150535496141704,0.9866633330917365,0.4431554524361949,0.8414656884163151,1.0,15/122,8.00%,PLPPR1;PTPRZ1;PTPRK;PLPP4;PTPRD;DUSP16;PPM1H;PTPRG;PDP2;PDP1;PLPP3;DUSP10;PPP2R3A;ACP6;PTPN13
prerank,Regulation Of Activated T Cell Proliferation (GO:0046006),0.5405894673970231,0.9866465551126019,0.49776785714285715,0.8397682235296401,1.0,1/20,1.80%,ICOSLG
prerank,Regulation Of calcineurin-NFAT Signaling Cascade (GO:0070884),-0.5353743040299415,-0.9864231906384608,0.5017006802721088,0.8275269117444984,1.0,1/23,0.62%,TNF
prerank,Negative Regulation Of Cell Cycle G1/S Phase Transition (GO:1902807),-0.5205410335619064,-0.9862785201841694,0.50177304964539,0.8267947182603799,1.0,6/28,9.00%,WEE1;CCL2;E2F7;FHL1;CDKN1A;INHBA
prerank,Kidney Development (GO:0001822),-0.48686595826526463,-0.9857837286144182,0.5054347826086957,0.8269550256165331,1.0,4/39,4.69%,AGTR1;ROBO2;SULF2;VEGFA
prerank,Peptidyl-Proline Modification (GO:0018208),-0.5529314100874598,-0.9857190356394044,0.5282331511839709,0.8260226126885135,1.0,5/18,14.93%,PIN1;PPIF;PPIA;PPWD1;NTMT1
prerank,Cytoplasmic Translational Initiation (GO:0002183),-0.517385457409158,-0.9855170770872648,0.4767025089605735,0.8254534931372446,1.0,13/28,35.74%,NCBP2;RBM4;EIF4A2;MIF4GD;EIF4G1;DHX29;EIF3M;EIF3L;EIF3I;EIF3H;EIF2S3;EIF3B;EIF2D
prerank,Organelle Transport Along Microtubule (GO:0072384),-0.49361636418849403,-0.9853480450374485,0.5008976660682226,0.8248234931012564,1.0,2/34,2.41%,UBB;DYNC1I1
prerank,Cytosolic Transport (GO:0016482),-0.4224032194927174,-0.9852549622787692,0.471326164874552,0.8239805856312084,1.0,18/112,18.11%,RAB6B;SYT7;HOOK1;PHETA1;PREPL;YKT6;BET1L;WDR81;HOOK2;RILP;BECN1;CLTCL1;UBE2O;DCTN1;RAB5A;VTI1B;HEATR5B;GAK
prerank,Supramolecular Fiber Organization (GO:0097435),-0.3917732983956093,-0.9852298779309862,0.45229681978798586,0.8229574014788594,1.0,23/201,7.92%,STMN2;NEFL;ADAMTS2;TAGLN3;RAC3;INA;STMN1;CD36;TPPP3;LMOD3;FSD1;KIF18B;PIN1;FUS;STMN3;MYO1H;CLIP3;HOOK1;TBCB;PLK3;RND1;FBLN5;DYNC1H1
prerank,Visual Perception (GO:0007601),-0.48162712770342486,-0.9845544820095721,0.5009416195856874,0.8236723309933357,1.0,10/49,10.31%,TH;CHRNB2;RGS16;E2F1;PITPNA;CACNA2D4;SLC4A10;ADGRV1;OAT;CABP4
prerank,Regulation Of Cell Growth (GO:0001558),0.38489640357224786,0.9844949565806747,0.4701492537313433,0.8437377643618149,1.0,17/178,7.19%,NRG3;YAP1;EGFR;GJA1;JADE2;CDKN2A;SPOCK1;LGI1;CDKN2C;IL17RB;S100A8;TNC;PTCH2;TP53TG5;PLCE1;NDUFA13;TGFB2
prerank,Axonogenesis (GO:0007409),0.3838616071108178,0.9836466935589999,0.47512437810945274,0.8443750031448721,1.0,21/153,6.43%,PARD3;KIAA1755;LGR6;BOC;NTNG1;CTNNA2;SEMA4B;CNTN2;DSCAML1;FYN;KALRN;GLI2;LGI1;SLITRK2;NEXN;FGFR2;LLGL1;SEMA3D;NFASC;RELN;EPHA3
prerank,Negative Regulation Of Intracellular Signal Transduction (GO:1902532),0.38277154191909085,0.9828495784534754,0.472636815920398,0.844762340212573,1.0,20/180,6.95%,RORA;WWC1;MAGI2;DGKG;OTUD7B;CD22;BMP7;PHLPP1;DUSP16;SLC24A4;TLE1;WWC3;NPRL2;IGF1R;RFFL;APLNR;PLEKHA1;DAB2IP;NDUFA13;P2RX7
prerank,Positive Regulation Of Macromolecule Biosynthetic Process (GO:0010557),0.41189728887692334,0.9827236075786012,0.4699074074074074,0.8433753052889216,1.0,12/97,9.62%,SORBS1;HGF;PRR16;FGF2;RGCC;PDGFRB;DYRK2;TGFB2;SLC6A9;INSR;IRS1;LARP6
prerank,Negative Regulation Of Protein Phosphorylation (GO:0001933),0.39356959023800187,0.9821471704491336,0.49534883720930234,0.843215985394642,1.0,15/123,9.25%,PARD3;WWTR1;GREM1;PRR5L;NTRK3;CNKSR3;HSPB1;OCLN;PLPP3;CEP85;DAB2IP;PTPN13;DVL1;ZBED3;SIRT2
prerank,Negative Regulation Of Amyloid Precursor Protein Catabolic Process (GO:1902992),-0.5501651462299887,-0.9820065076397472,0.524451939291737,0.8289189637460948,1.0,4/18,14.86%,CHRNA7;PIN1;RTN4;APEX1
prerank,Regulation Of Cell Size (GO:0008361),0.5150029291206244,0.9816236975940321,0.4916467780429594,0.84293910465534,1.0,1/22,1.99%,PRR16
prerank,Regulation Of ERK1 And ERK2 Cascade (GO:0070372),0.3832441257002425,0.9815630791799359,0.46115288220551376,0.8413713156475378,1.0,29/161,7.91%,TGFBR3;CHI3L1;ERBB4;FERMT2;EGFR;BMPER;NTRK3;GPNMB;CNKSR3;ROR1;FGFR3;FGF2;CD44;SLC30A10;ROR2;PDGFRB;NEK10;FGFR2;FGF1;MFHAS1;DUSP10;ARRB1;DAB2IP;EPHB1;TIMP3;SPRY1;DDR2;SEMA6A;NTRK2
prerank,Negative Regulation Of Epithelial To Mesenchymal Transition (GO:0010719),-0.5466942280657648,-0.9815395223254039,0.5114235500878734,0.8290514258323664,1.0,2/18,7.80%,FOXA1;OVOL2
prerank,"RNA Splicing, Via Transesterification Reactions With Bulged Adenosine As Nucleophile (GO:0000377)",-0.40143362006321076,-0.980150152179664,0.45689655172413796,0.8314430565019675,1.0,35/167,23.69%,NOVA2;PIN1;SNU13;PRPF19;SRSF2;NCBP2;PPWD1;SRSF1;SART3;GPKOW;MTREX;SRSF7;SRSF9;RBM4;SNRPA1;RNPS1;HSPA8;DHX15;BCAS2;SYNCRIP;LSM4;DBR1;SRSF4;TXNL4A;EFTUD2;SNRPD1;SNRNP35;PPIL3;SF3B2;SRSF3;BUD31;PRPF4;HTATSF1;CWC25;HNRNPC
prerank,Sensory Perception Of Sound (GO:0007605),0.4429098647736614,0.9794227051442803,0.48072562358276644,0.8453095138385501,1.0,7/55,7.04%,EYA1;ROR1;WHRN;COL4A3;TPRN;WFS1;LRP2
prerank,Negative Regulation Of Cold-Induced Thermogenesis (GO:0120163),-0.5016314471108952,-0.9787249394736951,0.4972875226039783,0.8338820397011073,1.0,3/33,2.44%,ALDH1A1;IL18R1;NOVA2
prerank,Positive Regulation Of Telomerase Activity (GO:0051973),0.5071439824438346,0.9785347258186295,0.5148741418764302,0.8459774844641729,1.0,2/28,5.22%,GREM1;PTGES3
prerank,Transcription Elongation By RNA Polymerase II (GO:0006368),-0.5100849635394041,-0.9784613133297396,0.4793814432989691,0.8334712266775227,1.0,7/26,24.71%,SUPT4H1;SRCAP;SART3;RTF1;SUPT5H;LEO1;CDC73
prerank,Regulation Of Hydrolase Activity (GO:0051336),0.4432068830807178,0.9781596822757137,0.4935064935064935,0.8452691990471681,1.0,7/57,7.91%,PLXNB1;PLXNA1;SCARB2;EPHA3;DAB2IP;PLXND1;NTRK2
prerank,Positive Regulation Of Neuron Death (GO:1901216),-0.500185059496323,-0.9777274888966139,0.49376114081996436,0.8342601334581272,1.0,6/30,8.13%,TNF;CCL3;ITGAM;CDK5R1;CDK5;GRIN2B
prerank,Positive Regulation Of Interleukin-8 Production (GO:0032757),-0.4833461119467663,-0.977684810615445,0.493006993006993,0.8332985419158968,1.0,12/43,16.81%,IL1B;TNF;CD244;MYD88;NOD2;NOD1;TLR2;LAMTOR5;PARK7;CD58;TLR3;DDIT3
prerank,Positive Regulation Of Response To Wounding (GO:1903036),-0.5623128081528461,-0.9776695348749103,0.5212569316081331,0.8322615530279592,1.0,4/18,5.21%,DMTN;HRAS;CLDN1;HBEGF
prerank,Positive Regulation Of DNA-templated Transcription Initiation (GO:2000144),-0.46795636598775703,-0.9768608109552092,0.48205128205128206,0.833166321517753,1.0,10/48,17.61%,FOSL1;MED29;MED18;GTF2A1;ZNHIT1;MED8;PAXIP1;TAF7;TAF2;MDC1
prerank,Memory (GO:0007613),-0.47046348290827195,-0.9768593586383247,0.5042158516020236,0.8320994677312815,1.0,6/44,2.85%,MAP1A;TH;CHRNB2;SLC8A2;SCN2A;CHRNA7
prerank,Negative Regulation Of Signal Transduction (GO:0009968),-0.396006982972425,-0.9763750667202423,0.4966887417218543,0.8322521626534078,1.0,22/183,6.86%,NRARP;IL1B;TNF;DLK1;MAPK8IP2;NDRG4;EGFL7;DKK3;DRD2;IL10;EZH2;SULF2;BEND6;SMPD1;PRKCQ;RAB7B;FAIM2;YWHAB;PLEK;TRABD2A;PTPN1;TNFAIP3
prerank,"Nuclear-Transcribed mRNA Catabolic Process, Deadenylation-Dependent Decay (GO:0000288)",-0.49413818212787025,-0.9761849529311641,0.50177304964539,0.8316405230982661,1.0,2/37,2.85%,NT5C3B;ZFP36
prerank,poly(A)+ mRNA Export From Nucleus (GO:0016973),0.540141156711593,0.9758279074820417,0.49107142857142855,0.8496532148240344,1.0,2/16,10.97%,ZC3H11B;SARNP
prerank,Protein Targeting To Lysosome (GO:0006622),0.5046641526488048,0.9757613599155895,0.5088888888888888,0.8481173398913343,1.0,8/25,21.90%,SCARB2;LAMP2;PXK;NEDD4;PIK3C3;ZFYVE16;CLU;GNPTG
prerank,NADP Metabolic Process (GO:0006739),-0.5577498621518555,-0.9756315615161989,0.5070921985815603,0.8320282768831132,1.0,5/15,28.89%,MDH1;FMO5;NUDT17;ALDH1L2;NUDT12
prerank,Positive Regulation Of Cell Cycle G2/M Phase Transition (GO:1902751),-0.5451016475366832,-0.9755200263140311,0.5293072824156305,0.8312557916455338,1.0,7/20,24.72%,CDC25C;CCNB1;RAB11A;RRM1;DBF4B;RCC2;RAD51C
prerank,Renal System Development (GO:0072001),-0.4964990201447837,-0.9753699868129134,0.49547920433996384,0.8305733014812992,1.0,3/32,4.69%,AGTR1;SULF2;VEGFA
prerank,Cholesterol Biosynthetic Process (GO:0006695),-0.5314070780405026,-0.9749267248723718,0.5052083333333334,0.8306539435043298,1.0,9/23,20.33%,DHCR24;SC5D;INSIG1;NSDHL;HMGCR;MVD;ACLY;MSMO1;HMGCS1
prerank,Regulation Of Metal Ion Transport (GO:0010959),0.4987921799618238,0.9744429555449949,0.4853932584269663,0.8498547721680572,1.0,5/28,8.75%,F3;CACNA2D1;NKAIN3;P2RX7;NKAIN2
prerank,Negative Regulation Of Cytokine Production (GO:0001818),-0.4089219433692453,-0.9739536292389326,0.47753743760399336,0.8319688709524241,1.0,13/125,9.16%,TNFRSF21;TNF;ZFP36;IL10;SLC11A1;TNFAIP3;C5AR2;GHRL;ZFPM1;HAVCR2;INHBA;SRGN;CR1
prerank,Regulation Of Neurogenesis (GO:0050767),-0.4774043745003887,-0.9734567522422781,0.5176678445229682,0.8320906927701801,1.0,5/45,7.55%,IL1B;TNF;OPRM1;WNT3;SERPINF1
prerank,Regulation Of Necroptotic Process (GO:0060544),-0.551393269864821,-0.9731117959014213,0.522887323943662,0.831883485970646,1.0,1/17,2.18%,SLC25A4
prerank,Regulation Of Epidermal Growth Factor Receptor Signaling Pathway (GO:0042058),0.4782628283747829,0.9730474417857199,0.4880952380952381,0.8518548347221714,1.0,7/35,12.11%,EGFR;HIP1R;ITGA1;DAB2IP;FER;HIP1;ZFYVE28
prerank,Monocarboxylic Acid Transport (GO:0015718),-0.4670738438164045,-0.9718837851237832,0.5104166666666666,0.8338982135623303,1.0,3/48,1.75%,SLC10A4;FABP7;ABCB4
prerank,Cellular Defense Response (GO:0006968),-0.5241370308883864,-0.9702584954498056,0.5406427221172023,0.836914314051806,1.0,6/27,17.18%,FOSL1;LGALS3BP;C5AR1;BECN1;CX3CR1;NCF2
prerank,Cellular Response To cAMP (GO:0071320),-0.5262785848774619,-0.9697129393718119,0.5158450704225352,0.8372788678559351,1.0,1/23,0.09%,DMTN
prerank,Intrinsic Apoptotic Signaling Pathway In Response To Endoplasmic Reticulum Stress (GO:0070059),-0.5246507152732158,-0.9697037548139404,0.5218150087260035,0.836240464300901,1.0,4/24,16.81%,ATP2A3;PPP1R15A;ATF4;DDIT3
prerank,Regulation Of Cellular Response To Heat (GO:1900034),0.5402779589098344,0.9695795732385878,0.5233853006681515,0.8592109279198673,1.0,8/15,26.26%,MAPT;CHORDC1;CREBBP;DNAJB1;DNAJB6;IER5;EP300;GSK3B
prerank,Phospholipid Dephosphorylation (GO:0046839),0.4967129523962975,0.9695165841961515,0.5148063781321185,0.8576774602969569,1.0,4/27,5.97%,PLPPR1;PLPP4;SYNJ2;PLPP3
prerank,Antigen Processing And Presentation Of Peptide Antigen Via MHC Class II (GO:0002495),-0.5429076960245365,-0.9684299937275985,0.5511945392491467,0.8372038201340362,1.0,8/19,24.24%,HLA-DMA;HLA-DQA1;HLA-DRB1;LGMN;CTSF;CTSL;FCER1G;HLA-DMB
prerank,Antigen Processing And Presentation Of Exogenous Peptide Antigen Via MHC Class II (GO:0019886),-0.5429076960245365,-0.9684299937275985,0.5511945392491467,0.8372038201340362,1.0,8/19,24.24%,HLA-DMA;HLA-DQA1;HLA-DRB1;LGMN;CTSF;CTSL;FCER1G;HLA-DMB
prerank,Negative Regulation Of Blood Vessel Endothelial Cell Migration (GO:0043537),-0.5257303684830859,-0.9682152810011496,0.5306122448979592,0.8367035641997862,1.0,2/24,1.99%,TNF;GADD45A
prerank,Heart Morphogenesis (GO:0003007),0.48681334577138535,0.9681650485460627,0.5318681318681319,0.8596244015647195,1.0,7/31,8.70%,FLRT2;TGFBR3;EMP2;SOX9;TGFB2;RYR2;INSR
prerank,SCF-dependent Proteasomal Ubiquitin-Dependent Protein Catabolic Process (GO:0031146),-0.47501284149012146,-0.9677639577752167,0.515828677839851,0.8367606873728208,1.0,10/39,13.77%,FBXO2;FBXO44;FBXL2;FBXL15;CUL1;FBXL16;SKP1;FBXL12;FBXO6;FBXL18
prerank,Positive Regulation Of Neuron Differentiation (GO:0045666),0.48859656160011183,0.9670562149093032,0.5,0.8608181225870539,1.0,6/30,7.70%,GPRC5B;BRINP3;ADRA2C;BRINP2;FGFR1;PROX1
prerank,Positive Regulation Of Hydrolase Activity (GO:0051345),-0.40301436486173275,-0.9670053931741847,0.511864406779661,0.8375702101139328,1.0,12/130,4.85%,RGS8;THY1;RGS16;PINK1;CCL3;CALM3;HRAS;EZH2;CCL2;PIN1;CCL3L1;CALM1
prerank,Protein Exit From Endoplasmic Reticulum (GO:0032527),-0.5232774486722787,-0.9663599563476745,0.5145454545454545,0.8381249469334254,1.0,7/23,25.25%,SEC13;SEC16A;DERL2;VCP;OS9;PREB;SELENOS
prerank,Positive Regulation Of Amide Metabolic Process (GO:0034250),-0.42988359073875104,-0.9662834539992093,0.5025728987993139,0.8372872575229511,1.0,3/75,6.34%,TNF;CHRNA7;RBM3
prerank,Glycerophospholipid Biosynthetic Process (GO:0046474),0.41225520363023,0.9660719889011021,0.5264423076923077,0.8617566757966799,1.0,16/96,12.48%,PCYT1B;DGKG;DGKB;FGF2;SYNJ2;PLCG2;SLC44A1;VAC14;ABHD4;ACP6;AGPAT5;PITPNM3;SLC27A1;MBOAT2;CHPT1;GNPAT
prerank,Cellular Response To Vascular Endothelial Growth Factor Stimulus (GO:0035924),0.5128574165705387,0.9658823829623023,0.5170842824601367,0.8605203797529279,1.0,6/24,7.84%,PRKD1;GAB1;HSPB1;PIK3CA;DAB2IP;SEMA6A
prerank,Negative Regulation Of Protein Catabolic Process (GO:0042177),0.4597663950097105,0.9657353723764824,0.4724220623501199,0.8592197567537606,1.0,2/43,1.25%,FMN2;EGFR
prerank,Phosphatidylinositol 3-Kinase Signaling (GO:0014065),0.49170614615216285,0.9651231027391083,0.5342789598108747,0.8591000530404252,1.0,6/26,9.17%,ERBB3;TYRO3;PIK3CA;IGF1R;PLEKHA1;IRS1
prerank,Regulation Of Viral Entry Into Host Cell (GO:0046596),-0.500756009361119,-0.9647314334986594,0.5549915397631133,0.8400993781387458,1.0,12/29,25.86%,PITX3;SMPD1;TMPRSS4;CD4;TRIM25;TRIM5;HS3ST6;HLA-DRB1;FURIN;IFITM3;LGALS1;TRIM26
prerank,Neuron Projection Morphogenesis (GO:0048812),0.3909486078761561,0.964407555555814,0.53,0.8593109232296697,1.0,20/124,7.77%,PARD3;CTNND2;ZNF365;PLXNB1;NTNG1;CTNNA2;SLC39A12;DSCAML1;TNIK;BMP7;SLITRK2;FGFR2;LLGL1;GPM6A;DAB2IP;LRP2;NLGN1;EPHB1;LRP4;FARP1
prerank,Leukocyte Cell-Cell Adhesion (GO:0007159),-0.5364369145471118,-0.9641879467800306,0.5496323529411765,0.840443444960523,1.0,4/19,12.42%,OLR1;ICAM1;ITGAL;SELL
prerank,"Nuclear-Transcribed mRNA Catabolic Process, Nonsense-Mediated Decay (GO:0000184)",-0.5198377266851739,-0.9633239035912735,0.5350089766606823,0.841466981095133,1.0,5/24,19.84%,NCBP2;ZC3H12A;RNPS1;UPF3B;PYM1
prerank,Regulation Of MAP Kinase Activity (GO:0043405),0.41080339713997704,0.9630313871120737,0.5081585081585082,0.8612098953542119,1.0,15/83,8.70%,TPD52L1;GHR;EGFR;NTRK3;FGF2;PDGFRB;BMP7;NEK10;FGF1;TGFA;DAB2IP;FGFR1;SPRY1;SOS1;INSR
prerank,Positive Regulation Of Glycolytic Process (GO:0045821),0.5438271738214051,0.9629860695428342,0.5194805194805194,0.8596561187630659,1.0,3/15,8.70%,SLC4A4;P2RX7;INSR
prerank,"Regulation Of DNA Damage Response, Signal Transduction By P53 Class Mediator (GO:0043516)",0.5284262336246165,0.9627592929563679,0.5279642058165548,0.8585609914520038,1.0,2/20,10.68%,CD44;MDM2
prerank,Positive Regulation Of Cell Cycle (GO:0045787),0.43003921922518495,0.9620993263039859,0.5241228070175439,0.8585661097434202,1.0,10/57,7.70%,MEIS2;EGFR;RGCC;NUPR1;SPDYA;FGFR2;CCND3;USP2;TGFB2;PROX1
prerank,Peptide Metabolic Process (GO:0006518),0.4721971602950992,0.9619989167391507,0.5033112582781457,0.8571917637830831,1.0,2/40,3.55%,AEBP1;CPM
prerank,Negative Regulation Of Response To Biotic Stimulus (GO:0002832),0.45746784055128253,0.9619783668099688,0.4748201438848921,0.8555879048943781,1.0,2/38,2.60%,LTF;TYRO3
prerank,Positive Regulation Of NLRP3 Inflammasome Complex Assembly (GO:1900227),0.5359009574309173,0.961945422453861,0.5048076923076923,0.8540152993331531,1.0,2/15,3.91%,PRKD1;PLCG2
prerank,Protein Localization To Chromosome (GO:0034502),0.4724562102764034,0.96148104603371,0.5147392290249433,0.8534845000906089,1.0,1/38,0.64%,FAM47E
prerank,"G Protein-Coupled Receptor Signaling Pathway, Coupled To Cyclic Nucleotide Second Messenger (GO:0007187)",-0.5310120035042816,-0.961113189472348,0.5336976320582878,0.8457716717664955,1.0,3/20,4.11%,HTR2A;CCL2;OPRM1
prerank,Response To cAMP (GO:0051591),-0.5048450150231547,-0.9610466942680193,0.5285961871750433,0.8448821342699597,1.0,1/28,0.09%,DMTN
prerank,Negative Regulation Of NF-kappaB Transcription Factor Activity (GO:0032088),0.4323630321604856,0.9606763190243113,0.5136363636363637,0.8539627505395314,1.0,6/66,7.10%,NWD1;CDKN2A;BMP7;ARRB1;DAB2IP;ERBIN
prerank,Regulation Of Peptidyl-Tyrosine Phosphorylation (GO:0050730),0.43173771762971425,0.9602894625887073,0.5232815964523282,0.853297120063072,1.0,9/63,6.42%,GHR;EGFR;HGF;FYN;CD44;THBS4;PLCG2;ENPP2;RELN
prerank,Regulation Of Autophagosome Assembly (GO:2000785),-0.4777347412627214,-0.9597851189031893,0.517921146953405,0.8468233175647266,1.0,2/37,1.41%,MOAP1;PINK1
prerank,Negative Regulation Of Amyloid-Beta Formation (GO:1902430),-0.5553888661616604,-0.9596642703101612,0.5557461406518011,0.8460769227165826,1.0,4/16,14.86%,CHRNA7;PIN1;RTN4;APEX1
prerank,Regulation Of Protein Modification Process (GO:0031399),0.46564849507908956,0.9595928378053175,0.5201900237529691,0.8534116991097065,1.0,9/37,13.51%,PPP1R16B;HSPB1;FER;ACER2;CCDC88C;ATG7;ULK1;PPIB;CADM4
prerank,Positive Regulation Of Microtubule Polymerization (GO:0031116),0.49264824374630223,0.959549293031202,0.5420353982300885,0.8518866788400458,1.0,3/26,5.10%,MAPT;OCLN;SLAIN1
prerank,Telomere Maintenance Via Telomerase (GO:0007004),-0.5529664250288797,-0.9588900608283143,0.557347670250896,0.845862705388413,1.0,3/16,13.74%,TERF2IP;NHP2;TELO2
prerank,RNA-templated DNA Biosynthetic Process (GO:0006278),-0.5529664250288797,-0.9588900608283143,0.557347670250896,0.845862705388413,1.0,3/16,13.74%,TERF2IP;NHP2;TELO2
prerank,Regulation Of Cellular Catabolic Process (GO:0031329),0.43733262517140115,0.9576305359274117,0.5253863134657837,0.8553445472875058,1.0,7/58,9.12%,NUPR1;BOK;MAPT;HSPB1;PIP4K2C;ACER2;DAPK2
prerank,B Cell Receptor Signaling Pathway (GO:0050853),-0.5057881334099266,-0.9575161796123695,0.5434027777777778,0.8480685804831443,1.0,6/24,18.39%,RFTN1;BTK;NFAM1;BMX;NCKAP1L;SH2B2
prerank,Regulation Of Peptidyl-Threonine Phosphorylation (GO:0010799),0.4823907838840776,0.9574818736195555,0.5330188679245284,0.8540599747801952,1.0,3/31,3.49%,PARD3;CHI3L1;BMP7
prerank,Peptidyl-Threonine Phosphorylation (GO:0018107),-0.4522889124487184,-0.9560568943735108,0.5305084745762711,0.8505192902354453,1.0,5/49,5.74%,CHEK1;PRKCA;CDK5R1;ACVR1B;CDK5
prerank,Regulation Of Protein Catabolic Process (GO:0042176),-0.41779948189767874,-0.9557747113664207,0.5331010452961672,0.8501695236848944,1.0,7/100,4.03%,EEF1A2;TNF;PINK1;MAD2L1;UBB;NSF;PIN1
prerank,RNA Biosynthetic Process (GO:0032774),-0.5122459661261185,-0.9548697176780818,0.5144927536231884,0.8513736221840402,1.0,4/25,16.04%,ZFP36L1;TAF7;POLR2A;TCEA2
prerank,rRNA Modification (GO:0000154),-0.5483486893291305,-0.9546781399952716,0.5772646536412078,0.8507782069325434,1.0,4/17,22.94%,FBLL1;NHP2;NAT10;FTSJ3
prerank,Positive Regulation Of Exocytosis (GO:0045921),-0.4846713754230113,-0.9544866267014032,0.5363321799307958,0.8501842600293855,1.0,4/33,5.92%,RAB3A;SDC1;RAB15;CADPS
prerank,Synapse Organization (GO:0050808),-0.4106830591493898,-0.9543760764510628,0.5370675453047776,0.8494016242394067,1.0,14/102,4.18%,PTK7;UNC13C;SNCG;CBLN2;SLC8A2;L1CAM;CBLN1;SNCB;CHRNA7;DRD2;PAK3;DNER;PIN1;CACNB3
prerank,Tumor Necrosis Factor-Mediated Signaling Pathway (GO:0033209),-0.49243555329566113,-0.9538962523855263,0.5495495495495496,0.8495431863972728,1.0,11/34,22.28%,TNF;PLVAP;STAT1;AIM2;ILK;RRAGA;TRAF3;TP53;JAK2;TNFRSF1B;PTK2B
prerank,Modulation By Host Of Symbiont Process (GO:0051851),-0.4819167374049344,-0.9530013996896207,0.53584229390681,0.8507367605412127,1.0,14/34,30.96%,CCL3;CX3CR1;RAB5A;RRP1B;HDAC1;LRRC19;SMARCB1;TAF11;CDC42;FASN;JUN;CCL4;HPN;SAP30BP
prerank,Positive Regulation Of Cell Death (GO:0010942),-0.4862522021427507,-0.9529093516749382,0.5332068311195446,0.849908315930449,1.0,5/31,8.13%,TNF;ITGAM;BNIP3;MT3;GRIN2B
prerank,Maintenance Of Blood-Brain Barrier (GO:0035633),0.5000892905983284,0.9519553665710164,0.5157384987893463,0.8671489094037333,1.0,7/22,6.15%,GJA1;LAMA2;OCLN;LAMC1;TJP1;CLDN12;SLC12A2
prerank,Regulation Of Cell Communication (GO:0010646),-0.47739293587155035,-0.9515384371679076,0.537261698440208,0.8521262652462328,1.0,6/36,9.03%,SCG5;TSPYL2;TYMP;YWHAG;PTPN1;MTCH1
prerank,Intracellular Calcium Ion Homeostasis (GO:0006874),-0.4091144167366808,-0.9512821827650811,0.5597920277296361,0.8516903629211501,1.0,8/91,4.12%,ATP2B3;ATP2A3;ANXA6;SLC8A2;HTR2A;CCL3;CHRNA7;ATP1B1
prerank,Positive Regulation Of ATP-dependent Activity (GO:0032781),-0.48852979717390765,-0.9508443745221832,0.5236363636363637,0.8517351761452994,1.0,5/31,15.24%,UHRF1;ATP1B1;GABARAPL2;VMP1;PFN2
prerank,Protein Modification By Small Protein Removal (GO:0070646),-0.4201703789118532,-0.9505142992129911,0.5182724252491694,0.8515203330669722,1.0,14/87,15.42%,UCHL1;HINT1;TNFAIP3;USP11;USP6;COPS8;USP5;DESI1;COPS4;ZC3H12A;SENP8;JOSD1;DEPDC1B;COPS3
prerank,Regulation Of Actin Filament-Based Process (GO:0032970),-0.4432234944973022,-0.9486206719939859,0.5587121212121212,0.8550900032535973,1.0,4/58,3.35%,DMTN;RAC3;HRAS;PAK3
prerank,Regulation Of Fibroblast Migration (GO:0010762),-0.5332343660874149,-0.947804747317767,0.5637342908438061,0.8560193231815136,1.0,1/18,0.09%,DMTN
prerank,DNA Synthesis Involved In DNA Repair (GO:0000731),-0.5064622402165998,-0.946513094436721,0.5669014084507042,0.8581454608120972,1.0,4/24,22.49%,RFC3;RRM1;VCP;USP10
prerank,Protein Glycosylation (GO:0006486),-0.40195478928004674,-0.946480279495268,0.5595854922279793,0.8571927068682466,1.0,17/118,12.43%,B3GALT1;ST8SIA3;B4GAT1;POMT1;PMM1;ST6GALNAC2;B3GALT2;TUSC3;GALNT9;EOGT;ST8SIA6;GALNT12;B3GALNT1;SERP2;B4GALT1;PSMD2;STT3A
prerank,RNA Splicing (GO:0008380),-0.4145209755811199,-0.9450679042734835,0.5428082191780822,0.8596061683002153,1.0,25/92,23.69%,CELF3;FUS;SRSF2;NCBP2;PPP2R1A;SNRNP25;USB1;SRSF7;SNRPA1;RNPS1;TCERG1;DHX15;BCAS2;SYNCRIP;LSM4;DBR1;SRSF4;TXNL4A;LSM1;SNRPD1;SNRNP35;SF3B2;PRPF4;SFPQ;HNRNPC
prerank,Regulation Of Actin Cytoskeleton Organization (GO:0032956),-0.4199907651477828,-0.9448442748798491,0.5620437956204379,0.8590692848445967,1.0,4/73,3.35%,DMTN;RAC3;HRAS;PAK3
prerank,Regulation Of Gluconeogenesis (GO:0006111),0.5023277441171847,0.9443177271002803,0.5574162679425837,0.8854286727032241,1.0,3/23,8.73%,PPARGC1A;KAT2A;FOXO1
prerank,Modulation By Host Of Viral Genome Replication (GO:0044827),-0.5331923146440138,-0.9439736873105371,0.5748175182481752,0.8600995509549906,1.0,4/19,16.17%,FBXL2;ZC3H12A;IFI27;TMEM41B
prerank,Regulation Of Organelle Assembly (GO:1902115),0.4113334975407371,0.943897812893636,0.5516431924882629,0.8847297285105409,1.0,4/68,5.27%,CDKL1;IFT88;SGSM3;TBC1D16
prerank,Regulation Of Interleukin-8 Production (GO:0032677),-0.449692051210677,-0.943614489753566,0.5478723404255319,0.8599252659446899,1.0,7/57,8.02%,IL1B;TNF;IL10;CD244;MYD88;C5AR2;NOD2
prerank,DNA-templated Transcription Elongation (GO:0006354),-0.5048930684998714,-0.9436138946272622,0.5399305555555556,0.8588867088602156,1.0,7/24,24.71%,SUPT4H1;SRCAP;TCEA2;RTF1;SUPT5H;LEO1;CDC73
prerank,Multivesicular Body Sorting Pathway (GO:0071985),-0.5209038797798844,-0.9434290373933233,0.575812274368231,0.8583303211508998,1.0,1/20,0.37%,LAPTM4B
prerank,Inner Mitochondrial Membrane Organization (GO:0007007),0.47807251664159844,0.9428819821121041,0.5481651376146789,0.885743313661283,1.0,2/29,6.91%,MAIP1;NDUFA13
prerank,Regulation Of Metaphase/Anaphase Transition Of Cell Cycle (GO:1902099),0.48404958155866246,0.9427785108762434,0.5689277899343544,0.8843434734311914,1.0,2/28,4.93%,DPF3;HECW2
prerank,Macroautophagy (GO:0016236),-0.4073627652115651,-0.9426625186425636,0.5645438898450946,0.8591679360758248,1.0,14/92,19.79%,MAP1LC3A;MAP1LC3B2;GABARAPL2;ATG10;MAP1LC3B;BECN1;VPS37B;VPS37C;VTI1B;UBXN6;VCP;UBA5;GABARAPL1;VAMP7
prerank,Response To Amyloid-Beta (GO:1904645),-0.4779000485026281,-0.9419720975324971,0.5539823008849557,0.8597528267064571,1.0,6/32,6.06%,GRIN1;CD36;CHRNA7;FPR2;CDK5;ICAM1
prerank,Regulation Of Sprouting Angiogenesis (GO:1903670),0.49590743414844124,0.9413561461602161,0.5630434782608695,0.8863313400649049,1.0,7/23,10.09%,BMPER;FGF2;PPP1R16B;FGF1;TJP1;SEMA6A;EPN2
prerank,Negative Regulation Of TOR Signaling (GO:0032007),0.44639133146049287,0.9406206922262451,0.5280898876404494,0.8866149820241644,1.0,9/43,15.85%,CASTOR2;NPRL2;SESN1;SH3BP4;CASTOR1;EPM2A;WDR59;UBR2;NPRL3
prerank,Organonitrogen Compound Biosynthetic Process (GO:1901566),-0.41129648900923554,-0.940324996503964,0.5714285714285714,0.862795893206442,1.0,17/93,12.14%,GCH1;PCSK1;CDO1;B4GAT1;SLC44A5;ORMDL1;ELOVL4;BCAT1;ALDH3B1;PCYT1A;INHBA;PLPP1;PLA2G4C;ALAS1;SLC25A15;SPHK1;GPAT4
prerank,tRNA Metabolic Process (GO:0006399),-0.5494587801147627,-0.9402064543087374,0.5996563573883161,0.8620559349887417,1.0,2/15,13.47%,POP7;ZFP36L1
prerank,Interleukin-1-Mediated Signaling Pathway (GO:0070498),-0.5257587947090875,-0.9400631990322391,0.5925925925925926,0.8613849580882167,1.0,3/19,8.54%,IL1B;MYD88;IRAK2
prerank,Positive Regulation Of Mitotic Cell Cycle Phase Transition (GO:1901992),0.43225909335205026,0.9396123737268989,0.5483870967741935,0.8874765633117816,1.0,3/52,2.70%,EGFR;RGCC;PLCB1
prerank,Negative Regulation Of Cytokine-Mediated Signaling Pathway (GO:0001960),-0.4586894413973709,-0.9395991897237482,0.5711743772241993,0.861467910049791,1.0,13/47,20.20%,ISG15;PARP14;TRAIP;PADI2;SH2B3;PTPN2;SAMHD1;NLRC5;SLIT2;YTHDF3;USP18;YTHDF2;NR1H2
prerank,Histone mRNA Metabolic Process (GO:0008334),-0.5136973365426477,-0.9393537067897461,0.5635062611806798,0.8610522457178987,1.0,6/21,29.37%,NCBP2;LSM11;LSM1;LSM10;MTPAP;CPSF3
prerank,Protein Targeting (GO:0006605),0.3891135581274556,0.9389220870509133,0.5825688073394495,0.8875782364810523,1.0,8/114,9.14%,PARD3;ZDHHC11B;ZDHHC9;ZDHHC15;HOMER3;NLGN1;RABGEF1;LAMP2
prerank,Regulation Of Voltage-Gated Calcium Channel Activity (GO:1901385),-0.5366546587869241,-0.9389213197087853,0.5757042253521126,0.8610835931228141,1.0,4/17,15.64%,CACNB3;CABP4;GNB5;STAC3
prerank,Positive Regulation Of Actin Filament Polymerization (GO:0030838),0.47609371200950246,0.938471901547743,0.5645933014354066,0.8870611179165183,1.0,4/28,9.01%,CDC42EP1;CDC42EP4;FER;BAIAP2L2
prerank,Phosphate-Containing Compound Metabolic Process (GO:0006796),-0.38509487371809914,-0.9381059816052693,0.5714285714285714,0.8620323402709105,1.0,23/143,12.65%,DUSP15;PTPRB;PLPPR4;OCRL;IPPK;NUDT14;HK3;DUSP8;LIMK2;CDK5;HK2;TPTE2;SLC20A1;PPA1;PLPP1;PLA2G2C;HK1;ENPP3;PLA2G4C;NT5C;SPHK1;SYNJ1;AGPAT1
prerank,Steroid Biosynthetic Process (GO:0006694),-0.4754986665018496,-0.9377267738920577,0.5748709122203098,0.8619111851888829,1.0,4/34,8.19%,CH25H;CYP46A1;CYP8B1;HSD3B7
prerank,Striated Muscle Cell Differentiation (GO:0051146),-0.538798212747901,-0.93767406116024,0.5868055555555556,0.8609870791209178,1.0,2/16,1.63%,MESP1;SDC1
prerank,Regulation Of Phosphorylation (GO:0042325),0.4185734197981912,0.93719732400659,0.5552995391705069,0.8887071896032814,1.0,13/64,10.80%,EGFR;CDKN2A;BMP7;EMP2;HSPB1;CDKN2C;PTGES3;FER;CCDC88C;SIRT2;CDKN2B;LDB1;SDCBP
prerank,Regulation Of Protein Export From Nucleus (GO:0046825),-0.5108530352899502,-0.9368262034304361,0.5676691729323309,0.8618910592099565,1.0,1/22,0.17%,IL1B
prerank,Regulation Of Mitochondrial Fission (GO:0090140),-0.5218050700282257,-0.93661573164637,0.6027874564459931,0.8613911899237309,1.0,2/23,4.66%,PINK1;BNIP3
prerank,Sensory Perception Of Light Stimulus (GO:0050953),-0.4488590011486178,-0.9362731858233098,0.5665467625899281,0.8612086444959336,1.0,11/50,11.66%,TH;CHRNB2;RGS16;E2F1;PITPNA;SLC4A10;ADGRV1;OAT;CABP4;PCDH15;USH2A
prerank,Carbohydrate Derivative Biosynthetic Process (GO:1901137),-0.5000170281414629,-0.9360678331578977,0.5469314079422383,0.8606619001435972,1.0,8/24,23.73%,B4GAT1;ST8SIA6;RRM1;TPI1;B3GNT5;B4GALT5;SCCPDH;GOLPH3
prerank,Nucleotide-Sugar Biosynthetic Process (GO:0009226),-0.5405195075266161,-0.9360245676977187,0.5936395759717314,0.8597422375100682,1.0,3/15,9.71%,PMM1;UAP1;MPI
prerank,Negative Regulation Of Osteoclast Differentiation (GO:0045671),0.5355528427682958,0.9351859206707245,0.5582417582417583,0.8923421208206097,1.0,2/16,2.51%,FBN1;LTF
prerank,Regulation Of Small GTPase Mediated Signal Transduction (GO:0051056),0.4000659901695093,0.9349561162053075,0.5833333333333334,0.891255740753239,1.0,10/92,6.89%,KALRN;ARHGEF4;PLEKHG3;ARHGAP23;ARHGAP29;RASGRF2;DOCK3;PLEKHG1;RELN;PLCE1
prerank,Regulation Of Cellular Localization (GO:0060341),-0.4455619489407412,-0.9345504108587207,0.5594059405940595,0.8621761785238746,1.0,3/50,4.39%,ATCAY;PARD6A;MAP2
prerank,Lipid Transport (GO:0006869),-0.42449972128070007,-0.9333386640615824,0.5834767641996558,0.8640624838054851,1.0,5/77,4.00%,SLC10A4;FABP7;CD36;PLPPR4;PITPNA
prerank,Antigen Receptor-Mediated Signaling Pathway (GO:0050851),-0.4162835223852331,-0.9331343395594218,0.6076388888888888,0.8635261771275455,1.0,12/85,12.97%,TNFRSF21;THY1;RFTN1;HLA-A;BTK;NFKBIZ;LCP2;BTN3A1;SKAP1;BTN3A2;ZC3H12A;NFAM1
prerank,Regulation Of MAPK Cascade (GO:0043408),-0.3879807456475049,-0.9330867984211864,0.6260434056761269,0.8626199302065984,1.0,23/147,10.52%,IL1B;RET;DOK6;TNF;DUSP26;PEBP1;HRAS;CHRNA7;PAK3;OSM;DUSP8;LBH;SOD1;ZNF622;PPIA;DUSP2;YWHAZ;GRB2;GHRL;LYN;APIP;PPP2R1A;CD24
prerank,Negative Regulation Of Cellular Component Organization (GO:0051129),0.4189196363291689,0.9326883741322827,0.5448113207547169,0.8955876777143623,1.0,5/58,4.06%,PRKD1;LGALS3;RAPGEF3;TMEFF2;ANKS1B
prerank,Calcium Ion Homeostasis (GO:0055074),-0.4288947469451054,-0.9325723541348064,0.5827338129496403,0.8627982559602545,1.0,7/56,4.12%,GRIN1;ATP2A3;SLC8A2;HTR2A;CCL3;CHRNA7;ATP1B1
prerank,Positive Regulation Of Leukocyte Chemotaxis (GO:0002690),-0.478165130952051,-0.932113951423139,0.5823008849557522,0.8628680457803449,1.0,3/32,4.69%,CXCL10;FPR2;VEGFA
prerank,rRNA Methylation (GO:0031167),-0.5414567856937617,-0.932007837151633,0.5958188153310104,0.8621035425912096,1.0,1/16,4.79%,FBLL1
prerank,Potassium Ion Import Across Plasma Membrane (GO:1990573),0.4960653829823602,0.9318510884901196,0.5631929046563193,0.8962120494188225,1.0,7/26,7.48%,ABCC9;KCNJ10;KCNJ3;ATP1A2;KCNJ16;SLC12A2;KCNJ5
prerank,Proteolysis (GO:0006508),-0.3741224391549032,-0.9297073895795734,0.6354344122657581,0.8665740635489226,1.0,28/185,10.95%,ADAMTS2;RET;PCSK2;OLR1;PCSK1;FBXO2;PLAT;THBD;CTSB;ST14;DPP4;FBXL2;TRABD2A;CELA2B;MMP17;NPEPL1;ADAM23;APEH;CAPNS1;TMPRSS4;SRGN;MMP24;SVBP;ADGRV1;LACTB;DESI1;PSMB5;TLL1
prerank,B Cell Differentiation (GO:0030183),-0.46797172118876057,-0.9290149734181383,0.5786802030456852,0.8671952090548926,1.0,4/35,12.97%,IL10;PIK3R3;PTPN2;NFAM1
prerank,Regulation Of Intracellular Signal Transduction (GO:1902531),0.35262581965256934,0.9289078625669387,0.6614173228346457,0.9023294009788747,1.0,30/239,8.00%,WWTR1;WWC1;RAPGEF3;EGFR;NTRK3;KALRN;TNIK;ARHGEF4;PLEKHG3;PHLPP1;ARHGAP23;MAPT;PLCG2;PPP1R16B;HSPB1;PEX5L;FGF1;WWC3;ARHGAP29;RASGRF2;DOCK3;PLEKHG1;RFFL;RGN;USP2;DAB2IP;DYRK2;NLGN1;NTRK2;PTPN13
prerank,Central Nervous System Neuron Differentiation (GO:0021953),-0.5096866054422071,-0.9286367000263365,0.5868055555555556,0.8670814149346395,1.0,5/21,4.89%,CEND1;CBLN1;NOVA2;MAP2;FAIM2
prerank,Regulation Of T Cell Proliferation (GO:0042129),-0.4588850177954631,-0.9285808015558255,0.6010733452593918,0.8661747192061108,1.0,9/45,9.75%,IL1B;TNFRSF21;CD80;IL10;PNP;CD1D;CR1;IL4I1;TFRC
prerank,Protein Polymerization (GO:0051258),-0.44226431549990547,-0.9279397362271559,0.5874125874125874,0.8666226272960039,1.0,4/49,4.03%,DIAPH3;TPPP3;WASF3;PIN1
prerank,Positive Regulation Of Phosphate Metabolic Process (GO:0045937),0.4950779729756128,0.9277358385534604,0.5833333333333334,0.903795627711598,1.0,3/21,5.22%,EGFR;PTH1R;PTGES3
prerank,Canonical Wnt Signaling Pathway (GO:0060070),0.46351845972552763,0.9273587597421941,0.5951327433628318,0.9031384599084552,1.0,13/36,21.67%,TCF7L1;DVL2;DVL1;FZD6;FRAT1;DIXDC1;CDH3;TCF7;FZD5;CSNK1E;DVL3;LRRK2;NID1
prerank,Positive Regulation Of Peptidyl-Threonine Phosphorylation (GO:0010800),0.49232700386255235,0.9272314084277495,0.5397196261682243,0.9018244456135218,1.0,2/20,3.49%,CHI3L1;BMP7
prerank,Cellular Response To Low-Density Lipoprotein Particle Stimulus (GO:0071404),-0.5201290097275624,-0.927174566101599,0.6014234875444839,0.8674059866066542,1.0,2/19,5.06%,CD36;MYD88
prerank,Regulation Of DNA Damage Checkpoint (GO:2000001),-0.5293769773754075,-0.926715811245305,0.5905923344947736,0.8674697623997282,1.0,8/16,24.68%,BRCA1;WDR76;TELO2;DEPDC1B;BRCA2;TTI2;THOC5;ETAA1
prerank,Natural Killer Cell Activation (GO:0030101),-0.5291034443729193,-0.9264482746646335,0.5774134790528234,0.8670833134451373,1.0,2/17,3.56%,IL21R;CD244
prerank,Selective Autophagy (GO:0061912),-0.4383554499005077,-0.9259039305903064,0.5929824561403508,0.8673647229750513,1.0,5/53,13.79%,PINK1;WDR81;SPATA33;MAP1LC3B;BECN1
prerank,Positive Regulation Of Interferon-Beta Production (GO:0032728),-0.4678691977787065,-0.9258303303641268,0.5620437956204379,0.8665535707514913,1.0,15/32,26.89%,ISG15;TLR2;IRF7;TOMM70;TLR3;POLR3G;POLR3B;IRF1;FLOT1;TLR8;TBK1;OAS1;PTPN11;DHX9;POLR3A
prerank,Regulation Of Telomerase Activity (GO:0051972),0.45193635212980976,0.9254528483601431,0.5701559020044543,0.9048597863099507,1.0,2/38,5.22%,GREM1;PTGES3
prerank,Regulation Of Substrate Adhesion-Dependent Cell Spreading (GO:1900024),-0.45414082992466925,-0.9247159929794673,0.5881326352530541,0.8681351361586391,1.0,2/40,0.61%,DMTN;RAC3
prerank,Regulation Of Supramolecular Fiber Organization (GO:1902903),-0.5120460762498625,-0.9246943052617246,0.5851063829787234,0.8671731909576585,1.0,5/19,4.39%,MAP1A;MAP1B;CHRNA7;MAPRE3;MAP2
prerank,Glycosaminoglycan Metabolic Process (GO:0030203),-0.4925489794305664,-0.9245982730136664,0.5752212389380531,0.866380967317971,1.0,5/23,19.88%,HS3ST1;GUSB;SGSH;B4GALT7;IDS
prerank,Negative Regulation Of Ras Protein Signal Transduction (GO:0046580),0.46604050023477495,0.9244349195419987,0.5748218527315915,0.905842159334951,1.0,5/29,8.61%,KANK1;DAB2IP;TGFB2;SPRY1;ITGA3
prerank,Regulation Of Protein Kinase B Signaling (GO:0051896),0.38630135197394083,0.924388713216239,0.6124031007751938,0.9043000056449819,1.0,15/96,8.70%,CHI3L1;FERMT2;EGFR;NTRK3;MAGI2;FGF2;PHLPP1;MFHAS1;PIK3CA;IGF1R;PLEKHA1;LRP2;FGFR1;NTRK2;INSR
prerank,Cardiac Ventricle Morphogenesis (GO:0003208),0.506547392265463,0.9241689534017313,0.5733333333333334,0.9031811860733477,1.0,4/21,7.70%,TGFBR3;FGFR2;TGFB2;PROX1
prerank,Positive Regulation Of Receptor Signaling Pathway Via STAT (GO:1904894),0.4960588284275603,0.9238130265021711,0.5532879818594104,0.9024209275000571,1.0,2/19,0.92%,ERBB4;GHR
prerank,Sodium Ion Transmembrane Transport (GO:0035725),-0.4416555513898459,-0.9237370412710857,0.6058394160583942,0.867396723727417,1.0,6/50,4.12%,SCN3B;SCN2B;SLC8A2;SLC6A3;SCN2A;ATP1B1
prerank,Regulation Of Cysteine-Type Endopeptidase Activity Involved In Apoptotic Process (GO:0043281),-0.4260343548781111,-0.9231057769938507,0.6044520547945206,0.867911243481867,1.0,12/65,14.37%,TNF;CDKN2D;DHCR24;IFI6;VEGFA;BAD;CARD9;NOD1;NLRP3;CYCS;TNFSF10;LAMTOR5
prerank,Positive Regulation Of Organelle Assembly (GO:1902117),-0.4330476940381174,-0.922973981530284,0.5830258302583026,0.8672366540581902,1.0,4/56,4.62%,TNF;MOAP1;SDC1;PLK4
prerank,Positive Regulation Of Blood Vessel Endothelial Cell Migration (GO:0043536),0.4622790151779686,0.9222177557889782,0.5752808988764045,0.9049945144239967,1.0,3/35,4.01%,PRKD1;FGF2;HSPB1
prerank,Negative Regulation Of Cell Adhesion (GO:0007162),0.41642229301650224,0.9202229351603762,0.5871559633027523,0.9086250363700273,1.0,9/54,7.84%,PLXNB1;ERBB3;PLXNA1;CORO2B;SPOCK1;SERPINE1;ADAM22;PLXND1;SEMA6A
prerank,Regulation Of Dendritic Spine Development (GO:0060998),-0.5200573803938549,-0.9190829193661813,0.6106194690265486,0.8753648250745141,1.0,4/17,14.08%,KIF1A;GRIN3A;NEURL1;CAMK2B
prerank,Purine Nucleotide Metabolic Process (GO:0006163),-0.4832862863528741,-0.9190790076331488,0.6025408348457351,0.8743695988500475,1.0,6/28,22.77%,PRPS1;MDH1;KMO;QPRT;MTHFD1;HPRT1
prerank,Regulation Of Type I Interferon Production (GO:0032479),-0.43854149040705404,-0.9185483217494537,0.5893805309734513,0.874623627648543,1.0,10/53,20.65%,MYD88;IKBKE;GAPDH;IRF7;PQBP1;IRF8;PTPN22;IRF1;TRAF3;TICAM1
prerank,Maturation Of SSU-rRNA (GO:0030490),-0.4621933728715745,-0.9180598768373587,0.5797872340425532,0.8747363896715722,1.0,7/36,17.66%,SNU13;TSR1;UTP4;IGF2BP3;TSR2;DHX37;SPPL2B
prerank,Negative Regulation Of DNA Binding (GO:0043392),-0.5287296593805466,-0.9174395621452239,0.6259124087591241,0.8750802717344669,1.0,7/18,29.62%,E2F1;HABP4;SUMO3;JAK2;SP100;JUN;SIN3A
prerank,Golgi Organization (GO:0007030),-0.3858737413432687,-0.917243767562872,0.6344827586206897,0.8745122225428487,1.0,7/112,8.13%,OPTN;RAB6B;ATP8B3;GOLGA8A;PLK3;SEC23IP;YWHAZ
prerank,Positive Regulation Of Protein-Containing Complex Assembly (GO:0031334),-0.41339784784499656,-0.9171977753899406,0.6277495769881557,0.8736191399851999,1.0,11/77,5.86%,TNF;CD36;TPPP3;PSMC6;BTK;VEGFA;ISG15;MYD88;PLEK;TRABD2A;CHAF1B
prerank,Cellular Response To Heat (GO:0034605),-0.46495389115126246,-0.916824629965505,0.5782073813708261,0.8735091913467931,1.0,7/34,18.53%,IL1A;YWHAE;ZFAND1;HSF1;THBS1;STUB1;VCP
prerank,Positive Regulation Of Mononuclear Cell Migration (GO:0071677),-0.5139245539754465,-0.9165810778707009,0.607773851590106,0.873067876483074,1.0,3/20,3.40%,TNF;CXCL10;FPR2
prerank,"Negative Regulation Of DNA-templated Transcription, Elongation (GO:0032785)",-0.5147425876217536,-0.9165198634392043,0.6190476190476191,0.8722312842778054,1.0,4/18,21.38%,SUPT4H1;TCERG1;RNF8;SUPT5H
prerank,Positive Regulation Of Peptidyl-Serine Phosphorylation (GO:0033138),0.4169565621722894,0.9152623391670329,0.5783410138248848,0.9198255137300042,1.0,4/53,2.68%,PRKD1;EGFR;NTRK3;CD44
prerank,"DNA Damage Response, Signal Transduction By P53 Class Mediator (GO:0030330)",-0.46948849158046113,-0.9152148716278574,0.6031468531468531,0.8742865285245739,1.0,9/32,15.47%,GTSE1;E2F7;BATF;CDKN1A;PLK3;RPS6KA6;PAXIP1;FOXM1;MDM4
prerank,Positive Regulation Of Double-Strand Break Repair Via Homologous Recombination (GO:1905168),-0.46407517045849334,-0.9139161267221072,0.6247755834829444,0.876198898336729,1.0,6/35,15.48%,FUS;ERCC6;ACTR2;RAD51AP1;HDGFL2;RUVBL1
prerank,Negative Regulation Of Mitotic Cell Cycle Phase Transition (GO:1901991),-0.46414255345066663,-0.9138747805049654,0.5920138888888888,0.8752979795170148,1.0,8/34,13.47%,WEE1;CCL2;E2F7;FHL1;CDKN1A;INHBA;GPR132;ZFP36L1
prerank,Regulation Of Cold-Induced Thermogenesis (GO:0120161),0.37631052673135346,0.9135100669830213,0.6332518337408313,0.9227959836521159,1.0,11/105,5.55%,PRDM16;OXTR;GJA1;PLCL1;NOVA1;CXCR4;LGR4;ACOT11;PPARGC1A;ZNF423;IGF1R
prerank,Energy Derivation By Oxidation Of Organic Compounds (GO:0015980),-0.4634431639069933,-0.9132370581959961,0.5869158878504673,0.8757516250183344,1.0,10/33,13.92%,MT3;NDUFA4;COX6C;COX7A2;MRAP2;COX7C;COX5A;UQCRQ;CYCS;UQCRH
prerank,Cellular Response To Type I Interferon (GO:0071357),-0.5094774079320519,-0.9132045035314726,0.6113074204946997,0.8748388810924362,1.0,8/20,23.96%,MYD88;IKBKE;STAT1;IFIT1;IFI27;TRAF3;TBK1;IFITM3
prerank,Regulation Of G1/S Transition Of Mitotic Cell Cycle (GO:2000045),0.3877881375717454,0.9130972495002238,0.6650717703349283,0.9222078564709226,1.0,7/91,4.03%,DPF3;EGFR;GPNMB;RGCC;CDKN2A;PLCB1;CDKN2C
prerank,Secondary Alcohol Biosynthetic Process (GO:1902653),-0.49967740285541845,-0.9130567606685427,0.583916083916084,0.8742201069728603,1.0,8/22,20.33%,DHCR24;INSIG1;NSDHL;HMGCR;MVD;ACLY;MSMO1;HMGCS1
prerank,Gene Expression (GO:0010467),0.34302734271081275,0.9130298040593465,0.6936708860759494,0.9207285589000395,1.0,62/263,19.34%,RBPMS;RPS27;NOVA1;RPL32;RPL37;RPLP2;RPS17;RPL30;ADARB1;RPS18;DEDD2;RPLP1;BICD1;RPS28;RPL19;ADARB2;RPL28;FAU;RPL34;RPS8;RPS29;RPL7A;RPL10;RPS15;RPS15A;SARNP;RPL36;RPS25;RPL31;RPL38;THOC3;CASP1;RPL41;RPL13;RPL23A;RPL11;RPL27;RPS14;RPL35;RPL37A;RBM15B;RPL35A;ALKBH5;RPS19;RPL29;CASP3;DUSP11;RPS27A;RPS4X;RPS5;MAGOHB;MAGOH;RPS23;TSPAN15;YARS2;RPS24;RPL18;RPS7;MRPL18;RPL12;RPS13;CELF2
prerank,Negative Regulation Of Protein Localization To Cell Periphery (GO:1904376),-0.512577991419911,-0.9121605552662522,0.5789473684210527,0.8753031866967774,1.0,5/17,26.44%,AP2M1;MRAP2;PID1;CLTC;GBP1
prerank,Regulation Of Protein Localization (GO:0032880),-0.4142677711954791,-0.9120743808039025,0.6254355400696864,0.8745348878656817,1.0,4/71,4.39%,ATCAY;MAP1A;PIN1;MAP2
prerank,Protein Localization To Organelle (GO:0033365),-0.3897376386429194,-0.9116057452955111,0.6520979020979021,0.8746231896104887,1.0,12/112,12.81%,OPTN;TUB;SNX10;ISG15;TTC26;FSIP2;ATP6V1D;YWHAE;GABARAPL2;RAB11A;PPP1R15A;RAB35
prerank,Regulation Of Lipid Metabolic Process (GO:0019216),-0.46479419310564,-0.9109098764235956,0.6022944550669216,0.8751888602859575,1.0,2/34,1.55%,IL1B;ID2
prerank,Protein-Containing Complex Assembly (GO:0065003),0.3411197058069666,0.9104569827062747,0.7336956521739131,0.9258130533545403,1.0,25/263,7.50%,PARD3;ADCY8;YAP1;FERMT2;CD247;MITF;STXBP6;CCDC40;PPARGC1A;COL16A1;BOK;SPAG1;MAPT;HIP1R;OCLN;LAMC1;LLGL1;PTGES3;MID1IP1;SOX9;ANLN;P2RX7;FCHO2;PPID;BBS10
prerank,Positive Regulation Of Calcium Ion Transport (GO:0051928),0.4818512403883206,0.9101354883419156,0.6013986013986014,0.9250063919411896,1.0,5/22,8.63%,LGALS3;PDGFRB;WFS1;CACNB2;CXCL12
prerank,Cellular Component Disassembly (GO:0022411),0.4978550695778547,0.9099515621231151,0.572463768115942,0.9238405911931441,1.0,7/17,17.98%,LAMC1;MMP2;CAPG;EXOC8;ADAM15;ADAMTS15;CTSS
prerank,Endothelial Cell Migration (GO:0043542),-0.4849911853640264,-0.9095585326957404,0.6151202749140894,0.8772926040265897,1.0,6/27,13.32%,EGR3;VEGFA;DPP4;NELL1;STAT1;RAB13
prerank,Glutamine Family Amino Acid Metabolic Process (GO:0009064),-0.4915266996824878,-0.9092947978125053,0.6223776223776224,0.8769128976041154,1.0,2/23,4.85%,RIMKLA;GOT1
prerank,Phospholipid Transport (GO:0015914),-0.4360399821674196,-0.9089211439418362,0.6054421768707483,0.8767417566422494,1.0,3/47,4.00%,ABCB4;ATP8B3;PITPNA
prerank,Multivesicular Body Organization (GO:0036257),-0.4731078137788982,-0.9087336000311812,0.6092943201376936,0.876175008464128,1.0,4/26,16.95%,RAB11A;UBAP1;VPS37B;VPS37C
prerank,Positive Regulation Of Neuron Projection Development (GO:0010976),0.3873415893264509,0.9080731975420545,0.6091127098321343,0.9270951840908568,1.0,19/76,7.91%,PRKD1;NTRK3;MAGI2;ROR1;COBL;ALK;ZNF804A;ROR2;SCARB2;BMP7;ZDHHC15;TOX;PTN;RELN;EPHA3;DAB2IP;NLGN1;DDR2;NTRK2
prerank,Regulation Of Translational Initiation (GO:0006446),-0.4264330466235987,-0.9079277744182482,0.6086175942549371,0.8769347321561969,1.0,13/56,21.63%,CDC123;EIF1B;NCBP2;HABP4;NCK2;RBM4;EIF4A2;EIF4B;MIF4GD;YTHDF3;EIF4H;YTHDF2;EIF4G1
prerank,Positive Regulation Of Telomere Maintenance Via Telomerase (GO:0032212),-0.47581652942941616,-0.9078796379186993,0.6,0.8760768475462809,1.0,2/29,6.62%,PRKCQ;PKIB
prerank,Secretory Granule Organization (GO:0033363),-0.5016942088274741,-0.9071242464919388,0.6212914485165794,0.8767747202045302,1.0,9/20,31.89%,SRGN;AP3M1;HPS3;AP1M1;AP1S1;AP3D1;BLOC1S2;HPS6;AP1B1
prerank,Glycerophospholipid Catabolic Process (GO:0046475),0.49787842193676307,0.9066992682478697,0.5823389021479713,0.9291367675408491,1.0,2/18,6.40%,ENPP6;ENPP2
prerank,Positive Regulation Of Viral Process (GO:0048524),0.4464678464074504,0.9060605694571627,0.5956043956043956,0.929142627209802,1.0,5/34,9.47%,TYRO3;ADARB1;PPID;TMEM250;PDE12
prerank,Negative Regulation Of DNA-binding Transcription Factor Activity (GO:0043433),0.36993350114711815,0.905659467393927,0.638095238095238,0.9285120008146754,1.0,12/113,9.95%,NWD1;CDKN2A;NUPR1;BMP7;WFS1;PTCH1;ARRB1;DAB2IP;ERBIN;PROX1;FZD6;TBX6
prerank,Positive Regulation Of Bone Mineralization (GO:0030501),0.46757314386781657,0.9053213864013556,0.5931818181818181,0.9277618191134799,1.0,8/28,7.85%,BMPR1B;LTF;BMP7;PKDCC;PTN;P2RX7;GPM6B;ACVR2B
prerank,Regulation Of miRNA Transcription (GO:1902893),-0.4385555578454506,-0.9052746401184115,0.600358422939068,0.8800677143691302,1.0,6/44,3.34%,TNF;FOXA1;EGR1;FOSL1;FOS;IL10
prerank,Nuclear Migration (GO:0007097),0.5122027957983547,0.905144048704951,0.5902004454342984,0.9266183354873821,1.0,3/16,12.17%,CLMN;SUN2;DOCK7
prerank,Nuclear Membrane Reassembly (GO:0031468),0.49423052061066813,0.9050353115435367,0.5847255369928401,0.925241091846681,1.0,5/20,22.49%,SIRT2;UBXN2A;CHMP6;SPAST;REEP3
prerank,Regulation Of Axonogenesis (GO:0050770),0.4368728790803677,0.9048308649519358,0.6239130434782608,0.9241372242156953,1.0,6/39,7.91%,PLXNB1;PLXNA1;CDH2;PLXND1;LRP4;NTRK2
prerank,Regulation Of Cell-Matrix Adhesion (GO:0001952),-0.4292731076946745,-0.9048235587908519,0.6232394366197183,0.8801205677266598,1.0,5/53,5.02%,THY1;CD36;ACTG1;PLET1;ENC1
prerank,Multivesicular Body Assembly (GO:0036258),-0.47392504055716417,-0.9048170323355954,0.612280701754386,0.8791569655276374,1.0,4/25,16.95%,RAB11A;UBAP1;VPS37B;VPS37C
prerank,Monocarboxylic Acid Biosynthetic Process (GO:0072330),-0.43745890687255884,-0.9044753539334822,0.6305841924398625,0.8789413256380448,1.0,19/48,21.52%,CYP46A1;CYP8B1;ELOVL4;NDUFAB1;HSD3B7;PLA2G2C;ACOT8;PARK7;ACSM3;UST;SDS;ACLY;HSD17B10;DSE;LCP1;OSBPL6;ALDH1A2;XBP1;SRR
prerank,Calcium Ion Transmembrane Transport (GO:0070588),-0.40899922270172295,-0.9044428058495759,0.648506151142355,0.8780493286965684,1.0,11/66,9.57%,ATP2B3;GRIN1;CACNA1G;ATP2A3;SLC8A2;CACNB3;GHITM;CACNA2D4;GRIN2B;MCOLN2;TRPC6
prerank,Response To Epidermal Growth Factor (GO:0070849),0.4685214192341961,0.9037640448322517,0.5898617511520737,0.9250703356913339,1.0,2/25,5.72%,EGFR;SOX9
prerank,Histone H4 Acetylation (GO:0043967),0.4402875278723989,0.9031538030379067,0.5839243498817966,0.9249299408957521,1.0,1/37,2.46%,JADE2
prerank,Positive Regulation Of Intracellular Protein Transport (GO:0090316),-0.3834274602074761,-0.9027451294713996,0.6382608695652174,0.8809693327069911,1.0,21/112,17.76%,IL1B;PINK1;HRAS;PIN1;ITGAM;KCNB1;PLK3;UBE2L3;TENM1;YWHAE;ZC3H12A;ZFAND1;SMAD3;EMD;TM9SF4;ZPR1;TCAF2;MFF;JUP;OAZ2;KIF20B
prerank,Regulation Of Glycolytic Process (GO:0006110),-0.4612442551274293,-0.9025483500392426,0.6452205882352942,0.8804381821434694,1.0,3/33,3.54%,SLC2A6;PGAM1;GAPDHS
prerank,Regulation Of Signal Transduction By P53 Class Mediator (GO:1901796),-0.45333181288996144,-0.9022784135962484,0.6186440677966102,0.8800909088085895,1.0,1/41,0.47%,CHEK1
prerank,Positive Regulation Of Fat Cell Differentiation (GO:0045600),-0.44654259510835465,-0.9014365176074454,0.5989583333333334,0.880947023500108,1.0,6/39,6.19%,ID2;ZFP36;LMO3;VSTM2A;FNDC5;METRNL
prerank,Inorganic Cation Transmembrane Transport (GO:0098662),0.35334292191151334,0.9011218723197068,0.6751269035532995,0.928462427200429,1.0,31/170,10.54%,TRPM3;ABCC9;RYR3;SLC4A4;KCND2;NALCN;SLC24A2;SLC6A11;SLC30A10;KCNH8;KCNK1;SLC24A4;ATP1A2;AQP1;SLC6A1;SLC24A3;SLC12A2;P2RX7;KCNH1;SLC40A1;CACNA1C;SLC6A9;KCNK10;KCNC4;SLC36A1;KCNH7;SLC41A1;SLC30A4;KCNG1;SLC6A16;RNASEK
prerank,Nuclear Transport (GO:0051169),-0.4529218264617635,-0.9000485423051753,0.6111111111111112,0.883080831335167,1.0,8/35,23.38%,SEC13;NUP50;NUP58;NUP160;NUP98;RANBP2;NUP133;POM121
prerank,Cellular Response To Cadmium Ion (GO:0071276),0.4888818224001651,0.8997603855561509,0.6150234741784038,0.9301519692463528,1.0,2/19,4.13%,EGFR;MT1F
prerank,Regulation Of Telomere Maintenance Via Telomerase (GO:0032210),-0.4382632450469621,-0.8996188045971633,0.6442477876106195,0.883049291529823,1.0,9/46,25.25%,PRKCQ;PKIB;TENM1;TINF2;TERF2;FBXO4;NAT10;HNRNPC;PNKP
prerank,Embryonic Organ Morphogenesis (GO:0048562),-0.5165358497573511,-0.8995735962408609,0.6236559139784946,0.8821794715184819,1.0,3/16,1.55%,FBN2;MESP1;ID2
prerank,Negative Regulation Of Transforming Growth Factor Beta Receptor Signaling Pathway (GO:0030512),-0.4160836904291537,-0.8993140451546907,0.6389891696750902,0.8818275339222881,1.0,4/62,4.03%,FBN2;PEG10;ASPN;PIN1
prerank,Wnt Signaling Pathway (GO:0016055),0.41575731000975086,0.8986935043461327,0.6049661399548533,0.9312383784466255,1.0,10/50,10.84%,FERMT2;TCF7L1;PLCG2;DVL2;GPC4;CCDC88C;DVL1;FZD6;STRN;FRAT1
prerank,Sterol Metabolic Process (GO:0016125),-0.4550021647931824,-0.8981217175490476,0.6280276816608996,0.8834891022313769,1.0,5/36,10.92%,CH25H;CYP46A1;CYP8B1;NSDHL;ABCA5
prerank,Regulation Of Cell Cycle (GO:0051726),-0.3510760354128313,-0.8975984020764637,0.7524752475247525,0.8836048454831865,1.0,20/240,9.26%,BEX1;CHEK1;TSPYL2;TMEM8B;GADD45A;HRAS;JUNB;DHCR24;HPGD;CDC123;MCM2;CDK5;BRCA1;GADD45B;ANAPC13;CDKN1A;RNF40;MAPK12;MX2;YWHAE
prerank,Regulation Of Microtubule Cytoskeleton Organization (GO:0070507),-0.46024801983133923,-0.8971968192153262,0.6394316163410302,0.8835624557053836,1.0,4/33,4.97%,STMN2;STMN1;MAPRE3;STMN3
prerank,Regulation Of Dendrite Development (GO:0050773),0.45544924590746844,0.8964216071872326,0.6081081081081081,0.9353228359932003,1.0,8/34,6.84%,TNIK;COBL;ALK;BMP7;ZDHHC15;HECW2;PTN;DAB2IP
prerank,Positive Regulation Of Cell-Matrix Adhesion (GO:0001954),-0.4622008649148806,-0.8953707427788669,0.6292335115864528,0.8866476043554591,1.0,4/31,5.02%,THY1;CD36;VEGFA;ENC1
prerank,Extracellular Matrix Disassembly (GO:0022617),0.4854749072414518,0.8950076825022054,0.6004784688995215,0.9373424477581508,1.0,7/18,17.98%,LAMC1;MMP2;CAPG;EXOC8;ADAM15;ADAMTS15;CTSS
prerank,Protein Localization To Nucleus (GO:0034504),-0.38606671554939853,-0.8947771612370449,0.6621392190152802,0.8869992824301159,1.0,30/103,23.94%,SKP1;KPNB1;YWHAE;RANBP6;SEC13;NUP50;PLK1;APLP2;LMNB1;PTTG1IP;RANBP17;PRICKLE1;PPP1R10;NUP98;GBP2;BCL3;AKT1;HEATR3;PHB2;TOR1AIP1;RAP1GDS1;RAN;NUP133;NXT1;KPNA2;POM121;KPNA6;TOR1A;IPO7;E2F3
prerank,Positive Regulation Of Nucleocytoplasmic Transport (GO:0046824),-0.4411588439474678,-0.8947548206074738,0.6341911764705882,0.8860947763537828,1.0,8/39,17.05%,IL1B;NCBP2;YWHAE;ZC3H12A;SMAD3;EMD;ZPR1;JUP
prerank,Organic Hydroxy Compound Biosynthetic Process (GO:1901617),-0.4612497827337234,-0.8943002204295626,0.6390845070422535,0.8861654306115636,1.0,9/32,14.80%,CH25H;CYP46A1;ALOX12;CYP8B1;HSD3B7;PNPO;HMGCR;ACOT8;PARK7
prerank,Synapse Assembly (GO:0007416),-0.4311992477750056,-0.894010623683993,0.6457242582897034,0.8858491604326822,1.0,9/47,9.25%,GABRG2;DRD2;DNER;CDK5;LGI2;BDNF;GABRA1;GABRB3;FGF13
prerank,Organic Substance Transport (GO:0071702),-0.36834762497032153,-0.8935722716496562,0.7008695652173913,0.8858749505664951,1.0,12/133,4.66%,SLC18A2;ATP2A3;CHRNB2;SLC6A3;CCL3;SLC22A4;CHRNA7;CHRNA4;SCAMP5;KIF3A;CACNB3;CACNG8
prerank,Cellular Response To Epidermal Growth Factor Stimulus (GO:0071364),0.47487844029647985,0.8933459878479898,0.6054421768707483,0.9398312411943691,1.0,2/22,5.72%,EGFR;SOX9
prerank,Chaperone-Mediated Protein Complex Assembly (GO:0051131),-0.4956133186639963,-0.8933274666758867,0.6402877697841727,0.8854825003498245,1.0,1/19,1.81%,TMEM35A
prerank,Chromatin Remodeling (GO:0006338),0.34204221317890493,0.8928098280791409,0.7560386473429952,0.9395620932378217,1.0,14/201,9.25%,PRDM16;DPF3;BMI1;ZNF827;PWWP2A;CHRAC1;KAT2B;KAT2A;SOX9;SATB2;EZH1;MECOM;ZNF274;SIRT2
prerank,Negative Regulation Of Protein Kinase B Signaling (GO:0051898),0.45035109695350223,0.8926880808762585,0.6033254156769596,0.9382079907079925,1.0,3/28,6.26%,MAGI2;PHLPP1;PLEKHA1
prerank,Negative Regulation Of Cellular Process (GO:0048523),-0.33441263131081933,-0.892340219582701,0.8032520325203252,0.8867065837865434,1.0,44/377,10.71%,IL1B;RERG;TNFRSF21;FABP7;IL1A;CGREF1;ARHGDIG;CDKN2D;ANXA6;TSPYL2;HRAS;DRD2;IL10;OSM;HPGD;PIN1;BTG2;OPRM1;E2F7;CCL3L1;MT3;BLM;FHL1;DLG3;ACVR1B;BRCA1;FABP3;TES;CDKN1A;RND1;TNFRSF8;SEMA5A;TENM1;SH2B3;INHBA;COPS8;PTPN2;PLPP1;LYN;HMGA1;PPP2R1A;NEURL1;TESC;LDOC1
prerank,Ubiquitin-Dependent Protein Catabolic Process Via The Multivesicular Body Sorting Pathway (GO:0043162),0.45463043770417944,0.8919528108516042,0.6137440758293838,0.9383312314867918,1.0,4/29,14.21%,UBAP1L;CHMP6;NEDD4;MVB12A
prerank,Actin Filament Organization (GO:0007015),-0.3847696477717358,-0.8918145168090166,0.6829268292682927,0.8868899913366651,1.0,5/110,2.45%,DMTN;TAGLN3;RAC3;DSTN;LMOD3
prerank,Cellular Response To Acid Chemical (GO:0071229),-0.4725186131252942,-0.8913384890053592,0.6399286987522281,0.8869753976601082,1.0,5/24,10.36%,KLF2;VEGFA;NSMF;GLRA1;NEURL1
prerank,Positive Regulation Of Lamellipodium Organization (GO:1902745),0.4617197874000872,0.8910616169270491,0.6143790849673203,0.9388596422517587,1.0,4/25,6.89%,OCLN;PIK3CA;ENPP2;PLCE1
prerank,Positive Regulation Of Cell Growth (GO:0030307),-0.39069752903058647,-0.890264088012921,0.6644182124789207,0.8885265161064835,1.0,4/86,3.20%,SYT1;SYT4;L1CAM;RIMS1
prerank,Positive Regulation Of Tyrosine Phosphorylation Of STAT Protein (GO:0042531),0.4624316306581375,0.8899667769259972,0.6181015452538632,0.9401191973762519,1.0,3/25,2.14%,ERBB4;GHR;FGFR3
prerank,Regulation Of Peptidyl-Serine Phosphorylation (GO:0033135),-0.4035755014083485,-0.8897375352658397,0.6602112676056338,0.8887600617396131,1.0,8/70,8.23%,DMTN;TNF;PINK1;OSM;VEGFA;BDNF;MLXIPL;TENM1
prerank,Protein Localization (GO:0008104),0.32891195160195613,0.8896190511996717,0.8214285714285714,0.9393773852165247,1.0,24/293,9.86%,PARD3;FERMT2;PTPRK;EGFR;GJA1;TSNARE1;SHROOM3;EMP2;AKAP3;PEX5L;ZDHHC15;OCLN;SNX31;MAL;NECTIN1;ERBIN;CCDC120;BICD1;STX2;SNX27;CDAN1;NPHP1;BBS2;NBEAL1
prerank,Protein Polyubiquitination (GO:0000209),0.3433390458763909,0.8894554808147348,0.7469586374695864,0.9381453196958031,1.0,4/198,1.48%,SASH1;FBXL7;ARRDC4;RNF144A
prerank,Negative Regulation Of Phosphatase Activity (GO:0010923),0.4955147879597515,0.8886818835260863,0.6234042553191489,0.9384315954574196,1.0,2/15,7.19%,PPP1R1B;TGFB2
prerank,Positive Regulation Of Signal Transduction By P53 Class Mediator (GO:1901798),-0.5008215388389947,-0.8884188681377583,0.6462093862815884,0.8906870237587247,1.0,1/16,2.28%,UBB
prerank,Vesicle Docking (GO:0048278),-0.49123172124925524,-0.88791896877792,0.654639175257732,0.8907039308067793,1.0,2/19,3.08%,STX19;STX1B
prerank,Phosphatidylinositol Metabolic Process (GO:0046488),0.4067805648756694,0.887869649721589,0.6279620853080569,0.9388535739677165,1.0,6/58,6.44%,FGF2;PLCB1;PDGFRB;SYNJ2;PLCG2;VAC14
prerank,Cellular Response To Hormone Stimulus (GO:0032870),0.4045924233322066,0.8877013340703063,0.6455142231947484,0.9376731731345949,1.0,6/56,7.16%,GHR;OXTR;THRB;ATP1A2;SOX9;GAS2L1
prerank,Negative Regulation Of T Cell Activation (GO:0050868),0.45218215113456084,0.8875620452585083,0.6382488479262672,0.9364049465402933,1.0,3/31,1.64%,SDC4;LGALS3;GPNMB
prerank,Regulation Of Bone Mineralization (GO:0030500),0.42430325306287586,0.8873969622986162,0.640625,0.9352311857260703,1.0,9/41,7.85%,BMPR1B;GREM1;BMP7;PKDCC;PTN;P2RX7;DDR2;GPM6B;ACVR2B
prerank,Regulation Of Centrosome Duplication (GO:0010824),-0.47642313381200596,-0.8872691958771696,0.6454388984509466,0.8911604982150179,1.0,9/23,35.10%,XRCC3;GEN1;NAT10;CEP131;CENPJ;CHMP1A;CHMP2A;STIL;CHMP3
prerank,Positive Regulation Of Protein Kinase B Signaling (GO:0051897),-0.4108576932850891,-0.8867144525197368,0.6706896551724137,0.8914267015050418,1.0,7/64,5.21%,RET;TNF;PINK1;CCL3;OSM;TSPYL5;HBEGF
prerank,Negative Regulation Of Protein Dephosphorylation (GO:0035308),0.49048742389695466,0.8866616278611897,0.6085972850678733,0.9354221229839579,1.0,3/18,4.50%,PPP1R16B;PPP1R1B;MFHAS1
prerank,Negative Regulation Of Kinase Activity (GO:0033673),-0.4198167416839096,-0.8865844567131519,0.6228070175438597,0.890764689801388,1.0,7/51,9.72%,CAMK2N2;THY1;YWHAG;DBNDD1;PPIA;PPM1E;TRIB1
prerank,Positive Regulation Of Metabolic Process (GO:0009893),0.38216453317012045,0.8844209076631785,0.6700251889168766,0.9394086080760347,1.0,5/74,3.25%,PRDM16;OXTR;GJA1;CXCR4;PPARGC1A
prerank,Regulation Of Cytokine Production (GO:0001817),-0.37399281896691555,-0.883976656888189,0.7289562289562289,0.8954009935812075,1.0,22/118,13.62%,IL1A;TNF;SCAMP5;IL10;SLC11A1;ISG15;BATF;SOD1;C5AR2;GAPDH;BTN3A1;SRGN;CARD9;LYN;IGF2BP3;BTN3A2;PLD3;ALOX5;AGPAT1;NFAM1;IRF7;CLEC9A
prerank,Organic Hydroxy Compound Transport (GO:0015850),0.4488277504273517,0.8837068426972905,0.6059113300492611,0.9396971931428854,1.0,7/29,7.33%,ABCC3;SLCO1A2;SLCO1C1;SLC44A1;SLC22A3;SLC5A11;SLC10A1
prerank,Regulation Of Integrin-Mediated Signaling Pathway (GO:2001044),0.485873178948447,0.8827756493739732,0.6031390134529148,0.9403554337051508,1.0,6/17,7.21%,PRKD1;LAMA2;EMP2;LAMC1;LAMB2;LAMA1
prerank,Regulation Of Protein Binding (GO:0043393),-0.3866131925192921,-0.8823887004190151,0.6861702127659575,0.8979815801474257,1.0,10/94,14.84%,PRMT8;PIN1;ADD2;CDKN1A;ZFPM1;SUB1;IFIT1;PLK1;PARK7;RALB
prerank,Ribosome Assembly (GO:0042255),0.43345450527266527,0.8820962199868135,0.6352941176470588,0.9403404129092381,1.0,10/38,15.88%,RPS27;RPS28;TRAF7;RPL10;RPS15;RPS27L;RPL23A;RPL11;RPS14;RPS19
prerank,Regulation Of Sodium Ion Transport (GO:0002028),-0.45354954936712355,-0.8818843174089566,0.6368515205724508,0.8981995553197224,1.0,3/28,3.21%,SCN3B;FGF12;DRD2
prerank,Negative Regulation Of Intrinsic Apoptotic Signaling Pathway In Response To DNA Damage (GO:1902230),-0.4934207115469669,-0.8817477269564281,0.6373239436619719,0.8975524080537661,1.0,1/18,1.18%,CDKN2D
prerank,Intracellular pH Reduction (GO:0051452),-0.46688891221933737,-0.8810023494239353,0.6375227686703097,0.8982203759474918,1.0,8/29,17.21%,ATP6V0E2;SLC11A1;ATP6V1D;TPCN2;RAB38;ATP6V0D1;ATP6V0A1;ATP6V1A
prerank,Mitochondrial Membrane Organization (GO:0007006),-0.4575370471878305,-0.8803406582747895,0.6405693950177936,0.8987533035631842,1.0,5/27,8.84%,SLC25A4;BNIP3;GHITM;PPIF;BAD
prerank,Positive Regulation Of Telomere Maintenance Via Telomere Lengthening (GO:1904358),-0.45527719638872266,-0.8801692898939323,0.6565836298932385,0.8981788982887522,1.0,2/31,6.62%,PRKCQ;PKIB
prerank,Positive Regulation Of Protein Dephosphorylation (GO:0035307),-0.45660229126769586,-0.8799557173796545,0.6597222222222222,0.8976983695691172,1.0,7/31,6.90%,CALM3;CDCA2;PIN1;SMPD1;CALM1;PPIA;NSMF
prerank,Regulation Of Extrinsic Apoptotic Signaling Pathway Via Death Domain Receptors (GO:1902041),0.4655959298757283,0.8797149249539464,0.6526806526806527,0.9446453241371202,1.0,3/23,5.63%,LGALS3;SERPINE1;RFFL
prerank,Calcium Ion Transport (GO:0006816),-0.38980892813010193,-0.8794237880467766,0.6830122591943958,0.8979141225460041,1.0,12/80,7.21%,CACNA1G;ATP2A3;CHRNB2;SLC8A2;CCL3;CHRNA7;CHRNA4;CACNB3;CACNG8;ORAI2;CACNA2D4;GRIN3A
prerank,Regulation Of Receptor Signaling Pathway Via JAK-STAT (GO:0046425),-0.44139667656793113,-0.8789109519022134,0.6523235800344234,0.8981395626271929,1.0,7/31,9.23%,TNF;IL10;SOCS3;CALM1;OCIAD2;SH2B3;PTPN2
prerank,Negative Regulation Of Carbohydrate Metabolic Process (GO:0045912),0.4681856517332582,0.878196595445488,0.6382488479262672,0.9468762765873935,1.0,2/22,5.60%,NUPR1;KAT2A
prerank,O-glycan Processing (GO:0016266),-0.4589398078680993,-0.8781278230336552,0.6678765880217786,0.8989941009867392,1.0,4/31,9.66%,B4GAT1;ST6GALNAC2;GALNT9;GALNT12
prerank,Negative Regulation Of Extrinsic Apoptotic Signaling Pathway Via Death Domain Receptors (GO:1902042),-0.497534282846806,-0.8779346148253993,0.6362098138747885,0.8984461211574727,1.0,4/16,6.86%,FAIM2;ICAM1;BRCA1;TNFAIP3
prerank,Lipid Biosynthetic Process (GO:0008610),-0.4177679148534968,-0.877660513253475,0.674496644295302,0.8980499038678929,1.0,22/51,24.53%,ELOVL4;MLXIPL;NDUFAB1;LPCAT1;PLA2G2C;GPAT4;HMGCR;FADS1;MVD;ACSM3;ACLY;GUCY2C;LCP1;AGPAT3;DOLPP1;PIP5K1A;XBP1;FDXR;DHRS11;PRKAA2;PCYT2;AGPAT4
prerank,Negative Regulation Of Endothelial Cell Migration (GO:0010596),0.4397742713866796,0.8763329186897598,0.6439909297052154,0.9496955848311892,1.0,3/27,2.43%,ADAMTS9;FGF2;RGCC
prerank,Positive Regulation Of Stress-Activated Protein Kinase Signaling Cascade (GO:0070304),-0.5087534593000815,-0.8757705127893783,0.6535714285714286,0.9012459542387459,1.0,3/15,9.44%,NOD2;CARD9;LYN
prerank,Inorganic Cation Import Across Plasma Membrane (GO:0098659),-0.4037913616853822,-0.8746825143062739,0.6830122591943958,0.9026027260775671,1.0,10/64,5.59%,CACNA1G;SCN7A;KCNJ6;SLC8A2;SCN2A;CACNA1E;KCNJ13;ATP1B1;KCNJ9;SCN3A
prerank,Positive Regulation Of Translation (GO:0045727),-0.3768039930986798,-0.8745857845463244,0.7094017094017094,0.9018482318717363,1.0,28/92,26.97%,CDC123;COA3;RBM3;FASTKD2;CIRBP;HABP4;PKM;MPV17L2;FASTKD3;C1QBP;UPF3B;THBS1;SYNCRIP;YTHDF3;LARP4B;PYM1;BCL3;YTHDF2;PIWIL2;NAT10;DHX36;CNBP;FXR2;RPUSD4;CSDE1;DHX9;PABPC1;HNRNPD
prerank,Positive Regulation Of Ossification (GO:0045778),0.4431692203468937,0.8743292739675735,0.6425438596491229,0.9528838169246656,1.0,8/30,7.85%,BMPR1B;BMP7;PKDCC;ZBTB16;PTN;P2RX7;GPM6B;ACVR2B
prerank,Apoptotic Mitochondrial Changes (GO:0008637),-0.45249769581480326,-0.8734798688062294,0.6429872495446266,0.9031869465066719,1.0,7/30,10.95%,BCL2A1;IFI6;BNIP3;GGCT;HK2;BAD;MCL1
prerank,Protein Mannosylation (GO:0035268),0.4861107980318007,0.8734448365065174,0.6482758620689655,0.9534495166353224,1.0,2/18,3.72%,TMTC2;TMTC1
prerank,Positive Regulation Of Receptor Signaling Pathway Via JAK-STAT (GO:0046427),0.46911932653194255,0.8733452107287747,0.6320541760722348,0.9520608470657124,1.0,2/20,0.92%,ERBB4;GHR
prerank,Negative Regulation Of Gene Expression (GO:0010629),-0.33874698793928365,-0.8721975066012623,0.807131280388979,0.9049375808935649,1.0,24/254,10.71%,CHEK1;TNF;PINK1;ID2;OLFM1;CCL3;HRAS;ZFP36;IL10;INSL6;EZH2;BTG2;VEGFA;SLC11A1;ENC1;PARP14;DNMT1;OVOL2;GAPDH;HAVCR2;SRGN;SLC7A5;NHLRC3;IGF2BP3
prerank,Cellular Response To Interferon-Beta (GO:0035458),-0.49976073698154744,-0.8715370199421445,0.6381818181818182,0.9054482823630561,1.0,7/16,28.26%,CALM1;STAT1;AIM2;IRF1;OAS1;CDC34;MNDA
prerank,Regulation Of Interferon-Alpha Production (GO:0032647),-0.48405213714088646,-0.8714523027668184,0.6698113207547169,0.9046660808834471,1.0,9/20,23.29%,IL10;HAVCR2;STAT1;IRF7;TLR3;TLR8;DHX36;TBK1;HSPD1
prerank,Type I Interferon-Mediated Signaling Pathway (GO:0060337),-0.4893117916251366,-0.8713877814142289,0.6579406631762653,0.9038565537244244,1.0,8/19,26.17%,MYD88;IKBKE;STAT1;IFI27;TRAF3;TBK1;IFITM3;SP100
prerank,Actin Polymerization Or Depolymerization (GO:0008154),-0.4232018963169665,-0.8708127076511308,0.6597938144329897,0.904139684001864,1.0,3/47,2.39%,DIAPH3;WASF3;DSTN
prerank,Response To Hydrogen Peroxide (GO:0042542),0.42205503893169494,0.8704502022499809,0.6623093681917211,0.957433954719236,1.0,3/35,6.26%,FYN;AQP1;PLEKHA1
prerank,Regulation Of Fatty Acid Oxidation (GO:0046320),0.49706644671490074,0.8701947028508018,0.6198704103671706,0.9564732916974156,1.0,3/15,9.36%,PPARGC1A;SOX9;SIRT4
prerank,Regulation Of Dendrite Morphogenesis (GO:0048814),0.44422016679057985,0.8698455490836537,0.6328828828828829,0.9557660080548532,1.0,4/29,4.93%,TNIK;IL1RAPL1;PTPRD;HECW2
prerank,Phosphatidic Acid Biosynthetic Process (GO:0006654),0.44727670502689665,0.8697699894925855,0.6435185185185185,0.9543580683156655,1.0,7/27,12.48%,DGKG;DGKB;ACP6;AGPAT5;SLC27A1;MBOAT2;GNPAT
prerank,mRNA Processing (GO:0006397),-0.34764453694528186,-0.8697317326427276,0.7851099830795262,0.9054697670630315,1.0,38/197,23.69%,NOVA2;PIN1;SNU13;PRPF19;SRSF2;NCBP2;PPWD1;SRSF1;SART3;GPKOW;MTREX;SRSF7;SRSF9;RBM4;SNRPA1;RNPS1;HSPA8;TCERG1;DHX15;BCAS2;SYNCRIP;LSM4;DBR1;SRSF4;TXNL4A;EFTUD2;SNRPD1;SNRNP35;PPIL3;SF3B2;RNMT;SRSF3;BUD31;PRPF4;SFPQ;HTATSF1;CWC25;HNRNPC
prerank,Positive Regulation Of Epithelial Cell Proliferation (GO:0050679),-0.39064462720619314,-0.8688566635164165,0.6856127886323268,0.9063782545143221,1.0,14/75,8.84%,NRARP;TNF;EGR3;PTPRN;HRAS;EGFL7;CLDN1;VEGFA;PRKCA;NELL2;NOD2;SEMA5A;NELL1;BAD
prerank,Chromatin Organization (GO:0006325),-0.34182436652509685,-0.8684203547911018,0.8003472222222222,0.9064248076808581,1.0,29/219,15.79%,CHEK1;FOXA1;NAP1L3;NPM2;CHAF1A;NAP1L2;EZH2;ERCC6;CHAF1B;SKP1;BRDT;COPRS;SUPT4H1;PADI2;HMGN1;DPF1;SART3;INO80;ZNHIT1;PAXIP1;HDGFL2;PWWP2B;KDM5D;HMG20A;DDX21;HIRIP3;RUVBL1;BCL7B;GATAD2A
prerank,Negative Regulation Of Myeloid Leukocyte Differentiation (GO:0002762),-0.4766427095676648,-0.8678015066798264,0.6575591985428051,0.906821565032838,1.0,4/21,9.23%,CCL3;ZFPM1;INHBA;PTPN2
prerank,Regulation Of Protein Transport (GO:0051223),-0.46662700264121476,-0.867321077866463,0.6557377049180327,0.9069041003484563,1.0,2/25,6.21%,TNF;PTPN1
prerank,Amino Acid Import Across Plasma Membrane (GO:0089718),-0.486415293512106,-0.8670404920136652,0.6780575539568345,0.9065760513698771,1.0,3/19,3.68%,SLC1A1;SLC22A4;SLC1A6
prerank,Cell Cycle G1/S Phase Transition (GO:0044843),-0.41931938406401403,-0.866904841883996,0.6948275862068966,0.9059171655104219,1.0,7/45,13.20%,E2F1;CUL1;BCAT1;CDKN1A;PLK3;GPR132;EIF4E
prerank,Regulation Of NLRP3 Inflammasome Complex Assembly (GO:1900225),0.44554642603683225,0.8668171205047321,0.6563245823389021,0.9597654708343352,1.0,2/25,3.91%,PRKD1;PLCG2
prerank,Protein Palmitoylation (GO:0018345),0.44589450995272945,0.8667184935125706,0.6688888888888889,0.9584093451284094,1.0,3/28,4.52%,ZDHHC11B;ZDHHC9;ZDHHC15
prerank,Negative Regulation Of Intracellular Steroid Hormone Receptor Signaling Pathway (GO:0033144),-0.46958763220830024,-0.866654186336173,0.6691312384473198,0.9055080374969328,1.0,2/24,6.08%,VPS18;BRCA1
prerank,Negative Regulation Of Growth (GO:0045926),-0.3829628375637312,-0.8666407431434713,0.7125,0.9045946939604491,1.0,10/91,10.09%,RERG;CDKN2D;TSPYL2;MT3;FHL1;BRCA1;CDKN1A;TMPRSS4;INHBA;PPP2R1A
prerank,Hemopoiesis (GO:0030097),0.3758910447757426,0.86656162916773,0.7115384615384616,0.9571881096125818,1.0,12/76,10.42%,TGFBR3;BMI1;FGFR2;ZBTB16;TOX;RUNX3;NOTCH4;TGFB2;MKNK2;MECOM;L3MBTL1;RRAS
prerank,Negative Regulation Of Antigen Receptor-Mediated Signaling Pathway (GO:0050858),0.4621788698611826,0.8659861626594223,0.6401869158878505,0.956969447328064,1.0,2/20,2.42%,LGALS3;CD22
prerank,ERK1 And ERK2 Cascade (GO:0070371),-0.499209992051763,-0.8655080107859543,0.6458333333333334,0.9061376659323915,1.0,5/16,15.20%,MT3;MAP2K2;ZFP36L1;PTGER4;ITGAV
prerank,Regulation Of Signal Transduction (GO:0009966),-0.35847536227978244,-0.8648171632774259,0.7637271214642263,0.9066969033434373,1.0,23/151,10.75%,RGS8;RGS4;RGS16;SLC8A2;CD36;TSPYL2;MAPK8IP2;CD80;CHRNA7;YWHAG;FRRS1L;PPIA;PTPN1;HOMER1;TMEM237;SEMA5A;IRAK2;NELL1;MTCH1;PTPN2;PPP2R1A;CD24;ANKRD54
prerank,"Maturation Of SSU-rRNA From Tricistronic rRNA Transcript (SSU-rRNA, 5.8S rRNA, LSU-rRNA) (GO:0000462)",-0.44742174555250824,-0.8646341601159592,0.6660682226211849,0.9061435542252918,1.0,4/26,14.18%,TSR1;UTP4;TSR2;DHX37
prerank,Negative Regulation Of Macromolecule Metabolic Process (GO:0010605),-0.3615974562597515,-0.864404662289071,0.769100169779287,0.9056506565681726,1.0,12/132,8.76%,TNF;OPTN;PINK1;ID2;OLFM1;CCL3;HRAS;VEGFA;PARP14;DNMT1;OVOL2;HAVCR2
prerank,Regulation Of Cation Channel Activity (GO:2001257),-0.4376651440322639,-0.8635403419284458,0.6632478632478632,0.9065213181912917,1.0,7/36,11.94%,FGF12;CACNB3;CALM1;HOMER1;FGF13;CABP4;JPH4
prerank,Phosphatidic Acid Metabolic Process (GO:0046473),0.4402949376751748,0.8632828836932223,0.6551724137931034,0.9616976787245699,1.0,7/28,12.48%,DGKG;DGKB;ACP6;AGPAT5;SLC27A1;MBOAT2;GNPAT
prerank,Regulation Of Intracellular Transport (GO:0032386),-0.44578653151561176,-0.8621741225089261,0.6831501831501832,0.9084038954327528,1.0,13/30,19.12%,NEFH;OCRL;MAP2;PTPN1;DYNC1H1;MX2;RINT1;APEX1;RBM4;REEP5;MYBPC3;LCP1;NDEL1
prerank,Stress-Activated Protein Kinase Signaling Cascade (GO:0031098),-0.48958692555580763,-0.8617578736712177,0.6908127208480566,0.9083918914348107,1.0,1/19,6.28%,MAP2K3
prerank,Regulation Of Monoatomic Ion Transmembrane Transport (GO:0034765),-0.47592293389984286,-0.8616316470321145,0.6715867158671587,0.9077390351256894,1.0,5/21,8.13%,GRIN1;KCNJ6;KCNJ13;KCNJ9;GRIN2B
prerank,Positive Regulation Of Cilium Assembly (GO:0045724),0.48670626777010306,0.8607337790123816,0.6511627906976745,0.9660439616196278,1.0,2/19,9.78%,IFT88;KCTD17
prerank,Negative Regulation Of Neuron Death (GO:1901215),0.377479615272484,0.8598214666352283,0.7356608478802993,0.9666240386250959,1.0,7/64,5.58%,PTPRZ1;ERBB3;GPNMB;TYRO3;PPARGC1A;IL27RA;WFS1
prerank,Receptor Internalization (GO:0031623),-0.4262649469901285,-0.8596039222137926,0.685251798561151,0.9110916032069512,1.0,7/40,10.04%,CD36;ADM;AP2M1;GRB2;DNM1;TFRC;RAB31
prerank,Recombinational Repair (GO:0000725),-0.3776544229954533,-0.8587798854043553,0.7387543252595156,0.911851749385357,1.0,16/82,17.26%,XRCC3;BLM;TONSL;BRCA1;LIG3;NABP2;AP5Z1;INO80;SAMHD1;RAD51AP1;XRCC6;XRCC2;RPA3;RAD54B;UBE2N;AUNIP
prerank,Protein Targeting To Peroxisome (GO:0006625),-0.5068370444531352,-0.8586372439418568,0.6962025316455697,0.9112474975263007,1.0,6/15,38.13%,TRIM37;PEX10;PEX7;PEX14;RAB8B;PEX1
prerank,Microtubule Polymerization (GO:0046785),-0.4392962773273541,-0.8574902624097012,0.6759259259259259,0.9127171270222385,1.0,8/33,20.27%,TPPP3;PIN1;FGF13;HDGFL3;TUBGCP2;NDEL1;TPX2;TPPP
prerank,Negative Regulation Of Small GTPase Mediated Signal Transduction (GO:0051058),0.46098560429468916,0.8559372312258938,0.6488888888888888,0.9742600342548784,1.0,3/17,7.73%,DAB2IP;TGFB2;SPRY1
prerank,Positive Regulation Of Endopeptidase Activity (GO:0010950),-0.4685125510379101,-0.8556400623762196,0.6703296703296703,0.9156068643682728,1.0,4/22,9.44%,GRIN1;GRIN2B;CR1;LYN
prerank,Small GTPase Mediated Signal Transduction (GO:0007264),-0.37186449855902914,-0.8555778099151228,0.7509025270758123,0.9147973653851866,1.0,4/101,2.50%,RERG;DOK6;RUNDC3A;HRAS
prerank,Rescue Of Stalled Ribosome (GO:0072344),-0.4841368235948301,-0.8554173009660796,0.6742424242424242,0.91420125710373,1.0,5/17,28.72%,PTRH1;USP10;ZNF598;RNF25;TCF25
prerank,Regulation Of G Protein-Coupled Receptor Signaling Pathway (GO:0008277),0.38950948074486447,0.8549846815171217,0.7064439140811456,0.9748869905918831,1.0,5/54,3.67%,KCTD8;RGS20;PLCB1;RGS7;SLC24A4
prerank,Negative Regulation Of Cyclin-Dependent Protein Kinase Activity (GO:1904030),0.47979805203296505,0.854892832226123,0.656319290465632,0.9735041472652979,1.0,1/17,2.53%,CDKN2A
prerank,Regulation Of Cardiac Muscle Cell Action Potential (GO:0098901),-0.4666223288482997,-0.8547351175037755,0.690846286701209,0.9146953837826022,1.0,8/23,22.85%,CALM3;CALM1;FGF13;JUP;ATP2A2;TRPM4;PKP2;HCN3
prerank,Regulation Of Intracellular Protein Transport (GO:0033157),0.4294442545849988,0.8545488394336931,0.6871165644171779,0.972681446829948,1.0,2/33,3.17%,PRR5L;SH3TC2
prerank,Negative Regulation Of Cyclin-Dependent Protein Serine/Threonine Kinase Activity (GO:0045736),0.4827715027724728,0.8543194378434118,0.6615384615384615,0.9716029740357714,1.0,1/16,2.53%,CDKN2A
prerank,Plasma Membrane Organization (GO:0007009),-0.40013839593861866,-0.8534962680081065,0.7092198581560284,0.9163544107634304,1.0,9/58,12.01%,RAB3A;ANXA6;SYT7;NSF;SMPD1;PACSIN1;CR1;EPB41L3;COLEC12
prerank,Glutamate Metabolic Process (GO:0006536),-0.4926195222475308,-0.8534293845061592,0.6900369003690037,0.915563697654638,1.0,3/16,9.87%,GLS2;GOT1;OAT
prerank,Regulation Of Mitotic Metaphase/Anaphase Transition (GO:0030071),0.4106554279373918,0.852869261796814,0.7006507592190889,0.973392105126474,1.0,2/42,4.93%,DPF3;HECW2
prerank,Cellular Response To Amyloid-Beta (GO:1904646),-0.44663059528057397,-0.852692274074874,0.6752293577981652,0.9161349351423119,1.0,5/28,6.06%,GRIN1;CD36;FPR2;CDK5;ICAM1
prerank,Negative Regulation Of Neuron Apoptotic Process (GO:0043524),0.3902935022404518,0.8524965576198724,0.7079439252336449,0.9725901788635366,1.0,6/51,5.58%,PTPRZ1;ERBB3;TYRO3;PPARGC1A;IL27RA;WFS1
prerank,RNA Metabolic Process (GO:0016070),0.3532367227680148,0.8524297988764944,0.7919799498746867,0.9711606449496497,1.0,6/104,8.03%,RBPMS;NOVA1;ADARB1;DEDD2;BICD1;ADARB2
prerank,Positive Regulation Of Cellular Biosynthetic Process (GO:0031328),-0.3561599192671959,-0.8521101410566011,0.78125,0.916376612165733,1.0,7/141,3.56%,IL1B;TNF;KLF2;EGR1;HTR2A;CD36;CD244
prerank,Positive Regulation Of Epidermal Growth Factor Receptor Signaling Pathway (GO:0045742),0.4684882940714503,0.850924161215604,0.6928406466512702,0.973063414671651,1.0,4/19,10.74%,AREG;HIP1R;TGFA;HIP1
prerank,Positive Regulation Of Cellular Component Biogenesis (GO:0044089),-0.3843411267561332,-0.8508460842197844,0.7362068965517241,0.9180433391601748,1.0,8/73,5.86%,TNF;SDC1;CHGA;VEGFA;PRKCA;PLEK;TRABD2A;CHAF1B
prerank,snRNA 3'-End Processing (GO:0034472),0.4664145548921792,0.8506648494948043,0.6658767772511849,0.972081516367527,1.0,2/19,9.30%,SAGE1;INTS5
prerank,Positive Regulation Of Catalytic Activity (GO:0043085),-0.44679506647580364,-0.850506903031803,0.68,0.9178071627302735,1.0,4/29,13.97%,YWHAB;SOD1;NOD2;AZIN2
prerank,Positive Regulation Of Smooth Muscle Cell Proliferation (GO:0048661),-0.43913037714610004,-0.8492891879744587,0.7050610820244329,0.9194205760246169,1.0,5/33,7.45%,TNF;ID2;IL10;P2RY6;DNMT1
prerank,Apoptotic Cell Clearance (GO:0043277),0.4589724724820395,0.8488100914146209,0.6635514018691588,0.9747310218180323,1.0,2/20,2.60%,MEGF10;TYRO3
prerank,Monoatomic Cation Transmembrane Transport (GO:0098655),-0.3403654189473576,-0.8485407456075009,0.8352745424292846,0.9200570660344526,1.0,22/176,9.79%,SCN3B;GRIN1;SCN2B;CACNA1G;ATP2A3;SLC8A2;SLC6A3;SCN2A;ATP6V0E2;ATP1B1;KCNB1;SLC11A1;ATP6V1E1;CACNA2D4;ATP5F1B;KCNC2;KCNB2;GRIN2B;ATP6V1D;MCOLN2;TRPC6;SLC6A15
prerank,Regulation Of I-kappaB kinase/NF-kappaB Signaling (GO:0043122),0.3228638571666434,0.8484050775757628,0.8975609756097561,0.9740469826075986,1.0,14/192,7.81%,PRKD1;GPRC5B;RORA;GJA1;ROR1;OTUD7B;LTF;PLCG2;HSPB1;TLE1;PELI1;DAB2IP;S100A4;TRIM58
prerank,Respiratory Chain Complex IV Assembly (GO:0008535),-0.4795428799349607,-0.8478769063169025,0.6930147058823529,0.9204966573765248,1.0,6/19,28.22%,COA3;FASTKD3;COA5;PET100;TMEM223;COX18
prerank,Positive Regulation Of Potassium Ion Transmembrane Transport (GO:1901381),-0.49718028374036977,-0.847406017860819,0.6894075403949731,0.9205413223523707,1.0,2/15,8.73%,ATP1B1;AMIGO1
prerank,Regulation Of Neuron Differentiation (GO:0045664),0.3853740046105207,0.8468242369646088,0.713963963963964,0.9762401657154897,1.0,10/58,7.64%,GPRC5B;BRINP3;ALK;ADRA2C;BMP7;SOX2;RELN;BRINP2;NLGN1;FGFR1
prerank,Regulation Of Calcium Ion Transport (GO:0051924),0.40250396507205943,0.8467837044371109,0.6917808219178082,0.9747306819664948,1.0,5/41,7.35%,PLPP4;CACNA2D1;WFS1;HOMER3;CACNB2
prerank,Intracellular Monoatomic Cation Homeostasis (GO:0030003),0.3430229981041392,0.8466090657214433,0.8497536945812808,0.9735502543264223,1.0,17/125,9.18%,SLC39A12;DMPK;ATP13A4;F3;SLC24A2;SLC30A10;SLC24A4;ATP1A2;PTH1R;SLC24A3;SLC12A2;RGN;SLC40A1;TPT1;RYR2;CXCL12;SLC41A1
prerank,Protein Ubiquitination (GO:0016567),-0.3175391798639557,-0.8465269463642436,0.9223300970873787,0.9214257211230055,1.0,33/342,10.63%,UBE2QL1;FANCA;FBXO2;PINK1;UBE2V2;SPSB1;UHRF1;UBB;ISG15;ENC1;FBXL2;FBXL15;PRPF19;VPS18;BRCA1;DDA1;CUL1;SKP1;TRAIP;KBTBD8;UBE2L3;HECW1;WSB1;TRIM73;DZIP3;RNF187;USP5;ANKRD9;RNF152;NEURL1;NHLRC3;UBE2T;RNF19B
prerank,Activation Of Cysteine-Type Endopeptidase Activity Involved In Apoptotic Process (GO:0006919),-0.39651266487692854,-0.8464907207665401,0.7208904109589042,0.9205703775706545,1.0,3/57,1.22%,TNF;BEX3;ATP2A3
prerank,Positive Regulation Of I-kappaB kinase/NF-kappaB Signaling (GO:0043123),0.33544870200794624,0.8459110637037954,0.8668280871670703,0.9735436229449492,1.0,5/145,2.51%,PRKD1;GPRC5B;GJA1;ROR1;LTF
prerank,Establishment Of Protein Localization To Endoplasmic Reticulum (GO:0072599),-0.4796585092024726,-0.8457878309982196,0.6933085501858736,0.9211553850461832,1.0,8/16,28.54%,SRP54;SRP14;SEC61A1;SRPRA;ZFAND2B;RAB3GAP2;SRPRB;SPCS1
prerank,Sterol Homeostasis (GO:0055092),0.3993369922208135,0.8454189670303187,0.7307692307692307,0.9730908102066964,1.0,3/41,3.98%,RORA;CES1;CYP39A1
prerank,Regulation Of Phosphoprotein Phosphatase Activity (GO:0043666),0.41363366578408634,0.845305724606545,0.6995305164319249,0.9718106303072909,1.0,4/32,5.15%,MAGI2;PDGFRB;PPP1R1B;ITGA1
prerank,Response To Peptide (GO:1901652),0.4341455296268698,0.8452110089558437,0.6619718309859155,0.970476911520222,1.0,5/27,11.41%,FYN;ERBIN;MMP2;IRS1;IRF5
prerank,Carboxylic Acid Transport (GO:0046942),0.4191062760667551,0.8446789790059578,0.7146118721461188,0.9702244217685689,1.0,6/36,9.72%,SLC6A11;SLC38A2;SLC13A3;SLC16A9;SLC36A1;SLC7A2
prerank,Organic Anion Transport (GO:0015711),0.3883591745678564,0.8442644797600101,0.7053571428571429,0.9696310097155175,1.0,7/52,6.04%,SLC4A4;MGST1;SLCO1A2;SLCO1C1;SLCO3A1;SLC26A6;SLC22A3
prerank,Cholesterol Homeostasis (GO:0042632),0.4002897041913192,0.844260734982032,0.7427293064876958,0.9681071133828287,1.0,3/40,3.98%,RORA;CES1;CYP39A1
prerank,Positive Regulation Of Vascular Associated Smooth Muscle Cell Proliferation (GO:1904707),0.4864038521486185,0.8434332192810984,0.6953488372093023,0.9684659882613742,1.0,5/16,11.69%,GJA1;FGF2;FOXJ2;MMP2;LDLRAP1
prerank,Negative Regulation Of Inflammatory Response (GO:0050728),0.36825816116457416,0.8432797945840909,0.779746835443038,0.967250755209061,1.0,4/74,4.50%,RORA;FYN;TYRO3;MFHAS1
prerank,Homophilic Cell Adhesion Via Plasma Membrane Adhesion Molecules (GO:0007156),0.39022936417197335,0.8411068252177824,0.6967592592592593,0.9706937307429393,1.0,7/45,4.09%,CNTN2;DSCAML1;CADM1;CDH2;IGSF11;HMCN1;NEXN
prerank,Response To Ionizing Radiation (GO:0010212),-0.3931318744980037,-0.8408207035180125,0.7682926829268293,0.9302980400010858,1.0,12/64,13.13%,GADD45A;SMPD1;BLM;BRCA1;CDKN1A;FANCD2;GRB2;NABP2;INO80;RHOB;RAD51AP1;PAXIP1
prerank,Peptidyl-Threonine Modification (GO:0018210),-0.3873805124118518,-0.8403602102991601,0.7366609294320138,0.9303080095119852,1.0,5/57,5.74%,CHEK1;PRKCA;CDK5R1;ACVR1B;CDK5
prerank,Regulation Of Ubiquitin-Protein Transferase Activity (GO:0051438),-0.4482657878346094,-0.8403333242159354,0.7382198952879581,0.9294268793901083,1.0,4/27,4.03%,PINK1;BUB1B;MAD2L1;PIN1
prerank,Mitochondrial Cytochrome C Oxidase Assembly (GO:0033617),-0.4923328480216532,-0.8390178076935956,0.702048417132216,0.931209540798752,1.0,6/15,28.22%,COA3;FASTKD3;COA5;PET100;TMEM223;COX18
prerank,Regulation Of Tyrosine Phosphorylation Of STAT Protein (GO:0042509),-0.42973413824534895,-0.8380484000099337,0.7235188509874326,0.9322484286023294,1.0,10/32,10.09%,TNF;OCRL;SOCS3;OSM;VEGFA;PARP14;SH2B3;PTPN2;LYN;PPP2R1A
prerank,Regulation Of Protein Tyrosine Kinase Activity (GO:0061097),0.4263169120971023,0.8378011889212669,0.7117117117117117,0.9764785594993668,1.0,2/30,1.29%,GPRC5B;ERBB3
prerank,Phosphorylation (GO:0016310),0.30309219593730613,0.8375269073121387,0.9813333333333333,0.9755292751867968,1.0,35/372,10.52%,BMPR1B;DMPK;FYN;DGKG;CDKL1;DGKB;TNIK;CDK18;ALK;NEK10;MYLK3;PIK3CA;DGKI;EPHA3;RUNX3;CDC42BPA;DYRK2;TGFB2;EPHB1;CDKL4;COQ8A;MKNK2;FGFR1;ACVR2B;FER;INSR;MAP4K5;SGK3;DAPK2;PXK;ACVR1C;GRK4;CDKL3;ULK1;GRK3
prerank,Regulation Of Cardiac Muscle Contraction By Calcium Ion Signaling (GO:0010882),-0.47071325967757915,-0.8369183875336131,0.7120141342756183,0.933594832711299,1.0,3/17,4.85%,CALM3;ATP1B1;CALM1
prerank,Positive Regulation Of Viral Genome Replication (GO:0045070),-0.4482228237017024,-0.8364695216329191,0.7121212121212122,0.9335801813446822,1.0,4/24,13.93%,TOP2A;PPIA;IFIT1;VAPB
prerank,Fatty Acid Beta-Oxidation (GO:0006635),-0.4130998919587274,-0.8364430079400061,0.7308377896613191,0.9326885094112607,1.0,11/42,20.07%,ACOXL;DECR2;ETFB;CRAT;ACOT8;ETFA;CPT2;HSD17B10;ETFDH;ECHS1;ACAA1
prerank,Fatty Acid Catabolic Process (GO:0009062),0.38836255590898355,0.8359683167887838,0.7178329571106095,0.9775153607621332,1.0,14/52,24.76%,SLC27A4;HSD17B4;AUH;ABCD4;LPIN1;NUDT7;HACL1;EHHADH;ABCD3;SLC25A17;LPIN2;ACAD10;ECI1;BDH2
prerank,Protein Localization To Cilium (GO:0061512),-0.4387491369505704,-0.8358192990542577,0.7264653641207816,0.9329983218382294,1.0,8/30,16.19%,TUB;SNX10;TTC26;FSIP2;ATP6V1D;TMEM107;EHD1;IFT20
prerank,Ribosomal Large Subunit Assembly (GO:0000027),0.45873691995195287,0.8355894289962231,0.6728538283062645,0.976826320125821,1.0,4/17,12.80%,TRAF7;RPL10;RPL23A;RPL11
prerank,Glycoprotein Biosynthetic Process (GO:0009101),-0.38563922976488263,-0.8353796871355431,0.7552447552447552,0.9329323880963191,1.0,7/63,10.61%,CHST10;ST8SIA3;B4GAT1;ST6GALNAC2;B3GALT2;ST8SIA6;SERP2
prerank,Regulation Of Cellular Component Size (GO:0032535),-0.419231021094119,-0.8340309856041386,0.7207207207207207,0.9346926976747068,1.0,9/37,30.48%,PEX11B;PPP1R15A;LAMTOR5;RAB3B;VAV1;MYO3B;EZR;ATP13A2;BLOC1S2
prerank,Activation Of Phospholipase C Activity (GO:0007202),-0.4824007379683025,-0.8333423923807528,0.7145390070921985,0.935108504810379,1.0,4/16,10.74%,HTR2A;LPAR2;P2RY6;C5AR1
prerank,Regulation Of Protein Localization To Cell Periphery (GO:1904375),-0.4682066514404686,-0.8330965435180043,0.7070524412296564,0.9346476425439819,1.0,3/18,16.98%,CDK5;PLK1;VTI1B
prerank,Positive Regulation Of Biomineral Tissue Development (GO:0070169),0.4246447551651691,0.8330537937725414,0.7101123595505618,0.9809039392437697,1.0,7/29,7.85%,BMPR1B;BMP7;PKDCC;PTN;P2RX7;GPM6B;ACVR2B
prerank,Regulation Of Ryanodine-Sensitive Calcium-Release Channel Activity (GO:0060314),-0.4666673534769824,-0.8328551283219043,0.7195121951219512,0.9341708130303212,1.0,9/19,25.55%,CALM3;CALM1;JPH4;JPH3;SELENON;FKBP1B;GSTO1;PDE4D;CAMK2D
prerank,Endoplasmic Reticulum Calcium Ion Homeostasis (GO:0032469),0.44446879562871616,0.8309123416864569,0.6821345707656613,0.9838929711793956,1.0,2/18,9.78%,WFS1;KCTD17
prerank,Phagocytosis (GO:0006909),-0.39180716987521524,-0.8307012499112529,0.7562277580071174,0.9374802068547075,1.0,10/56,7.04%,MARCO;ANXA3;CD36;CD93;SYT7;ITGAM;SLC11A1;MYD88;P2RY6;CEACAM4
prerank,Cardiac Muscle Cell Differentiation (GO:0055007),-0.48286208198426817,-0.8304843993384572,0.7165775401069518,0.9369867591156602,1.0,3/16,9.64%,MESP1;VEGFA;ALPK3
prerank,Positive Regulation Of Biosynthetic Process (GO:0009891),0.42150519774647127,0.8298740193515368,0.7470449172576832,0.9846013593509206,1.0,7/28,10.18%,SORBS1;RGCC;PLCG2;SIRT4;LARP6;APOE;CREBL2
prerank,Cellular Response To Nutrient Levels (GO:0031669),-0.3845486530032248,-0.8295084548914291,0.7584369449378331,0.9380411672581649,1.0,2/64,4.60%,MAP1LC3A;KCNB1
prerank,Vesicle Coating (GO:0006901),-0.4486641366862472,-0.8292222807985246,0.7158469945355191,0.9376259353507981,1.0,13/26,36.86%,AP3M2;TRAPPC2;TRAPPC11;PREB;TMED10;KLHL12;AP3D1;CSNK1D;CUL3;TRAPPC10;TRAPPC6A;TRAPPC9;TRAPPC3
prerank,Negative Regulation Of Ossification (GO:0030279),0.45438009527196943,0.8290325345443476,0.7056277056277056,0.9848898303516919,1.0,4/16,9.96%,GREM1;SOX9;LRP4;TMEM53
prerank,Hematopoietic Progenitor Cell Differentiation (GO:0002244),-0.47807237291657567,-0.8283749634659706,0.7066895368782161,0.9383762057086811,1.0,5/17,9.44%,BATF;PLEK;SBDS;INHBA;LYN
prerank,Proteolysis Involved In Protein Catabolic Process (GO:0051603),-0.38402342330730116,-0.8278432487705486,0.7693661971830986,0.9384640145329111,1.0,6/60,6.86%,UBB;CTSB;FBXO44;ISG15;PRPF19;TNFAIP3
prerank,Positive Regulation Of Phosphoprotein Phosphatase Activity (GO:0032516),0.464634294024047,0.8271979982628607,0.6744186046511628,0.9874805663234613,1.0,3/16,5.15%,MAGI2;PDGFRB;ITGA1
prerank,Regulation Of Smooth Muscle Cell Proliferation (GO:0048660),-0.4212315126008683,-0.8266969620119805,0.7432188065099458,0.9397894831965393,1.0,8/36,13.16%,TNF;ID2;NDRG4;TNFAIP3;TRIB1;STAT1;OGN;XRCC6
prerank,Regulation Of Axon Extension Involved In Axon Guidance (GO:0048841),0.44514680347755775,0.8264435178124719,0.7301587301587301,0.9875244747957944,1.0,4/20,9.27%,SEMA4B;SEMA3D;SEMA6A;SEMA3B
prerank,peptidyl-L-cysteine S-palmitoylation (GO:0018230),0.4529146458301384,0.8260915542182551,0.7126948775055679,0.9852734830192542,1.0,3/20,4.52%,ZDHHC11B;ZDHHC9;ZDHHC15
prerank,peptidyl-S-diacylglycerol-L-cysteine Biosynthetic Process From Peptidyl-Cysteine (GO:0018231),0.4529146458301384,0.8260915542182551,0.7126948775055679,0.9852734830192542,1.0,3/20,4.52%,ZDHHC11B;ZDHHC9;ZDHHC15
prerank,Regulation Of Cellular Senescence (GO:2000772),0.4284363496528138,0.8254824742813156,0.7242206235011991,0.9850452548940984,1.0,7/25,22.83%,ARG2;YPEL3;MAP3K3;NEK4;SIRT6;ZKSCAN3;AKT3
prerank,Negative Regulation Of Cell-Substrate Adhesion (GO:0010812),0.41193932465137334,0.8246190404212004,0.7494145199063232,0.9852415806318748,1.0,4/30,2.91%,KANK1;CORO2B;CDKN2A;SPOCK1
prerank,Negative Regulation Of Lipid Biosynthetic Process (GO:0051055),0.47454547200747604,0.8245447265339655,0.6889400921658986,0.9838760634812285,1.0,4/15,14.29%,APOC1;ASXL3;SLC27A1;WDTC1
prerank,Positive Regulation Of Protein Targeting To Membrane (GO:0090314),-0.44745802468451124,-0.8245352930497825,0.7250437828371279,0.9430421062721108,1.0,3/22,4.60%,HRAS;ITGAM;KCNB1
prerank,Regulation Of Cell Adhesion (GO:0030155),0.3448983375313419,0.8244657696238908,0.8259860788863109,0.9825190433806053,1.0,14/104,7.58%,PLXNB1;ERBB3;PLXNA1;LAMA2;FRMD5;CXCR4;LAMC1;ADAM22;TNC;LAMB2;LAMA1;TNPO1;PLXND1;PKP4
prerank,Negative Regulation Of GTPase Activity (GO:0034260),-0.46979715177089054,-0.8236728736538985,0.7192028985507246,0.9438834257187672,1.0,1/15,2.50%,HRAS
prerank,protein-RNA Complex Assembly (GO:0022618),-0.3447505198481031,-0.8231229579788416,0.8674911660777385,0.943975895719998,1.0,6/131,11.46%,CELF4;CELF3;PRPF19;CELF5;SRSF1;SART3
prerank,Protein Modification By Small Protein Conjugation (GO:0032446),0.3041440959512569,0.823052918473256,0.972636815920398,0.9840310530123133,1.0,17/290,6.84%,EYA1;FBXL7;ARRDC4;RNF144A;FBXO32;PDZRN3;DCUN1D4;KLHL24;ANAPC16;HECW2;PIAS4;KLHL21;MIB1;TRIM28;SH3RF1;ARRB1;RNF220
prerank,Heparan Sulfate Proteoglycan Biosynthetic Process (GO:0015012),-0.46326395588187674,-0.822727149282263,0.7385159010600707,0.9438071869445273,1.0,4/18,14.92%,HS3ST1;HS6ST2;NDST1;HS6ST3
prerank,Phospholipid Catabolic Process (GO:0009395),0.4359733049233289,0.8213382830139935,0.6903073286052009,0.9861460760023283,1.0,2/21,6.40%,ENPP6;ENPP2
prerank,Protein Acetylation (GO:0006473),0.42573783799871706,0.8203152285367374,0.7302325581395349,0.9867953177775138,1.0,7/24,16.46%,MAPT;KAT2B;NAA16;FOXO1;CLOCK;ING4;CREBBP
prerank,"mRNA Cis Splicing, Via Spliceosome (GO:0045292)",-0.46054968528719487,-0.8198051597988455,0.7196428571428571,0.948560516844343,1.0,4/17,23.69%,NCBP2;SRSF1;DCPS;HNRNPC
prerank,Phosphatidylcholine Metabolic Process (GO:0046470),0.40642004177053004,0.819790316741499,0.7602739726027398,0.986467894099395,1.0,7/34,12.44%,PCYT1B;SLC44A1;ENPP2;ABHD4;SLC27A1;MBOAT2;CHPT1
prerank,Protein Deubiquitination (GO:0016579),-0.36558974099852937,-0.8194635968306246,0.8003384094754653,0.9482584245936719,1.0,11/84,15.90%,UCHL1;TNFAIP3;USP11;USP6;USP5;DESI1;ZC3H12A;SENP8;JOSD1;DEPDC1B;SPATA2
prerank,Positive Regulation Of Wound Healing (GO:0090303),-0.4411307147838338,-0.8192992913547675,0.7382198952879581,0.9476623516879616,1.0,4/26,5.21%,DMTN;HRAS;CLDN1;HBEGF
prerank,Regulation Of GTPase Activity (GO:0043087),-0.3332168397346841,-0.8192350266317033,0.8834782608695653,0.9468428372000323,1.0,16/162,9.43%,RGS8;THY1;RGS16;CCL3;HRAS;OCRL;EZH2;CCL2;PIN1;CCL3L1;STMN3;SOD1;EPHB3;RGL4;RAP1GAP;CHN1
prerank,Cellular Response To Chemical Stress (GO:0062197),0.3539749653957671,0.8183569474259096,0.8192488262910798,0.9879674276925583,1.0,9/75,10.23%,PRKD1;PRR5L;PPARGC1A;PIK3CA;STX2;FOXO1;SIRT2;STOX1;ATG7
prerank,Monocarboxylic Acid Metabolic Process (GO:0032787),0.3640282320173085,0.8182987170658208,0.8392434988179669,0.9865501245775823,1.0,5/68,5.67%,CYP2J2;ACOT11;FA2H;SLC27A4;GGT5
prerank,Axoneme Assembly (GO:0035082),0.4528874362412343,0.8178712871681855,0.6947608200455581,0.9859195307743615,1.0,3/18,3.81%,CCDC40;HYDIN;SPAG1
prerank,Organophosphate Biosynthetic Process (GO:0090407),0.4151843367964705,0.8176482063966292,0.7553444180522565,0.9848819338562468,1.0,6/29,9.87%,FGF2;ITPKB;CPS1;DDR2;AGPAT5;GPHN
prerank,Cellular Response To Glucose Starvation (GO:0042149),-0.406207653307935,-0.8175732628907241,0.7907801418439716,0.9491477375435272,1.0,11/37,23.14%,ZC3H12A;ATF4;BECN1;TBL2;SUV39H1;TP53;XBP1;RRP8;ATG14;SESN2;PRKAA2
prerank,Negative Regulation Of Neuron Projection Development (GO:0010977),-0.40603819310382533,-0.817447590842473,0.7408759124087592,0.9484300819311156,1.0,6/43,7.09%,STMN2;THY1;STX1B;CRMP1;MT3;PTPRO
prerank,Sulfur Compound Transport (GO:0072348),0.45426893426421333,0.8171668054232236,0.7123893805309734,0.9843050767496054,1.0,2/16,10.78%,SLC26A6;SLC27A1
prerank,Carboxylic Acid Metabolic Process (GO:0019752),0.450490168976607,0.8171020361654217,0.7082352941176471,0.9829469410215809,1.0,2/18,3.78%,CYP2J2;CSGALNACT1
prerank,Regulation Of Macromolecule Metabolic Process (GO:0060255),-0.3462028166236593,-0.8168280360089051,0.8476027397260274,0.9486863708702062,1.0,14/112,12.33%,SLC8A2;NOVA2;STX1B;AFF2;IL10;PIN1;ATP1B1;NFKBIZ;TCF19;NELL1;TMPRSS4;IGF2BP3;SART3;ZC3H12A
prerank,Regulation Of Mitotic Cell Cycle Phase Transition (GO:1901990),-0.3646041705158195,-0.8164683754829193,0.7815275310834814,0.9484428998877559,1.0,5/76,3.90%,CDKN2D;CENPE;ID2;NPM2;E2F1
prerank,Positive Regulation Of Ubiquitin-Protein Transferase Activity (GO:0051443),0.4376967440634184,0.8164614329375237,0.7142857142857143,0.9828085046747942,1.0,3/21,3.37%,ARRDC4;BMI1;DCUN1D4
prerank,Signal Transduction By P53 Class Mediator (GO:0072331),0.40851213041873535,0.8163800035744766,0.7606263982102909,0.9814875859776235,1.0,2/30,3.43%,GREM1;BOK
prerank,Monoatomic Cation Homeostasis (GO:0055080),0.3739577585276525,0.8160889787853319,0.7843601895734598,0.9805457091435977,1.0,6/50,7.10%,SLC39A12;TMTC2;SLC24A4;WFS1;SLC12A2;SLC40A1
prerank,Regulation Of RNA Splicing (GO:0043484),0.3474023486516371,0.8156994990549713,0.8454106280193237,0.9798442202553465,1.0,6/90,5.60%,SGF29;TMEM98;AHNAK;SLC38A2;KAT2B;KAT2A
prerank,Adenylate Cyclase-Modulating G Protein-Coupled Receptor Signaling Pathway (GO:0007188),-0.3619050801289506,-0.8155259640199519,0.8066666666666666,0.9493060971964303,1.0,16/79,11.18%,AKAP12;MARCO;CXCL10;ADGRL2;GPR26;FPR2;GNAZ;RIMS2;ADGRB2;ADM;ADGRG5;FPR1;ADGRE2;OPRK1;GNAL;ADGRE1
prerank,Regulation Of Transcription Initiation By RNA Polymerase II (GO:0060260),-0.3923059675284363,-0.8153695350086675,0.7993019197207679,0.9486748290237985,1.0,9/49,17.61%,MED29;MED18;GTF2A1;ZNHIT1;MED8;PAXIP1;TAF7;TAF2;MDC1
prerank,Lysosome Organization (GO:0007040),0.4060745917303421,0.8152099947879776,0.7568807339449541,0.9793248283575314,1.0,1/35,0.37%,SRPX
prerank,Negative Regulation Of T Cell Proliferation (GO:0042130),-0.4395132594993551,-0.814457885691738,0.7473309608540926,0.9494741476973709,1.0,3/25,3.34%,TNFRSF21;CD80;IL10
prerank,Positive Regulation Of NIK/NF-kappaB Signaling (GO:1901224),-0.40054910867127186,-0.8140870545217551,0.7755474452554745,0.9492741923111316,1.0,3/43,2.60%,IL1B;TNF;TERF2IP
prerank,Regulation Of Golgi Organization (GO:1903358),-0.46814856257051285,-0.813247043998566,0.7124542124542125,0.949993031154766,1.0,8/15,33.61%,MAP2K2;STX18;RBSN;MYO5A;ARMH3;MAPK3;MAP2K1;EHD3
prerank,Regulation Of RNA Metabolic Process (GO:0051252),0.35524173440466106,0.8131734926282463,0.8314606741573034,0.9820473502245343,1.0,6/81,5.60%,SGF29;MITF;TMEM98;AHNAK;KAT2B;KAT2A
prerank,Ubiquitin-Dependent Protein Catabolic Process (GO:0006511),-0.3095508991811085,-0.812319159696097,0.9702479338842975,0.9508052074214632,1.0,50/324,19.67%,UCHL1;PINK1;PSMD12;SPSB1;UHRF1;PSMC1;SIAH3;PSMC6;CUL1;TNFAIP3;SKP1;PSMC5;RNF40;UBE2L3;PSMB6;RNF187;PSMD7;RNF149;WDR81;ANKRD9;NHLRC3;RNF19B;PSMB5;PSMD4;PSMD2;KCTD10;PSMB7;FBXO21;UBAP1;IFI27;ARRDC1;RMND5B;COPS3;RNF11;VPS37B;DDIT3;PJA2;VPS37C;KIF14;PSMA5;RNF7;AXIN1;STUB1;TRIM25;VCP;CSNK1A1;KCTD5;RNF8;RNF34;RNF213
prerank,Positive Regulation Of Proteasomal Protein Catabolic Process (GO:1901800),0.3480347397189743,0.811861476692184,0.8580786026200873,0.9832176689851467,1.0,10/79,10.68%,RNF144A;NUPR1;SH3RF1;BAG2;DAB2IP;BAG6;DVL1;SIRT2;RNF19A;MDM2
prerank,Regulation Of Cell Development (GO:0060284),0.38605182181408493,0.811653934351636,0.7720090293453724,0.9821497074748513,1.0,1/38,0.17%,YAP1
prerank,Positive Regulation Of Cellular Catabolic Process (GO:0031331),-0.33683150474077056,-0.8105881273757367,0.8779661016949153,0.9531558447215404,1.0,11/121,10.35%,IL1B;TNF;OPTN;GAPDHS;BNIP3;PTPN1;MLXIPL;ENDOG;BAD;GRSF1;RNF152
prerank,Cellular Response To Peptide (GO:1901653),-0.3943053602424768,-0.8101581548354458,0.7714808043875686,0.9530209203002876,1.0,8/44,10.71%,GRIN1;CD36;FPR2;CDK5;ICAM1;NOD2;NOD1;LDOC1
prerank,Protein Lipidation (GO:0006497),0.37262714560403665,0.8101521411092362,0.8189845474613686,0.9836311748109073,1.0,12/55,19.35%,ZDHHC9;ZDHHC15;PIGA;ATG7;ZDHHC8;PIGW;PIGP;GPLD1;ZDHHC2;ATG16L2;PIK3C3;ATG12
prerank,Negative Regulation Of Lymphocyte Proliferation (GO:0050672),-0.4320603660211544,-0.8097588130959529,0.7464539007092199,0.9528380004291442,1.0,6/26,9.63%,TNFRSF21;CD80;IL10;CR1;LYN;IL4I1
prerank,Regulation Of Vascular Associated Smooth Muscle Cell Proliferation (GO:1904705),0.4283485845022331,0.8094015888805474,0.7453703703703703,0.9835918971078619,1.0,6/26,11.75%,GJA1;FGF2;FOXJ2;MMP2;LDLRAP1;PDCD4
prerank,Regulation Of Long-Term Synaptic Potentiation (GO:1900271),-0.4290518571746594,-0.8091862914666996,0.7432188065099458,0.9529570082911131,1.0,3/25,2.85%,NSG1;CYP46A1;CHRNA7
prerank,Positive Regulation Of Cellular Component Organization (GO:0051130),-0.3628920265974768,-0.8087133748878161,0.8266666666666667,0.9528995260771597,1.0,8/83,5.86%,CALY;TNF;BNIP3;VEGFA;SMPD1;CLIP3;TRABD2A;CHAF1B
prerank,Skeletal System Morphogenesis (GO:0048705),0.42949685651081204,0.8079716174540555,0.6990950226244343,0.9849699916682007,1.0,4/19,4.11%,DSCAML1;FGFR3;LTF;FGFR2
prerank,Plasma Membrane Bounded Cell Projection Assembly (GO:0120031),-0.31313254411849956,-0.807275457377505,0.9629629629629629,0.9546419466155267,1.0,19/225,10.50%,DMTN;CCDC28B;OCRL;CCDC65;KIF3A;B9D2;SNX10;PLK4;TTC26;PTPRO;TMEM237;IFT22;RILPL2;ACTR3;NELL1;ATP6V1D;IFT27;ACTR2;FAM161A
prerank,Regulation Of Blood Vessel Endothelial Cell Migration (GO:0043535),-0.39805980158253224,-0.8069889854469985,0.7671957671957672,0.9542515646662847,1.0,7/43,6.51%,TNF;GADD45A;VEGFA;PRKCA;ATP5F1A;MAP2K3;ATP5F1B
prerank,Actin Filament Polymerization (GO:0030041),-0.4352238755203995,-0.8068182603334337,0.7456445993031359,0.9536259026970649,1.0,2/27,2.24%,DIAPH3;WASF3
prerank,Cholesterol Transport (GO:0030301),0.4040625353735613,0.8062738851644133,0.7612612612612613,0.9868686096095293,1.0,3/32,4.15%,ABCA8;CES1;APOC1
prerank,Regulation Of Cell Cycle G1/S Phase Transition (GO:1902806),0.35999110578337873,0.8061753163727134,0.8222748815165877,0.9855908658177105,1.0,5/59,4.70%,DPF3;CDKN2A;PLCG2;CDKN2C;SOX2
prerank,Negative Regulation Of Viral-Induced Cytoplasmic Pattern Recognition Receptor Signaling Pathway (GO:0039532),-0.4674544236205454,-0.8055743429430721,0.7487179487179487,0.9549134211492964,1.0,2/16,6.86%,RAB7B;TNFAIP3
prerank,Myotube Differentiation (GO:0014902),0.45732502488574817,0.8055685657672871,0.7193763919821826,0.9853286633136966,1.0,7/16,20.28%,DOCK1;KCNH1;SORT1;JAM2;DOCK5;ADAMTS15;NOS1
prerank,Response To UV (GO:0009411),0.34968871627174575,0.8045743540644354,0.8433734939759037,0.9858520621538449,1.0,5/82,8.33%,PTPRK;EGFR;AQP1;GTF2H2;SCARA3
prerank,Protein K48-linked Ubiquitination (GO:0070936),-0.36584760532938876,-0.8041512173698104,0.8158844765342961,0.9565849694287821,1.0,17/66,25.57%,CUL1;TNFAIP3;SKP1;UBE2Q2;RNF187;RNF152;UBE2T;IFI27;TRIM25;RNF8;RNF34;UBE2D2;FBXO7;DTX3L;SKP2;RNF5;CDC34
prerank,Cellular Response To Light Stimulus (GO:0071482),0.37422019811989765,0.8039672833501532,0.7981651376146789,0.9855353529542193,1.0,1/45,1.13%,PTPRK
prerank,Regulation Of Wound Healing (GO:0061041),-0.4160551301455193,-0.8038673313359269,0.7686832740213523,0.9561636547297213,1.0,5/31,6.86%,DMTN;HRAS;CLDN1;HBEGF;TNFAIP3
prerank,Sulfur Compound Biosynthetic Process (GO:0044272),-0.3813046922798003,-0.8036263511212919,0.7923875432525952,0.9556657936634961,1.0,4/51,5.08%,CDO1;B4GAT1;CHPF;PAPSS2
prerank,Dicarboxylic Acid Metabolic Process (GO:0043648),-0.39596526382384434,-0.8035032311151967,0.7695167286245354,0.9549675475076382,1.0,8/44,17.02%,OGDHL;GOT1;MDH1;MTHFD2;MDH2;ACOT8;ACLY;ASS1
prerank,Intracellular Iron Ion Homeostasis (GO:0006879),-0.39812097867510543,-0.8030819694395316,0.8197573656845754,0.9548405652990792,1.0,14/39,22.06%,SLC11A1;HAMP;SOD1;ATP6V1G1;SLC22A17;TFR2;TFRC;ISCU;ATP6V0D1;ATP6V1A;SLC11A2;CCDC115;MYC;B2M
prerank,Protein O-linked Glycosylation (GO:0006493),-0.3596251501980243,-0.8025511405318434,0.8305647840531561,0.954919857527165,1.0,10/72,10.29%,B3GALT1;B4GAT1;POMT1;ST6GALNAC2;B3GALT2;GALNT9;EOGT;ST8SIA6;GALNT12;B3GALNT1
prerank,Amino Acid Transport (GO:0006865),0.3997301933869955,0.8025273053850112,0.7904328018223234,0.9869421712982663,1.0,6/32,11.38%,SLC7A11;SLC38A2;SH3BP4;SLC36A1;SLC7A2;SLC38A6
prerank,rRNA Metabolic Process (GO:0016072),0.34648639605398995,0.8022447205761257,0.8700696055684455,0.9860664916101959,1.0,14/80,15.88%,RPS27;MAPT;RPS17;PIN4;DEDD2;RPS28;RPS15;RPS25;PES1;RPL11;RPL27;RPL35A;NOL8;RPS19
prerank,Negative Regulation Of Response To Stimulus (GO:0048585),-0.4074347504344057,-0.8020915098035163,0.7929824561403509,0.9548286530145879,1.0,9/36,15.43%,THY1;PTPN1;SH2B3;LYN;GGT7;PIM3;ALOX5;APLP2;DDAH1
prerank,Regulation Of Transforming Growth Factor Beta Receptor Signaling Pathway (GO:0017015),0.3381796737453372,0.8017769728077194,0.8743961352657005,0.9855705110917313,1.0,3/90,4.17%,PRDM16;CD109;ZNF703
prerank,Negative Regulation Of Cell Death (GO:0060548),-0.3850433773658185,-0.8014926094205451,0.7908163265306123,0.9549837786488684,1.0,6/48,7.28%,PINK1;CHGA;BNIP3;MT3;CDK5;PSMC5
prerank,Nuclear-Transcribed mRNA Catabolic Process (GO:0000956),-0.3587419971088277,-0.8014609341743394,0.8298611111111112,0.9541174833221514,1.0,12/81,20.46%,ZFP36;ZC3H12D;NCBP2;MRTO4;ZC3H12A;ZFP36L1;RNPS1;UPF3B;DCPS;XRN2;PYM1;LSM1
prerank,Epigenetic Regulation Of Gene Expression (GO:0040029),0.35279184800417696,0.8014092703745604,0.8422273781902552,0.9848044912981999,1.0,7/67,9.52%,FAM47E;SGF29;BMI1;KAT2B;SMYD5;SIRT2;USP21
prerank,Regulation Of Rho Protein Signal Transduction (GO:0035023),0.36900885399152017,0.8006629289448889,0.7790697674418605,0.9848227018335547,1.0,7/49,11.98%,KANK1;P2RY8;ARRB1;ITGA3;APOE;F2RL1;ROBO1
prerank,DNA-templated Transcription Initiation (GO:0006352),0.3643162333390916,0.8006547724219285,0.824945295404814,0.9833948379640461,1.0,5/53,13.95%,PPARGC1A;TFAM;GTF2H2;MAZ;TAF4
prerank,Negative Regulation Of Macromolecule Biosynthetic Process (GO:0010558),-0.3562543579602832,-0.8006482423639373,0.8586206896551725,0.9546491022544132,1.0,12/76,15.51%,IL10;BTG2;ENC1;CDKN1A;GAPDH;NHLRC3;IGF2BP3;EIF4E2;TAF7;MRPL13;RBM4;TYMS
prerank,Negative Regulation Of Protein Modification By Small Protein Conjugation Or Removal (GO:1903321),-0.39856143462120575,-0.8005407140573689,0.7835051546391752,0.9539140719872717,1.0,4/44,9.73%,COPS9;ISG15;TNFAIP3;SVBP
prerank,Positive Regulation Of Lamellipodium Assembly (GO:0010592),0.4381478982685615,0.8001797752097303,0.7362637362637363,0.9829084104731819,1.0,3/18,6.89%,OCLN;PIK3CA;PLCE1
prerank,Positive Regulation Of mRNA Catabolic Process (GO:0061014),0.37821341635775885,0.799939298866765,0.8086124401913876,0.9819297048139946,1.0,2/40,4.20%,PRR5L;TOB1
prerank,Telomere Organization (GO:0032200),0.374236875102721,0.7995928481193323,0.8280542986425339,0.9811610799324203,1.0,4/50,7.12%,ZNF365;ZNF827;PTGES3;EZH1
prerank,Late Endosome To Vacuole Transport Via Multivesicular Body Sorting Pathway (GO:0032511),0.42029690878624665,0.7993837183354521,0.7213114754098361,0.9800904202427269,1.0,4/21,14.21%,LEPROTL1;TMEM50A;CHMP6;MVB12A
prerank,Regulation Of Endocytosis (GO:0030100),0.3638736178219334,0.7979276771388037,0.7969543147208121,0.9814738467692091,1.0,6/58,6.43%,PRKD1;LGALS3;CD22;HIP1R;CD151;EPHA3
prerank,Regulation Of G0 To G1 Transition (GO:0070316),0.4049997314015727,0.7975949191399697,0.7722095671981777,0.9806553108252083,1.0,3/27,6.84%,DPF3;FOXO4;DAB2IP
prerank,Positive Regulation Of Protein Ubiquitination (GO:0031398),-0.36769394368734765,-0.7970665043318451,0.8354661791590493,0.9592492857207491,1.0,17/69,18.43%,PINK1;UBB;PIN1;TSPYL5;FANCI;BRCA1;UBE2L3;SPHK1;PAXIP1;PLK1;PHF23;PTTG1IP;PRICKLE1;UBE2N;AXIN1;STUB1;CENPX
prerank,"RNA Splicing, Via Transesterification Reactions (GO:0000375)",-0.4266087029508659,-0.7969565702042717,0.7575221238938054,0.9585334509952835,1.0,12/24,39.14%,DBR1;SRSF4;TXNL4A;LSM1;PRPF4;SMNDC1;SF3B3;PRPF6;SF3B1;SF3A3;PRPF8;SLU7
prerank,Intracellular Protein Transport (GO:0006886),-0.3053338399898471,-0.7968631211889947,0.9810344827586207,0.9578209941581393,1.0,42/281,17.09%,SCG5;RAB6B;STX19;STX1B;EGR2;NSF;CACNG8;CDC37;STXBP1;CLIP3;CACNG2;IFT22;KPNB1;SEC23IP;RANBP6;IFT27;RAB31;GGA2;DESI1;RAB38;TIMM17A;SEC13;ERP29;STX1A;RAB35;NUP50;UBAP1;NAPA;APLP2;EHD1;APEX1;SNX8;ARL4C;PTTG1IP;RANBP17;RAB5A;PRICKLE1;OXA1L;VPS37B;PPP1R10;VPS37C;SEC16A
prerank,Response To Unfolded Protein (GO:0006986),-0.3949607813237277,-0.7962574370441031,0.7915904936014625,0.9579863268070922,1.0,2/40,6.21%,OPTN;PTPN1
prerank,Regulation Of Cysteine-Type Endopeptidase Activity (GO:2000116),0.4296616648106732,0.7961928909739755,0.765807962529274,0.9818682730688795,1.0,3/19,4.70%,FYN;LTF;SOX2
prerank,Bile Acid And Bile Salt Transport (GO:0015721),-0.4630930097272935,-0.7959626825485974,0.7542087542087542,0.9575974347643222,1.0,1/15,0.05%,SLC10A4
prerank,Regulation Of NIK/NF-kappaB Signaling (GO:1901222),-0.3671974091933382,-0.7944455764594804,0.8416206261510129,0.9594037365007018,1.0,3/63,2.60%,IL1B;TNF;TERF2IP
prerank,Negative Regulation Of Protein Localization (GO:1903828),0.39476926891879427,0.7923912233866314,0.792147806004619,0.9875118800281721,1.0,5/35,7.83%,OTUD7B;CORO2B;MFHAS1;PIAS4;GPM6B
prerank,Positive Regulation Of Ubiquitin-Dependent Protein Catabolic Process (GO:2000060),0.3479464022731032,0.7923738185368349,0.8747152619589977,0.9861242729646871,1.0,14/73,18.50%,RNF144A;SH3RF1;BAG2;DVL1;SIRT2;RNF19A;MDM2;ZER1;RNF139;PRKN;SOCS5;ANKIB1;CSNK1E;RACK1
prerank,protein-DNA Complex Organization (GO:0071824),0.37054794430030225,0.7920712174292903,0.8477751756440282,0.9852286684807745,1.0,5/46,9.69%,TCF7L1;SOX2;TRIM28;CDAN1;L3MBTL1
prerank,Negative Regulation Of Cellular Metabolic Process (GO:0031324),-0.4089657636897663,-0.7920135401142554,0.8027923211169284,0.9628210401682119,1.0,3/30,6.08%,PINK1;MT3;BRCA1
prerank,Sulfur Compound Catabolic Process (GO:0044273),0.44439512747958954,0.7918389753582703,0.7654028436018957,0.9842606909127057,1.0,6/18,20.10%,DPEP2;TST;MPST;NAGLU;NUDT7;FITM2
prerank,Positive Regulation Of Transcription Elongation By RNA Polymerase II (GO:0032968),-0.39695344163648716,-0.791671351748071,0.8102836879432624,0.9624817997508978,1.0,6/38,16.33%,MED29;MED18;NCBP2;MED8;PWWP2B;TCERG1
prerank,Cytoplasmic Microtubule Organization (GO:0031122),-0.3838442250959378,-0.7914616422317454,0.8018181818181818,0.961929887852368,1.0,11/46,11.62%,FSD1;STMN3;CLIP3;LIMK2;HOOK1;TBCB;PLK3;KPNB1;DYNC1H1;HOOK2;RAB11A
prerank,Cilium Assembly (GO:0060271),0.30132020279257693,0.7912851679031506,0.9830508474576272,0.9838529279066607,1.0,26/184,13.74%,CFAP54;DNAH5;IFT88;ABLIM1;IQUB;CCDC40;KIF27;ARMC9;BBS9;PIBF1;CFAP221;CCDC13;BBS10;FHDC1;TMEM250;CFAP70;BBS2;CFAP161;TMEM216;TTC39C;WDR19;IFT140;LRGUK;TCTN2;CDC14A;FLNA
prerank,TOR Signaling (GO:0031929),0.40779549864061426,0.7908167470071665,0.7764127764127764,0.9833315487025734,1.0,1/25,1.19%,PRR5L
prerank,Cellular Response To Catecholamine Stimulus (GO:0071870),0.4514727060670779,0.7902386896668205,0.7634854771784232,0.9829929435785381,1.0,3/15,15.00%,RYR2;SIRT2;PRKN
prerank,Cellular Response To Ionizing Radiation (GO:0071479),-0.37501967471087627,-0.7899618668048647,0.8170731707317073,0.9636662241185664,1.0,11/47,13.16%,GADD45A;HRAS;TSPYL5;BLM;BRCA1;CDKN1A;GRB2;INO80;RHOB;RAD51AP1;XRCC6
prerank,Protein Homooligomerization (GO:0051260),0.33676759161956843,0.7893854855717956,0.881578947368421,0.9831863663787487,1.0,9/99,7.50%,ADCY8;RYR3;SLC1A2;ACACB;AQP4;CRYZ;SAMD1;NACC2;TNPO1
prerank,Regulation Of Epidermal Growth Factor-Activated Receptor Activity (GO:0007176),0.43504090993191563,0.7891723393354321,0.7637231503579952,0.9821511921781325,1.0,5/19,16.03%,AREG;TGFA;ZFYVE28;CHMP6;SOCS5
prerank,Regulation Of Spindle Assembly (GO:0090169),-0.4209177599180102,-0.7888987944752899,0.7954545454545454,0.964579621708069,1.0,2/25,13.56%,DYNC1H1;PLK1
prerank,Import Into Nucleus (GO:0051170),-0.3641973404760693,-0.7881751509562434,0.8551959114139693,0.9648631515697698,1.0,22/63,23.94%,KPNB1;RANBP6;SEC13;NUP50;APLP2;PTTG1IP;RANBP17;PRICKLE1;PPP1R10;NUP98;BCL3;AKT1;HEATR3;PHB2;RAN;NUP133;NXT1;KPNA2;POM121;KPNA6;IPO7;E2F3
prerank,Monoatomic Cation Transport (GO:0006812),-0.40539817392791005,-0.7876229962431273,0.7809187279151943,0.9649126858520095,1.0,6/32,9.57%,TMEM63C;GRIN1;ATP1B1;SLC11A1;GRIN2B;TRPC6
prerank,Negative Regulation Of Catabolic Process (GO:0009895),-0.3704297355642426,-0.7875991589078022,0.8454706927175843,0.9640490995369619,1.0,4/56,4.03%,IL1B;TNF;MAD2L1;PIN1
prerank,Blood Vessel Morphogenesis (GO:0048514),0.39260614747813716,0.7874922834124339,0.7932584269662921,0.9839179310194541,1.0,4/29,7.70%,ITGB8;CDH2;APLNR;PROX1
prerank,Ribosomal Small Subunit Biogenesis (GO:0042274),0.33845728178560786,0.787348055222503,0.9044444444444445,0.9827640779396344,1.0,19/79,19.62%,RPS27;RPS17;RPS28;RPS8;RPS15;RPS15A;RPS25;RPS27L;RPS14;SRFBP1;RPS19;RPS4X;RPS5;RPS23;RPS24;RPS7;FCF1;RPS13;RPS11
prerank,Positive Regulation Of Cell-Substrate Junction Organization (GO:0150117),-0.4375851163386506,-0.7870013402976049,0.7594254937163375,0.9641451145998559,1.0,3/19,8.60%,THY1;VEGFA;NELL1
prerank,Protein Deacylation (GO:0035601),0.4245565582657508,0.7869837811074165,0.7528344671201814,0.9820171464731259,1.0,4/19,16.98%,SIRT2;ABHD17B;SIRT5;SIRT6
prerank,Regulation Of T Cell Activation (GO:0050863),-0.3984294775635628,-0.785494863077721,0.7852112676056338,0.9658466841236856,1.0,6/38,9.63%,THY1;HLA-DMA;CCL2;PRKCQ;HLA-DQA1;IL4I1
prerank,Regulation Of DNA Replication (GO:0006275),-0.3620925032708413,-0.784899920991949,0.8448905109489051,0.9659189624752426,1.0,8/60,11.54%,TSPYL2;NPM2;BLM;ESCO2;ATAD5;DSCC1;PPP2R1A;INO80
prerank,Protein Maturation (GO:0051604),-0.34542186032253497,-0.784493097402675,0.8881469115191987,0.9657259711738103,1.0,10/85,11.77%,PCSK2;PCSK1;NNAT;NDUFAB1;TMPRSS4;SRGN;TESC;CIAO1;TLL1;NLRP3
prerank,Negative Regulation Of Cell Cycle (GO:0045786),0.36539229325703726,0.7834681004751773,0.8356807511737089,0.9868184929606127,1.0,7/59,6.91%,PTPRK;BRINP3;CDKN2A;NUPR1;BMP7;RUNX3;BRINP2
prerank,Nucleic Acid-Templated Transcription (GO:0097659),0.39153402348236627,0.7832779588379947,0.8120481927710843,0.9857604491475886,1.0,4/34,10.18%,THRB;TCEANC;TCEA3;CREBL2
prerank,Amide Biosynthetic Process (GO:0043604),-0.3975531896091251,-0.7831527865407772,0.8084358523725835,0.9670403105699398,1.0,3/33,4.80%,PCSK1;GLS2;SMPD1
prerank,Cellular Response To UV (GO:0034644),0.3501577974190784,0.7826453744782887,0.8439716312056738,0.985518434133682,1.0,4/60,9.03%,PTPRK;AQP1;PPID;MMP2
prerank,Vacuolar Acidification (GO:0007035),-0.4150283734272372,-0.7824042190036168,0.7824561403508772,0.9673372491400022,1.0,8/25,21.30%,ATP6V0E2;SLC11A1;ATP6V1D;ATP6V0D1;ATP6V0A1;ATP6V1A;CCDC115;ATP6V1B2
prerank,Establishment Of Mitotic Spindle Localization (GO:0040001),-0.40322123718050573,-0.7821014423520614,0.7835820895522388,0.966918691667443,1.0,6/30,13.64%,MAD2L1;INSC;NDC80;KPNB1;PLK1;HTT
prerank,Organelle Assembly (GO:0070925),-0.29904332910507836,-0.7802558200924795,0.9901153212520593,0.9690938601787314,1.0,43/263,17.63%,MAP1LC3A;CCDC28B;OCRL;CCDC65;KIF3A;B9D2;SNX10;PLK4;TTC26;MAP1LC3B2;TMEM237;IFT22;RILPL2;ACTR3;ATP6V1D;IFT27;ACTR2;FAM161A;GABARAPL2;AP3M1;RAB38;RAB11A;MAP1LC3B;VMP1;RILP;RAB35;UBAP1;BECN1;ATP6V0D1;TMEM107;EHD1;TMEM138;SCLT1;CCDC113;TMEM41B;IFT20;POC1A;VPS37B;TTLL3;VPS37C;ATP2A2;HPS3;ALPK1
prerank,"Regulation Of Nuclear-Transcribed mRNA Catabolic Process, Deadenylation-Dependent Decay (GO:1900151)",-0.4370768455132763,-0.78006580323,0.7918781725888325,0.968496536639007,1.0,8/19,26.97%,ZFP36;ZFP36L1;SYNCRIP;DHX36;CSDE1;DHX9;PABPC1;HNRNPD
prerank,Regulation Of Calcium Ion Transmembrane Transporter Activity (GO:1901019),-0.42302019568219423,-0.779992691538367,0.7810945273631841,0.967717650697873,1.0,6/22,15.05%,CACNB3;CALM1;YWHAE;CABP4;JPH4;JPH3
prerank,Negative Regulation Of Axon Extension (GO:0030517),0.4037285762163396,0.7792911108663236,0.7909090909090909,0.9899929890738133,1.0,4/25,9.27%,SEMA4B;SEMA3D;SEMA6A;SEMA3B
prerank,Positive Regulation Of Response To Endoplasmic Reticulum Stress (GO:1905898),0.42988504647160614,0.779002453235712,0.7396313364055299,0.989067653296512,1.0,2/17,6.93%,BOK;BAG6
prerank,Positive Regulation Of Notch Signaling Pathway (GO:0045747),0.4109662756760282,0.7786051324869738,0.7775377969762419,0.9883994865559451,1.0,1/25,0.17%,YAP1
prerank,Response To Endoplasmic Reticulum Stress (GO:0034976),-0.33771595753166106,-0.7761114125848475,0.9068541300527241,0.9732717463871895,1.0,20/96,22.56%,ATP2A3;SCAMP5;TMEM259;PPP1R15A;ATG10;ATF4;THBS1;DDIT3;SEC16A;ATP2A2;UBXN6;VCP;MBTPS2;UBA5;FLOT1;TP53;XBP1;CEBPB;TMEM33;OS9
prerank,Myeloid Cell Differentiation (GO:0030099),-0.3795966498509816,-0.7759522751149022,0.8385964912280702,0.9726308037471828,1.0,5/42,9.44%,ATP5IF1;ZFPM1;INHBA;PTPN2;LYN
prerank,Long-Chain Fatty Acid Transport (GO:0015909),-0.43284433758261304,-0.7758013175114696,0.773286467486819,0.9719861312208298,1.0,2/18,6.32%,CD36;FABP3
prerank,Activation Of Protein Kinase B Activity (GO:0032148),0.42047637427414786,0.7754026361987812,0.7649769585253456,0.9923674743952124,1.0,3/20,4.25%,NTRK3;ADRA2C;FGF1
prerank,Neuromuscular Junction Development (GO:0007528),-0.43223849987824065,-0.7743021465027005,0.7692307692307693,0.9734626902397009,1.0,2/20,4.18%,UNC13C;CACNB3
prerank,Blood Vessel Endothelial Cell Migration (GO:0043534),0.43230092762848266,0.7732251470203858,0.8034934497816594,0.99470185778948,1.0,3/17,3.65%,GREM1;FGF2;EMP2
prerank,Negative Regulation Of Phosphate Metabolic Process (GO:0045936),-0.4389806273964706,-0.77316542898367,0.7868561278863233,0.9744784922755221,1.0,5/17,11.51%,CDKN2D;PLEK;CDKN1A;INHBA;DYNLL1
prerank,Telomere Maintenance (GO:0000723),0.35780573302735996,0.7730774494427398,0.8574712643678161,0.9935464574892544,1.0,3/55,5.22%,ZNF365;ZNF827;PTGES3
prerank,Positive Regulation Of Reproductive Process (GO:2000243),-0.4288647725339526,-0.773048368574295,0.7719928186714542,0.9737897123026579,1.0,7/18,17.63%,VEGFA;GLRA1;INHBA;ANKRD31;TAC4;C1QBP;CFAP69
prerank,Positive Regulation Of Supramolecular Fiber Organization (GO:1902905),-0.34810164443663966,-0.7725992946021566,0.8833922261484098,0.9735642780987044,1.0,5/73,8.23%,STMN2;CDK5R1;PLEK;SEMA5A;TENM1
prerank,Regulation Of Anoikis (GO:2000209),0.4372397595998393,0.7723694761151025,0.7686915887850467,0.9933323812649326,1.0,2/15,4.85%,TLE1;PIK3CA
prerank,Modulation By Host Of Viral Process (GO:0044788),0.4305152415975707,0.771764246496856,0.7703016241299304,0.9929495385723401,1.0,4/21,12.42%,LTF;ZDHHC9;ZDHHC8;PPIB
prerank,Regulation Of Nucleocytoplasmic Transport (GO:0046822),-0.44159045744623565,-0.7710900458743273,0.7850467289719626,0.9750966288156391,1.0,4/15,15.53%,MX2;IFI27;RBM4;PTPN14
prerank,Fatty Acid Biosynthetic Process (GO:0006633),-0.37811187041526106,-0.7709842102260079,0.8324125230202578,0.9743641456925821,1.0,9/43,16.72%,ACOT7;ELOVL4;DECR2;NDUFAB1;PLA2G2C;ALOX5;FADS1;ACSM3;ACLY
prerank,Mismatch Repair (GO:0006298),-0.42097774259637555,-0.7708944642098517,0.7836363636363637,0.9736026900536209,1.0,3/22,14.71%,EXO1;LIG1;RPA3
prerank,Phospholipid Translocation (GO:0045332),-0.40759943946827404,-0.7696775141726115,0.800705467372134,0.9746645324684254,1.0,2/26,1.76%,ABCB4;ATP8B3
prerank,L-amino Acid Transport (GO:0015807),-0.4372183131614722,-0.7693553549100509,0.789198606271777,0.9742606305683972,1.0,2/17,1.12%,SLC32A1;SLC1A1
prerank,Regulation Of Dendritic Spine Morphogenesis (GO:0061001),-0.410505904069027,-0.7688979810389801,0.7834862385321101,0.9740613754785404,1.0,8/26,14.96%,CDK5R1;KIF1A;CDK5;CUX2;DBN1;CAMK2B;ARHGAP44;SIPA1L1
prerank,Positive Regulation Of Phosphatase Activity (GO:0010922),0.4206895162660359,0.7684903454724301,0.7801418439716312,0.9969755943292934,1.0,3/18,5.15%,MAGI2;PDGFRB;ITGA1
prerank,Fatty Acid Oxidation (GO:0019395),0.36738272764830965,0.7683254710071447,0.8375870069605569,0.9958481760619051,1.0,5/41,11.25%,PPARGC1A;HSD17B4;AUH;ABCD4;CYP4V2
prerank,Regulation Of Protein Autophosphorylation (GO:0031952),-0.3960517737710651,-0.7682522061747842,0.8169811320754717,0.974166596133249,1.0,3/29,4.85%,CALM3;VEGFA;CALM1
prerank,Lysosomal Lumen Acidification (GO:0007042),-0.433468659477341,-0.7666889866203205,0.7722419928825622,0.9756719604450389,1.0,7/16,29.10%,ATP6V1D;ATP6V0A1;ATP6V1A;CCDC115;TMEM9;TCIRG1;ATP6V1F
prerank,Neutral Amino Acid Transport (GO:0015804),-0.4053698157494249,-0.766677834262274,0.8104693140794224,0.9747928634954303,1.0,2/25,1.12%,SLC32A1;SLC1A1
prerank,Bile Acid Metabolic Process (GO:0008206),-0.4181477910559197,-0.7662483783711282,0.7947826086956522,0.9745530269794876,1.0,7/22,20.07%,CYP46A1;CYP8B1;HSD3B7;ACOT8;HSD17B10;OSBPL6;ACAA1
prerank,Platelet Aggregation (GO:0070527),-0.4026744749281259,-0.7661504761232578,0.7862068965517242,0.9738154430944704,1.0,4/28,5.98%,ACTG1;STXBP1;PLEK;PPIA
prerank,Vesicle Transport Along Actin Filament (GO:0030050),-0.4352654682884602,-0.7655500706275824,0.7781818181818182,0.9738554009363508,1.0,3/16,12.04%,MYO1H;MYO1G;MYO1B
prerank,Positive Regulation Of p38MAPK Cascade (GO:1900745),-0.43077183000795116,-0.7653846861599015,0.8236245954692557,0.973193478919982,1.0,5/19,7.12%,IL1B;GADD45A;VEGFA;GADD45B;RELL2
prerank,Regulation Of Cell Division (GO:0051302),-0.34902558608841777,-0.7653314003671577,0.8827838827838828,0.9723894373622591,1.0,8/66,7.57%,CALM3;FSD1;KIF18B;PIN1;CALM1;BLM;INSC;PLK3
prerank,Early Endosome To Late Endosome Transport (GO:0045022),-0.4207833136975416,-0.7652171467787329,0.8161350844277674,0.9716652404259575,1.0,6/22,16.42%,HOOK1;WDR81;HOOK2;RILP;BECN1;RAB5A
prerank,Nitrogen Compound Transport (GO:0071705),-0.31928949576950527,-0.764020655064836,0.9554794520547946,0.9726147376273,1.0,17/116,13.19%,SLC18A2;SLC6A3;SLC22A4;SCAMP5;KIF3A;SLC11A1;RHD;SLC7A14;SLC6A15;SLC7A5;SLC22A5;RAB38;PDPN;SNX4;SLC26A8;RILP;SLC15A4
prerank,Protein Insertion Into ER Membrane (GO:0045048),-0.40781886840282466,-0.7636525695280049,0.818815331010453,0.9723001932514319,1.0,11/24,35.89%,EMC7;EMC4;EMC3;SEC61A1;CAMLG;RAB5IF;EMC6;SGTA;EMC8;TMEM147;EMC10
prerank,Positive Regulation Of Locomotion (GO:0040017),0.4156648363879376,0.7634928164988152,0.7978021978021979,1.0,1.0,6/20,19.45%,PDGFRB;F2RL1;AKT2;BVES;TRIM32;STX3
prerank,Regulation Of Transmembrane Receptor Protein Serine/Threonine Kinase Signaling Pathway (GO:0090092),-0.42157351784239794,-0.7630706408029037,0.8078291814946619,0.9723210514703968,1.0,5/23,8.91%,DKK3;NREP;FSTL4;LTBP4;EID2
prerank,Bile Acid Biosynthetic Process (GO:0006699),-0.4254679204923717,-0.7621614025856787,0.78125,0.9728672758280107,1.0,3/18,8.19%,CYP46A1;CYP8B1;HSD3B7
prerank,Negative Regulation Of Calcium Ion Transmembrane Transporter Activity (GO:1901020),-0.41916126780595997,-0.7620385370313252,0.791814946619217,0.972174836492357,1.0,4/20,12.28%,CALM3;CALM1;YWHAE;GNB5
prerank,Regulation Of Transmembrane Transport (GO:0034762),0.4138003027476528,0.7619009882526371,0.8053097345132744,1.0,1.0,5/21,7.48%,KCNJ10;KCNJ3;KCNJ16;OCLN;KCNJ5
prerank,Protein N-linked Glycosylation (GO:0006487),-0.35719585871827664,-0.7616104043957476,0.8685121107266436,0.9719744251518765,1.0,11/57,19.58%,NUDT14;PMM1;TUSC3;B4GALT1;PSMD2;STT3A;UBE2J1;ALG9;B4GALT7;MAGT1;DOLPP1
prerank,Clathrin-Dependent Endocytosis (GO:0072583),-0.4045311514897435,-0.761438789320135,0.8242990654205608,0.9713513555383776,1.0,8/26,18.11%,OCRL;AP2S1;AP2M1;CLTB;SNAP91;CLTA;SIGLEC1;GAK
prerank,Negative Regulation Of Insulin Receptor Signaling Pathway (GO:0046627),-0.40344829288878836,-0.7610948051441796,0.8069565217391305,0.9709820402721854,1.0,4/24,9.23%,IL1B;PRKCQ;PTPN1;PTPN2
prerank,Outflow Tract Septum Morphogenesis (GO:0003148),0.4359027789907738,0.7607713521660879,0.7722095671981777,1.0,1.0,4/15,7.19%,ZFPM2;FGFR2;LRP2;TGFB2
prerank,Positive Regulation Of Lipid Storage (GO:0010884),-0.4458705824371564,-0.7606996341740491,0.7809187279151943,0.9706824915294431,1.0,6/16,18.76%,VSTM2A;IKBKE;ZC3H12A;EHD1;NFKB1;LCP1
prerank,Long-Term Synaptic Potentiation (GO:0060291),-0.42646699440691344,-0.7604125173982652,0.8342644320297952,0.970231036704397,1.0,7/18,22.28%,SLC8A2;GRIN2B;FOXM1;SLC8A3;NPTN;GRIN2D;PTK2B
prerank,T Cell Activation (GO:0042110),0.3477964033613519,0.760142792244347,0.8827586206896552,1.0,1.0,3/55,2.68%,CD247;ICOSLG;CD44
prerank,Negative Regulation Of Translation (GO:0017148),-0.3340938494097258,-0.7596732330853787,0.9191564147627417,0.9705007644022903,1.0,11/87,15.51%,NMNAT2;ZFP36;BTG2;ENC1;GAPDH;NHLRC3;IGF2BP3;EIF4E2;MRPL13;RBM4;TYMS
prerank,Negative Regulation Of Defense Response (GO:0031348),-0.33865306222888003,-0.7594965333432409,0.9147540983606557,0.9698808906731117,1.0,14/76,15.95%,IL10;FPR2;METRNL;FNDC4;TNFAIP3;YWHAZ;GHRL;PTPN2;ENPP3;NLRP3;ALOX5;PTGER4;TRAFD1;C1QBP
prerank,mRNA Polyadenylation (GO:0006378),-0.419974515465968,-0.7594607124941193,0.796875,0.9690622921781399,1.0,10/22,31.34%,GRSF1;APP;LEO1;SSU72;CDC73;MTPAP;PABPC1;CPSF3;PAPOLG;SYMPK
prerank,Eye Morphogenesis (GO:0048592),0.4308505214358003,0.7593656466281884,0.7676537585421412,1.0,1.0,2/15,1.69%,EFEMP1;FBN1
prerank,Negative Regulation Of Macroautophagy (GO:0016242),0.40687922931289666,0.7592547316937076,0.7995689655172413,1.0,1.0,4/21,8.69%,NUPR1;CLEC16A;PIK3CA;UBQLN4
prerank,Regulation Of Actin Polymerization Or Depolymerization (GO:0008064),0.4088675023709303,0.7587096795057792,0.77728285077951,1.0,1.0,1/21,1.14%,DAAM2
prerank,miRNA Processing (GO:0035196),-0.40054716024833925,-0.7563359590405635,0.8448905109489051,0.9728183647291627,1.0,2/28,13.70%,NCBP2;SMAD3
prerank,Regulation Of Cytoplasmic Translation (GO:2000765),0.4130608277559011,0.7563241666754259,0.8123569794050344,1.0,1.0,1/20,1.33%,CPEB1
prerank,SMAD Protein Signal Transduction (GO:0060395),0.4047004378877975,0.7546329805254247,0.7972350230414746,1.0,1.0,4/22,10.33%,MAGI2;BMP7;TGFB2;ATOH8
prerank,Muscle Contraction (GO:0006936),-0.3554500439392499,-0.7543402196467759,0.882661996497373,0.9748286066403075,1.0,12/52,13.98%,CHRNB2;SCN7A;CHRNE;LMOD3;GLRA1;TMOD1;MYL6;TPCN2;TPM3;MYL6B;EMD;APBB1
prerank,Regulation Of Actin Filament Bundle Assembly (GO:0032231),0.40936844924259763,0.7538752149057414,0.8288288288288288,1.0,1.0,1/21,1.89%,ASAP3
prerank,Regulatory ncRNA Processing (GO:0070918),-0.4152970343221823,-0.7534289867115455,0.8162544169611308,0.9753161179685703,1.0,2/21,10.45%,MOV10L1;ANKRD34A
prerank,Muscle Cell Development (GO:0055001),0.39654370173140563,0.7531624040876329,0.8136363636363636,1.0,1.0,1/23,0.75%,MEGF10
prerank,Cellular Response To Nerve Growth Factor Stimulus (GO:1990090),-0.421161084708748,-0.7531332299399335,0.7961672473867596,0.974890012822214,1.0,1/17,0.18%,STMN2
prerank,Regulation Of p38MAPK Cascade (GO:1900744),0.3806379212783193,0.7528421360121299,0.8513853904282116,1.0,1.0,5/32,6.84%,SASH1;PHLPP1;MFHAS1;DUSP10;DAB2IP
prerank,Regulation Of Centriole Replication (GO:0046599),-0.43241565069255833,-0.752615842837781,0.7830508474576271,0.9747578587617203,1.0,3/15,12.29%,PLK4;BRCA1;TRIM37
prerank,Ephrin Receptor Signaling Pathway (GO:0048013),0.36910514689713486,0.7524951824306025,0.8683035714285714,1.0,1.0,6/33,9.03%,FYN;KALRN;ANKS1B;EPHA3;EPHB1;MMP2
prerank,Cell-Cell Signaling By Wnt (GO:0198738),0.401895674909288,0.7522847988625505,0.8098434004474273,1.0,1.0,3/21,6.09%,FERMT2;PLCG2;GPC4
prerank,Protein Autoubiquitination (GO:0051865),-0.34586264938105377,-0.7519647613028713,0.891941391941392,0.9747590880089306,1.0,19/58,23.87%,UHRF1;BRCA1;RNF187;UBE2T;RNF19B;TRIM37;DEPDC1B;RNF208;RNF11;STUB1;RNFT1;NFX1;RNF8;BRCA2;RNF213;UBE2D2;RNF122;DTX3L;SH3RF3
prerank,Positive Regulation Of Cytoskeleton Organization (GO:0051495),0.33979019613260064,0.7513094337734046,0.8926940639269406,1.0,1.0,9/56,11.02%,CDC42EP1;MYLK3;SORBS3;CDC42EP4;P2RX7;PROX1;FER;BAIAP2L2;F2RL1
prerank,Positive Regulation Of Cysteine-Type Endopeptidase Activity Involved In Apoptotic Process (GO:0043280),-0.33289303055777497,-0.7509203204280173,0.928695652173913,0.975352280715449,1.0,13/91,13.70%,TNF;BEX3;ATP2A3;BAD;MTCH1;CARD9;NOD1;DYNLL1;NLRP3;BCL2L13;CYCS;TNFSF10;SMAD3
prerank,Positive Regulation Of Neural Precursor Cell Proliferation (GO:2000179),0.41783346078329825,0.7502534399394309,0.8032786885245902,1.0,1.0,4/18,7.70%,BCAN;TOX;LRP2;PROX1
prerank,"Retrograde Protein Transport, ER To Cytosol (GO:0030970)",-0.4224821459254039,-0.7500771790960845,0.8068965517241379,0.9756111926614909,1.0,5/17,30.34%,DERL2;VCP;OS9;SELENOS;FAF2
prerank,Chaperone Cofactor-Dependent Protein Refolding (GO:0051085),0.39796418090606783,0.7499582528371433,0.8306997742663657,1.0,1.0,6/22,18.05%,PTGES3;ST13;HSPE1;HSPA1L;DNAJB1;HSPA2
prerank,Negative Regulation Of Cellular Response To Insulin Stimulus (GO:1900077),-0.39445328077186553,-0.749636326217666,0.8180242634315424,0.975373584474548,1.0,4/25,9.23%,IL1B;PRKCQ;PTPN1;PTPN2
prerank,Protein Localization To Lysosome (GO:0061462),-0.3692242304213193,-0.7495553519147241,0.8608058608058609,0.9745981474731292,1.0,6/36,14.37%,CACNG8;CACNG2;AP3M1;BECN1;RTN4;LAMTOR5
prerank,Negative Regulation Of Chemotaxis (GO:0050922),0.3786368321309203,0.7481238660564348,0.8333333333333334,1.0,1.0,8/27,15.77%,SEMA4B;SEMA3D;SEMA6A;SEMA3B;ROBO1;SEMA3A;SEMA6C;SEMA3C
prerank,Intracellular Glucose Homeostasis (GO:0001678),-0.390606100122065,-0.7479421967260503,0.8505338078291815,0.9760073805640893,1.0,4/31,9.66%,HK3;KCNB1;HK2;HK1
prerank,Cilium Organization (GO:0044782),0.2886096551178971,0.7478880493536343,0.9877750611246944,1.0,1.0,18/178,10.10%,CFAP54;DNAH5;IFT88;ABLIM1;IQUB;KIF27;ARMC9;BBS9;PIBF1;CFAP221;CFAP61;ARMC2;FHDC1;TMEM250;CFAP70;BBS2;CFAP161;TMEM216
prerank,Mitotic G1 DNA Damage Checkpoint Signaling (GO:0031571),-0.4057820807844883,-0.747744872700216,0.8267581475128645,0.9754096539116767,1.0,3/22,7.57%,GTSE1;CDKN1A;PLK3
prerank,G1/S Transition Of Mitotic Cell Cycle (GO:0000082),-0.34924509708325896,-0.7471307180848809,0.9094017094017094,0.9753970617175244,1.0,8/53,13.20%,E2F1;CDK5;CUL1;BCAT1;CDKN1A;PLK3;GPR132;EIF4E
prerank,Negative Regulation Of NIK/NF-kappaB Signaling (GO:1901223),0.41062939084065814,0.7470369644842655,0.8058035714285714,1.0,1.0,1/20,3.49%,BMP7
prerank,Phosphatidylinositol Dephosphorylation (GO:0046856),-0.43106355743518265,-0.7466292980265185,0.8265486725663717,0.9751767576688073,1.0,3/15,14.16%,OCRL;SYNJ1;PMPCA
prerank,Negative Regulation Of Sequestering Of Calcium Ion (GO:0051283),0.3919477459974388,0.7451764342872328,0.8474178403755869,1.0,1.0,5/24,8.38%,FGF2;PLCB1;PLCG2;PLCE1;RYR2
prerank,Microtubule Bundle Formation (GO:0001578),-0.3802499274051845,-0.7451210580010806,0.8692307692307693,0.9763662932570354,1.0,4/31,13.56%,TPPP3;TTC26;NCKAP5L;PLK1
prerank,Endoderm Formation (GO:0001706),-0.41277769965763844,-0.7448600613259431,0.8299319727891157,0.9758401273760241,1.0,5/18,19.00%,DUSP2;INHBA;DUSP1;ITGAV;ITGB2
prerank,Positive Regulation Of Pattern Recognition Receptor Signaling Pathway (GO:0062208),0.36624307214857565,0.7438921662963065,0.8524590163934426,1.0,1.0,5/33,12.97%,LTF;MFHAS1;TLR5;F2RL1;TREML4
prerank,Positive Regulation Of Protein Polymerization (GO:0032273),-0.3501423576898688,-0.7436875667164144,0.8861646234676007,0.9765805763304561,1.0,4/53,8.23%,PINK1;TPPP3;CDK5R1;TENM1
prerank,Carbohydrate Derivative Transport (GO:1901264),0.42420118330481854,0.7425241372151385,0.7995283018867925,1.0,1.0,3/16,10.12%,SLC29A1;SLC29A2;SLC15A2
prerank,Positive Regulation Of Intracellular Transport (GO:0032388),0.3698396507969623,0.7423232211140566,0.8540772532188842,1.0,1.0,1/32,1.19%,PRR5L
prerank,Positive Regulation Of Autophagy (GO:0010508),-0.3232077987275699,-0.7413466387367014,0.9510135135135135,0.9787743185877837,1.0,13/88,14.82%,OPTN;PINK1;BNIP3;SCOC;PLK3;ENDOG;BAD;RNF152;ZC3H12A;HTT;BECN1;PARK7;GNAI3
prerank,Regulation Of Oxidative Stress-Induced Intrinsic Apoptotic Signaling Pathway (GO:1902175),-0.4187522731015569,-0.7411136397062862,0.8316151202749141,0.9782098133348481,1.0,2/17,5.98%,SOD1;PPIA
prerank,Purine Ribonucleoside Triphosphate Metabolic Process (GO:0009205),-0.3928639991825795,-0.7400867352458783,0.8324225865209471,0.9787226517085515,1.0,8/27,23.54%,ATP1B1;BAD;ENPP3;GNAI3;HSPA8;RAN;MYH3;AK4
prerank,Negative Regulation Of Phosphoprotein Phosphatase Activity (GO:0032515),0.41598566578789103,0.7379284253430985,0.8175355450236966,1.0,1.0,2/18,4.36%,LGALS3;PPP1R1B
prerank,Membrane Organization (GO:0061024),0.2956530351269351,0.7377381974057021,0.9905660377358491,1.0,1.0,20/138,14.47%,DMPK;EGFR;CNTN2;SYNJ2;TTPA;FCHO2;ATP10B;SGCZ;BAIAP2L2;RABEP1;MITD1;UBXN2A;EXOC6B;ANK3;TRDN;CHMP6;EXOC8;SNAP29;MVB12A;NEMP1
prerank,Regulation Of Lysosomal Lumen pH (GO:0035751),-0.40589911627917524,-0.737642329989341,0.8309608540925267,0.981130111859084,1.0,7/19,29.10%,ATP6V1D;ATP6V0A1;ATP6V1A;CCDC115;TMEM9;TCIRG1;ATP6V1F
prerank,Regulation Of Telomerase RNA Localization To Cajal Body (GO:1904872),-0.4171236392589389,-0.7371954713984695,0.7996389891696751,0.9808753486020539,1.0,2/17,15.48%,NHP2;RUVBL1
prerank,Establishment Of Mitotic Spindle Orientation (GO:0000132),-0.3933757565292259,-0.7369596181259388,0.8595505617977528,0.9803212863199531,1.0,6/26,16.39%,MAD2L1;INSC;NDC80;PLK1;HTT;DCTN1
prerank,Organophosphate Ester Transport (GO:0015748),-0.4035038470231926,-0.7367370934541883,0.823321554770318,0.9797148589014828,1.0,2/23,8.17%,PITPNA;SLC25A19
prerank,Negative Regulation Of T Cell Receptor Signaling Pathway (GO:0050860),-0.42898320866739204,-0.7366966438199846,0.8318890814558059,0.9789028548576307,1.0,1/15,0.70%,THY1
prerank,'De Novo' Post-Translational Protein Folding (GO:0051084),0.3810581693081348,0.7362045719730306,0.8807339449541285,1.0,1.0,6/27,18.05%,PTGES3;ST13;HSPE1;HSPA1L;DNAJB1;HSPA2
prerank,RNA Processing (GO:0006396),0.29216520921740574,0.7356700225847562,0.9922279792746114,1.0,1.0,7/170,8.03%,RBPMS;NOVA1;PPARGC1A;ADARB1;DEDD2;BICD1;ADARB2
prerank,Negative Regulation Of Proteolysis Involved In Protein Catabolic Process (GO:1903051),-0.4120616032522211,-0.7349096126349046,0.8224137931034483,0.9802606502633545,1.0,2/18,10.72%,PDCL3;GABARAPL2
prerank,Negative Regulation Of Wound Healing (GO:0061045),-0.41768793223349554,-0.7345678032298493,0.833616298811545,0.9798304302681742,1.0,2/16,2.98%,TNF;THBD
prerank,Glycolipid Metabolic Process (GO:0006664),-0.387232641630868,-0.7328261029299571,0.8421052631578947,0.9811514397785039,1.0,4/27,10.29%,SMPD1;B4GALNT1;ST8SIA6;B3GALNT1
prerank,Nucleic Acid Metabolic Process (GO:0090304),-0.39037261923515226,-0.7323284054544791,0.8619469026548673,0.9809177960848104,1.0,1/23,4.05%,DDX24
prerank,Response To Zinc Ion (GO:0010043),0.4061331954962891,0.731247727990676,0.8246013667425968,1.0,1.0,3/16,13.86%,MT1F;SLC30A4;KHK
prerank,Peptidyl-Tyrosine Dephosphorylation (GO:0035335),0.38740061179350865,0.727955201317339,0.8819095477386935,1.0,1.0,5/25,10.00%,PTPRZ1;DUSP10;PTPN13;TNS2;DUSP18
prerank,mRNA Transcription By RNA Polymerase II (GO:0042789),0.3586428289488969,0.7275863806889552,0.8863109048723898,1.0,1.0,1/35,1.95%,THRB
prerank,Nucleotide-Excision Repair (GO:0006289),-0.34677544612680933,-0.727580079119082,0.9184782608695652,0.9859015949226269,1.0,18/50,35.41%,ERCC6;RPA3;ERCC1;BRCA2;TP53;TENT4A;CETN2;USP44;PNKP;ERCC8;FSCN1;NTHL1;KAT5;UVSSA;RPA1;RAD23A;MRPL36;RNF111
prerank,Positive Regulation Of Proteasomal Ubiquitin-Dependent Protein Catabolic Process (GO:0032436),0.3187864959534632,0.7261001535731192,0.9575892857142857,1.0,1.0,14/71,18.50%,RNF144A;SH3RF1;BAG2;DVL1;SIRT2;RNF19A;MDM2;ZER1;PRKN;SOCS5;ANKIB1;SIRT6;CSNK1E;RACK1
prerank,Zinc Ion Transport (GO:0006829),0.39656137679860565,0.7259775102282505,0.8203883495145631,1.0,1.0,2/17,9.75%,SLC30A10;SLC30A4
prerank,Regulation Of Cardiac Muscle Cell Contraction (GO:0086004),0.39567915387979946,0.7257637722894694,0.8466981132075472,1.0,1.0,3/18,8.38%,CTNNA3;CACNA1C;RYR2
prerank,Mitochondrial Calcium Ion Homeostasis (GO:0051560),0.4120293703873464,0.7256909971737906,0.824295010845987,1.0,1.0,1/18,0.96%,MAIP1
prerank,Positive Regulation Of TOR Signaling (GO:0032008),0.34767924566862185,0.7256849439407502,0.9016018306636155,1.0,1.0,4/40,11.95%,CLEC16A;PIK3CA;CASTOR1;WDR59
prerank,Positive Regulation Of Protein Binding (GO:0032092),-0.34834940529181957,-0.7243101745695004,0.8954703832752613,0.9890889192961716,1.0,12/45,25.41%,PIN1;ADD2;BDNF;SUB1;RALB;APP;FLOT1;B2M;RAN;DTX3L;NMD3;PSEN1
prerank,Superoxide Metabolic Process (GO:0006801),0.40003730234576823,0.7242749138918321,0.7928730512249443,1.0,1.0,1/17,1.66%,SH3PXD2A
prerank,Positive Regulation Of Phospholipase C Activity (GO:0010863),-0.38874923352325763,-0.7235491134697761,0.8384879725085911,0.9891026186737897,1.0,4/22,6.59%,HTR2A;HRAS;LPAR2;P2RY6
prerank,Protein Tetramerization (GO:0051262),0.3323679461044276,0.7222452078233598,0.9147465437788018,1.0,1.0,5/55,7.50%,RYR3;ACACB;AQP4;CRYZ;TNPO1
prerank,Regulation Of Calcium-Mediated Signaling (GO:0050848),-0.3930547205705672,-0.7221690306801074,0.8571428571428571,0.9898405206703097,1.0,3/22,5.71%,SLC8A2;CCL3;PLEK
prerank,Peroxisome Organization (GO:0007031),-0.39423948066928616,-0.7219647603538537,0.8460144927536232,0.9892292072224955,1.0,4/22,18.60%,PEX11B;ACOT8;MFF;DNM1L
prerank,Endoplasmic Reticulum To Cytosol Transport (GO:1903513),-0.422730424802902,-0.7215136117613113,0.8471223021582733,0.9888942451768913,1.0,5/15,30.34%,DERL2;VCP;OS9;SELENOS;FAF2
prerank,Modification-Dependent Protein Catabolic Process (GO:0019941),-0.2930641970337211,-0.7206075751106881,0.9964726631393298,0.9891368030198995,1.0,11/172,10.63%,PINK1;SPSB1;UHRF1;UBB;PCYOX1L;ISG15;RNF40;UBE2L3;RNF149;WDR81;RNF19B
prerank,Regulation Of T Cell Receptor Signaling Pathway (GO:0050856),-0.38556907520028205,-0.7205983826906293,0.889087656529517,0.988286220433085,1.0,1/27,0.70%,THY1
prerank,Regulation Of Monoatomic Ion Transport (GO:0043269),-0.40958897775697256,-0.7205772549513362,0.8666666666666667,0.9874491425678922,1.0,3/16,4.49%,KCNJ6;KCNJ13;KCNJ9
prerank,Amino Acid Catabolic Process (GO:0009063),-0.3778808703232752,-0.7202669246508372,0.893581081081081,0.9869691244960237,1.0,8/27,24.31%,IL4I1;ETFB;KMO;SLC25A44;ETFA;ECHS1;GOT2;BLMH
prerank,Positive Regulation Of Mitotic Cell Cycle (GO:0045931),0.3758873000181877,0.7199530041526215,0.8600451467268623,1.0,1.0,1/25,0.52%,MEIS2
prerank,Negative Regulation Of JNK Cascade (GO:0046329),0.3621946451488861,0.7197017886071677,0.8794326241134752,1.0,1.0,13/29,20.63%,DUSP16;ANKS1B;DUSP10;MECOM;F2RL1;PDCD4;ZNF675;PRKN;DACT1;GSTP1;DNAJA1;PER1;ZMYND11
prerank,Maturation Of LSU-rRNA (GO:0000470),0.3945892666717105,0.7191214063474975,0.8292134831460675,1.0,1.0,4/17,14.40%,PES1;NSA2;NEDD4;RPL35
prerank,Lipid Droplet Organization (GO:0034389),0.3888219763854372,0.7183135649459998,0.8301075268817204,1.0,1.0,2/21,7.42%,PLIN5;PPID
prerank,RNA Polyadenylation (GO:0043631),-0.3959299148105023,-0.7179641398060866,0.8646748681898067,0.9887674745144904,1.0,10/23,31.34%,GRSF1;APP;LEO1;SSU72;CDC73;MTPAP;PABPC1;CPSF3;PAPOLG;SYMPK
prerank,Protein Deacetylation (GO:0006476),0.34551527901731516,0.7176137737128195,0.8901345291479821,1.0,1.0,10/38,24.63%,SIRT2;SIRT4;FLNA;TBL1X;SIRT5;SIRT6;BRMS1L;MTA2;CHD3;MSL3
prerank,Glutamate Receptor Signaling Pathway (GO:0007215),-0.37298484440784596,-0.7160974648160049,0.8754512635379061,0.990004866844061,1.0,6/30,8.13%,GRIN1;KCNB1;CDK5R1;HOMER1;GRIN3A;GRIN2B
prerank,Negative Regulation Of Stress-Activated MAPK Cascade (GO:0032873),-0.3632300218096316,-0.7155459263321814,0.8793706293706294,0.989775369062723,1.0,2/33,5.98%,PINK1;PPIA
prerank,Monoatomic Anion Transport (GO:0006820),0.3628013506010371,0.714571248656035,0.8758465011286681,1.0,1.0,7/32,12.36%,CLIC2;SLC26A6;CLCN2;SLC26A3;ANO4;TTYH1;LRRC8D
prerank,Regulation Of Histone Acetylation (GO:0035065),-0.4040810820929314,-0.7145576458310023,0.8491921005385996,0.9900350110316843,1.0,4/18,14.85%,ERCC6;BRCA1;NOC2L;DDX21
prerank,Pyroptosis (GO:0070269),-0.3972997137072483,-0.7127722372276509,0.8587360594795539,0.9911641567402238,1.0,3/21,14.94%,APIP;NLRP3;IFI27
prerank,Golgi To Vacuole Transport (GO:0006896),0.39899389543829633,0.7126995015894838,0.844789356984479,1.0,1.0,2/16,10.42%,AP1G2;SORT1
prerank,Membrane Fission (GO:0090148),-0.3580843067060421,-0.7114352751083328,0.918825561312608,0.9917731284798899,1.0,6/34,19.11%,EXOC7;UBAP1;VPS37B;VPS37C;DNM1L;EXOC3
prerank,Negative Regulation Of Protein Transport (GO:0051224),-0.40241026050050577,-0.7113005038643063,0.8434343434343434,0.9910884737463931,1.0,4/16,13.28%,DRD2;RSAD2;ERP29;HMGCR
prerank,Myofibril Assembly (GO:0030239),0.38782774369676515,0.7107520829315063,0.87527352297593,1.0,1.0,3/20,6.24%,PDGFRB;MYLK3;TMOD2
prerank,Protein Targeting To Vacuole (GO:0006623),0.3481046662753758,0.7105959719185109,0.9140969162995595,1.0,1.0,4/32,14.20%,SCARB2;PXK;VPS8;NEDD4
prerank,Positive Regulation Of Cholesterol Transport (GO:0032376),0.3713187689156972,0.7103778017659842,0.8571428571428571,1.0,1.0,3/24,6.08%,ABCA8;CES1;PTCH1
prerank,Regulation Of Mitochondrion Organization (GO:0010821),-0.3488531232456549,-0.7100343429943162,0.907942238267148,0.9916762759226284,1.0,1/40,1.41%,PINK1
prerank,Regulation Of Tumor Necrosis Factor-Mediated Signaling Pathway (GO:0010803),-0.34921950797913626,-0.7091613729540308,0.9325044404973357,0.9918158430501404,1.0,7/41,17.66%,IKBKE;TNFAIP3;TRAIP;PTPN2;SPHK1;SPATA2;SPPL2B
prerank,Cell Morphogenesis Involved In Differentiation (GO:0000904),0.39679526539426635,0.7080569173373037,0.85,1.0,1.0,4/18,13.01%,RELN;PROX1;ACTN1;SIPA1
prerank,Pulmonary Valve Development (GO:0003177),-0.4063033737282957,-0.7080145410501455,0.8456014362657092,0.9922435930420233,1.0,1/15,2.91%,ROBO2
prerank,Cell Surface Receptor Signaling Pathway Involved In Cell-Cell Signaling (GO:1905114),0.37599329269033094,0.7067754060080249,0.8727272727272727,1.0,1.0,4/22,6.95%,FERMT2;PLCG2;GPC4;P2RX7
prerank,Macromolecule Biosynthetic Process (GO:0009059),-0.284805892384633,-0.7052543974826535,0.9983443708609272,0.9942523637398601,1.0,19/161,15.70%,EEF1A2;B4GAT1;MRPL27;SLC11A1;TUFM;MRPS33;MRPL55;INHBA;EIF5A2;GSPT2;IGF2BP3;ALAS1;MRPL28;MRPL34;MRPL13;MRPS7;MRPL23;TYMS;RPL22
prerank,Regulation Of Protein Ubiquitination (GO:0031396),0.29326929117039224,0.7049388624446689,0.9976635514018691,1.0,1.0,10/99,12.42%,SASH1;WFS1;ARRB1;BAG2;FAM107A;AMER1;NDFIP2;FBXO33;UBE2D1;RIPK2
prerank,Receptor Clustering (GO:0043113),0.3957711071622399,0.7044908623219315,0.8549107142857143,1.0,1.0,7/17,11.20%,MAGI2;PTN;NLGN1;LRP4;NRXN1;DVL1;MADCAM1
prerank,Mitochondrial RNA Metabolic Process (GO:0000959),0.39230750637141115,0.7043185777800691,0.8629856850715747,1.0,1.0,1/18,4.44%,TFAM
prerank,RNA Methylation (GO:0001510),-0.3262608049664353,-0.7041542210009383,0.9430604982206405,0.9945227938584743,1.0,8/60,22.94%,FBLL1;TARBP1;TRMO;VIRMA;TRMT6;SNRPD1;THUMPD3;FTSJ3
prerank,Antimicrobial Humoral Response (GO:0019730),-0.38020525159034835,-0.7037191465559388,0.8764705882352941,0.9941251628662031,1.0,5/24,8.91%,CXCL10;HLA-A;SLC11A1;GAPDH;RNASE3
prerank,Lymphocyte Proliferation (GO:0046651),-0.40493190314177835,-0.7033983985223127,0.8502772643253235,0.9936041216569443,1.0,8/16,25.65%,IL10;TNFSF14;HELLS;CD40;PPP3CB;HSPD1;ELF4;MEF2C
prerank,Positive Regulation Of Extracellular Matrix Organization (GO:1903055),0.4036111397917029,0.7029839522606862,0.8555304740406321,1.0,1.0,4/16,15.04%,RGCC;DDR2;CLASP1;EFEMP2
prerank,Epidermal Cell Differentiation (GO:0009913),-0.3734982444081805,-0.7000219503248467,0.9016100178890877,0.99623476824188,1.0,5/27,14.89%,ST14;OVOL2;USH2A;JAG1;ADAM9
prerank,Regulation Of Interleukin-12 Production (GO:0032655),0.35362647701239325,0.6996224500662102,0.890625,1.0,1.0,3/31,5.84%,PLCB1;PLCG2;PIBF1
prerank,Fc-epsilon Receptor Signaling Pathway (GO:0038095),0.37334196588603563,0.6988851691010992,0.8935185185185185,1.0,1.0,5/22,13.75%,PLCG2;SOS1;FER;LILRA4;MAP2K7
prerank,Positive Regulation Of Peptidyl-Lysine Acetylation (GO:2000758),-0.3919968505807324,-0.6981911569933884,0.8857142857142857,0.997121972169615,1.0,2/16,6.08%,ERCC6;BRCA1
prerank,Regulation Of Immune Response (GO:0050776),-0.3263480798199716,-0.6977117806151961,0.9604130808950087,0.9967544171425126,1.0,15/53,22.22%,FCGR3B;LYN;IL4I1;SAMHD1;RSAD2;IRF7;APLP2;FCGR3A;BCL6;SPPL2B;PTPN22;IRF1;FGR;HLA-DRB1;SPPL2A
prerank,Regulation Of Toll-Like Receptor Signaling Pathway (GO:0034121),0.39364559815009476,0.6975294166667508,0.8515981735159818,1.0,1.0,4/16,10.59%,TYRO3;LGR4;TLR5;GPR108
prerank,Regulation Of Monocyte Chemotaxis (GO:0090025),0.3863324350810356,0.6974005832341502,0.873015873015873,1.0,1.0,2/17,3.93%,GREM1;SERPINE1
prerank,Negative Regulation Of Endothelial Cell Proliferation (GO:0001937),-0.3747421637083849,-0.697124473132824,0.8821548821548821,0.9964511476485806,1.0,6/24,12.60%,ATP5IF1;CCL2;ATP5F1A;GHRL;STAT1;ALOX5
prerank,Negative Regulation Of Cytokine Production Involved In Inflammatory Response (GO:1900016),-0.4035994496951885,-0.6970773921349179,0.8588850174216028,0.9956477860829932,1.0,2/15,13.85%,ZC3H12A;APLP2
prerank,Negative Regulation Of Cell-Cell Adhesion (GO:0022408),0.35788738994426533,0.6967774852050134,0.8923444976076556,1.0,1.0,4/27,7.76%,RGCC;ZNF703;NOTCH4;FXYD5
prerank,Positive Regulation Of Binding (GO:0051099),-0.3154814218273635,-0.6964443114393666,0.9745916515426497,0.9954177012627599,1.0,14/67,23.02%,STMN1;PIN1;ADD2;SUB1;RALB;PLAUR;EDF1;APP;FLOT1;PARP9;B2M;RAN;SKI;DTX3L
prerank,Positive Regulation Of Proteolysis Involved In Protein Catabolic Process (GO:1903052),0.3639496079414229,0.6962014436662517,0.9066059225512528,1.0,1.0,3/27,6.84%,NUPR1;BAG2;DAB2IP
prerank,Release Of Sequestered Calcium Ion Into Cytosol (GO:0051209),-0.36875703661249454,-0.6952465941324911,0.891459074733096,0.9957149754299459,1.0,4/27,8.84%,HTR2A;DRD2;GHITM;PLCB4
prerank,Regulation Of Stem Cell Differentiation (GO:2000736),-0.3497824263850403,-0.6946688091413933,0.9182156133828996,0.9954371977889795,1.0,6/36,22.05%,OSM;JAG1;GATAD2A;YTHDF2;CHD4;HDAC1
prerank,ncRNA Processing (GO:0034470),0.29529892720148465,0.6942631501361347,0.9907621247113164,1.0,1.0,17/91,17.04%,RPS27;RPS17;PIN4;RPS28;INTS5;INTS3;RPS15;RPS25;INTS10;PES1;RPL11;RPL27;RPL35A;NOL8;RPS19;INTS4;INTS11
prerank,Nuclear-Transcribed mRNA poly(A) Tail Shortening (GO:0000289),0.3731295364778213,0.6940971592140847,0.896551724137931,1.0,1.0,2/20,7.73%,PNLDC1;PAN2
prerank,Regulation Of Bone Resorption (GO:0045124),-0.3812562028120918,-0.694059952342838,0.8761552680221811,0.9951970189302501,1.0,2/20,6.86%,PRKCA;TNFAIP3
prerank,Antimicrobial Humoral Immune Response Mediated By Antimicrobial Peptide (GO:0061844),-0.390223129256555,-0.6940434601839245,0.8614800759013282,0.9943601702453577,1.0,3/17,8.91%,CXCL10;GAPDH;RNASE3
prerank,Negative Regulation Of Stress Fiber Assembly (GO:0051497),0.3871817772532956,0.6930526325721437,0.8853211009174312,1.0,1.0,3/17,5.50%,TMEFF2;RHPN1;TJP1
prerank,Negative Regulation Of Protein Metabolic Process (GO:0051248),-0.2957695220135743,-0.6917494585995815,0.9911347517730497,0.9957392937597582,1.0,24/116,17.32%,PLAT;MAD2L1;PITX3;PIN1;BTG2;ENC1;CDK5;GAPDH;NELL1;NHLRC3;IGF2BP3;RILP;AZIN1;HMGCR;EIF4E2;AZIN2;MRPL13;ITGAV;RBM4;MDM4;TYMS;PFDN4;NFKB1;SYNCRIP
prerank,Cellular Response To Starvation (GO:0009267),-0.2942570596048442,-0.6907724976838996,0.9877408056042032,0.9957902777359655,1.0,22/104,21.25%,MAP1LC3A;DAPL1;MAP1LC3B2;CDKN1A;RNF152;GABARAPL2;MAP1LC3B;ZC3H12A;ATF4;BECN1;FADS1;RALB;HSPA8;TBL2;SUV39H1;ASNS;RRAGA;GABARAPL1;MIOS;TP53;XBP1;RRP8
prerank,Transcription By RNA Polymerase III (GO:0006383),-0.3595891224273845,-0.6907248313325223,0.8992673992673993,0.9949830378763185,1.0,9/27,28.09%,POLR3H;ZFP36L1;POLR2K;GTF3C2;POLR3G;GTF3C6;SNAPC2;POLR3GL;SNAPC5
prerank,Negative Regulation Of Autophagy (GO:0010507),-0.3345434668399041,-0.6904341893020521,0.9589285714285715,0.9943989637574583,1.0,3/54,4.53%,PINK1;IL10;DAPL1
prerank,Positive Regulation Of Interleukin-10 Production (GO:0032733),0.3864496959914334,0.6900595471438159,0.8597701149425288,1.0,1.0,3/16,11.02%,PLCG2;PIBF1;F2RL1
prerank,Positive Regulation Of Intrinsic Apoptotic Signaling Pathway (GO:2001244),0.34344450339626287,0.6895850205501233,0.9244851258581236,1.0,1.0,4/32,6.53%,NUPR1;BOK;S100A8;NACC2
prerank,Positive Regulation Of Cytokine Production Involved In Immune Response (GO:0002720),-0.38009842309177344,-0.6893208646887257,0.8898601398601399,0.9945815772833551,1.0,4/21,13.79%,HLA-A;NOD2;SLC7A5;HLA-F
prerank,Skeletal Muscle Organ Development (GO:0060538),-0.3925669550861421,-0.6866782250405901,0.8870370370370371,0.9960905510347862,1.0,5/16,26.07%,MYL6;MYL6B;SVIL;MEF2C;POPDC2
prerank,Regulation Of DNA-templated Transcription Elongation (GO:0032784),-0.3375482153221845,-0.6866002968099334,0.9480286738351255,0.9953154778888847,1.0,4/41,10.48%,ERCC6;SUPT4H1;HMGN1;SRCAP
prerank,Organelle Disassembly (GO:1903008),-0.3266168192696542,-0.68650259511522,0.9442446043165468,0.9945614891885586,1.0,19/48,37.36%,PLK3;KLC1;ZFAND1;VCP;UBA5;MRRF;PRKAA2;NEDD9;KIF9;ULK2;KAT5;AURKA;DDRGK1;ASCC2;EIF2D;DENR;MTIF3;GBF1;KIF5B
prerank,Regulation Of Toll-Like Receptor 4 Signaling Pathway (GO:0034143),0.37595079746992227,0.6857987356264489,0.8883610451306413,1.0,1.0,3/20,6.84%,LTF;MFHAS1;DAB2IP
prerank,post-Golgi Vesicle-Mediated Transport (GO:0006892),0.31592950545798953,0.685726284392275,0.9563218390804598,1.0,1.0,6/53,14.05%,LLGL1;AP1G2;RABEP1;SORT1;EXOC6B;EXOC8
prerank,Melanosome Organization (GO:0032438),-0.3534058779026142,-0.6848209920904943,0.8998242530755711,0.9952263374296496,1.0,12/30,32.57%,AP3M1;RAB38;SHROOM2;HPS3;AP1M1;AP1S1;AP3D1;BLOC1S2;HPS6;ASIP;AP1B1;RAB29
prerank,Artery Morphogenesis (GO:0048844),-0.38322497481808104,-0.6844971023904778,0.9,0.9946862910892001,1.0,3/18,8.60%,HPGD;VEGFA;NELL1
prerank,Peptide Biosynthetic Process (GO:0043043),0.2818986808727502,0.6840220124782787,0.9950248756218906,1.0,1.0,47/136,19.25%,RPS27;RPL32;RPL37;RPLP2;GGT5;RPS17;RPL30;RPS18;RPLP1;RPS28;RPL19;RPL28;FAU;RPL34;RPS8;RPS29;RPL7A;RPL10;RPS15;RPS15A;RPL36;RPS25;RPL31;RPL38;RPL41;RPL13;RPL23A;RPL11;RPL27;RPS14;RPL35;RPL37A;RPL35A;RPS19;RPL29;RPS27A;RPS4X;RPS5;RPS23;GGT1;YARS2;RPS24;RPL18;RPS7;MRPL18;RPL12;RPS13
prerank,Protein Stabilization (GO:0050821),-0.27816399310610207,-0.6828898707779625,1.0,0.9952145753035929,1.0,25/168,18.05%,PINK1;PIN1;ATP1B1;CDC37;MT3;GAPDH;POLR2E;BAG1;WDR81;PDCL3;TESC;TRIM37;TNIP2;TELO2;RTN4;PARK7;SAXO1;PFN2;MDM4;RUVBL1;PFDN4;SEC16A;PFDN1;PIM2;STUB1
prerank,Regulation Of rRNA Processing (GO:2000232),0.3988590253615127,0.6822388603448891,0.8781609195402299,1.0,1.0,1/15,5.31%,KAT2B
prerank,Negative Regulation Of Actin Filament Bundle Assembly (GO:0032232),0.37735441141582726,0.6822234193017446,0.9026548672566371,1.0,1.0,3/18,5.50%,TMEFF2;RHPN1;TJP1
prerank,mRNA Transcription (GO:0009299),0.33063415176428634,0.6819980402403026,0.9331797235023042,1.0,1.0,1/39,1.95%,THRB
prerank,Phosphatidylinositol Biosynthetic Process (GO:0006661),0.29426022028516646,0.6816997589948001,0.9910313901345291,1.0,1.0,10/84,10.78%,FGF2;SYNJ2;PLCG2;PIK3CA;ITPKB;VAC14;SLA2;PIGA;PITPNM3;SLC27A1
prerank,Regulation Of DNA Binding (GO:0051101),-0.3503098274564499,-0.6800325941849645,0.9373848987108656,0.9968810097988517,1.0,8/32,22.43%,E2F1;HABP4;PLAUR;SUMO3;EDF1;DOT1L;JAK2;SKI
prerank,Negative Regulation Of Oxidative Stress-Induced Cell Death (GO:1903202),0.3704164475378178,0.679430104914473,0.9317647058823529,1.0,1.0,2/20,4.01%,FYN;HSPB1
prerank,Phospholipid Metabolic Process (GO:0006644),0.32056141186602605,0.6789247877410065,0.9553571428571429,1.0,1.0,6/48,9.24%,PLPPR1;ALOX15B;PLPP3;ENPP2;ACP6;AGPAT5
prerank,"Maturation Of 5.8S rRNA From Tricistronic rRNA Transcript (SSU-rRNA, 5.8S rRNA, LSU-rRNA) (GO:0000466)",-0.38531660240385457,-0.678285159948243,0.8716094032549728,0.9975165936578921,1.0,3/18,22.94%,ERI2;WDR12;FTSJ3
prerank,Cellular Lipid Catabolic Process (GO:0044242),-0.37458305798661495,-0.677800376690693,0.8834244080145719,0.9970980161531203,1.0,1/18,3.37%,LIPG
prerank,Regulation Of Chromatin Organization (GO:1902275),0.3558957613039294,0.6769835450386636,0.9303944315545244,1.0,1.0,1/25,1.73%,MLLT3
prerank,Negative Regulation Of RNA Splicing (GO:0033119),-0.373030470862865,-0.6768585465600476,0.8915254237288136,0.9970034865029452,1.0,5/18,18.61%,SAP18;SRSF7;SRSF9;RNPS1;SRSF4
prerank,Protein Localization To Cell Surface (GO:0034394),0.3741832258931853,0.676639761938246,0.8957871396895787,1.0,1.0,2/21,3.65%,PTPRK;EMP2
prerank,Homologous Chromosome Pairing At Meiosis (GO:0007129),-0.39392020689340024,-0.6765342233138586,0.8649155722326454,0.9964343314731297,1.0,3/15,11.91%,MND1;FANCD2;MEI4
prerank,Regulation Of mRNA Catabolic Process (GO:0061013),0.32312778973949663,0.6758786058454158,0.9616252821670429,1.0,1.0,1/43,1.19%,PRR5L
prerank,Inorganic Anion Transport (GO:0015698),-0.35158029079451936,-0.6755996442542993,0.9159369527145359,0.9963628133407116,1.0,6/32,12.38%,SLC11A1;GLRA1;SLC4A10;ENPP3;CLCN6;SLC26A8
prerank,Negative Regulation Of Biomineral Tissue Development (GO:0070168),-0.39695017858068393,-0.6752958037895948,0.8835978835978836,0.9957621919144545,1.0,2/15,3.06%,CCL3;ASPN
prerank,COPII Vesicle Coating (GO:0048208),-0.38763252575201257,-0.6749479823211283,0.9,0.9943923160059461,1.0,7/17,33.89%,TRAPPC2;TRAPPC11;PREB;TMED10;KLHL12;CUL3;TRAPPC6A
prerank,"Vesicle Targeting, Rough ER To cis-Golgi (GO:0048207)",-0.38763252575201257,-0.6749479823211283,0.9,0.9943923160059461,1.0,7/17,33.89%,TRAPPC2;TRAPPC11;PREB;TMED10;KLHL12;CUL3;TRAPPC6A
prerank,Microtubule Nucleation (GO:0007020),0.36009397039256075,0.6738726474813126,0.9047619047619048,1.0,1.0,3/23,13.92%,SLAIN1;CLASP1;NDE1
prerank,Regulation Of Striated Muscle Contraction (GO:0006942),-0.3817036780174786,-0.6727198526357491,0.9057591623036649,0.9953145468666299,1.0,2/18,4.85%,CALM3;CALM1
prerank,Regulation Of Primary Metabolic Process (GO:0080090),-0.34663599239422277,-0.6724235976840167,0.9267857142857143,0.9947194866680039,1.0,3/30,10.15%,ID2;PLPP1;LACTB
prerank,Regulation Of Cell Migration Involved In Sprouting Angiogenesis (GO:0090049),0.36698143669002925,0.6717373528882165,0.9019607843137255,1.0,1.0,1/19,2.35%,FGF2
prerank,Organelle Fission (GO:0048285),-0.3781650381939068,-0.6715111566694969,0.8933566433566433,0.9945912111657449,1.0,6/19,26.07%,PEX11B;MFF;DNM1L;MTFR1L;MIEF1;GDAP1
prerank,Maintenance Of Protein Location In Nucleus (GO:0051457),-0.3787023783404612,-0.670683298217247,0.8991150442477877,0.9944099626143771,1.0,2/18,14.80%,SKP1;PARK7
prerank,Steroid Metabolic Process (GO:0008202),0.32410959803060835,0.66966715424543,0.9697674418604652,1.0,1.0,10/41,13.37%,HSD11B1;CYP39A1;PIAS4;HSD17B1;LRP2;CYP27A1;CYP4V2;CYP7B1;CYP19A1;LSS
prerank,rRNA Processing (GO:0006364),0.2837319774128179,0.6691614315266581,0.9953810623556582,1.0,1.0,16/93,15.88%,RPS27;RPS17;PIN4;RPS28;RPS15;RPS25;PES1;RPL11;NSA2;RPL27;RPS14;NEDD4;RPL35A;NOL8;SRFBP1;RPS19
prerank,Translesion Synthesis (GO:0019985),-0.362600878326064,-0.6691333809436119,0.896551724137931,0.9948180253400788,1.0,4/22,22.49%,POLE2;VCP;TENT4A;USP10
prerank,Intrinsic Apoptotic Signaling Pathway In Response To DNA Damage By P53 Class Mediator (GO:0042771),0.36486291446198654,0.6683313885230648,0.918918918918919,1.0,1.0,5/18,13.87%,DYRK2;BAG6;RPS27L;USP28;HIPK2
prerank,Vesicle-Mediated Transport To The Plasma Membrane (GO:0098876),0.2923285318981257,0.6680611005186642,0.9976635514018691,1.0,1.0,9/75,14.05%,MICALL2;LLGL1;SNX27;RABEP1;SNX12;C2CD6;EXOC6B;SNX7;EXOC8
prerank,Negative Regulation Of Cation Channel Activity (GO:2001258),-0.3732496937685036,-0.6632963017983742,0.8846153846153846,0.9983697555367297,1.0,1/18,2.31%,CALM3
prerank,Regulation Of Release Of Sequestered Calcium Ion Into Cytosol By Sarcoplasmic Reticulum (GO:0010880),-0.372361677956962,-0.6624392289346765,0.8983666061705989,0.9981309791336945,1.0,2/18,4.85%,CALM3;CALM1
prerank,Negative Regulation Of Protein-Containing Complex Assembly (GO:0031333),0.30909610136725124,0.6615761036237253,0.9704545454545455,1.0,1.0,5/46,13.16%,ZNF827;ANKS1B;ULK1;SVIP;THRA
prerank,Reticulophagy (GO:0061709),0.3760001465470575,0.6608411558723093,0.8893905191873589,1.0,1.0,6/15,26.72%,ULK1;SNX7;RETREG3;SNX33;RB1CC1;ATG2B
prerank,Regulation Of Protein Neddylation (GO:2000434),-0.3862932832176604,-0.6606264062124623,0.9064748201438849,0.998635630207455,1.0,4/17,15.42%,COPS9;COPS8;COPS4;COPS3
prerank,Regulation Of Intrinsic Apoptotic Signaling Pathway (GO:2001242),-0.3286072288336567,-0.660574780123569,0.9673539518900344,0.997833824204907,1.0,11/41,20.87%,PINK1;PPIF;BCL2L2;NOC2L;BECN1;PLAUR;DDIT3;NDUFS3;DNM1L;TP53;BID
prerank,Regulation Of Translation (GO:0006417),-0.2654943312056105,-0.6594764512979083,1.0,0.9977830830553297,1.0,28/175,20.44%,BTG2;ENC1;EIF1B;RBM3;NCBP2;GAPDH;NHLRC3;IGF2BP3;EIF4E;EIF4E2;CIRBP;MRPL13;RBM4;TYMS;EIF4A2;UPF3B;THBS1;EIF4B;SYNCRIP;MIF4GD;APP;YTHDF3;LARP4B;EIF4H;PYM1;BCL3;ELP6;PIWIL2
prerank,Positive Regulation Of Fibroblast Proliferation (GO:0048146),0.3511995564442483,0.6594325976864125,0.9223744292237442,1.0,1.0,3/22,7.80%,BMI1;AQP1;DDR2
prerank,Regulation Of Cholesterol Transport (GO:0032374),0.3651201661505282,0.6589215925419838,0.9166666666666666,1.0,1.0,2/17,4.15%,ABCA8;APOC1
prerank,Actin Filament-Based Transport (GO:0099515),-0.37111868454884356,-0.6587904977415944,0.9226519337016574,0.9974407171002565,1.0,5/18,18.89%,MYO1H;MYO1G;MYO1B;SYNE2;MYO15A
prerank,Transcription Initiation At RNA Polymerase II Promoter (GO:0006367),-0.3092181806005903,-0.657928068047163,0.975609756097561,0.9972459753677663,1.0,7/59,15.75%,MED29;MED18;GTF2A1;MED8;TAF7;GTF2E2;TAF2
prerank,Histone Deacetylation (GO:0016575),0.32769015112058275,0.6574680510283706,0.9507042253521126,1.0,1.0,9/34,24.63%,SIRT2;SIRT4;TBL1X;SIRT6;ELK4;BRMS1L;MTA2;CHD3;MSL3
prerank,Positive Regulation Of Filopodium Assembly (GO:0051491),0.3442213726467201,0.6549902135721911,0.9287305122494433,1.0,1.0,3/22,7.27%,PALM;GPM6A;NLGN1
prerank,Triglyceride Metabolic Process (GO:0006641),-0.35264866501403913,-0.654973650959717,0.9264448336252189,0.9984672054508748,1.0,3/25,12.86%,GPAT3;GPAT4;LIPE
prerank,Regulation Of Postsynapse Organization (GO:0099175),-0.3492579207324796,-0.6541771235530023,0.9410714285714286,0.9982033644473504,1.0,4/24,7.01%,CDK5R1;KIF1A;CDK5;HOMER1
prerank,Vesicle-Mediated Transport Between Endosomal Compartments (GO:0098927),0.34557474824842643,0.6533122536651609,0.9268817204301075,1.0,1.0,3/23,9.82%,EMP2;MYO1D;PXK
prerank,Establishment Of Spindle Orientation (GO:0051294),-0.33733087991535154,-0.652078552416365,0.9385474860335196,0.998757723540846,1.0,3/30,6.05%,MAD2L1;INSC;NDC80
prerank,Golgi Vesicle Transport (GO:0048193),-0.2630177445675097,-0.6518843889004945,1.0,0.9980482380470138,1.0,18/172,17.53%,RAB6B;NSF;RAB7B;YKT6;GABARAPL2;RINT1;TBC1D14;YIF1B;MYO1B;RAB13;HTT;NAPA;VAPB;SNX8;TRAPPC2;VTI1B;SEC16A;GOLGA4
prerank,Regulation Of Proteasomal Ubiquitin-Dependent Protein Catabolic Process (GO:0032434),-0.27910962106398657,-0.6517119920513114,0.9927797833935018,0.9973250216311699,1.0,14/96,18.64%,MAP1A;DDA1;TRIB1;USP5;DESI1;RNF19B;CBFA2T3;PLK1;PARK7;PRICKLE1;AXIN1;STUB1;VCP;CSNK1A1
prerank,Translation (GO:0006412),-0.2560371576494834,-0.6502133379738172,1.0,0.9974318756521812,1.0,22/199,15.71%,EEF1A2;MRPL27;WARS2;TUFM;MRPS33;APEH;MRPL55;EIF5A2;GSPT2;IGF2BP3;MRPL54;ZC3H15;MRPL40;FASTKD2;MRPL28;MRPL34;MRPL13;MRPL57;MRPS7;MRPL23;RPL22;AURKAIP1
prerank,Epidermis Development (GO:0008544),0.3369808241842204,0.650084251218168,0.9449152542372882,1.0,1.0,7/26,17.83%,FGFR2;EMP1;ALDH3A2;PPP3CA;SVEP1;DLL1;PLOD1
prerank,"Synaptic Transmission, Glutamatergic (GO:0035249)",-0.36261488955606797,-0.649836451654927,0.9322638146167558,0.9968338068207042,1.0,6/22,13.84%,UNC13C;GRIN3A;GRIN2B;UNC13A;GRIK1;NAPA
prerank,Regulation Of Neutrophil Chemotaxis (GO:0090022),-0.3677749284166445,-0.6496980053616171,0.893048128342246,0.9960967694819928,1.0,10/18,24.91%,DPP4;C5AR2;MPP1;C1QBP;SLIT2;NCKAP1L;DNM1L;RIPOR2;RAC2;MCU
prerank,Protein Insertion Into Mitochondrial Membrane (GO:0051204),-0.34704852266245373,-0.6495431358635421,0.933579335793358,0.995379304675665,1.0,6/25,16.31%,MOAP1;MTCH1;TIMM13;TOMM20;TOMM70;TIMM10
prerank,Ribosome Biogenesis (GO:0042254),-0.26743427972018824,-0.6487122432747674,1.0,0.9950900645829046,1.0,26/142,22.81%,SNU13;ZNF622;MRTO4;BYSL;SBDS;UTP4;IGF2BP3;UTP15;WDR55;NOC2L;POP4;RPS19BP1;DHX37;MTREX;WDR12;NOM1;PNO1;SPPL2B;RSL24D1;XRN2;MRPL22;HEATR3;LYAR;DHX29;GTPBP4;NAT10
prerank,Regulation Of Cell Cycle Phase Transition (GO:1901987),0.35259025105108577,0.6484119981993693,0.9153674832962138,1.0,1.0,2/21,7.94%,NEK10;MN1
prerank,tRNA Modification (GO:0006400),-0.29918866527153226,-0.6457769907704319,0.9863945578231292,0.9961005607293255,1.0,8/60,19.01%,GON7;DUS1L;QTRT2;TARBP1;TRMO;OSGEP;YRDC;TRMT6
prerank,Endoplasmic Reticulum To Golgi Vesicle-Mediated Transport (GO:0006888),-0.2831738648478535,-0.6456310741527854,1.0,0.9953709176022069,1.0,28/97,35.39%,YKT6;YIF1B;SEC13;VAPB;TRAPPC2;SEC16A;VAMP7;ERGIC3;COPB1;TRAPPC11;PREB;TMED10;COPG2;KLHL12;BCAP31;SAR1A;TFG;TMED3;CUL3;USE1;TRAPPC10;RAB29;ARF4;COPA;TRAPPC6A;USO1;TRAPPC9;SEC16B
prerank,DNA-templated Transcription (GO:0006351),0.2511491919730875,0.6449498961078719,1.0,1.0,1.0,14/168,13.95%,NFIX;THRB;TFAM;POLR2F;TCEANC;GTF2H2;SOX5;TCEA3;CREBL2;MAF;PIR;THRA;THAP1;TAF4
prerank,Positive Regulation Of Transforming Growth Factor Beta Receptor Signaling Pathway (GO:0030511),0.3405297315936518,0.6435245845973424,0.9459459459459459,1.0,1.0,5/20,18.72%,CDKN2B;SDCBP;HIPK2;CREBBP;SMAD4
prerank,Positive Regulation Of Cellular Response To Transforming Growth Factor Beta Stimulus (GO:1903846),0.3405297315936518,0.6435245845973424,0.9459459459459459,1.0,1.0,5/20,18.72%,CDKN2B;SDCBP;HIPK2;CREBBP;SMAD4
prerank,I-kappaB kinase/NF-kappaB Signaling (GO:0007249),-0.3166310550154577,-0.6430481384684575,0.9823321554770318,0.9961356001527433,1.0,12/41,24.14%,RELB;NFKB2;IRAK2;TLR2;TLR3;NFKB1;IKBKG;BCL3;TIFA;TLR8;TBK1;REL
prerank,Regulation Of Fibroblast Proliferation (GO:0048145),0.31192565185882304,0.6429055343029578,0.9669603524229075,1.0,1.0,4/38,7.80%,BMI1;AQP1;DAB2IP;DDR2
prerank,Phosphatidylinositol Phosphate Biosynthetic Process (GO:0046854),-0.3205717999527723,-0.6404818362781489,0.9581818181818181,0.9967762951709421,1.0,2/36,4.20%,SOCS3;PIK3R3
prerank,Regulation Of Extrinsic Apoptotic Signaling Pathway (GO:2001236),0.29488980806856485,0.6395406438850744,0.9905437352245863,1.0,1.0,4/51,7.64%,LGALS3;SH3RF1;DEDD2;FGFR1
prerank,Positive Regulation Of Cytokine-Mediated Signaling Pathway (GO:0001961),-0.3195028886431829,-0.6387300193765998,0.9688041594454073,0.996975867613904,1.0,5/36,15.45%,IKBKE;PARP14;AGPAT1;NLRC5;IL7
prerank,Positive Regulation Of TORC1 Signaling (GO:1904263),0.33788438497486734,0.6385058089847805,0.9439252336448598,1.0,1.0,4/25,15.50%,CLEC16A;CASTOR1;WDR59;RRAGD
prerank,Cellular Response To Hexose Stimulus (GO:0071331),0.34640213783268214,0.6379621858032374,0.9302325581395349,1.0,1.0,2/20,5.55%,SLC26A6;IGF1R
prerank,Positive Regulation Of Stem Cell Population Maintenance (GO:1902459),0.3130997535650606,0.635946998300863,0.9675174013921114,1.0,1.0,13/37,26.74%,REST;ARID4A;PHF10;SIRT6;SAP30;BRMS1L;BCL7C;ACTL6A;SAP30L;BICRAL;SS18;ING1;SMARCC1
prerank,RNA 3'-End Processing (GO:0031123),-0.3204036853547967,-0.6358945359802819,0.9593639575971732,0.9977582020640073,1.0,7/33,26.09%,NCBP2;USB1;PTCD1;SUPV3L1;TENT4A;ELAC2;RPRD1B
prerank,Peptidyl-Lysine Methylation (GO:0018022),0.3449005502351151,0.6353871582882539,0.9419642857142857,1.0,1.0,2/19,14.07%,METTL21A;SMYD3
prerank,Regulation Of Chemotaxis (GO:0050920),0.3423236192640583,0.6330026734141474,0.927437641723356,1.0,1.0,2/21,3.40%,CXCR4;PDGFRB
prerank,tRNA Processing (GO:0008033),0.303911455094154,0.631009388600681,0.9722863741339491,1.0,1.0,6/42,15.49%,TRPT1;PUS3;DTWD1;TRMT9B;TRIT1;TRUB1
prerank,Positive Regulation Of Viral Life Cycle (GO:1903902),-0.35693431757102917,-0.6308650266116188,0.9511784511784511,0.9997487563294281,1.0,9/19,25.18%,SMPD1;TMPRSS4;CD4;VPS37B;HLA-DRB1;KPNA2;KPNA6;FURIN;LGALS1
prerank,Regulation Of Neuroblast Proliferation (GO:1902692),-0.3644485505444168,-0.6301402646191727,0.9363636363636364,0.9992634963687553,1.0,2/17,4.69%,DRD2;VEGFA
prerank,Ribosomal Large Subunit Biogenesis (GO:0042273),-0.3088508588273252,-0.6294091062672322,0.9965635738831615,0.9988423119448645,1.0,13/45,28.97%,ZNF622;MRTO4;NOC2L;WDR12;RSL24D1;BRIX1;HEATR3;GTPBP4;NOP16;MAK16;MRPL20;NIP7;WDR74
prerank,Protein Destabilization (GO:0031648),-0.32917210241493977,-0.6276895721427476,0.9489981785063752,0.9988410290640933,1.0,4/31,13.64%,DAZAP2;KDM8;PLK1;HTT
prerank,Negative Regulation Of Receptor-Mediated Endocytosis (GO:0048261),0.3389532203623044,0.6276344566070026,0.9356321839080459,1.0,1.0,2/19,10.80%,APOC1;SDCBP
prerank,Membrane Protein Ectodomain Proteolysis (GO:0006509),-0.3571267450329851,-0.6274942146511829,0.9313893653516295,0.9981223060102954,1.0,5/18,25.41%,PRKCQ;ADAM9;SPPL2B;SPPL2A;PSEN1
prerank,Regulation Of Transcription Elongation By RNA Polymerase II (GO:0034243),-0.28077347458932334,-0.6225858999141148,0.9948542024013722,0.9997299993584859,1.0,8/72,16.33%,MED29;MED18;NCBP2;SUPT4H1;SRCAP;MED8;PWWP2B;TCERG1
prerank,Negative Regulation Of Cellular Biosynthetic Process (GO:0031327),-0.2687190449564697,-0.6170641110040498,1.0,1.0,1.0,16/96,17.32%,BTG2;ENC1;PLEK;BRCA1;CDKN1A;GAPDH;NHLRC3;IGF2BP3;ZC3H12A;EIF4E2;PDGFA;MRPL13;RBM4;TYMS;NFKB1;SYNCRIP
prerank,Potassium Ion Homeostasis (GO:0055075),0.3516943335297252,0.6139794365488465,0.941834451901566,1.0,1.0,4/16,14.37%,ATP1A2;SLC12A2;ATP1B2;KCNJ2
prerank,Negative Regulation Of Protein Localization To Plasma Membrane (GO:1903077),0.338816435598226,0.6126502136053378,0.9331797235023042,1.0,1.0,2/18,9.85%,PKDCC;PPP2R5A
prerank,Toll-Like Receptor Signaling Pathway (GO:0002224),-0.3257608184843281,-0.6123989880997961,0.960644007155635,1.0,1.0,10/26,23.92%,BTK;IRAK2;TLR2;TLR3;TRAF3;TICAM1;IRAK4;TLR8;HSPD1;TLR10
prerank,Ribonucleoprotein Complex Biogenesis (GO:0022613),-0.25847186627715524,-0.6118680552846681,0.9965576592082617,1.0,1.0,15/110,17.87%,SNU13;ZNF622;MRTO4;BYSL;UTP4;IGF2BP3;UTP15;NOC2L;RPS19BP1;DHX37;WDR12;NOM1;PNO1;SPPL2B;RSL24D1
prerank,Regulation Of Vascular Endothelial Growth Factor Signaling Pathway (GO:1900746),0.3504524427713302,0.6105607151238533,0.9516483516483516,1.0,1.0,4/15,13.51%,DAB2IP;SEMA6A;ROBO1;CADM4
prerank,Cellular Response To Misfolded Protein (GO:0071218),0.3368478007505567,0.6065114249302919,0.9478260869565217,1.0,1.0,2/18,13.37%,BAG6;ATXN3
prerank,Positive Regulation Of Interferon-Alpha Production (GO:0032727),-0.34506226634087656,-0.6052138840770424,0.9448669201520913,1.0,1.0,8/16,26.45%,STAT1;IRF7;TLR3;TLR8;DHX36;TBK1;HSPD1;DHX9
prerank,Stress Granule Assembly (GO:0034063),-0.32888702073540355,-0.6039311847631025,0.9702048417132216,1.0,1.0,6/21,19.88%,DAZAP2;DYNC1H1;CIRBP;G3BP2;YTHDF3;YTHDF2
prerank,Intrinsic Apoptotic Signaling Pathway By P53 Class Mediator (GO:0072332),0.2982431353411212,0.5998855841789138,0.9887133182844243,1.0,1.0,6/32,13.87%,BOK;DYRK2;BAG6;RPS27L;USP28;HIPK2
prerank,Positive Regulation Of Dendritic Spine Development (GO:0060999),-0.340973809430579,-0.5990448620807789,0.9435626102292769,1.0,1.0,7/16,25.41%,NEURL1;CUX2;DBN1;CAMK2B;DLG5;DHX36;PSEN1
prerank,Positive Regulation Of Cell Division (GO:0051781),0.31127354635636834,0.5977578184002322,0.9777777777777777,1.0,1.0,4/25,9.25%,FGFR2;FGF1;PKP4;SIRT2
prerank,mRNA Methylation (GO:0080009),-0.34134696615780663,-0.5934491241050952,0.9390681003584229,1.0,1.0,5/15,34.37%,VIRMA;TRMT6;CMTR1;TRMT10C;WTAP
prerank,Protein Neddylation (GO:0045116),-0.3323741714823086,-0.5924288227229801,0.9666666666666667,1.0,1.0,6/18,20.48%,COPS8;COPS4;UBE2M;COPS3;RNF7;COPS7A
prerank,Positive Regulation Of ERBB Signaling Pathway (GO:1901186),-0.3402147580917437,-0.590462461742902,0.9588550983899821,1.0,1.0,6/16,16.61%,RTN4;RALB;APEX1;BCAR3;PLAUR;DGKD
prerank,Negative Regulation Of Tumor Necrosis Factor-Mediated Signaling Pathway (GO:0010804),0.3350767041872121,0.5888813997522604,0.9411764705882353,1.0,1.0,4/15,14.04%,RFFL;CCDC3;F2RL1;ZNF675
prerank,tRNA Methylation (GO:0030488),-0.29456568413484424,-0.5884117040882034,0.989492119089317,1.0,1.0,9/34,32.27%,TARBP1;TRMO;HSD17B10;TRMT6;THUMPD3;GTPBP3;METTL2B;TRMT10C;TRMT5
prerank,Prostaglandin Metabolic Process (GO:0006693),-0.33541282173410947,-0.5873542811294991,0.9636678200692042,1.0,1.0,4/16,14.15%,HPGD;PTGS2;CYP2S1;PLA2G4A
prerank,Spermatid Development (GO:0007286),0.3051308548380941,0.5860622521778364,0.9688995215311005,1.0,1.0,7/26,22.41%,TTC21A;FXR1;JAM2;RFX2;CCDC62;SYCP3;IQCN
prerank,Protein K63-linked Ubiquitination (GO:0070534),-0.281604723614022,-0.5860022398394095,0.9945553539019963,1.0,1.0,11/47,20.40%,UBE2V2;PRPF19;RNF152;UBE2T;UBE2O;UBE2N;STUB1;RNF8;TRAF3;RNF213;TRIM5
prerank,Negative Regulation Of Ion Transmembrane Transporter Activity (GO:0032413),0.3225313966822393,0.5830499096292914,0.9515738498789347,1.0,1.0,2/16,7.74%,HECW2;SLC6A9
prerank,DNA Geometric Change (GO:0032392),-0.30861127124988363,-0.5824333036879868,0.9851301115241635,1.0,1.0,6/24,27.73%,BLM;IGHMBP2;SUPV3L1;DHX36;DHX9;DDX1
prerank,Transcription By RNA Polymerase II (GO:0006366),-0.23665971107512945,-0.5824092523850816,1.0,1.0,1.0,40/166,26.09%,ERCC6;MED18;NCBP2;POLR2E;SUPT4H1;SRCAP;C5AR1;GTF2A1;SUB1;ATF4;TAF7;POLR2A;POLR2K;DDX21;GTF2E2;TAF2;POLR2B;TFDP1;RTF1;NFKB1;NFX1;XRN2;TAF1C;ETV1;NR1H2;XBP1;SUPT5H;NFYA;SNAPC2;POLR2C;TAF11;E2F3;TAF12;LEO1;SSU72;CDC73;MNAT1;NCBP3;MED16;RPRD1B
prerank,Barbed-End Actin Filament Capping (GO:0051016),-0.3349367467768014,-0.5794396997831132,0.9761904761904762,1.0,1.0,2/15,8.31%,ADD2;CAPZA1
prerank,Actin Filament Capping (GO:0051693),-0.3349367467768014,-0.5794396997831132,0.9761904761904762,1.0,1.0,2/15,8.31%,ADD2;CAPZA1
prerank,Regulation Of Cell Cycle G2/M Phase Transition (GO:1902749),0.3291613568567663,0.5763775833243141,0.9563318777292577,1.0,1.0,1/15,3.84%,NEK10
prerank,Nucleocytoplasmic Transport (GO:0006913),0.27084444321644224,0.5752464915370329,0.9953488372093023,1.0,1.0,8/46,19.69%,BACH2;CDAN1;HTATIP2;RBM15B;RITA1;ANP32A;HNRNPA1;NUP35
prerank,Pattern Recognition Receptor Signaling Pathway (GO:0002221),-0.28331993141433603,-0.575130185072933,0.9929453262786596,1.0,1.0,15/42,24.85%,NOD2;NOD1;NLRP3;TLR2;TLR3;ALPK1;TRIM25;TRAF3;TIFA;TICAM1;IRAK4;TLR8;TBK1;TLR10;CLEC4E
prerank,Pore Complex Assembly (GO:0046931),-0.32293481748663555,-0.5709608272083467,0.9601449275362319,1.0,1.0,4/17,18.24%,BAD;RTN4;PDZD11;NUP98
prerank,ncRNA Catabolic Process (GO:0034661),-0.29986171869664213,-0.5705603287574628,0.9811965811965812,1.0,1.0,3/27,14.78%,ZC3H12A;MTREX;TRIR
prerank,Ceramide Metabolic Process (GO:0006672),-0.2864790660888467,-0.5680922273427104,0.980072463768116,1.0,1.0,4/35,10.09%,SMPD1;ORMDL1;PLPP1;PPP2R1A
prerank,Negative Regulation Of Fibroblast Proliferation (GO:0048147),-0.3256657707233121,-0.565440163360846,0.9540636042402827,1.0,1.0,7/15,24.71%,EMD;CD300A;TP53;MYC;SKI;FTH1;CDC73
prerank,Response To Transforming Growth Factor Beta (GO:0071559),-0.29984993015755323,-0.5641413096077526,0.9842931937172775,1.0,1.0,4/26,13.70%,FNDC4;OVOL2;ZFP36L1;SMAD3
prerank,Positive Regulation Of Protein Import Into Nucleus (GO:0042307),0.29356246935903174,0.5577919365514248,0.9823399558498896,1.0,1.0,3/23,13.74%,TRIM28;EFCAB7;FLNA
prerank,Negative Regulation Of Response To Endoplasmic Reticulum Stress (GO:1903573),-0.3048223027698732,-0.5569222459069341,0.9721739130434782,1.0,1.0,5/23,21.14%,PTPN1;PARK7;CREB3;NR1H2;XBP1
prerank,Regulation Of Macrophage Activation (GO:0043030),-0.3028938585940169,-0.5494579732361837,0.9735449735449735,1.0,1.0,5/20,16.86%,SPHK1;ZC3H12A;TNIP2;THBS1;PJA2
prerank,Regulation Of TOR Signaling (GO:0032006),0.2482473397438209,0.54818967995137,1.0,1.0,1.0,10/59,15.85%,PIK3CA;NPRL2;RFFL;SH3BP4;EPM2A;WDR59;UBR2;TTI1;RRAGD;NPRL3
prerank,RNA Export From Nucleus (GO:0006405),-0.25693577468716455,-0.5472285195837621,1.0,1.0,1.0,11/55,25.78%,NCBP2;NUP160;NUP98;MCM3AP;RAN;SRSF3;NUP133;NXT1;POM121;THOC5;NCBP3
prerank,Heterotypic Cell-Cell Adhesion (GO:0034113),0.2899538365786374,0.546554681873104,0.9779951100244498,1.0,1.0,3/21,11.20%,CTNNA3;ITGA7;MADCAM1
prerank,Nuclear Membrane Organization (GO:0071763),-0.2971668470891834,-0.5454177379520027,0.9945848375451264,1.0,1.0,5/22,23.63%,PLK1;EMD;DCTN1;TOR1AIP1;TOR1A
prerank,Response To Glucose (GO:0009749),0.27182512563078576,0.5441069875752861,1.0,1.0,1.0,9/35,20.03%,IGF1R;ZBED3;IRS2;KHK;ZBTB20;GPLD1;RACK1;ZNF236;KLRG1
prerank,Protein Quality Control For Misfolded Or Incompletely Synthesized Proteins (GO:0006515),0.28393737168301425,0.5433556266689831,0.9868421052631579,1.0,1.0,3/25,13.37%,BAG6;ZER1;ATXN3
prerank,GPI Anchor Biosynthetic Process (GO:0006506),-0.2870543669884767,-0.5403695511427753,0.9873417721518988,1.0,1.0,8/25,27.79%,PIGB;DPM2;TP53INP2;PGAP3;PGAP2;PIGG;GPAA1;PIGO
prerank,Response To Nutrient Levels (GO:0031667),-0.2952690687102512,-0.5385750147621801,0.9838129496402878,1.0,1.0,1/22,4.60%,KCNB1
prerank,Anaphase-Promoting Complex-Dependent Catabolic Process (GO:0031145),0.2951031259124008,0.5335345064731681,0.9774436090225563,1.0,1.0,1/17,4.40%,ANAPC16
prerank,Keratinocyte Differentiation (GO:0030216),0.2868050580561923,0.5333681302767261,0.9902912621359223,1.0,1.0,7/21,16.76%,FGFR1;ASAH1;TXNIP;CSTA;PPP3CA;KRT10;CASP3
prerank,rRNA Catabolic Process (GO:0016075),-0.311217147699355,-0.5321034983106512,0.9735915492957746,1.0,1.0,4/15,35.87%,TRIR;EXOSC6;EXOSC8;EXOSC2
prerank,Regulation Of Endoplasmic Reticulum Stress-Induced Intrinsic Apoptotic Signaling Pathway (GO:1902235),-0.28782188120360164,-0.5252193964421249,0.9827288428324698,1.0,1.0,5/21,16.81%,PTPN1;PARK7;NCK2;CREB3;DDIT3
prerank,mRNA Export From Nucleus (GO:0006406),0.24004010965191278,0.5249482566301336,1.0,1.0,1.0,7/54,17.82%,ZC3H11B;SARNP;THOC3;RBM15B;ALKBH5;MAGOHB;MAGOH
prerank,Regulation Of Meiotic Cell Cycle (GO:0051445),-0.2972623517575171,-0.5241352323417381,0.9775474956822107,1.0,1.0,5/17,23.88%,ANAPC13;DUSP1;ANAPC7;ANAPC15;CDC23
prerank,Regulation Of Protein Import Into Nucleus (GO:0042306),0.26306450139099324,0.5224879119190818,0.9978213507625272,1.0,1.0,4/31,16.98%,TRIM28;EFCAB7;FLNA;SIRT6
prerank,Regulation Of RIG-I Signaling Pathway (GO:0039535),0.28996178000626555,0.5217266752644079,0.9827160493827161,1.0,1.0,4/16,23.04%,RNF125;SEC14L1;GPATCH3;DHX58
prerank,Response To Hexose (GO:0009746),0.2881676943174417,0.5131811521298572,0.9858490566037735,1.0,1.0,5/18,20.03%,ZBED3;IRS2;KHK;GPLD1;KLRG1
prerank,Endodermal Cell Differentiation (GO:0035987),0.276179653927827,0.5129223798219209,0.9729064039408867,1.0,1.0,3/21,10.31%,MMP2;COL4A2;ITGA7
prerank,Vacuolar Transport (GO:0007034),-0.24968891324965617,-0.5101829047040739,0.9981981981981982,1.0,1.0,6/41,16.98%,HGSNAT;BECN1;ATP6V0D1;VPS37B;VPS37C;VTI1B
prerank,Histone H3-K4 Methylation (GO:0051568),0.26680826152507126,0.509969952466102,0.9953161592505855,1.0,1.0,4/23,18.92%,WDR5B;KMT2A;CXXC1;RBBP5
prerank,Endocytic Recycling (GO:0032456),0.22152557793726668,0.4900786138439207,1.0,1.0,1.0,4/56,13.77%,MICALL2;SNX27;SNX12;SNX7
prerank,mRNA Modification (GO:0016556),0.2541852040480278,0.4895957801155469,0.9976415094339622,1.0,1.0,4/26,18.22%,PUS3;TRUB1;METTL4;RPUSD2
prerank,Positive Regulation Of Antigen Receptor-Mediated Signaling Pathway (GO:0050857),-0.27497324131853973,-0.48660960060135755,0.9962264150943396,1.0,1.0,3/17,19.89%,NFAM1;IKBKG;CD226
prerank,Maturation Of 5.8S rRNA (GO:0000460),0.26929122704211267,0.48222129995262036,0.9910112359550561,1.0,1.0,3/15,14.20%,PES1;NSA2;NEDD4
prerank,GPI Anchor Metabolic Process (GO:0006505),-0.26190473729048835,-0.481533158280815,0.9962546816479401,1.0,1.0,6/23,24.44%,PIGB;DPM2;TP53INP2;PGAP3;PGAP2;PIGG
prerank,Muscle Tissue Development (GO:0060537),0.25614268529251627,0.4727459954709881,0.9976635514018691,1.0,1.0,6/20,21.55%,PTCH1;BVES;CSRP1;PGM5;NF1;MYH7B
prerank,Post-Transcriptional Regulation Of Gene Expression (GO:0010608),-0.22583198091313086,-0.4712305972256463,1.0,1.0,1.0,12/50,33.35%,RBM3;EIF4E;ELP6;PARP9;ATG14;RBM4B;CYFIP1;ZC3H7A;METAP1;NOLC1;TDRD7;PUM1
prerank,Histone Lysine Methylation (GO:0034968),0.23615368214890126,0.47049017854709585,1.0,1.0,1.0,5/29,18.92%,WDR5B;KMT2A;SMYD3;CXXC1;RBBP5
prerank,Regulation Of Ubiquitin-Dependent Protein Catabolic Process (GO:2000058),-0.22783921355508954,-0.4626349356286798,1.0,1.0,1.0,14/38,34.08%,PDCL3;DESI1;AXIN1;PTK2B;SMURF1;GNA12;UBE3A;MAGEF1;SGTA;GLMN;HFE;RAD23A;FBXW7;PML
prerank,Positive Regulation Of DNA Binding (GO:0043388),-0.2656113823067663,-0.4568980308391446,0.9927404718693285,1.0,1.0,4/16,22.43%,PARK7;PLAUR;EDF1;SKI
prerank,Regulation Of Mitotic Spindle Assembly (GO:1901673),-0.2549428848666856,-0.44681013643975476,0.9983050847457627,1.0,1.0,5/17,35.10%,PLK1;DRG1;CHMP1A;CHMP2A;CHMP3
prerank,Regulation Of Androgen Receptor Signaling Pathway (GO:0060765),0.23539219375379203,0.44064632761259276,1.0,1.0,1.0,4/22,17.68%,TRIM68;HEYL;FOXP1;RNF6
prerank,Regulation Of Intracellular Steroid Hormone Receptor Signaling Pathway (GO:0033143),0.2316634747747919,0.4344987048366135,0.9977973568281938,1.0,1.0,2/21,10.32%,UFSP2;TRIM68
prerank,U2-type Prespliceosome Assembly (GO:1903241),0.22185987266790191,0.4265416080490019,1.0,1.0,1.0,1/23,7.17%,RBMX2
prerank,Regulation Of Early Endosome To Late Endosome Transport (GO:2000641),-0.24147153021503426,-0.42499774504011045,0.9981785063752276,1.0,1.0,6/17,30.74%,MAP2K2;VPS11;EZR;MAPK3;MAP2K1;SRC
prerank,Regulation Of Actin Nucleation (GO:0051125),0.22641013855144784,0.4110053047492602,1.0,1.0,1.0,16/16,77.38%,GSN;WASHC2A;CORO1A;WASHC4;WASHC1;WASHC3;CARMIL1;ARFIP1;WASHC2C;RNH1;WASHC5;PICK1;WHAMM;ARFIP2;CORO1B;SCIN
prerank,Histone H2A Acetylation (GO:0043968),-0.22432914076504482,-0.4105817949141495,1.0,1.0,1.0,4/20,30.53%,RUVBL1;MORF4L2;MORF4L1;KAT5
prerank,Regulation Of mRNA Processing (GO:0050684),-0.206866854837014,-0.4067240698067029,0.9982788296041308,1.0,1.0,5/31,29.89%,ZFP36L1;JMJD6;SRSF3;DHX9;RBM39
prerank,RNA Destabilization (GO:0050779),0.22003556906350286,0.3895128066103766,0.9955357142857143,0.999690935149706,1.0,4/15,21.17%,FXR1;RIDA;FTO;GIGYF2
prerank,Peroxisomal Membrane Transport (GO:0015919),-0.21647272481612195,-0.3729097291737201,1.0,1.0,1.0,1/16,12.29%,TRIM37
prerank,Branched-Chain Amino Acid Catabolic Process (GO:0009083),-0.20954365356565705,-0.3626423391799476,1.0,0.9998964162529582,1.0,4/16,24.52%,SLC25A44;HSD17B10;ECHS1;ACAT1
