"p_val","avg_log2FC","pct.1","pct.2","p_val_adj","genes"
1.12263777675079e-94,-0.687820035840209,0.867,0.853,3.22185815549709e-90,"FP236383.1"
1.52487872571421e-81,-0.75233280503756,0.973,0.991,4.3762494549272e-77,"RASGEF1B"
5.50734565842232e-76,-1.03933035344369,0.423,0.584,1.58055313051062e-71,"MAP1B"
5.6893053688699e-69,-0.768686140136357,0.783,0.801,1.63277374781197e-64,"LINGO1"
2.53243579209001e-61,0.989349800736746,0.797,0.512,7.26783747971912e-57,"FKBP5"
5.53265704817054e-58,0.809004319453239,0.966,0.889,1.58781724625446e-53,"NEAT1"
8.65184596063059e-54,-1.87301211702838,0.133,0.251,2.48299327224137e-49,"SNAP25"
6.17043210671055e-49,0.538817052135678,0.773,0.625,1.77085231030486e-44,"SPP1"
1.7886095554323e-46,-1.81623730925982,0.112,0.231,5.13313056313516e-42,"NEFL"
3.77966487283336e-46,1.15691495007592,0.463,0.271,1.08472602185445e-41,"ACSL1"
9.91758691494158e-44,1.12600018171247,0.237,0.123,2.84624826871908e-39,"RGS1"
1.98390258875147e-38,-0.797130577684759,0.871,0.913,5.69360203945785e-34,"SLC26A3"
9.48432307681567e-36,-2.70882576045501,0.024,0.081,2.72190587981533e-31,"AC068992.1"
1.8011607422592e-35,0.452975558278368,0.898,0.792,5.16915121420969e-31,"SSH2"
4.09298130219731e-32,2.17221063097655,0.14,0.024,1.17464470391761e-27,"MTRNR2L1"
9.97987553400538e-32,1.14486071320434,0.492,0.287,2.86412447950421e-27,"HIF1A"
4.29203483782865e-31,-0.366944386867979,0.652,0.661,1.23177107810844e-26,"AL078639.1"
5.11992090110257e-29,0.830532380368591,0.582,0.374,1.46936609940743e-24,"FOXP2"
1.4979793660631e-28,-0.463400844839134,0.994,0.997,4.2990509826645e-24,"MT-CO1"
4.43985460473554e-28,-2.00074492500715,0.049,0.126,1.27419387301305e-23,"NRG1"
1.41891264554889e-27,-1.29139279710689,0.228,0.361,4.07213740146075e-23,"CX3CR1"
4.30354624436929e-26,0.680382469495272,0.249,0.17,1.23507473667154e-21,"MIR181A1HG"
1.94967075084125e-25,-2.07246625868689,0.047,0.123,5.59536008783931e-21,"NEFM"
3.02190517177677e-24,-0.258446827950686,0.993,0.997,8.67256565248216e-20,"MT-ND4"
5.87709208045718e-24,2.81560526225777,0.121,0.018,1.68666665617041e-19,"HIF1A-AS2"
2.12601552933454e-23,0.911098831767887,0.453,0.327,6.10145196763719e-19,"PADI2"
2.12972146126875e-23,0.532964739968651,0.917,0.841,6.11208762169519e-19,"CELF2"
3.65559328687492e-23,0.875952048512681,0.421,0.273,1.04911871740023e-18,"FAM13A"
1.49621184975246e-21,-1.25071655694463,0.114,0.215,4.29397838760458e-17,"SYT1"
2.43570260368497e-21,-1.11124094580114,0.1,0.182,6.9902229023155e-17,"ROBO2"
8.09420548441184e-21,0.522593272202691,0.626,0.456,2.32295603197135e-16,"SRGAP1"
1.68395059510355e-20,-2.18012705356869,0.038,0.108,4.83276981288768e-16,"NEFH"
8.02092086566019e-20,1.18785043662964,0.544,0.288,2.30192407923582e-15,"CCND3"
9.79964513420124e-19,0.198354719858291,0.431,0.367,2.81240015706441e-14,"TLR2"
2.26227501326559e-18,0.342664333589648,0.455,0.367,6.4925030605709e-14,"TLN2"
3.12140107736254e-18,-0.863962190145712,0.702,0.783,8.95810895192274e-14,"AC244021.1"
9.88092709847537e-18,-0.20848115586302,0.519,0.505,2.83572726799145e-13,"TMSB4X"
9.94644269693839e-18,1.41409998017839,0.096,0.024,2.85452958959435e-13,"DDIT4"
1.14716610851179e-17,-0.32946822261833,0.2,0.213,3.29225201481799e-13,"MAP2"
1.80493306380882e-17,-1.12198126113607,0.126,0.207,5.17997739982494e-13,"RBFOX1"
2.34967238130723e-17,-1.15654934463277,0.064,0.106,6.74332476711361e-13,"STMN2"
3.70708404602728e-17,0.578624488867128,0.147,0.092,1.06389605036937e-12,"SLC16A3"
3.76671015307082e-17,0.243857304153837,0.695,0.582,1.08100814682979e-12,"HSP90AA1"
4.95150660271598e-17,0.135318174957255,0.181,0.157,1.42103287991346e-12,"JAK3"
6.06337613679008e-17,0.891751715113081,0.266,0.159,1.74012831749739e-12,"RNF144B"
2.4487631756494e-16,0.250955020456583,0.399,0.309,7.0277054377962e-12,"PHC2"
2.73442203324499e-16,-1.06753323661605,0.068,0.113,7.8475177932098e-12,"KCND2"
2.96448520671221e-16,0.434780101563792,0.786,0.685,8.50777609474337e-12,"RUNX1"
6.71317021679548e-16,-0.74354332175547,0.468,0.534,1.92661272051813e-11,"MAF"
8.42971030594541e-16,0.604522312693718,0.119,0.077,2.41924256070327e-11,"SLC2A3"
1.17647610524793e-15,0.223642214331593,0.557,0.475,3.37636877445103e-11,"PDE4B"
1.37778421739729e-15,0.166687003864402,0.981,0.98,3.95410292550849e-11,"MT-ND3"
2.04913422027669e-15,0.249095345624415,0.329,0.258,5.88081029877208e-11,"TNFRSF1B"
2.33042650487928e-15,0.546199262205894,0.651,0.483,6.68809102635304e-11,"SMAP2"
4.87742312924773e-15,0.668097016438832,0.154,0.096,1.39977166386281e-10,"MAP3K8"
6.52063556729583e-15,0.316824158128102,0.256,0.199,1.87135720145823e-10,"PLSCR1"
9.93222139248046e-15,-0.736636264130766,0.31,0.372,2.85044821742797e-10,"TUBA1B"
1.1940854155824e-14,1.0175293718097,0.37,0.184,3.42690573417993e-10,"IRS2"
1.21839486431888e-14,-0.164209071366666,0.34,0.314,3.49667142110875e-10,"RTN3"
1.27440784362928e-14,-0.390516307177396,0.495,0.521,3.65742307043168e-10,"MYO1F"
1.4046440175215e-14,0.579197072144198,0.575,0.414,4.03118786588494e-10,"FAM149A"
1.90458799938501e-14,0.366704383843343,0.357,0.279,5.46597709943503e-10,"C1QB"
3.03497196465775e-14,0.763602987352245,0.526,0.352,8.71006604137127e-10,"CTTNBP2"
3.29824169258192e-14,0.605183976468384,0.184,0.132,9.46562383354085e-10,"FAM110B"
4.97615723130944e-14,-0.226266254434668,0.193,0.197,1.4281073638135e-09,"TBC1D8"
5.44384402995373e-14,1.23787598103593,0.106,0.035,1.56232879815642e-09,"CEBPD"
8.93991648864944e-14,-0.917388606549161,0.067,0.094,2.5656666330775e-09,"EEF1A2"
1.13024061012774e-13,0.838590980833478,0.725,0.553,3.24367752700559e-09,"AC016831.7"
1.29826000620661e-13,-0.451998474246498,0.218,0.205,3.72587639181236e-09,"ATP1B1"
1.33410975864312e-13,-0.680474815274215,0.67,0.759,3.82876159632989e-09,"C3"
1.59121039068583e-13,-0.184973611638807,0.532,0.527,4.56661470022926e-09,"BACH1"
1.94374110729073e-13,0.758143860428837,0.337,0.202,5.57834260381365e-09,"SEC14L1"
2.09338074562942e-13,0.781520460537694,0.243,0.14,6.00779340188188e-09,"UBXN2B"
2.63529646227306e-13,1.28137807967371,0.23,0.099,7.56303731707745e-09,"PGK1"
3.84260680410704e-13,-0.797640128718661,0.058,0.088,1.10278972671068e-08,"RIMS2"
4.15383577604392e-13,-0.917135675815656,0.534,0.658,1.19210932936684e-08,"ZFP36L1"
4.87212326235259e-13,0.296357311630197,0.731,0.625,1.39825065506257e-08,"ETV6"
6.20981947070349e-13,-1.84020939827739,0.028,0.076,1.78215608989719e-08,"STXBP5L"
6.83788332166933e-13,-0.128952808989321,0.068,0.078,1.96240413448588e-08,"HAMP"
6.84388053407182e-13,-0.510866236399205,0.337,0.374,1.96412527447327e-08,"SOCS6"
8.29778192474244e-13,-1.43350100794656,0.035,0.06,2.38138043458183e-08,"VSNL1"
8.79105167855632e-13,0.342931318163428,0.344,0.262,2.52294392122888e-08,"SRGN"
9.20181562685486e-13,0.616340265476579,0.432,0.289,2.64082906675108e-08,"GPRIN3"
1.56976213747189e-12,-0.349033584814828,0.24,0.233,4.50506035833058e-08,"YWHAG"
1.67045335344365e-12,-0.527035180349443,0.292,0.315,4.79403407904793e-08,"MARCKS"
1.72744869080456e-12,-0.917631978174824,0.102,0.14,4.95760499774e-08,"MAP1A"
1.79176127693088e-12,0.479431500357223,0.353,0.254,5.14217568866394e-08,"CHST15"
1.79678634536314e-12,0.805557975219765,0.316,0.153,5.15659713255767e-08,"ZBTB16"
1.81655953530971e-12,0.571753011382956,0.591,0.468,5.21334421038535e-08,"RAPGEF1"
2.19717555655746e-12,-0.305959371582161,0.191,0.257,6.30567412976425e-08,"CNTNAP2"
2.33115576757327e-12,-0.982689670200709,0.085,0.129,6.69018393735853e-08,"GPC5"
3.18942431321264e-12,1.12154911823125,0.317,0.159,9.15332883648897e-08,"BNIP3L"
4.04295119276572e-12,-0.630771942509627,0.332,0.348,1.16028656281184e-07,"RBM25"
4.56873349550693e-12,0.384860113519646,0.463,0.335,1.31118082587553e-07,"BBX"
4.76293418080455e-12,0.241524731381642,0.067,0.031,1.3669144805491e-07,"GNLY"
6.27133534047796e-12,-0.878383928167954,0.049,0.08,1.79981052936377e-07,"KCNQ5"
6.68787911434688e-12,-0.10081877396491,0.986,0.991,1.91935442702641e-07,"MT-ATP6"
7.24392138478435e-12,-0.560300236361466,0.326,0.355,2.07893299821926e-07,"PRPF38B"
8.4661968227329e-12,-0.329902407790089,0.342,0.352,2.42971382615612e-07,"RYR1"
8.58569233015051e-12,0.308321587961326,0.875,0.833,2.4640078418299e-07,"LDLRAD4"
8.90108750347011e-12,0.169245783587073,0.318,0.275,2.55452310262089e-07,"TBC1D14"
9.79234491819156e-12,-0.284322150981885,0.233,0.226,2.81030506807179e-07,"IDS"
1.3091549866107e-11,-0.752962209702584,0.365,0.459,3.75714389607405e-07,"DLEU7-AS1"
1.34899776145963e-11,0.48734121587365,0.167,0.105,3.871488675613e-07,"HLA-B"
1.36125641050036e-11,0.28128562926309,0.31,0.252,3.90666977249498e-07,"CHSY1"
1.37758285855585e-11,-0.956165946682636,0.063,0.086,3.95352504576945e-07,"NDRG4"
1.38177149648652e-11,0.297104470067976,0.571,0.47,3.96554601776667e-07,"MAN2A1"
1.55214524699817e-11,0.444591571914185,0.47,0.344,4.45450164436006e-07,"RPS6KA3"
1.58278202076939e-11,0.552887958475967,0.125,0.058,4.54242612140606e-07,"DUSP1"
1.63864839833798e-11,2.47189060719286,0.078,0.012,4.70275703839018e-07,"FGL1"
2.02046924270528e-11,1.18646032673244,0.274,0.136,5.79854467963989e-07,"MT2A"
2.12049682703754e-11,-1.0450967676376,0.11,0.185,6.08561384391503e-07,"KCNIP4"
2.36395171049151e-11,-0.221468050798545,0.661,0.639,6.78430501393959e-07,"MAP4K4"
2.95604955886416e-11,-0.543594759790949,0.146,0.18,8.48356662898425e-07,"DPP6"
3.07737892684825e-11,1.18419982765521,0.158,0.064,8.83176978216178e-07,"AC066613.2"
3.09901085416484e-11,0.427004650927659,0.357,0.282,8.89385125036766e-07,"CPVL"
3.45842915234831e-11,0.537156528718384,0.286,0.164,9.92534582432441e-07,"RASSF2"
3.63187678790282e-11,0.466263663879352,0.496,0.359,1.04231231936023e-06,"ATF6"
4.14519897353545e-11,0.358086670612593,0.226,0.155,1.18963065341494e-06,"JDP2"
4.28491852636985e-11,0.222179194575294,0.132,0.098,1.22972876788288e-06,"PTPRG"
4.92348363137195e-11,-0.224133513917557,0.46,0.435,1.41299056736743e-06,"DPYSL2"
6.90329051285813e-11,0.396592665150622,0.518,0.424,1.98117534428515e-06,"RAB31"
6.96980260090773e-11,0.4163264607148,0.284,0.199,2.00026364843451e-06,"MPZL1"
8.81275439861615e-11,0.331272664020285,0.447,0.348,2.52917238485885e-06,"DOCK11"
8.90972977546098e-11,0.313651665980727,0.307,0.226,2.55700334825955e-06,"SLC2A5"
1.16613595693456e-10,0.255111036319282,0.828,0.746,3.3466935828065e-06,"MAML2"
1.19154520652096e-10,0.230974759175267,0.202,0.161,3.41961558819451e-06,"IGF2R"
1.25092992318238e-10,0.547669684441197,0.068,0.052,3.59004378654112e-06,"CEMIP2"
1.25924991382816e-10,-0.11658871970373,0.51,0.462,3.61392132769543e-06,"ITM2B"
1.26546688897639e-10,0.238199366334133,0.444,0.352,3.63176342467335e-06,"TTC7A"
1.28991662306353e-10,-0.3970242822281,0.762,0.814,3.70193171653004e-06,"APBB1IP"
1.40016267640593e-10,-1.31227904948565,0.032,0.06,4.01832686501737e-06,"GRIK1"
1.77549309646042e-10,0.515934173872615,0.144,0.093,5.09548763753175e-06,"TPI1"
1.94737395404736e-10,-0.399718891612039,0.983,0.976,5.58876851072051e-06,"MT-ND1"
1.985283809277e-10,0.189013232684595,0.243,0.209,5.69756600424407e-06,"C1QA"
1.99415644813758e-10,0.275697883534399,0.331,0.234,5.72302959051003e-06,"TXNIP"
2.34883840549115e-10,-0.952550937338374,0.039,0.056,6.74093133991904e-06,"STX1B"
2.68722289429764e-10,-0.59928492153179,0.312,0.374,7.7120609843448e-06,"AC008691.1"
2.92587611580253e-10,0.910092000660698,0.086,0.031,8.39697186474168e-06,"PER1"
2.9502971574866e-10,-0.354084094184431,0.986,0.991,8.4670578122708e-06,"MT-ND2"
2.97256122320957e-10,0.720835457633733,0.516,0.344,8.53095345448913e-06,"SDK1"
3.09202984046073e-10,0.258633178973996,0.48,0.41,8.87381643913824e-06,"PELI1"
3.27169271886011e-10,-1.43059634338224,0.026,0.046,9.38943093385663e-06,"CPLX1"
3.44379962518504e-10,-0.284224018216486,0.472,0.463,9.88336054431854e-06,"ZNF710"
4.25802633823521e-10,0.864923664878691,0.148,0.073,1.22201097881012e-05,"HLA-A"
6.91760896225726e-10,0.521901488105451,0.351,0.261,1.98528459607821e-05,"STAT3"
7.19519393535626e-10,0.397904898063062,0.207,0.136,2.06494870750789e-05,"DARS"
8.22806608415544e-10,0.194358905928696,0.98,0.983,2.36137268549177e-05,"PLXDC2"
8.23804845574176e-10,0.728151090619489,0.451,0.323,2.36423752631333e-05,"SIPA1L1"
9.4632766981694e-10,0.166236937505078,0.502,0.415,2.71586577960764e-05,"DENND3"
1.02464950537377e-09,1.06848657838438,0.324,0.191,2.94064161547217e-05,"GNA13"
1.06393315617775e-09,0.227354772539061,0.342,0.274,3.05338176491451e-05,"AC245297.3"
1.13555672493151e-09,-0.134910368340655,0.627,0.57,3.25893424488093e-05,"ANKRD11"
1.54745999841225e-09,0.39013571670629,0.503,0.356,4.44105544944332e-05,"GNAS"
1.69720465295897e-09,1.31274807228715,0.132,0.043,4.87080763352695e-05,"TSC22D3"
1.72961668424808e-09,-0.416498093583383,0.161,0.179,4.96382692212355e-05,"AC027644.4"
1.75904609402012e-09,0.319625961263521,0.726,0.616,5.04828638522835e-05,"AKAP13"
1.90328033138847e-09,0.424737542416947,0.475,0.378,5.46222422305177e-05,"ALCAM"
1.96291803455486e-09,-1.73464794030419,0.03,0.073,5.633378467369e-05,"MAP7D2"
1.99791423866265e-09,0.720146597995295,0.192,0.111,5.73381407353794e-05,"AIDA"
2.10776286449423e-09,0.681330861079083,0.253,0.176,6.04906864481199e-05,"GBE1"
2.3857422150672e-09,0.386353416182323,0.684,0.543,6.84684158302136e-05,"PREX1"
2.42698237968217e-09,0.123913763737032,0.165,0.161,6.96519673144985e-05,"ERC2"
2.51543529980556e-09,-1.23312329292826,0.041,0.075,7.21904776691197e-05,"CADPS"
2.77405909840624e-09,0.141563578329095,0.051,0.056,7.96127220651606e-05,"LAMA2"
3.07916330512723e-09,0.343746834604821,0.641,0.543,8.83689076938463e-05,"AUTS2"
3.4708657310276e-09,1.18131237192895,0.143,0.058,9.9610375614761e-05,"PDK1"
4.02318813202374e-09,0.485830616318662,0.34,0.22,0.000115461476200949,"GLUL"
4.08418944056026e-09,0.11012928911996,0.413,0.359,0.000117212152754639,"VMP1"
4.99411533064637e-09,0.270193329399169,0.485,0.394,0.00014332611587422,"USP15"
5.00251943975495e-09,0.249468679793322,0.305,0.248,0.000143567305401527,"AGTPBP1"
5.27866084430037e-09,0.21193095010789,0.433,0.344,0.000151492287570576,"NFE2L2"
6.25626654686531e-09,-0.174910087340032,0.121,0.116,0.000179548593628487,"UCHL1"
7.14322449133966e-09,0.705249892071725,0.171,0.123,0.000205003399676957,"GK"
7.78095965563747e-09,1.2293566720907,0.146,0.089,0.00022330576115714,"NAMPT"
8.65929312869256e-09,-1.2809203424291,0.032,0.064,0.000248513053500348,"SNCB"
8.74962841994032e-09,0.618740892744721,0.326,0.224,0.000251105586023867,"REL"
8.90116774524954e-09,-0.407492767182073,0.385,0.408,0.000255454613120916,"TNRC18"
1.1390539039707e-08,-0.179270885336344,0.2,0.186,0.000326897079900551,"PRNP"
1.16229720306299e-08,-0.274990289136093,0.138,0.163,0.000333567674307047,"NRXN1"
1.21857695303752e-08,0.518928278984281,0.206,0.121,0.000349719399752239,"IL10RA"
1.2301086498926e-08,-0.296900831604294,0.118,0.116,0.000353028881432677,"SPTAN1"
1.27102415392936e-08,0.173394073075186,0.175,0.148,0.000364771221936187,"TNFAIP8"
1.30428223321377e-08,-0.202825686297667,0.955,0.965,0.000374315958110019,"MT-CYB"
1.40112035185203e-08,-1.27415516804579,0.018,0.026,0.000402107529778015,"SLC17A6"
1.50847877669355e-08,-1.10902066446707,0.18,0.302,0.000432918324123281,"CIRBP"
1.50926908261805e-08,0.21560657431789,0.79,0.731,0.000433145134020554,"ARHGAP15"
1.5555120441824e-08,-1.28873843704602,0.026,0.051,0.000446416401559908,"TAGLN3"
1.68788280477986e-08,-0.406311655055333,0.296,0.319,0.000484405486143772,"BIN1"
1.8444083904588e-08,-0.178027971276989,0.227,0.202,0.00052932676397777,"AC124312.1"
1.8906864967212e-08,-0.284415700650837,0.204,0.187,0.000542608117694016,"INO80D"
1.98027707049147e-08,-0.367911868313506,0.394,0.414,0.000568319716460346,"CSF2RA"
2.03450528714889e-08,0.262500070055915,0.614,0.5,0.000583882672358859,"CEP170"
2.1683378465591e-08,0.304126849097259,0.454,0.344,0.000622291278583997,"GAPDH"
2.41232247518237e-08,0.363991731013861,0.413,0.325,0.000692312427152589,"PPARD"
2.52325802567572e-08,0.205215468901792,0.329,0.273,0.000724149820788675,"RBPJ"
2.54198544771308e-08,0.379801515589502,0.336,0.25,0.000729524403639178,"RAP1B"
2.77350950802578e-08,0.280570245852279,0.355,0.273,0.000795969493708319,"CYTH1"
3.46687029222715e-08,0.508646415612866,0.49,0.357,0.00099495710516627,"ZNF292"
3.50862284329222e-08,0.591292590289172,0.289,0.175,0.00100693966979643,"ZNF124"
3.77894918450896e-08,0.40100842403766,0.28,0.185,0.00108452062646223,"SNX27"
3.79794742723534e-08,0.493248518824257,0.071,0.042,0.00108997293214227,"STK17B"
4.3115759569744e-08,-0.763001470166304,0.164,0.197,0.00123737918389208,"TMEM30A"
4.32302142905561e-08,-0.127509732865171,0.306,0.277,0.00124066391992467,"MORF4L1"
4.34304078314481e-08,0.358849437722812,0.611,0.498,0.00124640927435473,"DTNA"
4.39384528417115e-08,0.67129426877391,0.42,0.289,0.00126098965810428,"GLDN"
4.82171365600522e-08,-0.774811393155593,0.085,0.121,0.00138378360213694,"DNM1"
5.189634212968e-08,-0.26243418897613,0.258,0.241,0.00148937312277969,"TGFB1"
5.21425670713196e-08,-0.632375201598148,0.105,0.15,0.0014964395323798,"FAM155A"
5.22042253174409e-08,0.867771638697657,0.224,0.126,0.00149820906238524,"MGAT1"
5.73926798534819e-08,-0.42990637935461,0.244,0.268,0.00164711251911508,"ATRN"
5.8748079889737e-08,-0.296580769311887,0.427,0.431,0.00168601114475556,"LRRK1"
6.02497530213106e-08,0.162056617688731,0.51,0.42,0.00172910766195859,"BIRC6"
6.41114613835743e-08,-1.83732834659955,0.013,0.036,0.0018399348302472,"AP000812.1"
6.44593309567724e-08,0.696107310718262,0.487,0.316,0.00184991833912841,"MBNL2"
6.49459016496765e-08,1.54681498391385,0.069,0.022,0.00186388243144407,"ROR2"
6.51390646934411e-08,-0.876353666026839,0.076,0.108,0.00186942601763707,"FGF14"
6.67389418632952e-08,0.951480203530042,0.065,0.033,0.00191534089253471,"AL162414.1"
6.99241685944074e-08,0.235300758927967,0.128,0.107,0.0020067537144909,"LIMK2"
7.08620490910348e-08,0.159462210875759,0.222,0.16,0.00203366994686361,"KIF2A"
7.13912138972519e-08,-0.251728380770838,0.329,0.325,0.00204885644763723,"SON"
7.16201108963757e-08,0.158094103551006,0.215,0.159,0.00205542556261509,"EGLN1"
7.33290580883396e-08,-0.46948403919374,0.324,0.347,0.00210447063807726,"RNF213"
7.35184422940572e-08,-0.169665524585889,0.167,0.164,0.00210990577539715,"PREPL"
7.56273061629248e-08,0.297563597626642,0.393,0.315,0.00217042805956978,"DOCK5"
7.69017645475223e-08,0.125090014232599,0.495,0.412,0.00220700374074934,"RHBDF2"
7.84232262192809e-08,0.174154950632199,0.329,0.252,0.00225066816926714,"MAP3K3"
8.98536132333866e-08,0.382083017479532,0.289,0.201,0.00257870884618496,"VAPA"
9.02940976753014e-08,0.38550099876717,0.067,0.04,0.00259135030918347,"ACADVL"
9.68866026819132e-08,0.392581324115734,0.751,0.616,0.00278054861036823,"KCNMA1"
1.07434224433682e-07,-0.215483537479633,0.226,0.218,0.00308325480702224,"SPARCL1"
1.07936419076869e-07,0.123241621024785,0.627,0.578,0.00309766729108706,"TCF4"
1.09593019040847e-07,0.36604672350721,0.607,0.483,0.00314521005345325,"PIP4K2A"
1.10754406268119e-07,0.25893127646848,0.826,0.743,0.00317854070548874,"MBNL1"
1.12769667184805e-07,0.631546478659272,0.374,0.239,0.00323637667853672,"PPP2R2A"
1.15876517003676e-07,0.161831295624773,0.192,0.154,0.00332554016148851,"ITGA9"
1.27507505194899e-07,-0.105763385740009,0.701,0.681,0.0036593378915884,"FYB1"
1.31982815039447e-07,1.72140200873196,0.066,0.019,0.0037877748088171,"AC078883.1"
1.37847644158115e-07,-0.342153906373501,0.273,0.34,0.00395608953969373,"CCDC26"
1.3909864764924e-07,-0.264783505725936,0.427,0.414,0.00399199208888554,"LAPTM5"
1.40183193933957e-07,-0.915293591637907,0.045,0.068,0.00402311748271062,"DLGAP1"
1.43889004863549e-07,1.46510805171119,0.444,0.22,0.00412947055057899,"P4HA1"
1.48822780455905e-07,0.282769532607192,0.436,0.325,0.00427106497630402,"TET2"
1.50814956411987e-07,-0.16301556357914,0.106,0.095,0.00432823843406762,"RIC8B"
1.55287638139439e-07,0.38018506375894,0.364,0.264,0.00445659992696375,"HDAC4"
1.58408224354268e-07,-0.822007389566226,0.155,0.255,0.00454615763074313,"C22orf34"
1.60154961707257e-07,0.20999644601692,0.532,0.444,0.00459628724603656,"RUNX2"
1.69849340179366e-07,0.364493998757773,0.511,0.376,0.00487450621380763,"PLCG2"
1.72263425324136e-07,0.525693776767261,0.218,0.143,0.00494378804337737,"VGLL4"
1.74487923840566e-07,0.319359606807298,0.929,0.885,0.00500762892630041,"ELMO1"
1.75324941825069e-07,-0.688695612205435,0.034,0.045,0.00503165050543766,"THY1"
1.75513456285849e-07,-0.37319615483778,0.177,0.185,0.00503706068194759,"AP2A2"
1.79375938686276e-07,-0.211131801620976,0.381,0.34,0.00514791006435744,"LUC7L3"
1.85395350686061e-07,-0.860771346355665,0.023,0.031,0.00532066116933927,"INA"
1.91806460255009e-07,0.137208862958462,0.513,0.422,0.00550465360285851,"SUSD6"
1.9518268194698e-07,-0.55456286616165,0.071,0.1,0.00560154778919639,"GRIN1"
1.96868377241343e-07,0.213857201278166,0.53,0.441,0.00564992555844931,"KDM4C"
1.99643029093406e-07,0.147156243419591,0.686,0.605,0.00572955529195167,"RERE"
2.14161585956515e-07,-0.468659627456873,0.115,0.129,0.00614622335536602,"KIF1A"
2.17187240451063e-07,-0.89425568028357,0.042,0.065,0.00623305661370507,"PRKAR1B"
2.21226019950458e-07,0.162051512176899,0.4,0.327,0.0063489655465582,"DLG1"
2.22158387911041e-07,0.239579291305891,0.232,0.176,0.00637572357465896,"NLRP1"
2.2733808062155e-07,0.180643915340061,0.462,0.382,0.00652437557575786,"RAB1A"
2.31227538921352e-07,0.77177651383091,0.433,0.289,0.00663599913950388,"ARHGAP6"
2.38651066955965e-07,0.574549726164055,0.579,0.454,0.00684904697056923,"FTL"
2.45840434895916e-07,0.192627809848184,0.544,0.468,0.00705537464107789,"VTI1A"
2.46279915061443e-07,0.129642074443831,0.091,0.082,0.00706798728234836,"FRRS1"
2.47792172984716e-07,0.530075579125404,0.458,0.327,0.00711138757248837,"PHF21A"
2.61669717458971e-07,-0.181494219329895,0.093,0.089,0.00750965922135501,"HAPLN2"
2.61880678117239e-07,0.19699417031701,0.241,0.202,0.00751571358128663,"INVS"
2.66556615796427e-07,0.111588647739962,0.119,0.094,0.00764990831674165,"SIRPB2"
2.68085132663138e-07,1.04006539444271,0.353,0.208,0.00769377522229939,"FAM49A"
2.68321900616285e-07,0.435047454294168,0.333,0.233,0.00770057022578676,"PRKCE"
2.7279116734778e-07,-1.51256101478909,0.025,0.054,0.00782883371171394,"DOK6"
2.73743585422835e-07,-0.689129469763021,0.044,0.05,0.00785616715804995,"NAP1L3"
2.74897873636237e-07,0.483240133091791,0.353,0.254,0.00788929407548637,"ASAP1"
2.81609041635303e-07,-0.121024655793284,0.284,0.304,0.00808189788589155,"ST18"
2.92547783805043e-07,-0.26692717249443,0.117,0.139,0.00839582884742092,"KIRREL3"
2.92743136901803e-07,0.389076762656551,0.145,0.111,0.00840143528594485,"BCL6"
2.9665339661763e-07,-0.134784306894463,0.123,0.126,0.00851365582952937,"CPA6"
2.98790390996234e-07,0.337846607729324,0.382,0.266,0.00857498543120093,"NEK7"
3.02326687376148e-07,-0.417896384218184,0.06,0.066,0.00867647360100806,"PCDH7"
3.08869933125255e-07,1.21058677005859,0.063,0.019,0.00886425821076169,"ALOX15B"
3.10454522714078e-07,0.571745278470084,0.378,0.26,0.00890973434737131,"PRKCH"
3.13335271384848e-07,0.19175755355897,0.276,0.216,0.00899240895347376,"USP53"
3.15616839138323e-07,0.376627243614103,0.695,0.575,0.00905788766643074,"ADAM28"
3.19837873287976e-07,-0.107596734869611,0.178,0.145,0.00917902712549162,"LHPP"
3.54758685904397e-07,-0.392537348644481,0.169,0.185,0.0101812195267703,"DYNLL2"
3.54878389448393e-07,0.156721986880534,0.431,0.338,0.0101846548987794,"SCAF11"
3.55477469003178e-07,0.251853630523183,0.28,0.216,0.0102018478829222,"CUL1"
3.55710364903918e-07,0.613346658358845,0.578,0.411,0.0102085317623776,"RIN3"
3.64844902869363e-07,0.539151640025898,0.44,0.285,0.0104706838674478,"HNRNPA2B1"
3.71146812212854e-07,0.219934299827901,0.603,0.565,0.0106515423636967,"IMMP2L"
3.80639859771242e-07,-0.327187325495562,0.557,0.553,0.0109239833355749,"PSAP"
3.86170904446251e-07,-0.262599236688082,0.361,0.377,0.0110827187867029,"ALPK1"
3.87592362620328e-07,0.130900032145684,0.341,0.289,0.0111235132148408,"UBR3"
3.9683482782302e-07,0.302806145515683,0.319,0.247,0.0113887627236929,"CHD1"
3.97500194386177e-07,-0.236242337393005,0.226,0.219,0.0114078580786889,"RASA3"
4.10488393081075e-07,-0.51724778544177,0.377,0.404,0.0117806063930338,"RTTN"
4.14037649816111e-07,0.285471803296615,0.254,0.203,0.0118824665120726,"PHLPP1"
4.26140344388361e-07,-0.528729039508845,0.062,0.068,0.0122298017436016,"PWAR6"
4.26395954600421e-07,0.790827591738089,0.144,0.076,0.0122371375010775,"MCL1"
4.29960476854202e-07,-0.866041929078288,0.184,0.336,0.0123394357252387,"NRXN3"
4.31457893468837e-07,0.324840865372464,0.425,0.359,0.0123824100846622,"EPB41L3"
4.38489872724692e-07,-0.123772870025295,0.204,0.168,0.0125842208573259,"PRKAR1A"
4.39772838633719e-07,0.135145058107844,0.383,0.325,0.0126210406959491,"ST8SIA4"
4.40625419054477e-07,0.35036324993009,0.621,0.483,0.0126455089014444,"NIPBL"
4.64154456671431e-07,0.156361090555124,0.44,0.368,0.0133207687520134,"PTK2"
4.67267883847799e-07,-0.105627136802933,0.386,0.336,0.013410120998548,"WSB1"
4.68093590057927e-07,0.647879802263637,0.529,0.431,0.0134338179410724,"ELL2"
4.85149042887852e-07,0.182508052340972,0.093,0.066,0.0139232923818385,"ZFP36"
4.87720304947227e-07,0.138638625089638,0.138,0.118,0.0139970850316805,"PTPN1"
4.99030430390003e-07,0.350010332009279,0.36,0.275,0.0143216743217627,"GTDC1"
5.05114689494117e-07,0.19065955827854,0.561,0.481,0.0144962864737917,"SBF2"
5.06968731557159e-07,0.292585426871727,0.566,0.437,0.0145494956269589,"NUMB"
5.08825295236354e-07,-1.10909681771819,0.026,0.047,0.0146027771479881,"PDZD4"
5.63386431557152e-07,0.276173215568457,0.547,0.443,0.0161686271992587,"FMN1"
5.88373218166662e-07,-0.338219655158102,0.235,0.228,0.016885722988165,"HLA-E"
5.97543756896437e-07,0.111368988846937,0.426,0.371,0.0171489082791709,"FTO"
6.02339095541902e-07,-1.32612485789314,0.022,0.039,0.017286529702957,"ATP2B2"
6.30900328930478e-07,-0.421144324185384,0.232,0.294,0.0181062085399758,"LSAMP"
6.32254223061267e-07,-0.432115730369739,0.28,0.297,0.0181450639476353,"DNMT3A"
6.43930616986032e-07,0.642530255951681,0.031,0.015,0.0184801647768821,"TNFRSF11B"
6.61488156205042e-07,0.14786911189018,0.65,0.577,0.0189840485949285,"SDCCAG8"
6.85471938019853e-07,-0.253944713144836,0.355,0.338,0.0196723591492317,"BHLHE41"
6.92976558843571e-07,0.585976767214868,0.193,0.127,0.0198877342622516,"ENO1"
7.0395358660575e-07,2.76664479110467,0.016,0.003,0.0202027639819984,"SLCO4A1"
7.32397391263819e-07,0.168853500900271,0.396,0.319,0.0210190727318804,"CDC42SE2"
8.01046236496449e-07,-0.682511634858208,0.163,0.198,0.0229892259412116,"SCD5"
8.02857506295647e-07,0.212275614915174,0.358,0.292,0.0230412075731788,"RNF149"
8.25901685685576e-07,0.176040000588391,0.175,0.123,0.0237025524774903,"FLOT2"
8.37496771747668e-07,-0.263215641149136,0.099,0.1,0.0240353198523863,"NAT8L"
8.43034728614377e-07,0.194533756772272,0.474,0.376,0.024194253676504,"IGSF21"
8.50644922029782e-07,-0.648946202815252,0.097,0.116,0.0244126586173327,"SCOC"
8.70066974580214e-07,0.308895120020328,0.422,0.32,0.0249700521034776,"UBR5"
8.77249695989469e-07,0.465268820518384,0.841,0.74,0.0251761890252018,"PICALM"
8.85092643800104e-07,0.19742546027195,0.423,0.332,0.0254012737844192,"PTEN"
8.9096078314342e-07,0.735349755275062,0.459,0.309,0.025569683515433,"CCNH"
9.25115198448771e-07,-0.200073232993697,0.402,0.381,0.0265498810802813,"TNRC6A"
9.67167551553029e-07,0.2345231437848,0.22,0.182,0.0277567415620204,"TRERF1"
9.94089277237209e-07,-0.370809320970443,0.061,0.079,0.0285293681674307,"PCDH15"
1.05195694723092e-06,0.252374280394912,0.328,0.257,0.0301901124285801,"RAB3GAP1"
1.0581108015544e-06,-0.85625209015205,0.031,0.047,0.0303667218938096,"ATP8A2"
1.14093881905763e-06,0.28820234682052,0.355,0.268,0.0327438031681349,"DCAF6"
1.14263069149412e-06,-0.449582210438604,0.345,0.346,0.0327923582151896,"NUCKS1"
1.17080100611119e-06,1.04014982247065,0.049,0.016,0.0336008180743851,"SH2D4A"
1.17380309904785e-06,0.105279451497838,0.126,0.092,0.0336869751395741,"LDHB"
1.22789242220385e-06,-0.300887133203238,0.179,0.174,0.0352392846248282,"RPS24"
1.25614582334186e-06,0.204132774917494,0.237,0.177,0.0360501289840882,"KHDRBS1"
1.27819165636168e-06,0.321265304123091,0.786,0.683,0.0366828223459238,"JAZF1"
1.36123115450817e-06,-0.913735299291023,0.042,0.06,0.0390659729032299,"BRSK1"
1.37254828924012e-06,0.139988438248353,0.649,0.561,0.0393907633529021,"CMIP"
1.44811621599454e-06,-0.272029060290168,0.222,0.201,0.0415594872828274,"RPL8"
1.45373928616616e-06,0.294377820534279,0.375,0.315,0.0417208637736825,"MEF2C-AS1"
1.46809233080484e-06,-0.141772898668658,0.314,0.296,0.042132781801768,"NCKAP1L"
1.49106434645728e-06,-0.13989317154273,0.168,0.14,0.0427920556789776,"ARPP19"
1.50726147217771e-06,0.658237676795212,0.268,0.177,0.0432568969900281,"UST"
1.57428684768612e-06,0.342613347474352,0.298,0.221,0.0451804582417441,"SLA"
1.57906588704965e-06,0.227309495717951,0.145,0.096,0.045317611892438,"SELENOP"
1.62328776804121e-06,0.640954019692901,0.413,0.266,0.0465867356550148,"SLC25A37"
1.63502961525383e-06,-0.593081880711912,0.282,0.327,0.0469237149281695,"LPAR6"
1.64420805228532e-06,0.261153522068238,0.18,0.122,0.0471871268925364,"UBXN7"
1.65515917298923e-06,-0.164727173497277,0.081,0.073,0.0475014131056179,"TSPYL4"
1.66685579541664e-06,-1.95975124798247,0.014,0.042,0.0478370944726623,"SV2B"
1.69956609590038e-06,0.123300176898553,0.255,0.21,0.0487758473862451,"RABGAP1"
1.73916155085907e-06,0.824130054168251,0.259,0.151,0.0499121973481045,"KLHL6"
1.78790634727793e-06,-2.52151764955371,0.114,0.541,0.0513111242605294,"XIST"
1.81655764089809e-06,-0.631991587571593,0.072,0.087,0.0521333877361341,"CHN1"
1.94468205972851e-06,-0.330665548885236,0.226,0.241,0.0558104304321486,"PEBP1"
1.97474093261392e-06,0.277403755575204,0.796,0.745,0.0566730900250869,"MEF2C"
1.98248659141209e-06,-0.271409876488319,0.659,0.673,0.0568953826869355,"ARHGAP22"
2.00654771012321e-06,0.270847932123457,0.382,0.294,0.057585912732826,"ANKRD10"
2.05219855947446e-06,0.319041179523715,0.33,0.248,0.0588960464583577,"ACSL4"
2.06759411270954e-06,-0.186887178800921,0.664,0.645,0.0593378834406512,"PTPRJ"
2.07668721322302e-06,0.309305210773718,0.529,0.409,0.0595988463322874,"N4BP2L2"
2.10220095767236e-06,0.101862817094804,0.278,0.253,0.0603310652842392,"GMDS"
2.1226511275532e-06,-0.644416076284406,0.033,0.047,0.0609179647096493,"GNG3"
2.14137939826125e-06,0.405348985183891,0.203,0.15,0.0614554473506997,"TMEM51"
2.17985759194401e-06,-0.661195316712205,0.058,0.087,0.0625597330312012,"FGF12"
2.22152711285701e-06,-0.262363406475305,0.269,0.275,0.0637556066118832,"S100B"
2.26129589728613e-06,0.516622116935748,0.402,0.282,0.0648969309562146,"CD86"
2.28663100434384e-06,0.39758409402368,0.395,0.303,0.065624023193664,"SIPA1L2"
2.29788727944296e-06,0.216731856234242,0.494,0.437,0.0659470670327334,"BCL2"
2.30559470485567e-06,-0.592422447175773,0.026,0.029,0.066168262434653,"SYN2"
2.32735969009287e-06,-0.391022293615969,0.071,0.077,0.0667928957459753,"MAN2C1"
2.35367852498626e-06,-0.263680578153743,0.144,0.136,0.0675482199885808,"MTA3"
2.38188157034678e-06,0.847528229645764,0.101,0.049,0.0683576191873823,"ERO1A"
2.39914428624138e-06,-0.174546082652008,0.13,0.106,0.0688530418708413,"BNIP2"
2.40259587167378e-06,0.16948382796707,0.172,0.13,0.0689520989211658,"HK2"
2.50558249954138e-06,-0.328769503059656,0.149,0.157,0.071907712154338,"PLD3"
2.52658229833289e-06,-0.238011181060036,0.329,0.312,0.0725103853798555,"NKTR"
2.55397306023768e-06,0.98783354233357,0.151,0.059,0.073296472855761,"TMIGD3"
2.5704921397071e-06,-0.192129086477777,0.69,0.681,0.0737705539174539,"FCHSD2"
2.58290450599403e-06,-1.07857256828936,0.03,0.043,0.0741267764175226,"SCN2A"
2.60207981949829e-06,0.256339160617748,0.404,0.316,0.0746770887397814,"IL13RA1"
2.69377930378726e-06,0.941836569720047,0.081,0.039,0.0773087722393905,"LINC00862"
2.75164409061315e-06,-0.433688590279784,0.231,0.228,0.0789694337565068,"CANX"
2.76539900833081e-06,0.234896597260472,0.072,0.05,0.079364186140086,"HLA-DQA1"
2.82868724023647e-06,0.205923513124305,0.207,0.145,0.0811804951075465,"YY1"
2.83724645138493e-06,0.163123872804591,0.462,0.367,0.0814261359082961,"KMT2E"
2.85621920764673e-06,0.545734058961408,0.182,0.102,0.0819706350402534,"PDCD4"
3.08939041951293e-06,-0.87581226504876,0.383,0.502,0.0886624156496017,"MOBP"
3.10118882868801e-06,-0.108912230682004,0.388,0.367,0.0890010181945172,"SMURF2"
3.15335791843592e-06,-0.143105954482831,0.581,0.565,0.0904982189011924,"CYFIP1"
3.20301249722193e-06,-0.167859583403666,0.135,0.114,0.0919232556577723,"ZNF236"
3.21955077288139e-06,-0.262082044272905,0.145,0.154,0.092397887630923,"CD226"
3.27572406375846e-06,0.238183788740855,0.151,0.106,0.0940100049058041,"NDRG1"
3.40369045336201e-06,-0.329059308623244,0.391,0.403,0.0976825123210364,"RPL28"
3.50411077132139e-06,0.243586971273106,0.494,0.409,0.100564475026153,"RB1"
3.53934418241813e-06,-0.265227668119547,0.08,0.076,0.101575638691218,"KIF21A"
3.58082840065705e-06,1.45779511064492,0.058,0.016,0.102766194270457,"VEGFA"
3.60236499990387e-06,-0.5201149980749,0.137,0.142,0.103384273132241,"GNPTAB"
3.6267099132079e-06,-0.318778606107582,0.05,0.055,0.104082947799153,"CLIP3"
3.79189793187831e-06,0.366563706879803,0.274,0.207,0.108823678746976,"R3HCC1L"
3.81663783772825e-06,-0.185002061251424,0.096,0.085,0.109533689304963,"ATL3"
3.86966188122303e-06,-0.353700392615913,0.084,0.078,0.11105542632922,"ELAVL4"
3.97497392646325e-06,0.398030202587549,0.246,0.163,0.114077776715569,"PIAS2"
3.99864751254595e-06,-0.341191406029777,0.109,0.108,0.114757184962556,"NAPB"
4.06478773797963e-06,0.234912419498776,0.42,0.33,0.116655343292277,"CIITA"
4.07832252479969e-06,0.611139461771883,0.122,0.082,0.117043778139226,"YBX3"
4.11192054611148e-06,-0.578240653641686,0.149,0.16,0.118008007752853,"PABPC4"
4.16453353998588e-06,-0.539806861056214,0.495,0.542,0.119517948064055,"NAIP"
4.27554323853753e-06,-0.46677856594566,0.093,0.13,0.122703815402789,"AC090630.1"
4.41524174118963e-06,-0.562975275645896,0.995,1,0.126713022730401,"MT-CO2"
4.65761905793233e-06,-0.597640869030221,0.062,0.074,0.1336690093436,"ABLIM1"
4.76059775328368e-06,-0.557840890040917,0.113,0.131,0.136624394921488,"DNER"
4.76364735593031e-06,-0.112653591362791,0.166,0.154,0.136711915467844,"FOCAD"
4.84648858931313e-06,-0.226213342379902,0.136,0.118,0.139089376024698,"MED14"
4.9917503745053e-06,-0.403618268886879,0.038,0.044,0.143258243997928,"FAM95C"
5.01296286665607e-06,0.130086259594179,0.479,0.402,0.143867021310163,"CTSB"
5.02890691041603e-06,-0.299768259392916,0.081,0.1,0.14432459942203,"GRIK2"
5.08187312354122e-06,0.210314534794363,0.16,0.106,0.14584467677251,"PDK3"
5.09578609978513e-06,-0.16197903258929,0.591,0.583,0.146243965277733,"CAMK1D"
5.11064347610366e-06,0.126528319145663,0.068,0.053,0.146670357120699,"TMBIM1"
5.14268948159969e-06,-0.464922300470711,0.41,0.434,0.147590045432429,"ZFP36L2"
5.24197870196878e-06,-1.04394037054147,0.044,0.071,0.150439546767802,"ZFPM2"
5.32223489789371e-06,0.17839967369962,0.785,0.738,0.152742819334651,"MAML3"
5.59614441679625e-06,-0.552857942816732,0.051,0.059,0.160603748617636,"OAT"
5.69408712981717e-06,-0.331691915322881,0.087,0.094,0.163414606538623,"LRRTM4"
6.10821306767348e-06,0.30293580357763,0.348,0.256,0.175299606829161,"SMAD2"
6.26283873979997e-06,-0.666309189869043,0.772,0.763,0.179737208993519,"GFAP"
6.48060471993344e-06,0.387459134173418,0.087,0.046,0.18598687485737,"HEXB"
6.49378860836241e-06,0.148463524115318,0.56,0.474,0.186365239271393,"ARHGAP21"
6.78407949703128e-06,0.617435531535376,0.081,0.046,0.194696297485301,"CSGALNACT2"
6.81969191296572e-06,0.439272917002766,0.189,0.125,0.195718338210203,"PARVG"
6.8818393879744e-06,0.703409891603175,0.015,0.009,0.197501908595477,"SOCS3"
6.89766750038068e-06,0.133337850810612,0.248,0.191,0.197956159593425,"LMBRD1"
6.95552298877897e-06,0.372414651677683,0.079,0.049,0.199616554254968,"ARRDC3"
7.33913973674936e-06,0.623440073964702,0.335,0.207,0.21062597130497,"TOP1"
7.4377790203265e-06,-0.380647279769899,0.062,0.076,0.21345682010435,"RAB3C"
7.52061495401568e-06,0.164975958814787,0.102,0.077,0.215834128565296,"RHOG"
7.69457306479232e-06,0.194916286724709,0.076,0.06,0.220826552386475,"SIGLEC9"
7.79565606347903e-06,-0.294620772511057,0.218,0.213,0.223727533365785,"KIF26B"
7.80929904078902e-06,0.108885340651876,0.538,0.468,0.224119073171604,"ANKRD17"
7.81178373059839e-06,0.30660530911739,0.421,0.328,0.224190381284443,"NFAT5"
7.82648237455302e-06,-0.349223415488073,0.168,0.163,0.224612217667297,"EIF5B"
8.00479380798327e-06,0.36434228031992,0.696,0.599,0.229729577495312,"ABCC4"
8.20726845397208e-06,0.907332492072881,0.085,0.035,0.235540397360545,"HLA-DQB1"
8.57333248671263e-06,-0.369175662397202,0.377,0.398,0.246046069036166,"TMCC1"
8.58328106858491e-06,0.22279026828378,0.168,0.132,0.246331583387318,"DOCK7"
8.83144034731064e-06,0.411506040357438,0.341,0.252,0.253453506527468,"LRRK2"
8.88026538729337e-06,-0.146557011668408,0.149,0.135,0.254854736349933,"CDK18"
8.94166582134884e-06,-0.184035924412737,0.489,0.447,0.25661686740689,"HIPK2"
8.94220098392955e-06,0.228068207666933,0.519,0.424,0.256632226037794,"NCOA2"
8.94628345426769e-06,0.111253747600035,0.467,0.401,0.256749388854028,"NFATC2"
9.00947252869081e-06,0.654312135268987,0.062,0.037,0.258562852100898,"FAM162A"
9.02003713844936e-06,0.260863977004301,0.27,0.201,0.258866045836358,"AEBP2"
9.03200916772803e-06,-0.163629439504859,0.183,0.156,0.259209631104627,"KLC1"
9.11228762150566e-06,-0.127655898227737,0.246,0.226,0.261513542449591,"PIBF1"
9.16137011361648e-06,0.273390903734621,0.394,0.298,0.262922160890679,"MARK3"
9.51156671038855e-06,0.111970773287411,0.259,0.197,0.272972453021441,"HNRNPM"
9.58521321778891e-06,-0.535032860954773,0.256,0.291,0.275086034137324,"JPX"
9.6862674537831e-06,0.446913629712013,0.162,0.104,0.277986189656121,"GPR155"
1.005165646485e-05,-0.472248763413848,0.209,0.234,0.28847248888473,"SCD"
1.02212120982053e-05,2.21417917301328,0.057,0.015,0.293338566006395,"FOSL2"
1.02747205593065e-05,0.396183180017183,0.266,0.195,0.294874205331537,"PPA2"
1.0482947255664e-05,0.382721203014049,0.723,0.586,0.3008501032903,"SRGAP2B"
1.06184339340032e-05,0.292347797969495,0.222,0.157,0.304738435471958,"CYLD"
1.07412946179307e-05,-0.174256843135725,0.359,0.365,0.308264414239993,"NSF"
1.08134283587028e-05,0.426839550797811,0.056,0.037,0.310334580466413,"SERPINA1"
1.09904392731623e-05,0.202719529737909,0.462,0.368,0.315414616700485,"UBE2K"
1.11656157848721e-05,-0.60234455266926,0.113,0.131,0.320442007410046,"PPP2R1A"
1.11751530151175e-05,0.169875522885458,0.388,0.302,0.320715716380856,"DENND5A"
1.12298829831366e-05,0.455118877249931,0.484,0.365,0.322286411733038,"PACS1"
1.16635538168275e-05,-0.267554860384031,0.267,0.257,0.334732330989132,"OTULINL"
1.17115791166684e-05,0.371794188196799,0.126,0.098,0.336110609069266,"PPA1"
1.18591393608725e-05,-0.117974162545065,0.064,0.052,0.340345440517681,"SRI"
1.21553107881201e-05,0.193392842003001,0.405,0.319,0.348845264308258,"CREBBP"
1.24490348836445e-05,0.134744307115449,0.593,0.502,0.357274852125715,"MT3"
1.25412984261169e-05,0.246532511483833,0.035,0.028,0.359922723531129,"TVP23A"
1.25470789159266e-05,-0.645554614534968,0.255,0.313,0.360088617808176,"MT-ATP8"
1.26300522058813e-05,-0.111144748478425,0.103,0.088,0.362469868256589,"CPD"
1.26440675821614e-05,-0.902779362695437,0.031,0.042,0.36287209554045,"C16orf45"
1.27198204190616e-05,0.516779573370089,0.19,0.129,0.365046126206649,"ZNF277"
1.27999919856199e-05,0.106926031645498,0.32,0.273,0.367346969995305,"SGK1"
1.28053237484725e-05,-0.257841530211536,0.293,0.339,0.367499986257414,"RNF150"
1.30026075056842e-05,0.33946032279792,0.261,0.208,0.373161832805631,"TMTC2"
1.30164149885651e-05,-0.111740972133066,0.135,0.113,0.373558093756829,"ANP32B"
1.30691815299761e-05,0.272671177127274,0.144,0.103,0.375072440728785,"PANK3"
1.31046110611869e-05,-0.315936782684452,0.086,0.088,0.376089232845003,"SYNGR2"
1.32333392725279e-05,0.332744521950623,0.546,0.463,0.379783603782278,"RASSF8"
1.3306175168287e-05,-0.545404930329303,0.061,0.073,0.381873921154669,"STXBP1"
1.33510227180332e-05,-1.21164351122195,0.01,0.017,0.383161000984835,"SYT13"
1.37782649325892e-05,0.11317539651522,0.405,0.321,0.395422425300377,"STK4"
1.39067547724512e-05,0.255126559544663,0.148,0.107,0.399109955214577,"SLAIN2"
1.41215315809269e-05,0.838469862654606,0.17,0.094,0.405273834841021,"AL159163.1"
1.41914963755315e-05,0.205671889676423,0.749,0.67,0.40728175448138,"DISC1"
1.43393956546854e-05,-0.278839763381918,0.176,0.188,0.411526315893815,"FAM157C"
1.44605546277598e-05,0.164924517602133,0.18,0.138,0.415003457262079,"CREBL2"
1.49992440419442e-05,-1.27086996625768,0.034,0.058,0.430463304759756,"CLEC17A"
1.51032626265368e-05,0.200069732820035,0.288,0.21,0.43344853411898,"USP9X"
1.51229354185636e-05,-0.15825172927519,0.499,0.481,0.434013123577357,"CELF1"
1.518663167942e-05,0.212730152663051,0.464,0.37,0.435841142567675,"ANKRD12"
1.52748580463058e-05,-0.109593074826935,0.361,0.32,0.43837315107093,"MAP4"
1.5470277939518e-05,-0.168403603975205,0.175,0.163,0.443981506586227,"RPL34"
1.56409205187353e-05,0.883080278195431,0.157,0.073,0.448878777967183,"CALCOCO2"
1.58693489643206e-05,0.114198470422902,0.474,0.39,0.455434445927036,"KDM2A"
1.59271226059109e-05,0.571632987993837,0.14,0.094,0.457092491667038,"TMED8"
1.62487880020181e-05,0.556628360605164,0.307,0.183,0.466323966869917,"RLF"
1.65137459068283e-05,0.192962346879145,0.275,0.214,0.473927993780066,"KIAA1468"
1.66759242800013e-05,-0.209213735270444,0.327,0.321,0.478582350911756,"ACTR3"
1.67704946719454e-05,0.159234763293995,0.836,0.798,0.481296426590161,"DOCK8"
1.68036792745335e-05,-0.149352180595967,0.422,0.413,0.482248791499838,"AAK1"
1.68477397497633e-05,0.192094055147456,0.321,0.242,0.483513283078458,"OSBPL8"
1.68762788442334e-05,-0.455784750818563,0.141,0.144,0.484332326550655,"YWHAH"
1.70898921830072e-05,-1.59895079497517,0.012,0.03,0.490462815760124,"CHGB"
1.71773890473259e-05,0.480373955382629,0.528,0.406,0.492973888269205,"SSBP2"
1.74262160598069e-05,-0.742040201232429,0.07,0.088,0.500114974700397,"GABPB2"
1.74612348379031e-05,-0.289414977611565,0.053,0.048,0.501119978612981,"GPR160"
1.76364699232635e-05,0.315862302677774,0.172,0.117,0.50614905032774,"HACE1"
1.77894255815066e-05,-0.224555413105982,0.195,0.181,0.510538724763656,"SECISBP2L"
1.79821297782031e-05,-0.100215585655948,0.136,0.122,0.516069142504649,"MED15"
1.84779352322261e-05,0.415160305411663,0.337,0.22,0.530298263229657,"UBC"
1.86247036960684e-05,-0.47787087460874,0.079,0.085,0.534510371373468,"COX7A2L"
1.8687613056905e-05,1.17486833875542,0.145,0.077,0.536315807120116,"MB21D2"
1.87322034723808e-05,0.144476420278983,0.321,0.25,0.537595507453856,"CAMTA1"
1.89708855403572e-05,0.249368237845871,0.505,0.414,0.54444544412271,"TBC1D1"
1.91180813225376e-05,-0.198618028681943,0.188,0.165,0.548669815875506,"YWHAB"
1.91544032266921e-05,0.370741465847555,0.319,0.232,0.549712218202837,"CACNA1A"
1.91988903989579e-05,-0.465867729459208,0.251,0.279,0.550988955559694,"VSIR"
1.92632945518779e-05,0.379427169942135,0.327,0.242,0.552837290344344,"HMBOX1"
1.98437108733777e-05,0.206551025236473,0.47,0.369,0.569494658355066,"RASGEF1C"
2.06182648939071e-05,-0.602181593413167,0.231,0.275,0.59172358419024,"COL19A1"
2.06619146414626e-05,-0.156367149817242,0.09,0.077,0.592976288295334,"KRBOX4"
2.12085328689934e-05,-0.51923171037494,0.039,0.047,0.608663684807241,"CDH18"
2.12750698938479e-05,0.121517922552593,0.481,0.386,0.610573230883542,"CST3"
2.1436964017033e-05,0.355334786877876,0.118,0.081,0.615219430324829,"PAPOLG"
2.16681948838192e-05,0.120866023592462,0.2,0.161,0.621855524970727,"SH3TC1"
2.18922568850037e-05,0.327836434232783,0.353,0.266,0.628285880342722,"EPB41"
2.20861683377208e-05,0.31126404346405,0.143,0.119,0.633850945124251,"WNT5A"
2.21776270178369e-05,0.219427942792265,0.183,0.136,0.636475717784901,"CNOT1"
2.23917958525196e-05,1.41576399813323,0.026,0.009,0.642622149171461,"SLC18A1"
2.26127618307357e-05,0.169912594600847,0.485,0.435,0.648963651780282,"L3MBTL4"
2.31145261857305e-05,1.64019601427174,0.109,0.031,0.663363787004279,"PRDM1"
2.3374196450172e-05,-0.654623286548414,0.148,0.188,0.670816063923486,"ANKS1B"
2.34850004072014e-05,0.250170389864651,0.23,0.158,0.673996026686274,"DCP2"
2.37022354490512e-05,0.121850884980887,0.492,0.426,0.68023045515232,"CAMK2D"
2.39088197543878e-05,0.400929216627275,0.219,0.148,0.686159218131176,"PKM"
2.43882147462517e-05,-0.178763763585355,0.499,0.464,0.699917375002678,"CCDC88A"
2.4397917786722e-05,-0.188514756573722,0.335,0.297,0.700195842561134,"AKAP9"
2.44439045602831e-05,0.430724056334906,0.569,0.423,0.701515616975563,"GALNT2"
2.4498362506077e-05,0.163584906937847,0.435,0.369,0.703078505561902,"MANBA"
2.48607580281942e-05,-0.871358098132037,0.111,0.147,0.713478894651144,"AZIN2"
2.49525902323705e-05,0.191079780400098,0.208,0.175,0.7161143870788,"FCGR2A"
2.499110075423e-05,0.874370758374219,0.033,0.015,0.717219600545646,"CALB2"
2.5235576653313e-05,-0.244763023404794,0.179,0.153,0.72423581437343,"DDX3X"
2.53652879128546e-05,-0.173782257173972,0.076,0.069,0.727958397811013,"ZNF704"
2.55845941943729e-05,0.121877327564062,0.583,0.499,0.734252268784308,"ATM"
2.58868872389524e-05,-2.05542738342184,0.02,0.064,0.742927776870696,"UNC13C"
2.60459455270882e-05,0.457205233996049,0.384,0.289,0.747492590681904,"MSN"
2.61426771058547e-05,0.287866000904525,0.579,0.452,0.750268690260925,"MKLN1"
2.65105444549802e-05,-1.06280812383892,0.025,0.035,0.760826115313476,"TET1"
2.65124310811345e-05,0.121261839181388,0.632,0.536,0.760880259597479,"TNRC6B"
2.69430722825782e-05,0.19336739424252,0.143,0.105,0.773239231437711,"HLA-DPA1"
2.70219222509447e-05,-0.651621945365344,0.039,0.043,0.775502146679862,"SEMA4C"
2.73219885607738e-05,-2.10807272317808,0.016,0.054,0.784113749705647,"KCNJ6"
2.76943293193207e-05,0.814469575662739,0.113,0.054,0.794799557135186,"THEMIS2"
2.80986059339111e-05,-0.181602121539668,0.1,0.104,0.806401891697315,"GNAO1"
2.81357313411462e-05,1.25166308125427,0.175,0.066,0.807467353759556,"SERPINE1"
2.88753019043423e-05,-0.154695821790679,0.508,0.469,0.828692289352718,"GNG7"
2.96250384413381e-05,0.350433020034308,0.265,0.178,0.850208978227963,"YPEL2"
3.09683481963379e-05,0.344369245311453,0.237,0.177,0.888760624886701,"IL1RAP"
3.11065798510518e-05,-0.169902689197951,0.147,0.14,0.892727735145335,"ARHGEF10L"
3.12203234535053e-05,-0.433585313099954,0.061,0.063,0.89599206279215,"PPM1G"
3.19175968563798e-05,0.249879980742463,0.368,0.282,0.916003112181244,"UBAC2"
3.21202201859508e-05,0.20508484351979,0.926,0.919,0.921818199116602,"ARHGAP24"
3.26732819386486e-05,0.150474811771875,0.415,0.342,0.937690518357277,"SND1"
3.26969765954413e-05,-0.362254530520217,0.224,0.209,0.938370531312571,"AHCYL1"
3.30100519661448e-05,0.363056151508071,0.258,0.18,0.947355481376391,"CDK8"
3.30686213719445e-05,-0.317470611617785,0.05,0.054,0.949036364753437,"DYNLT3"
3.31075199752654e-05,0.17556048182627,0.55,0.457,0.950152715770143,"ANKS1A"
3.32835956524527e-05,-1.29459623349911,0.045,0.081,0.955205911629741,"CALN1"
3.35083473238385e-05,0.110331464251025,0.429,0.35,0.961656059846841,"KAT6A"
3.38949566324467e-05,0.368073544771493,0.312,0.223,0.972751360394587,"PELI2"
3.40356632260141e-05,-0.256499008146063,0.04,0.043,0.976789498923378,"REEP2"
3.42145961852753e-05,0.110549979714331,0.109,0.081,0.981924695921217,"RNF146"
3.43046667368669e-05,1.02167736877026,0.263,0.16,0.984509630681344,"ELOVL5"
3.44845330743926e-05,0.306635381879445,0.505,0.382,0.989671614701992,"DYRK1A"
3.50399052895261e-05,-0.243980139727253,0.07,0.072,1,"ENO2"
3.53406970933461e-05,0.176157142390747,0.292,0.22,1,"CCDC50"
3.56183562973051e-05,-0.51014201838113,0.166,0.178,1,"GRN"
3.6031897391116e-05,2.28834697834524,0.027,0.007,1,"TCAF2"
3.61514679499304e-05,-0.206081291907234,0.603,0.595,1,"SLCO2B1"
3.62444149066766e-05,0.595469255377972,0.466,0.325,1,"GLS"
3.63174072646428e-05,0.725018993625353,0.268,0.146,1,"ANAPC16"
3.71369431969523e-05,0.139212938606701,0.388,0.309,1,"SETD5"
3.73209872468279e-05,-0.412774155478371,0.156,0.166,1,"GPX4"
3.80098489780366e-05,0.111637086530361,0.441,0.372,1,"CDK13"
3.81031488846923e-05,-1.25514242569602,0.048,0.085,1,"IGF1"
3.8138135294573e-05,-0.35855472201647,0.27,0.295,1,"RAPH1"
3.81908821845002e-05,0.990562821384955,0.256,0.138,1,"PHACTR2"
3.88735066306508e-05,0.220554601919656,0.294,0.209,1,"RNF145"
3.93854387530798e-05,-0.151659906469648,0.213,0.203,1,"PLAGL1"
3.95132902581807e-05,-0.337628465347533,0.091,0.101,1,"WARS"
3.98135070687692e-05,0.158578543745533,0.222,0.175,1,"DOCK3"
4.00208066912864e-05,0.10431581290027,0.373,0.315,1,"SUPT3H"
4.01789333423282e-05,-0.603713628126914,0.26,0.314,1,"IL17RA"
4.01999638645801e-05,0.457096140792732,0.326,0.231,1,"CTNNB1"
4.056347159676e-05,0.712888454934178,0.413,0.279,1,"SNCA"
4.1081041757863e-05,-0.465173573702229,0.055,0.067,1,"AKAP12"
4.12270790669588e-05,1.42694973657162,0.365,0.185,1,"PTGES3"
4.1389597837059e-05,-0.379558437980348,0.36,0.372,1,"KDM6A"
4.26728483385809e-05,-0.125167222290497,0.106,0.092,1,"TRABD"
4.27848695332134e-05,0.808262699621038,0.072,0.037,1,"LDHA"
4.29489271591426e-05,-0.854851590770016,0.021,0.027,1,"SULT4A1"
4.30387072565644e-05,0.178416618893443,0.293,0.228,1,"TLE4"
4.32189658171251e-05,-0.199777628842217,0.236,0.229,1,"PHACTR4"
4.38979365999183e-05,-0.490927504520228,0.134,0.138,1,"CNTN1"
4.41662700952152e-05,0.954010172744196,0.054,0.026,1,"APOLD1"
4.44801538520898e-05,-0.123736483335418,0.112,0.098,1,"RCBTB1"
4.52929653968491e-05,0.177813696483561,0.149,0.123,1,"DCAF10"
4.62813749726533e-05,1.99310682690814,0.083,0.024,1,"MT1M"
4.7075431479631e-05,-0.83010468516401,0.122,0.145,1,"TP53INP2"
4.71921726494987e-05,-0.387259310625879,0.105,0.108,1,"TRIM37"
4.72916921446741e-05,0.381639772476204,0.054,0.031,1,"PGRMC2"
4.74878075859213e-05,0.227657277171899,0.544,0.476,1,"FER"
4.7785615918117e-05,0.254934625222388,0.295,0.223,1,"REV3L"
4.81541733778645e-05,-0.10687050173917,0.194,0.168,1,"C1GALT1"
4.84230480911296e-05,-0.303242543232465,0.133,0.142,1,"MAPK10"
4.84837788925955e-05,-0.982929058290812,0.033,0.055,1,"MICAL2"
4.8622196190761e-05,0.549069176565548,0.065,0.045,1,"IFITM3"
4.88034816792593e-05,0.336270611015052,0.349,0.244,1,"DDX5"
4.88252801162192e-05,-0.48883306704092,0.163,0.174,1,"CAMK2N1"
4.88316346326741e-05,0.142668790052574,0.184,0.162,1,"FCGR3A"
4.89823964437615e-05,-0.563979664833017,0.205,0.209,1,"NORAD"
4.94735239858085e-05,-0.142334772557174,0.473,0.453,1,"ACAP2"
4.99516627142948e-05,-0.632589163044987,0.058,0.069,1,"UBE2M"
5.02660057854914e-05,-0.816994908882682,0.029,0.043,1,"SYT4"
5.06738747416379e-05,0.251700033324878,0.286,0.228,1,"AKAP10"
5.096296170025e-05,-0.147636949801422,0.324,0.296,1,"BRD4"
5.10743804052142e-05,0.163526521624663,0.424,0.34,1,"CEP350"
5.11467848171323e-05,0.10218164048428,0.615,0.548,1,"PALD1"
5.15721906900842e-05,-0.368698822028357,0.156,0.155,1,"USO1"
5.16611512157503e-05,1.29914642680664,0.058,0.02,1,"TMEM140"
5.17517419253817e-05,0.105579954942617,0.732,0.702,1,"FHIT"
5.20048827440847e-05,0.414802741691096,0.442,0.34,1,"DYM"
5.20198051709937e-05,-0.756753145406264,0.035,0.049,1,"SV2A"
5.29528114545189e-05,-2.19301315401059,0.01,0.023,1,"THSD7B"
5.30878080798699e-05,0.801561024541098,0.087,0.045,1,"PIK3IP1"
5.32407273952094e-05,0.182553478501216,0.167,0.137,1,"STOM"
5.32762181769132e-05,0.533871686351152,0.464,0.325,1,"UBE2D3"
5.40550484925991e-05,-0.316399708524091,0.063,0.059,1,"FLG-AS1"
5.49323669021142e-05,-1.0221052958269,0.1,0.164,1,"FSCN1"
5.59753688493678e-05,-0.732430201921575,0.123,0.155,1,"NCL"
5.63341112480187e-05,-0.164908665721599,0.088,0.073,1,"RSPRY1"
5.75576086272504e-05,0.292983230610987,0.195,0.136,1,"PMS1"
5.80128024219533e-05,-0.779617741102872,0.051,0.085,1,"CPLX2"
5.92480412450624e-05,-0.24911398447096,0.12,0.1,1,"DDX24"
5.99230359781954e-05,0.104035545630753,0.223,0.177,1,"UBR1"
6.03306012855586e-05,-0.257337908927153,0.085,0.077,1,"CXXC5"
6.07987141981767e-05,0.529644724442718,0.141,0.085,1,"PTP4A2"
6.0814656061131e-05,-0.625352917107199,0.172,0.208,1,"TPCN1"
6.17114592946527e-05,0.236680797515453,0.379,0.313,1,"PDE8A"
6.22100235345893e-05,-0.404014190984119,0.11,0.118,1,"RGL1"
6.26713676432171e-05,-0.407861015900587,0.251,0.277,1,"PLD1"
6.31698948297527e-05,-0.425567652599105,0.023,0.026,1,"NAP1L2"
6.3791926704057e-05,0.210429843598877,0.152,0.12,1,"YIPF4"
6.52033432085498e-05,-0.148548150618597,0.502,0.483,1,"FMNL3"
6.58039937501326e-05,0.741066773220916,0.215,0.119,1,"ERGIC1"
6.64619629499121e-05,0.17401114006739,0.412,0.319,1,"SETD2"
6.69559590723594e-05,-0.468804433878779,0.078,0.083,1,"RNF166"
6.70260696062098e-05,-0.169591658773066,0.209,0.186,1,"EIF1"
6.77271333613686e-05,-0.1325261037373,0.285,0.266,1,"AVL9"
6.78646933966912e-05,-0.285372582194879,0.275,0.267,1,"SRSF11"
6.81650252599009e-05,-0.403578248470883,0.059,0.067,1,"DKK3"
6.94512792725224e-05,0.207221064403469,0.527,0.452,1,"DENND1A"
7.02953455314496e-05,0.137833183508142,0.393,0.313,1,"NCOR1"
7.04134653776184e-05,-0.988503643441755,0.027,0.035,1,"SCN8A"
7.21606658961655e-05,0.233515945124997,0.13,0.082,1,"RPL30"
7.26263057628965e-05,0.101129906819918,0.186,0.15,1,"EP400"
7.27059352576153e-05,-0.273844891599108,0.223,0.224,1,"CKB"
7.29493704294285e-05,-0.179148020851925,0.28,0.247,1,"ARGLU1"
7.35514122581396e-05,0.369664351093734,0.682,0.557,1,"ARID1B"
7.39245357026727e-05,-0.264570448226143,0.193,0.188,1,"EPSTI1"
7.40285366344227e-05,0.16133836194023,0.34,0.273,1,"CLTC"
7.41175217854056e-05,-0.221911773347451,0.282,0.258,1,"HTRA1"
7.43788034758724e-05,0.36896794913518,0.143,0.103,1,"DDI2"
7.46146191144e-05,-0.130718911579775,0.097,0.085,1,"AL137145.2"
7.53094913479763e-05,0.145254503130833,0.27,0.214,1,"XRN1"
7.54563997914573e-05,-0.104484205996222,0.122,0.108,1,"ZBTB4"
7.56435968006474e-05,0.957973632704808,0.265,0.174,1,"ATP13A3"
7.59246868382204e-05,-0.234103639710612,0.137,0.126,1,"RANGAP1"
7.61466587585838e-05,0.148184548568488,0.165,0.12,1,"ELP3"
7.65088207564456e-05,0.319762762899718,0.161,0.118,1,"NR6A1"
7.70327267373231e-05,0.331319725082011,0.232,0.162,1,"RPLP1"
7.7048704068234e-05,0.614941478474798,0.2,0.133,1,"STPG2"
7.71873783815448e-05,-0.460099627633773,0.091,0.108,1,"SUMO3"
7.84503008445167e-05,0.238567272708811,0.278,0.207,1,"SDCBP"
7.86221214001357e-05,0.977114735347587,0.074,0.04,1,"TFRC"
7.97856810584201e-05,0.158658222439186,0.376,0.294,1,"KTN1"
8.12350270282612e-05,0.527654075573923,0.306,0.205,1,"SPARC"
8.19909405540817e-05,0.298158552620471,0.173,0.118,1,"UBQLN1"
8.20484495839752e-05,0.20002143669416,0.258,0.191,1,"DMTF1"
8.24870833870161e-05,0.24309411813287,0.587,0.492,1,"PTPRE"
8.26660968968806e-05,0.341570421507271,0.111,0.077,1,"GSTP1"
8.4072281579919e-05,0.241814524034098,0.423,0.325,1,"SKI"
8.53469806298925e-05,0.631486532603366,0.21,0.124,1,"EMSY"
8.58441926860545e-05,0.164880739468701,0.117,0.094,1,"YTHDF2"
8.58513124594571e-05,0.245916935926942,0.839,0.813,1,"SLC8A1"
8.65128823043813e-05,0.405739276390123,0.243,0.156,1,"MIS18BP1"
8.72307671022369e-05,0.263886142169968,0.256,0.183,1,"KDM4B"
8.76991458903381e-05,0.222316902905646,0.135,0.118,1,"NRG3"
8.77437748043985e-05,-0.178571296678246,0.425,0.399,1,"ARID1A"
8.85454717351769e-05,-0.16248788130403,0.402,0.358,1,"PTMA"
8.9581831046794e-05,-0.134406475415794,0.151,0.124,1,"LPXN"
8.96806924595234e-05,-0.275987580730781,0.038,0.044,1,"SEZ6L2"
9.02436807562318e-05,0.296439341968315,0.278,0.228,1,"CMSS1"
9.08167881133633e-05,-0.161220117360062,0.068,0.072,1,"DSCAML1"
9.14111715976052e-05,0.132442407739952,0.204,0.192,1,"MAP7"
9.36330686676762e-05,0.279425156838093,0.178,0.133,1,"UBA6"
9.41957657510013e-05,-0.166725102262237,0.284,0.268,1,"NDRG2"
9.42881583320782e-05,0.110534112502049,0.59,0.508,1,"TBL1XR1"
9.46916966987412e-05,-0.404637656442728,0.131,0.14,1,"RABL6"
9.49985132741676e-05,-0.271970372864702,0.283,0.295,1,"SPATA6"
9.56895620865085e-05,-0.213580925677368,0.075,0.063,1,"GTF3C1"
9.70519380557706e-05,-0.180335366387393,0.168,0.151,1,"PPP2CB"
9.87107352847505e-05,-0.113296560884011,0.408,0.371,1,"SENP6"
0.000100338308833475,0.421547470435955,0.088,0.064,1,"CD63"
0.000100562716525314,0.454948037067613,0.063,0.041,1,"MID1IP1"
0.000101425781457735,-0.225004460769125,0.253,0.253,1,"RBMS1"
0.000101561855454687,0.165199822407599,0.265,0.203,1,"TLR1"
0.000102104786246836,-0.297606862749626,0.109,0.102,1,"BRD2"
0.000103162457481031,-0.132344867647983,0.089,0.085,1,"RHOH"
0.000103377052640806,-0.552444137477797,0.126,0.145,1,"LINC01184"
0.000103499958365444,-0.336314993695231,0.163,0.146,1,"PPIA"
0.000103594731143726,0.528818734904924,0.15,0.087,1,"AC079015.1"
0.000103663148389574,-0.13955785868897,0.161,0.148,1,"CHM"
0.000103766329516061,-0.497707207085877,0.238,0.276,1,"PRAM1"
0.000104552613862405,-0.632500042806158,0.022,0.028,1,"DGKB"
0.000105449680886318,0.497248259164403,0.188,0.119,1,"AGPAT5"
0.000107257153725413,0.136193228570211,0.366,0.289,1,"USP24"
0.000108321156666386,-0.235385933528146,0.199,0.209,1,"FKBP15"
0.000110616798952058,-0.273094444133201,0.187,0.192,1,"CREB3L2"
0.000110867239272846,0.141697921962511,0.491,0.419,1,"UTRN"
0.000111704151349655,-0.369540580340797,0.169,0.165,1,"TUBA1A"
0.00011188142214676,-0.352880193925823,0.131,0.128,1,"CHIC1"
0.000112909840286896,2.46163843815527,0.101,0.016,1,"CXCR4"
0.000113474346083358,-0.239279708299085,0.273,0.259,1,"ZC3H13"
0.000113818844887682,-0.189712752402741,0.097,0.086,1,"TMEM106B"
0.000114308832173892,0.174787178000874,0.212,0.169,1,"ANO6"
0.000114503800928695,0.295411206693285,0.417,0.304,1,"PDS5A"
0.000114659203764038,-0.235222259837287,0.151,0.148,1,"REPS1"
0.000114731085223472,0.558712756238048,0.096,0.064,1,"APTX"
0.000115715365081455,0.659557992976388,0.465,0.301,1,"IRAK3"
0.000116680223531469,0.12569652998816,0.243,0.184,1,"ZFC3H1"
0.000117545874783455,0.1759157030356,0.272,0.243,1,"SETBP1"
0.000119699049518503,0.952332621781245,0.051,0.031,1,"HSPA4L"
0.000120369651368644,-0.128685391608001,0.243,0.22,1,"MTRNR2L12"
0.000121468966300804,0.247244538010527,0.715,0.61,1,"TBC1D22A"
0.000122631780284671,0.462168091498623,0.128,0.083,1,"C11orf58"
0.000123211570709978,0.255630541469238,0.597,0.48,1,"RNF130"
0.00012324998268312,0.594342019892062,0.09,0.047,1,"ABHD15-AS1"
0.000123819569595567,-0.230764485825333,0.576,0.562,1,"ACTB"
0.000123876331703813,-0.129107864542797,0.504,0.477,1,"ATG7"
0.000124031268764119,0.16744056597509,0.163,0.116,1,"HERPUD1"
0.000124166820195803,0.125453263795749,0.547,0.486,1,"PCNX2"
0.000125021686720984,-0.183921138671291,0.344,0.344,1,"SRGAP3"
0.000125767355696718,0.118568041365689,0.309,0.244,1,"PCMTD1"
0.000125961273679627,-0.324274358364658,0.091,0.082,1,"TLN1"
0.000127932006105394,0.221553863478591,0.353,0.256,1,"TPT1"
0.000128338275575863,0.319019143953755,0.024,0.017,1,"COASY"
0.000129219197938511,-0.204151633676749,0.383,0.384,1,"BLNK"
0.000130206518820905,-0.163016008967418,0.149,0.144,1,"KLHDC10"
0.000130594147483173,-0.206332656872362,0.384,0.382,1,"EML4"
0.000130883722804651,-0.366891126444249,0.059,0.06,1,"UNC79"
0.000132316044118298,0.203702531391138,0.34,0.281,1,"PKD2"
0.00013281234427913,0.162538887124217,0.434,0.356,1,"CPEB3"
0.00013296677233743,0.263832346631874,0.197,0.136,1,"INPP5F"
0.000133678622364988,0.145403267421133,0.42,0.336,1,"SNX13"
0.000134281350666899,-0.907335333467786,0.059,0.086,1,"RCAN2"
0.000134718640742514,1.32041816402767,0.178,0.092,1,"HSPD1"
0.000135022263445285,0.266838440514011,0.17,0.125,1,"TLR5"
0.000135162002828917,0.128510483843717,0.245,0.188,1,"SHPRH"
0.000135561264671928,0.325202740615941,0.216,0.142,1,"TMOD2"
0.000135695842030358,-0.340634386076081,0.1,0.097,1,"RPL3"
0.000135935757038535,-0.254341039578335,0.069,0.061,1,"ARPC1B"
0.00013602815520275,0.282235621246203,0.317,0.235,1,"BTBD7"
0.000136680697759171,0.554436640045852,0.485,0.357,1,"HERC4"
0.000137196544256522,0.2223862901149,0.266,0.213,1,"BTRC"
0.000137659961373524,-0.273987263929842,0.083,0.079,1,"SETD7"
0.000138622346559336,0.103813850355841,0.937,0.887,1,"QKI"
0.000139506572970744,0.15698568899898,0.255,0.197,1,"AGFG1"
0.000140225610196653,0.123913082967842,0.232,0.193,1,"NDFIP1"
0.000141435050356459,0.158817966684523,0.522,0.461,1,"SIK3"
0.000142199159417134,0.115934233381475,0.131,0.097,1,"CREG1"
0.000144613839282254,0.238204062757971,0.319,0.244,1,"TAF15"
0.000144960809814783,0.241353638503932,0.267,0.209,1,"R3HDM1"
0.000145216055681354,-0.237173815237672,0.212,0.193,1,"USP22"
0.000145729977037332,-0.85744490553086,0.035,0.053,1,"ELAVL2"
0.000146468905768497,0.545139597813557,0.192,0.106,1,"ITGB1"
0.000146664352226678,0.39139221206086,0.208,0.144,1,"TMSB10"
0.000147010768683425,-0.253056471865253,0.384,0.415,1,"P2RY12"
0.000147141330960761,0.419306822299469,0.721,0.662,1,"OXR1"
0.000147418596179928,-0.896449269045547,0.015,0.026,1,"GLRB"
0.000147472970166796,-0.319080868383482,0.116,0.123,1,"KIF9-AS1"
0.000147492990813375,-0.131383784562488,0.301,0.274,1,"NUAK1"
0.00014851151764571,0.141681633524134,0.365,0.298,1,"MED13"
0.00014929267087992,-0.713163860704273,0.096,0.125,1,"SRCIN1"
0.000150847447727874,-0.331120195074927,0.321,0.334,1,"A2M"
0.00015214183305824,-0.152396752741009,0.271,0.257,1,"AC118549.1"
0.000153069473695549,-0.548706512199331,0.3,0.359,1,"MTSS1"
0.000153081720474644,0.231419193583242,0.345,0.274,1,"INPP4A"
0.00015380736196256,-0.37889988702309,0.437,0.481,1,"HIVEP3"
0.000154608832193431,0.369303888103578,0.356,0.259,1,"TANK"
0.000156772016047407,0.180971933978586,0.105,0.079,1,"MBTPS1"
0.000157199022514964,-0.451940172186131,0.091,0.089,1,"ATP6V1E1"
0.000157508984395916,-0.194527515028478,0.293,0.282,1,"FNBP1"
0.000157922600292157,0.537845225405715,0.331,0.207,1,"MIR29B2CHG"
0.000159102990953844,0.257773051089625,0.54,0.444,1,"TAOK3"
0.000159196769590644,-0.768569922041363,0.067,0.092,1,"SCN1B"
0.000159441494711408,-0.402080612646346,0.083,0.08,1,"ZNF146"
0.000159922832738939,0.463528285313367,0.441,0.301,1,"ELF2"
0.000159933803279347,0.146768421016462,0.323,0.252,1,"ARHGAP5"
0.000160262189934206,-0.139683593392879,0.602,0.565,1,"CHD9"
0.000160769707186223,-0.103810625440324,0.283,0.254,1,"LNPEP"
0.000162353804875975,-0.6968422082866,0.089,0.107,1,"DSTN"
0.000163195848374213,0.390722676169485,0.285,0.195,1,"AUH"
0.000164044905220616,0.128855474455239,0.549,0.452,1,"WNK1"
0.000165968743687509,0.177945386255231,0.517,0.441,1,"CDKAL1"
0.00016738010098805,-0.535867091922097,0.024,0.026,1,"SCN1A"
0.000168403539669516,0.108614254950219,0.306,0.258,1,"SMARCC1"
0.00016947436310145,0.510851947685759,0.094,0.048,1,"XRRA1"
0.000169897990032865,0.599146142173278,0.432,0.293,1,"GAB1"
0.000171690263164972,-0.161453295459321,0.223,0.199,1,"NPTN"
0.000176068648161356,0.217533013396808,0.258,0.185,1,"FBXO42"
0.000177007928117412,0.341797669183528,0.412,0.313,1,"CDK6"
0.000177231150917137,-0.273442463974532,0.163,0.157,1,"FRS2"
0.000178736084733678,-0.239054245671157,0.157,0.153,1,"CDK12"
0.000179003226073509,-0.103847758571791,0.248,0.195,1,"GAK"
0.000180337754321941,-0.449052151243796,0.387,0.439,1,"MIR646HG"
0.000180804477085123,0.286559908718554,0.22,0.157,1,"MLXIP"
0.000181049101648123,0.536535800585491,0.304,0.204,1,"MARCH6"
0.00018128006086484,-0.141791294169239,0.341,0.335,1,"TFEC"
0.000184553494711281,0.143968330624961,0.254,0.19,1,"TPTEP2-CSNK1E"
0.000185586203551364,0.888275882937394,0.062,0.033,1,"MITD1"
0.00018651675460108,-0.252042852716333,0.087,0.088,1,"IMPAD1"
0.000189041285868465,-0.754812371376728,0.027,0.04,1,"MYT1L"
0.000190986218123523,0.487004000457741,0.035,0.026,1,"INAFM2"
0.000191270892086142,-0.518008563480529,0.079,0.092,1,"TMEM160"
0.000191761432123111,0.250480031565277,0.356,0.275,1,"USP3"
0.00019531976450561,0.162775668975585,0.336,0.268,1,"TTBK2"
0.000195573955888873,-0.476094921028783,0.134,0.155,1,"BTBD10"
0.000196464568049723,-0.609934596602892,0.098,0.122,1,"RBFOX2"
0.000197837891107618,0.497783990061333,0.102,0.057,1,"MCMBP"
0.000203005178007081,-0.181100415733175,0.314,0.299,1,"SCIN"
0.000205156909665274,0.131590772848381,0.32,0.259,1,"LRMP"
0.00020528385028133,-0.16168172877037,0.185,0.166,1,"HECTD2"
0.000205495457896133,0.233727591551296,0.289,0.212,1,"TLK2"
0.000206112813774351,0.394710109735921,0.293,0.268,1,"MYO1E"
0.000208926763854974,-0.591065707317544,0.043,0.047,1,"KIF5A"
0.000210058971647889,0.867120002473373,0.205,0.089,1,"SLC15A2"
0.000210065514858732,0.274541686669403,0.161,0.133,1,"GNA12"
0.000210373140398357,0.439427910174772,0.105,0.068,1,"PLAUR"
0.000210736025453268,0.165964184463649,0.229,0.185,1,"VPS54"
0.000210933239655263,-0.151297360928787,0.236,0.215,1,"DMXL1"
0.000214108733003908,-0.33623617871558,0.137,0.136,1,"PFDN5"
0.00021422892970198,-0.433838979409087,0.234,0.263,1,"GCNT2"
0.000214540415450675,0.132345600008496,0.188,0.141,1,"SAMD8"
0.000214974252565957,0.109046555652341,0.586,0.488,1,"ASH1L"
0.000216344999939521,0.313501309791799,0.192,0.143,1,"RALGPS2"
0.000216947008872919,0.230186459678565,0.031,0.022,1,"UMPS"
0.000217441794198124,0.116796234643525,0.209,0.178,1,"DOPEY1"
0.000218348588004682,0.898690095697971,0.271,0.155,1,"HIBCH"
0.000221748768509077,-1.29336850160543,0.037,0.071,1,"CD163"
0.000222093086911437,0.130501606330457,0.151,0.123,1,"EIF3E"
0.000222858032835127,0.12835982299993,0.245,0.193,1,"TRIM33"
0.000223024077621272,-0.120216785504209,0.116,0.098,1,"RAB11A"
0.000225203226002986,-0.652301301816773,0.068,0.083,1,"AC092683.1"
0.000225205534925594,0.352709099177756,0.179,0.119,1,"CBWD5"
0.000225938183718883,-0.159889693067272,0.681,0.692,1,"ATP8B4"
0.000226278717725895,-0.818843459857465,0.038,0.048,1,"HDHD5"
0.000226692381521838,-0.730842155309395,0.07,0.081,1,"MOG"
0.000226738514759121,-0.387978516419526,0.219,0.214,1,"RPL13A"
0.000227307434120111,-0.846637373315774,0.067,0.1,1,"CDK14"
0.000227603260512007,-0.375810245735403,0.158,0.161,1,"FAM222B"
0.00022775678835059,0.328256010252302,0.726,0.633,1,"TBC1D5"
0.000228331814301073,-0.255227218787552,0.248,0.222,1,"RHOA"
0.000228396261758191,2.76225492063481,0.015,0.003,1,"ADAMTS2"
0.00022912773309838,-0.535271102212092,0.077,0.083,1,"AP1S2"
0.000231207922866281,-0.121425283828653,0.148,0.131,1,"RPS16"
0.000232392906104848,0.801914921118149,0.198,0.107,1,"KDM3A"
0.000232878607749495,0.535647014195962,0.369,0.26,1,"GRAMD1B"
0.000233675073015836,-0.278490352421581,0.115,0.122,1,"CCDC125"
0.000234364980338597,1.53042238089514,0.117,0.039,1,"MT1E"
0.000234621232608423,-0.237777990585833,0.122,0.121,1,"ATP6V0D1"
0.000234893536491371,0.196918628820809,0.085,0.058,1,"SFMBT1"
0.000235304323861903,-0.384211492187022,0.199,0.209,1,"WWP2"
0.000236228490678553,0.18710737825682,0.349,0.279,1,"RAB7A"
0.000236600358780104,0.12979467101797,0.253,0.199,1,"SEL1L"
0.00023777657158386,0.354596648105851,0.241,0.159,1,"B3GNT5"
0.000241123274601091,-0.131046993454763,0.091,0.077,1,"VPS4B"
0.000243523585564213,0.157902177653172,0.22,0.174,1,"STAMBPL1"
0.000245190590278297,-0.176769938128599,0.142,0.148,1,"FAM69A"
0.000246420732343096,0.223571714348128,0.382,0.317,1,"CHCHD3"
0.000248842391062621,0.153221980215807,0.414,0.351,1,"MVB12B"
0.000252885563840098,-0.104223012203812,0.447,0.396,1,"PUM1"
0.000258409104094323,0.279102959652988,0.063,0.044,1,"SBNO2"
0.000258569172705466,-0.22433381184652,0.161,0.157,1,"PRKX"
0.000258875769507132,-0.452484600483451,0.052,0.05,1,"DTX3L"
0.000260136236257204,0.121197467196158,0.632,0.555,1,"KMT2C"
0.000260441080737914,-0.181211990787861,0.217,0.209,1,"USP33"
0.000260699541197304,-0.259014099650962,0.119,0.119,1,"CTCF"
0.00026146016636034,0.960561348468993,0.041,0.014,1,"KDM6B"
0.000262174116078539,0.540717974159572,0.071,0.039,1,"FAM210A"
0.000263422513826215,0.745297132004986,0.11,0.064,1,"ARFGAP3"
0.00026345617711059,-0.29165926116998,0.087,0.098,1,"PEG10"
0.000263779928986499,0.394043802509351,0.267,0.187,1,"RAB12"
0.000265552656193045,0.319590749792983,0.632,0.532,1,"RASAL2"
0.0002660322001646,0.32852350595075,0.631,0.51,1,"TANC2"
0.000266316029483004,1.35522234888241,0.054,0.022,1,"NFIL3"
0.000268532040809724,0.129732089950438,0.581,0.511,1,"LRCH1"
0.00026912881211242,-0.438525038603417,0.086,0.096,1,"OAZ2"
0.000269185020082887,-0.10803929824571,0.133,0.13,1,"ATP6V1A"
0.000271699470568604,-0.191813285450569,0.107,0.106,1,"INF2"
0.000273367835707505,-0.340661876128041,0.14,0.123,1,"TPM3"
0.000273528792566311,0.434992866565001,0.175,0.12,1,"CTNNBL1"
0.000273753500750089,0.2030003557181,0.022,0.016,1,"NT5C"
0.000275810222768269,0.141355199738008,0.345,0.272,1,"VPS13D"
0.000275874692189055,0.505720396150975,0.255,0.168,1,"PRKD3"
0.00027772103119064,-1.33196475640144,0.021,0.039,1,"ADAM23"
0.000278314371683357,0.391403747412147,0.238,0.15,1,"PILRA"
0.000279069431283203,0.112880794033402,0.237,0.209,1,"AHCYL2"
0.000280283625808201,-0.179134823345702,0.333,0.348,1,"ADGRB3"
0.000281787131166098,0.25508553513018,0.202,0.152,1,"HSD17B4"
0.00028208586357522,-0.201554159281588,0.22,0.226,1,"RAP1GAP2"
0.000284187495606584,-0.278953238394415,0.133,0.136,1,"CLYBL"
0.000284349232783194,-0.426119420290455,0.015,0.014,1,"NRSN1"
0.000287188440270188,1.20921178012847,0.195,0.103,1,"MALT1"
0.000289292268039141,1.20080046439299,0.096,0.034,1,"TMOD1"
0.000290217023184138,0.399333561184416,0.154,0.106,1,"ZRANB1"
0.00029046691149812,0.46839261933006,0.083,0.049,1,"PURB"
0.000291104430336704,0.1118132984424,0.089,0.066,1,"PRKAA1"
0.000291164969782115,-0.314505491254915,0.134,0.137,1,"ANKRD13C"
0.000291809042636376,-0.372719787478327,0.299,0.303,1,"HLA-DRA"
0.000291926868836884,-0.320027115609635,0.117,0.135,1,"ENPP2"
0.000293255550053462,0.212938420074214,0.066,0.051,1,"APH1B"
0.000295099835000663,0.3564251468497,0.152,0.104,1,"RNMT"
0.000296087195723316,-0.512537616503828,0.159,0.167,1,"LAMP1"
0.000301108513888313,-0.176493784233917,0.747,0.722,1,"SLC9A9"
0.000301215713180951,0.175361901713877,0.29,0.221,1,"NPEPPS"
0.000301813958880856,0.930928314497689,0.198,0.104,1,"PPP1CB"
0.000303466896120893,-0.131459858867456,0.347,0.318,1,"GPATCH8"
0.000303879316308946,-2.32481723555858,0.004,0.016,1,"GABRD"
0.000306267338355512,0.313743537378714,0.337,0.252,1,"ARHGAP31"
0.000306719913559608,-0.17243239271206,0.12,0.115,1,"SMARCA4"
0.000306958865606153,0.55613161131102,0.355,0.216,1,"XPO1"
0.000307299119101353,-0.183704235768542,0.738,0.755,1,"KCNQ3"
0.000307672074759774,-0.228225083994347,0.051,0.049,1,"C1RL"
0.000310048830961174,-0.833278805457544,0.009,0.011,1,"CREG2"
0.000310783136454726,-0.644534028995451,0.198,0.222,1,"TIMM23B"
0.000312230097645107,-0.254272350041733,0.124,0.138,1,"LAP3"
0.000313565870446578,-0.29250775848802,0.464,0.473,1,"TNS3"
0.000313867572321671,-0.497392737072021,0.022,0.029,1,"LRFN5"
0.000314225116294816,-0.245510293487863,0.205,0.209,1,"ZNF518A"
0.000315136699620801,-0.447313146258498,0.048,0.057,1,"PHLDB1"
0.00031560808967241,0.646966262216741,0.181,0.097,1,"CHPT1"
0.00031655155181307,-0.558656858835415,0.064,0.079,1,"ZNF138"
0.000317778691450821,0.141701149116046,0.125,0.092,1,"CGGBP1"
0.000319062428673368,-0.124088715344823,0.123,0.105,1,"ZNF326"
0.000321474523816428,0.153849457304598,0.246,0.199,1,"IL18"
0.000322860587541037,0.176633741343802,0.827,0.765,1,"SRGAP2"
0.000324365619241438,0.506458539851247,0.354,0.229,1,"PAPOLA"
0.000327233807787753,-0.154049568479008,0.19,0.172,1,"LRRFIP2"
0.000328428965254182,0.189988095688969,0.281,0.214,1,"XYLT1"
0.000330119446358702,0.454267392711293,0.354,0.245,1,"ATP11A"
0.000330431172279295,0.202773815585999,0.362,0.277,1,"SKIL"
0.000331046177876253,0.262647396841336,0.116,0.083,1,"CKAP5"
0.000334675263915726,0.476234006151226,0.037,0.025,1,"AC009961.1"
0.000336822714396038,-0.468688461316946,0.026,0.026,1,"RFK"
0.00033805794185806,0.33954996297895,0.414,0.301,1,"NUFIP2"
0.000339012532223534,-0.367985063632011,0.064,0.064,1,"NAPEPLD"
0.000341235226091408,0.414032051727168,0.055,0.03,1,"SAMD1"
0.000341989360401613,-0.195414464164704,0.061,0.054,1,"CARM1"
0.000347175866902067,0.496723175669296,0.336,0.242,1,"MAN1A1"
0.00034767424839898,0.648271721339727,0.119,0.069,1,"TMEM59"
0.000347780111043827,-0.402202211145166,0.521,0.506,1,"RPL13"
0.00035181807509425,-0.54084593601227,0.268,0.304,1,"MDM4"
0.00035240771704931,0.128879155550978,0.236,0.196,1,"ZDHHC20"
0.000353482865446107,0.117442671115662,0.137,0.104,1,"TRAF3IP3"
0.000354680026587658,0.197563156958837,0.211,0.169,1,"DNAJC3"
0.000355557694389956,0.178213358121854,0.231,0.183,1,"RBM5"
0.000357316783568306,0.100279917096944,0.352,0.282,1,"TRA2A"
0.000361686447911245,0.56278899793291,0.473,0.326,1,"PRKAG2"
0.000365473520428593,-0.115895566516425,0.406,0.365,1,"SRRM2"
0.000366818079189895,-0.287581282896415,0.136,0.129,1,"MDN1"
0.000370740575666171,-0.22901397648413,0.254,0.258,1,"RNGTT"
0.000371219534986451,-0.586019913374448,0.058,0.065,1,"ARHGAP1"
0.000371650719469992,0.227034427522247,0.323,0.258,1,"PCNX1"
0.000372179512947608,-0.135920679748306,0.201,0.193,1,"KIF13A"
0.000375962989259747,-0.228098394922154,0.064,0.061,1,"METTL26"
0.000376622222155838,0.138364847814325,0.204,0.146,1,"STAU1"
0.00037941497290762,-0.269242421117311,0.176,0.169,1,"ZNF91"
0.000381548627673463,-0.505627883522333,0.211,0.234,1,"RPL36"
0.000381598240615751,-0.725881107951286,0.07,0.083,1,"CDKN1C"
0.000383084916817883,-0.136941780067818,0.174,0.159,1,"PIGN"
0.000389795877930271,-0.127878359081268,0.254,0.241,1,"PRKACB"
0.000390808070247102,0.56553803388863,0.199,0.119,1,"ARAP1"
0.000393452752238434,0.236070759403002,0.804,0.722,1,"UBE2E2"
0.000394437433084372,0.120081362852022,0.367,0.303,1,"USP32"
0.000396974216106728,-0.4691588920347,0.213,0.214,1,"UBA52"
0.000400463343252369,-0.1491619084936,0.445,0.426,1,"RAB10"
0.0004025879408348,0.174903596193746,0.389,0.313,1,"PPP1R12A"
0.000404019214265877,-0.471385832508497,0.108,0.107,1,"SERINC3"
0.000405680282581036,0.193595085448266,0.26,0.209,1,"SMAP1"
0.00040776427614983,-0.341246533535433,0.044,0.054,1,"FASTK"
0.000408394445429297,-0.153432964746194,0.147,0.136,1,"KIAA0355"
0.000409255002685184,0.211224335269785,0.109,0.079,1,"CNDP2"
0.00041011432968229,0.225895690855363,0.19,0.155,1,"PRKRIP1"
0.000412850719375075,-0.363200884084278,0.093,0.105,1,"KIF3C"
0.000413451569249283,0.387823884507264,0.399,0.278,1,"ARIH1"
0.000417437934684137,-0.520419226753878,0.067,0.071,1,"LINC02381"
0.000418326341214839,0.14663298091053,0.361,0.325,1,"POU2F2"
0.00042012683261176,0.270422013053622,0.475,0.366,1,"TENM4"
0.000421986788512231,-1.19632013208383,0.018,0.027,1,"DACH1"
0.00042439576188305,-0.54630869230017,0.037,0.049,1,"SYN1"
0.000426867970905403,0.215807590089161,0.026,0.022,1,"ZNF85"
0.000427051605403558,0.299464528317262,0.252,0.186,1,"SHOC2"
0.000427587374513315,-0.410299699929525,0.095,0.112,1,"FANCL"
0.000429953765083297,0.152737570644932,0.286,0.205,1,"EEF1A1"
0.000430941898666141,0.225838330035104,0.116,0.082,1,"FDFT1"
0.000431021779750693,-0.419365963667381,0.033,0.037,1,"GOT1"
0.00043228952230929,-0.27121728998686,0.083,0.08,1,"ATP5F1B"
0.000433486423935316,-0.516285894321462,0.014,0.021,1,"CDK5R2"
0.000436049960896945,0.653395977904337,0.126,0.071,1,"RAB20"
0.000439055633168093,0.106422848114983,0.344,0.281,1,"TMCC3"
0.000442488220080285,0.462786865103191,0.282,0.176,1,"CREBRF"
0.000445040953278529,-2.15167342323374,0.009,0.033,1,"OLFM3"
0.000446036862348837,-0.394324372569736,0.081,0.081,1,"TSPYL1"
0.000446471723096712,-1.3087029315374,0.014,0.026,1,"HECW1"
0.000446631278449165,0.705907341048773,0.046,0.023,1,"BAG6"
0.00044744274802143,-1.31241292391833,0.064,0.105,1,"ARL17B"
0.000449650644881955,-0.66628858811129,0.223,0.289,1,"ETV5"
0.000450337802951059,0.188675360991237,0.287,0.226,1,"VPS41"
0.000456563493185806,-0.787440394315412,0.044,0.056,1,"MGAT4C"
0.000458632841333095,0.186031985548869,0.179,0.135,1,"SLC35F5"
0.000460478949100613,-0.627164293594007,0.111,0.115,1,"RPS5"
0.000466313819388993,-2.34147892169423,0.007,0.017,1,"SYT2"
0.000473435363043004,0.328298198077947,0.38,0.275,1,"PDS5B"
0.000475266905503565,-0.278358963039519,0.083,0.075,1,"RLIM"
0.000479116137145015,0.158970877046124,0.13,0.108,1,"B4GALT5"
0.000480355277976465,-0.489949728139573,0.067,0.073,1,"RNF41"
0.000480841476494282,0.147379940179269,0.326,0.281,1,"TBCK"
0.000481819778956576,-0.141919635817014,0.127,0.12,1,"WDFY1"
0.000484900706352188,0.851458361283539,0.021,0.009,1,"BICC1"
0.000488323445086785,-0.16783837351521,0.505,0.482,1,"ZNF609"
0.000489691194352247,0.260116437491246,0.072,0.054,1,"SFXN1"
0.000495388401083864,-0.391403648683621,0.24,0.269,1,"LCP2"
0.000497736898281177,0.221223484115214,0.472,0.38,1,"FRYL"
0.000498205061661116,0.100461361337183,0.058,0.043,1,"CEP97"
0.000499239312971576,-0.135443508459886,0.421,0.405,1,"SPTLC2"
0.000499571840033121,-0.38851645396833,0.086,0.084,1,"MTMR6"
0.000499777606966591,-0.329063450032411,0.069,0.063,1,"CHTOP"
0.000506080057266819,0.126738099042955,0.17,0.124,1,"TAPT1"
0.000506238274332822,0.113175005180311,0.262,0.221,1,"MAGI1"
0.000508857622252907,-0.486297993243112,0.054,0.058,1,"FDPS"
0.000509654924465762,-0.476272936527862,0.123,0.14,1,"CCDC85B"
0.000510132824572304,-0.34914606305134,0.308,0.336,1,"R3HDM2"
0.000510656507193253,-0.748064992520304,0.09,0.13,1,"MARCH2"
0.000515479608936892,-0.256121465052529,0.277,0.278,1,"ABHD12"
0.000515537254897011,0.1840692623619,0.285,0.219,1,"WWC2"
0.000519094733500943,-0.327164177224389,0.104,0.104,1,"SIRT2"
0.000520558173465524,0.250581235829886,0.339,0.268,1,"LCORL"
0.000524974575820758,-0.96670597030555,0.059,0.092,1,"FCGR1B"
0.000525054465211016,-0.677553458123939,0.02,0.022,1,"MYH10"
0.000526258506015731,-0.420814339425569,0.044,0.06,1,"RYR2"
0.000526759909833603,0.850864856385809,0.174,0.079,1,"HBP1"
0.000527170392439444,0.381161635830276,0.76,0.658,1,"FGD4"
0.000529789053554341,0.150049799353879,0.351,0.286,1,"ST3GAL6"
0.000534217200182447,0.246437455935939,0.341,0.243,1,"HP1BP3"
0.000535433750242101,0.109093843046544,0.442,0.382,1,"STK3"
0.000538247833384899,0.32504933959266,0.105,0.071,1,"TMEM259"
0.000540601273616982,0.62724626491035,0.095,0.047,1,"APBA2"
0.000540849002890634,-0.328031997132124,0.102,0.106,1,"HLA-DMB"
0.000542093862241794,-1.3789312600052,0.042,0.078,1,"PDE1A"
0.000543452978359786,-0.40586570967189,0.172,0.195,1,"BCL2L1"
0.000546075382905487,-1.80107455876802,0.012,0.026,1,"LINC00893"
0.000547825532355992,-0.21635549515491,0.115,0.111,1,"TRPC1"
0.000550893407601712,-1.10257080039842,0.127,0.212,1,"LST1"
0.000552975578099429,0.117271284062479,0.777,0.699,1,"ZFHX3"
0.000556096701399423,0.337261240794517,0.093,0.056,1,"PHF6"
0.000557182651683035,0.142602146056361,0.165,0.116,1,"COX4I1"
0.000564860784551893,0.166477758482038,0.289,0.22,1,"ZNF207"
0.000565467416878293,-0.163957824672957,0.305,0.298,1,"AMBRA1"
0.000567150046233188,-0.123742361111686,0.099,0.097,1,"ATAD1"
0.000573668916767521,-0.130514070047463,0.135,0.138,1,"CDC42BPA"
0.000576212220109473,-0.14479028926131,0.155,0.148,1,"MAPK8IP3"
0.000585427757912504,0.17954024405849,0.111,0.083,1,"RBMS2"
0.000586390588070968,-0.60159239269386,0.177,0.224,1,"LIPA"
0.000587567387934001,0.429130252245209,0.472,0.345,1,"ELF1"
0.000604172067076424,-0.334655979210304,0.111,0.108,1,"RPL21"
0.000605112189683835,0.104730961523126,0.605,0.542,1,"SKAP2"
0.000609948628201407,0.450468598057172,0.146,0.099,1,"OTULIN"
0.000612969491441832,0.215154049538171,0.309,0.249,1,"ITPKB"
0.000613333609670997,0.496702570851677,0.283,0.187,1,"ATP11C"
0.000618999803290835,0.321230672995836,0.115,0.091,1,"LIMD1"
0.000619186440692066,1.70582048611956,0.019,0.005,1,"ST14"
0.000619785068457112,-0.436134599263597,0.03,0.036,1,"LINC00632"
0.000629550081225098,0.32326884720465,0.081,0.052,1,"PSMB1"
0.00063335417064873,-0.572398940904801,0.19,0.218,1,"ADAP2"
0.000633587987831279,0.13345800681808,0.126,0.098,1,"POC1B"
0.000633853231175157,0.381283748571305,0.469,0.366,1,"RFX3"
0.000634317680935273,0.100332799306721,0.302,0.238,1,"ATAD2B"
0.00063987657415715,0.109249147416318,0.578,0.506,1,"RAP1A"
0.000641879211196158,0.20624859629417,0.241,0.18,1,"B4GALT1"
0.000642128423276964,-0.318272153335472,0.236,0.231,1,"ARHGAP17"
0.00064257834269392,0.25425721732532,0.324,0.25,1,"SPAG9"
0.000642615477779215,0.190680476393404,0.058,0.042,1,"TTC23"
0.000644964471434352,-0.154136342424302,0.189,0.178,1,"PDXDC1"
0.000645518767003276,-0.179069828836666,0.099,0.084,1,"RAB11FIP3"
0.000645796093039684,0.132817253380752,0.229,0.191,1,"EIF3H"
0.000646632060062582,-0.47735685573478,0.184,0.212,1,"MNAT1"
0.000647478096098835,-0.391306914409462,0.17,0.182,1,"GLCE"
0.000655174448757853,-0.158397668077982,0.425,0.404,1,"MLLT10"
0.000664155733329708,0.10346685032198,0.073,0.049,1,"IRF2BPL"
0.000664749575935893,0.421032120052955,0.284,0.209,1,"SNX9"
0.000665058018785798,0.520491141350133,0.122,0.07,1,"INSIG2"
0.000665067910859819,0.10626786491762,0.13,0.116,1,"AMER2"
0.000665193082151541,0.820499169416865,0.085,0.043,1,"SH3PXD2B"
0.000666824344269781,0.148657045425292,0.08,0.064,1,"PRPSAP2"
0.000670011378337116,-0.36206732600137,0.074,0.08,1,"PPP1R13B"
0.000673840944892224,0.259388083398969,0.199,0.146,1,"CLEC2D"
0.000676879688558501,1.08710675796059,0.1,0.052,1,"TMEM176B"
0.00067902360534382,0.308843599538712,0.214,0.156,1,"NR2C2"
0.000681224339578847,-0.169323268875079,0.395,0.378,1,"TTC17"
0.000681607181031377,-0.390979364129844,0.255,0.286,1,"GAS7"
0.000685098777526318,0.216962223957515,0.276,0.232,1,"ZEB1"
0.000685236094573387,-0.161994153905613,0.18,0.165,1,"SMG7"
0.000688536995059605,-0.329359240927543,0.051,0.06,1,"RGS6"
0.000688578332252808,-0.174498090049171,0.817,0.818,1,"ST6GAL1"
0.000693313754540495,0.570240373873056,0.02,0.013,1,"FOXO4"
0.000697493088077337,-0.157123348472226,0.162,0.152,1,"LATS1"
0.00069956975512403,-0.327467923536153,0.117,0.117,1,"UGT8"
0.000703998302917327,0.165439193666028,0.166,0.125,1,"YEATS2"
0.000705969820022647,-0.158498247347834,0.077,0.067,1,"CERS5"
0.000707953921386207,0.24120376332864,0.27,0.197,1,"KIAA1147"
0.000708092975250602,0.125034617146781,0.207,0.159,1,"MAX"
0.000710321830682839,0.157270960441284,0.044,0.029,1,"CERS2"
0.000710838090131019,0.435346284570737,0.248,0.159,1,"SNX30"
0.000718495755910622,-0.170548833075149,0.37,0.332,1,"KLHL5"
0.000720444847164991,-0.3574084408457,0.254,0.252,1,"ADAMTSL2"
0.000722239539280636,0.869476030183066,0.302,0.157,1,"SLC38A2"
0.000724237453548619,0.728317429193628,0.032,0.021,1,"SIRT7"
0.000725834128698842,0.209715943423062,0.638,0.548,1,"MYCBP2"
0.000726390266749648,-0.709206433602838,0.015,0.016,1,"KIAA1671"
0.000727563737729991,-0.237968462465253,0.443,0.424,1,"C6orf62"
0.000733595140648308,0.26215037920613,0.162,0.114,1,"EXOC5"
0.00073713885202307,-0.214547838774501,0.455,0.454,1,"ENTPD1"
0.000744689293984731,-0.20181537102417,0.116,0.115,1,"DDB2"
0.000745475674571609,-0.236773307695463,0.227,0.218,1,"AKAP11"
0.000748218338475225,-0.459955880850872,0.07,0.073,1,"LAMTOR1"
0.000749223450183867,-0.306568852147094,0.218,0.224,1,"DIS3L2"
0.000761217478012379,-0.300145870079473,0.217,0.224,1,"COMMD1"
0.000766928943029664,0.452191847777092,0.075,0.051,1,"PLA2G7"
0.000769992915404304,0.37741478537604,0.209,0.146,1,"ARRB2"
0.000771748328099596,0.119647633240651,0.068,0.052,1,"LRRC58"
0.000779401009093688,-0.538809681800336,0.027,0.025,1,"SLC9A1"
0.000782088118565628,-0.121150427335105,0.093,0.087,1,"NDUFS7"
0.000784520307526731,-0.811908412204281,0.047,0.056,1,"HNRNPH2"
0.000788214661410957,0.354002570416434,0.146,0.097,1,"TRIM56"
0.00079346126998577,-1.83518646713375,0.012,0.031,1,"ZNF385B"
0.000794453123804454,-0.134833252803857,0.382,0.393,1,"SUMF1"
0.000798060997537716,0.274043048043745,0.352,0.268,1,"ZNF407"
0.000799517513036,0.508228691386189,0.352,0.239,1,"MAP4K3"
0.000800818949240701,-0.229536502198588,0.111,0.102,1,"MGRN1"
0.000801701394768039,-0.145730368874517,0.18,0.172,1,"LRRC37A3"
0.000806065040510651,-0.223315444793603,0.041,0.044,1,"AGBL4"
0.000806289288267922,-1.418431090678,0.012,0.02,1,"HOPX"
0.000811329159768501,0.115143176134675,0.276,0.236,1,"SPATA5"
0.000822673767324717,0.347510470138294,0.031,0.024,1,"IFITM2"
0.000824417479031036,-0.639090247409367,0.082,0.098,1,"UPF3B"
0.000827801306926588,-0.286500107128132,0.154,0.153,1,"TMEM260"
0.00083076329216077,0.176148275127826,0.078,0.067,1,"FRMD3"
0.000831446651707326,-0.362781312405181,0.271,0.272,1,"BOD1L1"
0.000834743016288535,-0.441189048266349,0.308,0.336,1,"GMDS-DT"
0.000836531163641178,0.260609786279352,0.335,0.279,1,"UGCG"
0.000844293164614179,0.457579051688111,0.163,0.099,1,"MAT2A"
0.000845464993465021,0.203079941457894,0.553,0.454,1,"FLI1"
0.000850998240148956,-0.321960046080517,0.05,0.052,1,"SLC4A4"
0.000859813151253945,0.252886446705178,0.148,0.094,1,"CYBRD1"
0.000861369504325775,-0.641841662120298,0.046,0.055,1,"MAPRE3"
0.000871885277264719,-0.265152690005002,0.247,0.247,1,"ARFIP1"
0.000873147088536611,0.893741336416993,0.163,0.098,1,"CREM"
0.0008744323341513,0.12853314061285,0.047,0.037,1,"CAPN1"
0.000876164960480879,0.135012761713214,0.077,0.052,1,"XPA"
0.000877224475194692,0.36258201177021,0.194,0.129,1,"SNX3"
0.000877287097915566,-0.354578105781422,0.055,0.064,1,"PLA2G4C"
0.000878092263375167,0.961029308590231,0.019,0.007,1,"LINC01854"
0.000879552136673221,-0.56814594741691,0.145,0.174,1,"VKORC1L1"
0.000887206962448484,0.211676189726658,0.173,0.137,1,"GCA"
0.000888121589757505,0.261377154906046,0.1,0.066,1,"CTPS2"
0.000892967854073359,0.239285063147854,0.753,0.702,1,"FMNL2"
0.000894828634444923,-1.79724266368148,0.009,0.023,1,"ST3GAL3"
0.0008953742201201,-0.157741247192723,0.081,0.073,1,"ARMCX3"
0.000899482456178287,0.180143070299861,0.359,0.294,1,"TSPAN14"
0.00090105332212518,-0.333944408512816,0.147,0.141,1,"DHTKD1"
0.000905316478675983,-0.191778837819884,0.097,0.078,1,"MAP2K2"
0.000911574092343434,-0.275113505964619,0.169,0.164,1,"EEF1D"
0.000912479435448953,-0.331747454141984,0.234,0.245,1,"ITGAM"
0.000917336139825617,-0.287080666621445,0.134,0.134,1,"TM7SF3"
0.000921777032638086,0.442918277671148,0.237,0.182,1,"BASP1"
0.00092196537769739,-0.114697982449252,0.185,0.172,1,"SENP5"
0.000925195294259178,-0.295213316993904,0.073,0.086,1,"DPP10"
0.000926611137735622,0.109433275993404,0.118,0.091,1,"CLPB"
0.000935485667680659,0.315428838566389,0.459,0.363,1,"FOXO3"
0.000936207148221338,0.335858776671763,0.104,0.079,1,"GNS"
0.000936620513749077,-0.375059880402868,0.118,0.12,1,"EPHB2"
0.000937636544216221,0.171364916360396,0.152,0.108,1,"ZBTB46"
0.000941074384527427,0.409214878474134,0.205,0.13,1,"STX6"
0.000944586058165465,0.320146635140797,0.3,0.212,1,"PSMA1"
0.000947320662031335,-0.130477880949493,0.155,0.133,1,"NCF1"
0.000947534750711425,-0.774728807152289,0.023,0.035,1,"DMTN"
0.000949684698086103,0.765837133916811,0.031,0.019,1,"RAB8A"
0.000957143013851609,0.214964789855358,0.357,0.266,1,"WASHC4"
0.000958188424665916,-0.191170629459751,0.072,0.057,1,"SRP54"
0.000959295432924773,-0.229016296999237,0.079,0.068,1,"MMS19"
0.00096160757429791,-0.274535492482132,0.356,0.374,1,"TRPM2"
0.000963987160177109,0.178685840287669,0.697,0.632,1,"FOXP1"
0.000965528220889151,0.288288806937675,0.146,0.111,1,"CPPED1"
0.000969741355123259,-0.773346595266336,0.041,0.046,1,"AIF1L"
0.000969835027627839,-0.592007164812911,0.127,0.155,1,"VWA8"
0.000969999134784366,0.159964751414853,0.115,0.081,1,"ZBTB37"
0.000972867042662661,-0.229084862617091,0.104,0.098,1,"TRAPPC11"
0.000978671561654163,0.177935948603806,0.292,0.231,1,"MAP4K5"
0.000983462691070433,-0.112998218835999,0.067,0.06,1,"RAB40B"
0.000987841936698081,0.291791940401631,0.053,0.036,1,"CDK10"
0.000999304552878543,-0.34480553760284,0.15,0.157,1,"KRCC1"
0.00101980384629273,-0.280980217613031,0.099,0.092,1,"AP3D1"
0.0010222664615536,-0.155904737022687,0.102,0.083,1,"SIPA1"
0.00102423707148541,0.166322813494003,0.858,0.805,1,"ITPR2"
0.00102807636627427,0.328487893312911,0.166,0.112,1,"UBA2"
0.00103018686251718,0.229464386633876,0.124,0.09,1,"FAM118A"
0.00103508584942045,-0.160000806970896,0.365,0.34,1,"ARMH3"
0.00104019548714674,0.638632413496614,0.656,0.508,1,"AC074327.1"
0.00104102312053763,-0.456896225941271,0.227,0.245,1,"UPF2"
0.00104102985349038,-1.5418863107515,0.006,0.012,1,"CHRM2"
0.00104179470651398,0.121334620467246,0.426,0.358,1,"RREB1"
0.00104607005880659,-0.151477483349102,0.189,0.169,1,"KPNB1"
0.00104744742032707,0.318101960704809,0.424,0.334,1,"PIK3AP1"
0.00105201228223882,0.230770666132335,0.058,0.049,1,"ACOT7"
0.00105415094259396,0.194325384527214,0.842,0.779,1,"ANKRD44"
0.00105448355696912,-0.111033714198963,0.551,0.504,1,"RBM47"
0.00106081094556218,-0.232879977475461,0.198,0.195,1,"GLCCI1"
0.00106711935181938,-0.341180338712455,0.338,0.35,1,"PPP6R2"
0.001072781954877,-1.52875707569263,0.007,0.015,1,"ELOVL4"
0.00107398733507373,0.34849100110002,0.246,0.169,1,"NUTM2B-AS1"
0.00107531700059176,-0.193056189282588,0.068,0.059,1,"CHP1"
0.00107826727227618,-0.714232519571266,0.033,0.047,1,"RAB6B"
0.00108093752317812,-0.700606397108705,0.1,0.122,1,"SEPT4"
0.00108137436931612,0.144317170936739,0.628,0.553,1,"SH3KBP1"
0.00108652734314482,-0.660262547205336,0.071,0.095,1,"EPB41L1"
0.00108711904982482,-0.281199360614829,0.058,0.051,1,"TMEM184B"
0.00108772194174667,-0.382014777433299,0.059,0.056,1,"IARS2"
0.00108772592715655,-0.226167355717269,0.294,0.275,1,"RNF38"
0.00109290080221259,-0.31400363425167,0.097,0.106,1,"IARS"
0.00109338947502837,-0.231686038537363,0.113,0.1,1,"ZNF267"
0.00110120211603855,-0.490317976123181,0.111,0.129,1,"ARMCX4"
0.0011026511624626,0.186951243271012,0.222,0.166,1,"GOLPH3"
0.00110334487745282,0.265565286401902,0.306,0.239,1,"VASH1"
0.00110632238595435,-0.289883198739091,0.079,0.074,1,"NDUFA3"
0.00111224827156842,-0.215960114239971,0.077,0.076,1,"ACTR1A"
0.00111850225304618,0.200491821346412,0.011,0.004,1,"CHST2"
0.00112040931021309,-0.782704758971386,0.028,0.037,1,"ALDH5A1"
0.00112650616315105,-0.249420113749236,0.186,0.165,1,"EIF3A"
0.00112706212160298,0.173293338287391,0.051,0.033,1,"DHX40"
0.00112902371553555,0.158936430165681,0.136,0.102,1,"ABCB7"
0.00112919629439872,0.126542018727776,0.454,0.372,1,"PUM2"
0.00113270889722207,1.59071113706891,0.3,0.121,1,"HSPB1"
0.0011337233349966,-0.188752915907803,0.174,0.17,1,"CYTH3"
0.00114373777820749,-0.532817873107013,0.096,0.113,1,"STAT2"
0.00114387924609672,-0.105881587342982,0.289,0.268,1,"RPS19"
0.00115681154432572,-0.745620479558773,0.041,0.054,1,"DGKG"
0.0011591731652512,0.162482699210301,0.126,0.097,1,"GPRC5B"
0.00116268666528501,-0.312081193006112,0.258,0.264,1,"ABL1"
0.00116329580408418,-0.143475211377013,0.31,0.303,1,"ITGAX"
0.00116993552018373,-0.465912229407099,0.231,0.243,1,"LENG8"
0.00117165402048955,-0.291746779108791,0.065,0.058,1,"TEX10"
0.00117745378921071,-0.288351850156115,0.511,0.49,1,"PRRC2C"
0.00117935983888086,0.150668210136405,0.328,0.258,1,"STAG2"
0.00118214085166706,0.142119208052604,0.105,0.078,1,"RTF2"
0.00118346675088119,-0.128278300466644,0.13,0.112,1,"H2AFV"
0.00118919816022102,0.251334253253058,0.255,0.188,1,"SEC24B"
0.00119577657579456,0.128073812336928,0.103,0.079,1,"AL078590.3"
0.0012007837950501,-0.574078711985804,0.047,0.054,1,"MAPK8IP2"
0.00120550276644036,0.216580823030155,0.243,0.192,1,"ARHGAP32"
0.00120559836735662,-0.126805047593621,0.059,0.057,1,"DCUN1D2"
0.0012121976747875,0.317451682146143,0.684,0.582,1,"AKT3"
0.00121264742559535,0.122359749124985,0.197,0.157,1,"RHBDD1"
0.00121895825804655,-1.00572545154537,0.031,0.043,1,"MAP9"
0.00123156316490277,0.876661071985539,0.121,0.073,1,"DIRC3"
0.00123920421003972,0.250028298749027,0.3,0.226,1,"MARCH7"
0.00124237918200141,0.636925440457377,0.536,0.392,1,"PDE3B"
0.00125213614873085,0.517266808892437,0.04,0.023,1,"MANBAL"
0.00126240173784744,0.150203133169662,0.055,0.042,1,"PPIB"
0.00126933052632295,-0.999950703677505,0.024,0.041,1,"UNC80"
0.00127035242712845,0.250993048054537,0.577,0.493,1,"TAB2"
0.00127158351435844,0.113188121843305,0.072,0.05,1,"COL18A1"
0.00127211794454943,0.127186599836684,0.528,0.453,1,"SYK"
0.00127455474023645,-0.326376301328547,0.046,0.039,1,"GUCY1A2"
0.00127579177627385,-0.365294465401917,0.104,0.108,1,"UNC93B1"
0.00127883650042878,0.111658450361994,0.339,0.279,1,"XPR1"
0.00127884925434381,-0.517655651206888,0.123,0.134,1,"NFIX"
0.0012800255268162,-0.121425563070038,0.142,0.131,1,"DERA"
0.00128032292665605,-0.582785196486998,0.039,0.041,1,"SEMA3C"
0.0012840659183378,-0.125210541887648,0.764,0.74,1,"MT-ND4L"
0.00128635857562229,-0.49212956432508,0.183,0.198,1,"USP4"
0.00128861075484117,0.120210688485781,0.183,0.134,1,"MINK1"
0.0012906948646079,0.172273728156525,0.504,0.42,1,"CSF1R"
0.00129329198518616,-0.181419919474549,0.089,0.083,1,"STK39"
0.00129453498116782,0.394280848587755,0.222,0.146,1,"ZNF516"
0.00129912433421395,0.727013803382012,0.174,0.107,1,"DUSP16"
0.00129953243565436,0.130453551246719,0.23,0.182,1,"ARL8B"
0.00129953281174674,-0.126847351772075,0.306,0.285,1,"HERC2"
0.00132013050241502,-0.258002468412606,0.296,0.291,1,"VAV1"
0.00132067340150316,0.472147587712512,0.389,0.273,1,"CNOT2"
0.00132371320233123,0.408110655455123,0.111,0.073,1,"AP3S1"
0.00132575993601799,0.310836806585583,0.115,0.083,1,"FCHO1"
0.00133698360815997,-0.287158103092737,0.048,0.06,1,"PRKG1"
0.00133917542363992,-0.494125097511407,0.067,0.067,1,"AC006059.1"
0.00134095716795152,0.166704723882438,0.104,0.082,1,"PRKCD"
0.00134140943042163,-0.828287956553089,0.03,0.039,1,"BDH1"
0.00134186681475465,0.170565025379846,0.174,0.131,1,"TIGAR"
0.00134430700438966,-0.182406464843005,0.025,0.021,1,"MRPS18B"
0.00134645994116266,0.220650331849736,0.123,0.098,1,"APOD"
0.00134858326426703,0.409833346296632,0.23,0.155,1,"CYB5R4"
0.00135881660556754,-1.16122845010283,0.018,0.036,1,"B4GALT6"
0.00136073657783164,-0.274636461069882,0.028,0.031,1,"B4GALNT4"
0.00136712784965586,0.105236040270969,0.252,0.203,1,"SUZ12"
0.0013704243958749,-1.76563528780137,0.008,0.018,1,"FHOD3"
0.00137655780910488,-1.16326588846649,0.014,0.022,1,"DYRK1B"
0.00137692215801493,0.174850814370129,0.188,0.157,1,"TNFSF13B"
0.00138257048466034,0.280122429011768,0.228,0.223,1,"OLR1"
0.00138320156956844,-0.255130293759762,0.064,0.062,1,"ADARB1"
0.00139332783613823,-0.383042249724534,0.115,0.132,1,"METTL25"
0.00140002315660184,0.137028722124971,0.294,0.239,1,"PSPC1"
0.00140112686005647,-0.872853558453514,0.03,0.041,1,"ARHGDIG"
0.00140630439270086,0.348139378016111,0.326,0.247,1,"TSC22D2"
0.00141868910812021,-0.115864448760406,0.401,0.387,1,"PLCL2"
0.0014204905727153,-0.544351441375763,0.106,0.123,1,"SH3PXD2A"
0.00143464980756186,0.13623888118151,0.037,0.031,1,"FAM102A"
0.00143954097802721,1.42173257636484,0.03,0.007,1,"GRASP"
0.00145033803039121,0.154902403935359,0.326,0.265,1,"TULP4"
0.0014542389033688,-0.724783732453573,0.029,0.041,1,"SNAP91"
0.00146265534965298,-0.349685444533871,0.309,0.337,1,"HCK"
0.00146627726347131,0.143224714286086,0.225,0.176,1,"KPNA1"
0.00146934049901779,0.227169178000955,0.383,0.303,1,"RICTOR"
0.00147156635513653,-0.347342211645034,0.059,0.069,1,"HECW2"
0.00147874337073861,0.25493208985492,0.39,0.326,1,"NR3C1"
0.00148109888648919,-0.53490668786388,0.028,0.037,1,"ANXA6"
0.00148355130655956,0.297058480317781,0.35,0.264,1,"HCLS1"
0.00148750832935538,0.158601826911703,0.41,0.314,1,"LPIN2"
0.00148928155056511,0.169440886846386,0.274,0.22,1,"SOAT1"
0.00149638077561971,-0.661756877436048,0.096,0.11,1,"UTP6"
0.00149738695278116,-0.863011751294024,0.036,0.049,1,"DHDDS"
0.00151962669939291,0.195843102878323,0.132,0.1,1,"STAM"
0.00152044241284731,-0.143283394849934,0.187,0.168,1,"SLC43A2"
0.00152466691350448,0.38285092408213,0.312,0.224,1,"ATG4C"
0.00152577789916983,-0.3132637613147,0.093,0.085,1,"SMU1"
0.00152705650062527,-0.13942477128299,0.443,0.428,1,"LY86"
0.00152972480008551,-0.128913846622023,0.227,0.201,1,"RSRP1"
0.00153282041031925,-0.379374211546694,0.165,0.167,1,"SECISBP2"
0.00153783298209522,-0.226146605654887,0.087,0.076,1,"FIS1"
0.00153833880692555,-0.112058937859508,0.273,0.241,1,"RGS10"
0.00154506601995515,0.231209632899311,0.171,0.125,1,"CSNK1G3"
0.00155279398968456,-0.750704479037119,0.07,0.091,1,"KIAA1324L"
0.00155335614183084,0.308953258004506,0.036,0.024,1,"LRP10"
0.00156186035511962,-0.320022120531108,0.12,0.118,1,"EDF1"
0.00156712089385889,-0.435280612515878,0.032,0.032,1,"TSPAN7"
0.001571800982235,0.146560031861253,0.05,0.03,1,"SLC25A28"
0.00157484424573404,-0.208868217545171,0.155,0.151,1,"TANGO2"
0.00157742761606698,0.233152115865143,0.336,0.253,1,"NCOR2"
0.00157813330534636,-0.781705159352779,0.023,0.04,1,"ABCC3"
0.00157915976170929,-0.177424392264107,0.277,0.251,1,"BCAS1"
0.00158626219929837,0.280580711198795,0.058,0.036,1,"COX20"
0.00159548056907471,-0.128129422641149,0.339,0.308,1,"B2M"
0.00159861968879981,0.176803907683005,0.261,0.191,1,"CAPZA1"
0.00159931331581275,-0.174236979749318,0.08,0.073,1,"TAF4"
0.00160279744088161,0.714013134305004,0.132,0.075,1,"RANBP3"
0.00160445580692974,-0.238969715182982,0.14,0.143,1,"HLCS"
0.00160514384447795,0.328103664217034,0.348,0.258,1,"ATXN10"
0.0016058765164671,0.23164714336501,0.28,0.214,1,"AFF4"
0.0016090293612291,1.06674206154404,0.036,0.015,1,"SAP30"
0.00161178271111089,-0.762918871872321,0.065,0.083,1,"SETDB1"
0.00161777233280493,0.633187605845058,0.574,0.411,1,"ATP2C1"
0.00162162531519493,0.800395980525025,0.04,0.018,1,"SNAI3"
0.00162902782992018,0.28527841677788,0.19,0.143,1,"SERTAD2"
0.00163333561408625,-1.37630242002197,0.013,0.031,1,"AC100858.3"
0.00163661434528761,0.230505008632421,0.098,0.067,1,"CTBS"
0.00163710713422956,0.238263388810606,0.038,0.032,1,"OR3A2"
0.00164712093615139,0.210490345765661,0.351,0.279,1,"RNF216"
0.00164868853769282,-0.629173216065881,0.112,0.135,1,"SLC4A8"
0.00165467271667738,-0.670823993057037,0.281,0.399,1,"NAALADL2"
0.00165729101077521,0.403699599858721,0.2,0.131,1,"BRWD3"
0.00165873728403035,0.387962497188753,0.221,0.172,1,"AL365273.2"
0.00166307517413246,0.210530098466947,0.276,0.209,1,"ZNF846"
0.00167033995417613,0.993281624732739,0.088,0.056,1,"SCG2"
0.00167392799563938,0.102096345926427,0.771,0.736,1,"ZBTB20"
0.00167425709849129,-0.268144444663767,0.033,0.026,1,"NCAPD2"
0.00167738238176252,0.292326130394236,0.03,0.016,1,"CBLL1"
0.00168436303464768,0.393226210080472,0.477,0.365,1,"GRK3"
0.0016992382783146,0.326963952435696,0.055,0.031,1,"ANP32E"
0.00170121534979489,-0.131925941819991,0.411,0.393,1,"UBL3"
0.00170342748280605,0.236714254664787,0.102,0.073,1,"EPB41L5"
0.00171015028963054,-0.616832470569896,0.024,0.029,1,"TMEM229B"
0.00171230506887725,0.906368339719501,0.165,0.108,1,"HIVEP2"
0.00172473090724009,0.391613001254771,0.125,0.08,1,"SPCS2"
0.00172738133181964,0.348038691241155,0.057,0.051,1,"CALY"
0.00172868172294028,0.277836232720506,0.235,0.177,1,"STK38L"
0.00173011817565613,-0.313239142198419,0.057,0.054,1,"ATP6V0A2"
0.00173038938993433,0.690992974861263,0.013,0.008,1,"EHD2"
0.00173818470771718,-0.120376465325327,0.042,0.035,1,"HTATSF1"
0.00173889570718926,-0.762694308298193,0.036,0.051,1,"CELF4"
0.00173921940100606,-0.192247675676774,0.155,0.146,1,"YWHAQ"
0.00174350157473363,0.177096778732202,0.087,0.062,1,"PARP1"
0.00174836861705638,0.108726512511461,0.085,0.068,1,"BARD1"
0.00175633695327962,-0.442919173706411,0.147,0.184,1,"AKAP6"
0.00175687337381095,-0.423441005645745,0.126,0.134,1,"LANCL1"
0.00176810967237092,0.476542731008971,0.337,0.255,1,"CAMKMT"
0.00177290805812198,0.283401404910022,0.023,0.018,1,"RAB3A"
0.00177482341028465,-0.261632452906553,0.045,0.039,1,"GMIP"
0.00177507983743474,0.331015268840797,0.15,0.095,1,"SLC25A36"
0.0017770217539914,-0.188126141855711,0.117,0.106,1,"LAPTM4A"
0.00178012565251292,0.281797512456837,0.313,0.231,1,"SPEN"
0.00180559709601659,-0.180635852965489,0.089,0.087,1,"CDC16"
0.00181535940277821,-0.498351667174835,0.021,0.026,1,"TUBB2A"
0.00182319155653042,0.17482145180303,0.325,0.235,1,"CARD11"
0.00182449996572695,-0.162874403652158,0.093,0.092,1,"CCDC149"
0.00183016030432414,0.10744816630813,0.115,0.089,1,"PAM"
0.00183181696565046,0.497308442502955,0.436,0.307,1,"HNRNPU"
0.00183486188139574,0.603060335949624,0.23,0.156,1,"BCAT1"
0.00184458384479649,0.208062775529569,0.758,0.687,1,"DOCK10"
0.00185320535988111,0.222451288843832,0.177,0.134,1,"RAB8B"
0.00185357507309725,0.52326772469095,0.135,0.083,1,"STK38"
0.00185419535530329,-0.136406645044798,0.141,0.132,1,"RNF125"
0.0018624505266699,0.485660001756074,0.165,0.101,1,"CLCN5"
0.00186799120633035,0.111826718037895,0.104,0.073,1,"AKIRIN1"
0.00187205049211886,-0.788816778583831,0.015,0.023,1,"TMEM35A"
0.00188262467257183,-0.142365652469368,0.049,0.036,1,"NEDD1"
0.00188668412642776,0.506189365892015,0.171,0.117,1,"CCNL1"
0.00188959750001664,-0.387014620934125,0.019,0.025,1,"FNDC10"
0.00189675738510039,-1.6600475344445,0.009,0.022,1,"GULP1"
0.0018998109998768,-0.391470300384145,0.04,0.037,1,"HMGCR"
0.00189997964485265,0.203042372183541,0.118,0.081,1,"TMF1"
0.00190018739138704,-0.208954397739778,0.07,0.062,1,"UBTD2"
0.00190342591864697,-0.136517563878898,0.264,0.24,1,"DYNC1H1"
0.00191181544344893,0.147282090671419,0.32,0.249,1,"SMG1"
0.00193269283551815,0.166801868520422,0.552,0.475,1,"DLEU2"
0.00193451731148032,0.22358639929264,0.39,0.324,1,"PARP8"
0.00193865460468228,-0.653701229683657,0.04,0.045,1,"RNF157"
0.00193892695236905,0.935085701827865,0.128,0.068,1,"FLT1"
0.00194319008510819,0.226641496587187,0.057,0.039,1,"USP38"
0.00195349878517418,0.283371722890215,0.108,0.071,1,"LMBR1L"
0.00195639057378405,-0.157463200511821,0.146,0.138,1,"ZYG11B"
0.00195838067762527,-0.132916952562457,0.027,0.026,1,"GPATCH4"
0.00195870930095364,-0.26381727972584,0.107,0.104,1,"KDM1B"
0.00196875893731628,-0.104727589070211,0.252,0.213,1,"FBXW4"
0.00197171909315747,-0.482081403903626,0.021,0.023,1,"PWRN1"
0.0019813834844187,-0.103195328479693,0.13,0.112,1,"MACO1"
0.00198145088992273,-0.208726784498487,0.026,0.028,1,"CDH12"
0.00198649993159207,-0.292300354879376,0.099,0.09,1,"NUP50-DT"
0.00199249560530537,0.399006962991735,0.481,0.391,1,"LIMS1"
0.0019952796521304,0.260432682923809,0.051,0.033,1,"DLG4"
0.0020101452236581,0.422139330984901,0.263,0.174,1,"SESN1"
0.00201046869475763,-0.52499150818752,0.052,0.06,1,"ADGRL1"
0.00202301129405116,0.291443507930906,0.263,0.212,1,"FAM102B"
0.00202958749241104,-0.28207430204962,0.224,0.222,1,"SCLT1"
0.00203577250964774,-0.517051668861367,0.026,0.027,1,"TUSC2"
0.00203913265876871,-0.122566776301367,0.127,0.11,1,"MARF1"
0.00204104608422716,-0.143602929198124,0.15,0.123,1,"SNX18"
0.00205268666149371,-1.16823419432258,0.011,0.018,1,"GABBR2"
0.00206929218394236,-0.340903165758504,0.053,0.056,1,"SNX8"
0.00206972807474354,-0.379360644466483,0.081,0.088,1,"MAP2K6"
0.00207507132250459,0.272104790272331,0.443,0.353,1,"CDK19"
0.00207793111718343,0.41523409899635,0.213,0.143,1,"RDX"
0.00208191595537994,-0.450873362294616,0.461,0.539,1,"FRMD4B"
0.00209238931523254,0.385880513930429,0.274,0.204,1,"INTS6"
0.00209248327750857,0.225513958172956,0.53,0.426,1,"FTH1"
0.00209304555098687,-0.235043253192032,0.221,0.226,1,"C9orf3"
0.00209856932526824,-0.129118476010339,0.084,0.072,1,"NUCB1"
0.00211211854633232,-0.150165208192424,0.08,0.077,1,"RCAN1"
0.00211246297897156,0.927035127516877,0.022,0.007,1,"ADAMTS9"
0.00213776393881875,-0.181209384112445,0.095,0.083,1,"UBE2V2"
0.00215422336509123,-0.486888744590073,0.112,0.116,1,"METRN"
0.00217249058981122,-0.310385752649918,0.148,0.153,1,"EHBP1L1"
0.00218174893376868,-0.150541084996855,0.121,0.12,1,"PCLO"
0.00218382467200801,0.109356775703522,0.314,0.252,1,"USP47"
0.00218590839293488,0.122975059645164,0.421,0.352,1,"ATF7IP"
0.00218897778861151,-1.21168161208603,0.019,0.037,1,"CA10"
0.00219216369988575,0.259843917182874,0.255,0.191,1,"TRPM7"
0.0022104046041926,-0.304966399226118,0.093,0.094,1,"ARFGEF3"
0.00221305934654652,0.209731583926415,0.212,0.166,1,"NSL1"
0.00222618152212025,0.369656972159917,0.041,0.022,1,"MAFK"
0.00224510067763953,0.622419970936521,0.159,0.102,1,"CTIF"
0.00225021904482545,0.104724926289404,0.881,0.841,1,"SORL1"
0.00225219546492051,-0.436054427342043,0.017,0.021,1,"NCALD"
0.00225259059702462,0.149705726818181,0.23,0.177,1,"APOO"
0.0022676313317575,-0.332068029986203,0.045,0.047,1,"POLG"
0.00226896697253802,-0.217060508562749,0.092,0.084,1,"LIPE-AS1"
0.00226976934373424,0.343429638743391,0.106,0.08,1,"RAPGEF4"
0.00227486787121959,-0.275446421863095,0.253,0.25,1,"PARP14"
0.00227524389622526,0.2220891313286,0.164,0.119,1,"ARNT"
0.00228067327472058,-0.210981033847137,0.094,0.085,1,"DDX21"
0.00228159377410293,0.13194735158943,0.099,0.075,1,"CAND1"
0.00228409420622729,-0.113485643914709,0.026,0.027,1,"CACNA1C"
0.00228935629633455,-0.268663157157734,0.1,0.112,1,"KAZN"
0.00229082150276801,-0.545301982739676,0.036,0.039,1,"BAG5"
0.0022948612987315,-0.174229720847341,0.193,0.189,1,"ATP6V0B"
0.00229522435046996,0.311835203876564,0.335,0.255,1,"TNPO1"
0.0022991086482477,0.115627179439783,0.111,0.087,1,"RPS18"
0.00230188405044779,0.216991336546905,0.155,0.107,1,"AES"
0.0023023923856601,0.205198131833099,0.019,0.012,1,"GMNN"
0.00230816146880429,-0.383695237801873,0.144,0.163,1,"CEBPA"
0.00231617912234612,0.850017716705162,0.037,0.016,1,"AFAP1"
0.00232123982024916,-0.220556347719136,0.047,0.046,1,"AFMID"
0.00232854747889278,-0.214112812005094,0.168,0.148,1,"MTF2"
0.00233057029889156,-0.212440572585919,0.17,0.165,1,"PUM3"
0.00234367618601343,0.101259323870981,0.262,0.214,1,"RB1CC1"
0.00234610064610046,-0.654041774921325,0.023,0.033,1,"LINGO2"
0.00234750741687695,0.111758601745642,0.125,0.106,1,"RUFY1"
0.0023485319719919,-0.278736595413915,0.106,0.098,1,"PTGS1"
0.00237731106911175,-0.288271584962548,0.05,0.052,1,"PPFIBP1"
0.00239072028693337,0.366106776621607,0.486,0.372,1,"PPP6R3"
0.00239834061345673,-0.477334938488067,0.115,0.114,1,"PLD4"
0.00240520216009237,-0.929690057247115,0.017,0.031,1,"AC110995.1"
0.00241738169080465,0.227090694811894,0.21,0.157,1,"MAD1L1"
0.00241808122072178,0.368330338757651,0.031,0.025,1,"ARMH1"
0.00242181973871054,-0.142401960888659,0.053,0.06,1,"C1orf162"
0.00242566648972047,-0.17627565973906,0.143,0.122,1,"H3F3B"
0.00242687579176144,-0.444305701903341,0.047,0.052,1,"DIS3"
0.00242868143102641,-0.486102021413364,0.33,0.383,1,"ACER3"
0.00243006203451173,-0.136192340386777,0.301,0.276,1,"UBE2D2"
0.00243724082958931,0.235237935089316,0.221,0.172,1,"ARHGEF12"
0.00244515006621581,0.161923919089124,0.261,0.221,1,"GAB3"
0.00245133599677006,-0.47347911424471,0.04,0.045,1,"HDAC11"
0.00245144604416879,-0.452557805659239,0.153,0.172,1,"CD84"
0.00245341559623287,-0.143512300531051,0.131,0.113,1,"PAPSS1"
0.00245940015827745,-0.570739287907569,0.057,0.062,1,"HEPACAM"
0.00246906542879828,-0.191820586997123,0.024,0.022,1,"ULK3"
0.00247036224971886,-0.136721539554993,0.079,0.082,1,"NOVA1"
0.00247041051033577,-0.702252945135467,0.031,0.032,1,"LINC01632"
0.00247283999902982,1.05967658291986,0.062,0.027,1,"CCDC40"
0.00247575389395676,-0.19619823391775,0.186,0.17,1,"NUDT3"
0.00248123346517774,-1.02286039965254,0.009,0.017,1,"OGDHL"
0.00249094880076963,-0.413677577754366,0.104,0.111,1,"TECPR2"
0.00249444282908855,0.504220660652726,0.335,0.226,1,"MIB1"
0.0024969587083955,-0.35062946035238,0.25,0.245,1,"MUC20-OT1"
0.00249962131677877,0.486967421829886,0.082,0.054,1,"UBA1"
0.0025144250698768,0.158182145943258,0.265,0.216,1,"PRIM2"
0.00251656977489363,-0.240646925991805,0.159,0.155,1,"ULK2"
0.0025250233100677,-0.112827827023882,0.397,0.384,1,"SLC39A11"
0.00253058631564077,-0.152209790352447,0.224,0.221,1,"PSD3"
0.00253720694663479,-0.505698443573273,0.298,0.359,1,"GAREM1"
0.00254251266297254,0.306530597893272,0.182,0.13,1,"CFDP1"
0.00256332730693782,-0.210380308193648,0.455,0.442,1,"WDR70"
0.00256486653886204,-0.235832061229671,0.157,0.156,1,"PHTF2"
0.00256584032914462,-0.200613742187702,0.208,0.188,1,"SF3B1"
0.0025683047545688,0.277590257885589,0.11,0.084,1,"ELOB"
0.00257064564128268,0.176360881613881,0.741,0.703,1,"ST6GALNAC3"
0.00257438537400783,-0.17342530170253,0.055,0.052,1,"PCBP3"
0.00258624373262688,0.448054385025295,0.317,0.222,1,"NUTM2A-AS1"
0.00258647234053308,0.13987484598063,0.054,0.043,1,"ENPP4"
0.0025886739487656,0.351699080064797,0.249,0.179,1,"STT3B"
0.00258882866549229,0.105162112537315,0.224,0.182,1,"SREBF2"
0.00259852043791869,0.156197201134528,0.175,0.132,1,"TYROBP"
0.00260286783991028,-0.456865965966831,0.037,0.044,1,"PODXL2"
0.00261626117090355,-0.419314151793805,0.034,0.036,1,"GPR158"
0.00262702928086403,0.237987863096287,0.129,0.088,1,"KBTBD2"
0.00264023352978635,-0.220005147535121,0.073,0.077,1,"ZRANB3"
0.00264553781184353,-0.261562968694446,0.221,0.205,1,"BAZ1B"
0.00264698390813523,0.140525918542048,0.289,0.235,1,"ANP32A"
0.00265162476752959,0.614242448263803,0.088,0.055,1,"ZBTB25"
0.00265474132903026,0.141645314277945,0.388,0.351,1,"SLC44A1"
0.00265620495002728,0.210780556634262,0.181,0.15,1,"LITAF"
0.00266146410001211,0.114872189936799,0.541,0.462,1,"ZNF638"
0.00266584188416161,0.20966021671084,0.339,0.249,1,"TUT4"
0.00267223178798674,-0.181208722931955,0.176,0.165,1,"GALNT7"
0.00267345722053613,0.707981546359259,0.244,0.157,1,"RANBP2"
0.00267629366170698,-0.855126519378511,0.069,0.085,1,"PPP1R14A"
0.00267646735599099,-0.147076961359443,0.123,0.117,1,"VEZT"
0.00271007471730365,0.206097190995714,0.219,0.17,1,"PPHLN1"
0.00272870483898473,0.221589172295652,0.178,0.127,1,"AMD1"
0.00273754517343482,-0.140311643558727,0.388,0.407,1,"TTC28"
0.00273773425928544,-0.170592027534932,0.097,0.087,1,"ATP6AP1"
0.00275512063364538,-0.211107142296386,0.048,0.042,1,"CUTC"
0.00276027516390715,-0.59052735265933,0.055,0.068,1,"TMCO1"
0.00276214643955183,0.236456599077674,0.062,0.045,1,"POR"
0.00276241851261632,0.463255581905479,0.089,0.052,1,"RASSF5"
0.00276558104236527,0.260629969246601,0.11,0.078,1,"HACD2"
0.00277416994657208,0.107971279438676,0.463,0.398,1,"ZNF148"
0.00277424521399035,0.260203396097404,0.322,0.25,1,"RALGAPA1"
0.00277461678323748,1.0889381810803,0.033,0.022,1,"ALDH1A2"
0.0027747496656857,-0.530796430211735,0.045,0.056,1,"LMAN2"
0.00277650612630798,-0.141916244656474,0.152,0.142,1,"NMT1"
0.00277784403365164,0.361689756572636,0.109,0.064,1,"AP2M1"
0.00278496875699825,0.326059697011898,0.256,0.188,1,"CDC27"
0.0027869658101934,-0.692301438236941,0.008,0.011,1,"AL033504.1"
0.00279821570537049,0.75778883216235,0.071,0.038,1,"AC004918.1"
0.00280913044595571,-0.375685547750307,0.12,0.116,1,"EIF1AX"
0.00281453618070671,0.138816969520179,0.087,0.063,1,"TCAF1"
0.00282094144957821,0.466841138150018,0.057,0.033,1,"BHLHE40"
0.00284293987955078,-0.173026816689878,0.076,0.066,1,"NDUFS5"
0.00286360650558509,-0.230647581002448,0.029,0.026,1,"MTHFD1"
0.00287421321079843,-0.38187081790586,0.054,0.054,1,"AL161935.3"
0.00288128493770173,0.122646330465456,0.178,0.142,1,"TNPO3"
0.0028826227285483,0.303633271417081,0.214,0.144,1,"PDE7A"
0.00288703217143233,0.213589502189223,0.444,0.357,1,"ITSN2"
0.00288955246306064,0.209559889264457,0.484,0.391,1,"CLASP1"
0.00291006424902389,0.154536389311204,0.234,0.174,1,"MPRIP"
0.00292405527010547,-0.447220850692062,0.08,0.081,1,"ANXA7"
0.00292599629236291,-0.146488575325185,0.159,0.14,1,"DEF6"
0.00293256321612085,0.200297663656262,0.118,0.085,1,"RPL7"
0.00293305729972351,-0.102446882235577,0.11,0.098,1,"VPS39"
0.00294535834802952,-0.26378833305162,0.169,0.16,1,"CTNND1"
0.0029514752588196,-0.193963469706291,0.03,0.025,1,"C2orf49"
0.0029569029683341,-0.236108246018655,0.043,0.037,1,"PINK1"
0.00295917394732438,-0.158195597968275,0.317,0.296,1,"MON2"
0.00298188471481197,0.260137996961667,0.272,0.196,1,"ZNF106"
0.0029849029042964,0.164265608729974,0.089,0.075,1,"AC096711.2"
0.00298521077799314,0.203830156304561,0.214,0.159,1,"APLP2"
0.00299187817662784,-0.162359565502043,0.216,0.205,1,"ATP8A1"
0.0029928488826297,-0.129061974429895,0.034,0.028,1,"MLLT11"
0.0030024991331806,-0.19363279919508,0.292,0.276,1,"AP1B1"
0.00300365735673586,-0.151293354750606,0.172,0.163,1,"CEPT1"
0.00301136693355808,-0.801559249445898,0.016,0.018,1,"S100A10"
0.00302015452640993,0.116500458862339,0.815,0.755,1,"ABR"
0.00302099333964554,0.243527420642037,0.23,0.172,1,"MBTD1"
0.00303053237726771,0.582792106599202,0.035,0.018,1,"NEIL2"
0.00303229497480247,0.285271230397237,0.058,0.035,1,"AC010894.3"
0.00303466583830774,-0.733624638398788,0.011,0.013,1,"HEPH"
0.00303800244828649,-0.392818887950034,0.139,0.152,1,"EIF2B3"
0.00306967912125022,0.333522971960326,0.128,0.09,1,"MAPK1IP1L"
0.00307209920934631,-0.448383433062302,0.049,0.056,1,"KIAA1841"
0.00307623497539266,0.270774324724423,0.241,0.196,1,"TCF7L2"
0.00308943451482478,-1.42721251128704,0.008,0.016,1,"PRICKLE1"
0.00309768982096798,-0.225173299672216,0.156,0.146,1,"ABCA2"
0.0030980949391857,0.201041060560546,0.022,0.019,1,"KCTD1"
0.00310250859685939,1.14330769795288,0.025,0.012,1,"PLOD2"
0.00310360013131876,-0.409001275967084,0.054,0.058,1,"CEND1"
0.00311131572111063,1.55033005234587,0.176,0.066,1,"NEK10"
0.00311307377301207,-0.315412304460482,0.086,0.086,1,"PSMC6"
0.00311544614828699,0.11082806510584,0.161,0.129,1,"NNT"
0.00312121289913993,-0.202157452885892,0.179,0.167,1,"AGPAT3"
0.00313383472920699,-0.269086270319365,0.315,0.303,1,"MYOF"
0.00315235628702494,0.405623621907525,0.063,0.037,1,"AC104806.2"
0.00315634842096906,-0.940846325654897,0.015,0.022,1,"KPNA2"
0.0031566926780025,-0.148980643084481,0.014,0.014,1,"DEPP1"
0.00315732487404061,0.537968498759285,0.01,0.005,1,"AC097534.2"
0.00316213083733413,-0.297076771471975,0.066,0.075,1,"MDGA2"
0.00316317169504481,0.284838765609475,0.313,0.237,1,"UBE2H"
0.00316339279311014,0.381189991208655,0.019,0.01,1,"SNHG7"
0.00316578590393796,0.425721812684686,0.083,0.049,1,"TRIT1"
0.00316585581243945,0.14867353335267,0.049,0.041,1,"TMEM59L"
0.00317124743470427,-0.142135697006167,0.177,0.169,1,"TRIP11"
0.00319184541114791,-0.189624674125572,0.096,0.086,1,"STYXL1"
0.00320498710559303,-0.15863770004566,0.063,0.057,1,"CENPB"
0.00322077771780056,-0.332691279990371,0.052,0.051,1,"ATIC"
0.00322140031351889,-0.388435653738354,0.156,0.157,1,"MINDY2"
0.00324094320356159,-0.224068185205981,0.234,0.256,1,"FAM129A"
0.00326061674463337,-0.529063294016805,0.034,0.031,1,"VAMP1"
0.00328155024002892,-0.134054384985353,0.038,0.038,1,"UBA7"
0.00328352280881079,-0.491818430525657,0.178,0.195,1,"SNX6"
0.00330226796808629,0.232800649705848,0.09,0.064,1,"RRAGB"
0.00330912082278655,-0.176009146437885,0.063,0.069,1,"B4GAT1"
0.00333157314890109,-0.424117591592423,0.048,0.058,1,"PTPRN2"
0.00333717188725436,0.145005337849519,0.474,0.393,1,"RNF13"
0.00333734414627485,0.382556148639611,0.145,0.097,1,"ZNF24"
0.00333934100408472,-0.16857794164377,0.125,0.104,1,"PFN1"
0.00337686682964883,-0.417855811342193,0.078,0.076,1,"DHX29"
0.003387712685766,-0.643637951241577,0.034,0.036,1,"KIF20B"
0.0034133236665187,-0.885437809773403,0.05,0.059,1,"FA2H"
0.00343084871109494,0.180705952777472,0.074,0.047,1,"SYAP1"
0.00344222704655593,0.579220988545394,0.656,0.504,1,"CSGALNACT1"
0.00344575278709089,0.762327722111363,0.019,0.009,1,"LRP5L"
0.00345822373897162,-0.35365105487698,0.047,0.051,1,"IFFO1"
0.00346223677451482,0.366480376769989,0.455,0.322,1,"ZMYM2"
0.00347657991508236,0.20897739602364,0.257,0.177,1,"CLK1"
0.00347962752796715,-0.164668789860432,0.216,0.2,1,"KLF6"
0.00348809797503638,0.14680319536016,0.223,0.159,1,"IRF2"
0.00349254665377022,0.201358139519498,0.181,0.135,1,"ARL6IP5"
0.00350332332779968,0.235329183751735,0.067,0.047,1,"TIMMDC1"
0.00351137012888685,0.279951114496391,0.329,0.25,1,"CHD2"
0.00351193775001579,0.250930707486828,0.43,0.36,1,"IFI16"
0.00351727930753362,-0.148397910577844,0.152,0.131,1,"CLSTN1"
0.00353181767024992,0.608787664217968,0.128,0.073,1,"MXI1"
0.00354500377770334,0.26969968833623,0.263,0.19,1,"ECPAS"
0.00355154759450765,-1.53330065475663,0.01,0.016,1,"EYS"
0.00357223774282402,-0.414234686306041,0.02,0.022,1,"MOAP1"
0.00357824665753321,-0.470783313919539,0.117,0.125,1,"PDIA3"
0.00358434513177159,-0.220005745425719,0.293,0.293,1,"SAMHD1"
0.00358569198712126,-0.116659444455464,0.035,0.029,1,"CTTN"
0.00358829438694865,0.247081274074159,0.06,0.044,1,"TIPARP"
0.00358963982035575,0.407637012746816,0.133,0.089,1,"TCAIM"
0.00361947255585147,-0.354063221392034,0.172,0.189,1,"ANXA4"
0.00362099399010759,-0.11010135289232,1,1,1,"MALAT1"
0.00362412510625665,-0.31433080142942,0.048,0.048,1,"VAMP4"
0.00362985496260152,0.317639061670469,0.236,0.174,1,"SCARB2"
0.00363726792372751,-0.437483524473495,0.082,0.094,1,"BTBD2"
0.00363811278211644,0.253314306172695,0.069,0.049,1,"NDUFB9"
0.00364461452956143,-0.206210753262963,0.064,0.058,1,"PRDX5"
0.00365746310462567,-0.338417195395526,0.056,0.053,1,"TXNDC12"
0.00366072734158854,-1.45623419784622,0.025,0.06,1,"EMID1"
0.00366272356156592,-0.153608274385356,0.046,0.043,1,"LINC01572"
0.00366753129439802,-0.566797393330359,0.022,0.02,1,"MBOAT1"
0.00367679134425271,0.122048902458595,0.665,0.59,1,"EIF4G3"
0.00367684835409341,-0.206762956987883,0.041,0.039,1,"ATRNL1"
0.00367947219843369,-0.178538907873816,0.181,0.163,1,"ZNF780B"
0.00368200742672549,0.125356138076486,0.082,0.062,1,"RPLP0"
0.00368378531078229,-0.313294266541686,0.201,0.208,1,"LARP1"
0.0036893680520386,-3.5036010889396,0.003,0.017,1,"SLC17A7"
0.00369974589264049,0.136560707524529,0.173,0.136,1,"RRBP1"
0.00371808021215196,-0.323682472004459,0.088,0.083,1,"HNRNPA1"
0.00372026669469885,-0.463391054475643,0.128,0.143,1,"SNX10"
0.00373150443175973,0.203311858791941,0.13,0.095,1,"PRDX1"
0.00373480381799405,0.401541003534665,0.084,0.047,1,"PDK4"
0.00373901521372127,-0.562299399334667,0.071,0.092,1,"RHBDD2"
0.0037463410673444,0.206849763900885,0.05,0.041,1,"ABCA7"
0.00374734549130488,0.187844867906509,0.404,0.337,1,"RALGAPA2"
0.00376387519283597,-0.469203139599867,0.082,0.094,1,"C16orf70"
0.00376771502581592,0.520495294450724,0.159,0.106,1,"BMT2"
0.00377036290522465,0.2554643221144,0.384,0.319,1,"GPHN"
0.00378263778859782,0.387796982956177,0.03,0.023,1,"CPSF4"
0.00379356770219579,-0.589233751798099,0.015,0.016,1,"KCNC2"
0.00382739237023947,-0.535429915425453,0.041,0.047,1,"LTC4S"
0.00383789452573618,0.182552290361536,0.374,0.296,1,"RAB2A"
0.00383992192199125,0.256611802771189,0.198,0.141,1,"TOP2B"
0.00384849008542616,-0.345922685421117,0.291,0.3,1,"GPCPD1"
0.00385122618682256,0.325895721946074,0.35,0.258,1,"SOS1"
0.00390094412304939,-0.100804637859393,0.027,0.022,1,"FZD3"
0.00392705611375698,-0.353320962793338,0.105,0.122,1,"BCOR"
0.00393428233552013,-0.414908646068188,0.076,0.08,1,"TMEM41B"
0.00393767537035895,0.612699294506452,0.219,0.134,1,"FBXO34"
0.0039493900453009,0.619110628198262,0.281,0.159,1,"HSPA1B"
0.00395171596740629,-0.203198864325566,0.254,0.243,1,"TET3"
0.00395338440275793,0.285130411738442,0.085,0.052,1,"THSD4-AS1"
0.00396438788925846,-0.851558819419278,0.028,0.043,1,"NSG2"
0.00396448827839725,-0.234061601861644,0.21,0.212,1,"ARSB"
0.00397194348898514,0.147532251000208,0.147,0.107,1,"CD164"
0.00398224634288974,0.107193582675991,0.062,0.046,1,"NFXL1"
0.00398351437251833,-0.366208367505719,0.28,0.296,1,"RPL35"
0.00398397195355565,-0.447500384613848,0.992,1,1,"MT-CO3"
0.00398504573367867,0.242534510664372,0.125,0.09,1,"SLK"
0.00399955711205859,-0.458665818271567,0.048,0.052,1,"ARFGAP2"
0.00401917946829695,3.84342238232087,0.051,0.004,1,"NR4A3"
0.00402540732572758,-0.303355041980702,0.116,0.111,1,"BID"
0.00405388227652702,-0.169066296795169,0.093,0.097,1,"VSIG4"
0.00405580767952475,-1.05846888886895,0.011,0.018,1,"AGAP2"
0.00405751471449631,-0.401645934675535,0.111,0.117,1,"DGCR2"
0.00405922132223617,-0.34756352272904,0.347,0.365,1,"C20orf194"
0.004067036731602,-0.430426526465619,0.062,0.066,1,"GALM"
0.00407337938700446,0.180789857912931,0.247,0.179,1,"GARNL3"
0.00407797460473047,0.186711816679048,0.24,0.186,1,"MIA2"
0.00408291543617432,-0.244179807153979,0.098,0.087,1,"ACO2"
0.00408329000481172,0.150123080501531,0.056,0.037,1,"CBX7"
0.00408782474682101,-0.104770045646536,0.077,0.067,1,"POMP"
0.00410303748014631,-0.476737615939463,0.029,0.031,1,"ZW10"
0.0041176409004898,0.512603660358446,0.371,0.259,1,"GPBP1"
0.00416270890781123,-0.274019369693824,0.284,0.286,1,"KIF1B"
0.00418352127052144,0.787798502487378,0.078,0.035,1,"AHSA1"
0.00422042916023963,0.645276628232146,0.197,0.106,1,"UBE2B"
0.00422444036307879,-0.409630132562223,0.078,0.085,1,"KIF3A"
0.00423663551476784,-0.315982627356478,0.185,0.184,1,"FNBP4"
0.00423888226147073,-0.667611777395528,0.028,0.041,1,"PHYHIP"
0.0042559669112334,-0.528140856005523,0.102,0.115,1,"CASTOR3"
0.00427043619783486,-0.362433287023462,0.028,0.031,1,"LAS1L"
0.00428324708321741,-0.407398972275731,0.03,0.031,1,"FMO4"
0.00428532164823966,0.190087000359305,0.035,0.026,1,"CNTN5"
0.00428794180526261,-0.150428588878983,0.315,0.318,1,"OSBPL1A"
0.00429238505360368,0.124829920584552,0.7,0.627,1,"DIP2B"
0.00430503064571419,0.184664032826771,0.093,0.067,1,"VEZF1"
0.004305627697262,0.430048721331612,0.275,0.182,1,"BMPR1A"
0.00430665841441238,0.129523854096618,0.136,0.108,1,"DNAJC15"
0.00430674103478391,-0.286968599366708,0.034,0.037,1,"CAMK2B"
0.00431266756495028,0.679923269133956,0.115,0.068,1,"TMPO"
0.00431287703341115,-0.537269056919361,0.065,0.075,1,"DPYSL5"
0.00432617180240527,-0.112683530972032,0.131,0.111,1,"KIF5C"
0.00433544082775383,-0.453839564485052,0.13,0.131,1,"ANKRD36C"
0.00433559043102605,-0.382111687569209,0.052,0.051,1,"IQSEC1"
0.00435637600967537,-1.00541640242985,0.038,0.062,1,"FSTL5"
0.00436029200463831,-0.331119835059924,0.152,0.159,1,"SOGA1"
0.0043607122818682,-0.326152195889194,0.168,0.165,1,"XIAP"
0.0043641397761257,0.121651804778521,0.207,0.169,1,"SLC12A6"
0.00438007587455145,-0.638400592201313,0.014,0.016,1,"TMEM132B"
0.00438362613272903,0.110028091871014,0.15,0.116,1,"MYSM1"
0.00440780053126538,0.116116076487131,0.205,0.172,1,"KPNA4"
0.00441395313922124,-0.577679636638132,0.079,0.085,1,"TFB1M"
0.004421270296253,-0.290463121312006,0.063,0.064,1,"TATDN3"
0.0044223639806903,0.27222940652679,0.134,0.104,1,"ATP2B4"
0.00442775209610946,-0.191695439186096,0.382,0.383,1,"CACNA1D"
0.00442987274231127,0.232195749043331,0.161,0.134,1,"RTN1"
0.00443446500199844,-0.606127629470927,0.026,0.032,1,"ATXN7L3"
0.00443586493639908,0.254074093310161,0.167,0.129,1,"TMEM245"
0.00443846585397395,0.165345053633647,0.038,0.027,1,"UFD1"
0.00444020118950025,-0.244943971204989,0.103,0.089,1,"PRKCSH"
0.0044762951646615,0.107877940157385,0.091,0.076,1,"SMCO4"
0.00448815545266536,-0.370189686689727,0.14,0.145,1,"EMB"
0.00449869213418215,-0.309224862968541,0.078,0.084,1,"SGIP1"
0.00450404483750063,-0.225810520351382,0.104,0.104,1,"GUCY1A1"
0.0045153519283433,-1.0867466134856,0.051,0.084,1,"HVCN1"
0.00452565818607468,-0.441942895177716,0.044,0.049,1,"INTS2"
0.0045395332945191,-0.272099802739932,0.097,0.085,1,"SH3GL1"
0.00455341556182877,-0.160277046412239,0.198,0.174,1,"TM9SF3"
0.00455486611555531,0.225836689600544,0.29,0.224,1,"FBXL20"
0.00455889062352133,-0.791559424844936,0.02,0.026,1,"TTLL12"
0.00457756549918519,-0.348177609081657,0.055,0.062,1,"KCNQ1OT1"
0.00460696200810591,0.102322609239823,0.678,0.617,1,"GAB2"
0.00460984235152149,-0.204688101228691,0.067,0.07,1,"CCDC171"
0.00461054822476777,-0.832498839007906,0.021,0.035,1,"FAM19A1"
0.00461403747111316,0.171535151105814,0.042,0.034,1,"ACACB"
0.00462005037447965,-0.33172916564149,0.215,0.228,1,"IL6R"
0.00463579704938017,1.31434003447132,0.094,0.041,1,"SUCLG2-AS1"
0.00463943533246343,0.271191627776991,0.16,0.116,1,"ZFAND5"
0.00464999270968845,-0.276061386615264,0.207,0.21,1,"SNX24"
0.0046543074646578,0.238899451060787,0.043,0.029,1,"FILIP1L"
0.00465963259565846,-0.548884613757338,0.076,0.099,1,"PCBD2"
0.004677307659364,-0.496335993536748,0.05,0.058,1,"TRIM9"
0.0047051952448502,0.251249868183148,0.85,0.764,1,"GNAQ"
0.00471160413881142,0.17812855836818,0.036,0.029,1,"RPF2"
0.00471900869212072,0.280915792061471,0.093,0.063,1,"LEPROTL1"
0.00472261556510094,-0.317903097562882,0.063,0.066,1,"BEX3"
0.00472332594137838,-0.259042378435933,0.251,0.241,1,"LINC01141"
0.00472451860364916,-0.132138884713666,0.171,0.152,1,"MED27"
0.0047253409407099,-0.418059661544467,0.114,0.121,1,"NDE1"
0.0047387872915745,0.481505467381938,0.032,0.017,1,"HSPA14.1"
0.00474074793169984,-0.25708991919052,0.23,0.233,1,"KIAA0930"
0.00475007701783871,-0.102390756004805,0.148,0.127,1,"TMED10"
0.00475020998552138,-0.250810512832922,0.083,0.089,1,"DGKZ"
0.00477549574569267,0.394668997376663,0.045,0.032,1,"SNCG"
0.00478419326929032,0.221293177654563,0.282,0.208,1,"NRF1"
0.00478514667404027,0.359453398605963,0.117,0.073,1,"TROVE2"
0.00478717255984547,0.302976807715059,0.081,0.058,1,"PLEKHA8"
0.00479144185859904,-0.63700489418381,0.053,0.076,1,"LHFPL6"
0.00479152292426269,-0.977727671717084,0.013,0.02,1,"CLVS2"
0.00480246158371038,0.172343383357491,0.33,0.284,1,"SAMD12"
0.00481480373233279,-0.415183190036403,0.045,0.044,1,"CCDC124"
0.00483106375136548,0.166644023643787,0.069,0.047,1,"NDUFS6"
0.0048372788640927,0.542099804503925,0.251,0.199,1,"NFKB1"
0.00484822545842999,-0.310788729158451,0.026,0.022,1,"PHAX"
0.00485149442066295,0.213989938118589,0.064,0.049,1,"BET1"
0.00486598755868619,0.298029644601633,0.214,0.151,1,"ATP11B"
0.00486984910583669,-0.599642813582121,0.018,0.019,1,"ARMT1"
0.00487038782929509,0.278435453960808,0.263,0.217,1,"SYTL3"
0.00490060150924636,0.303089404475965,0.033,0.023,1,"C5AR2"
0.00490114828387218,0.336684458348849,0.072,0.043,1,"PROX1"
0.00490474269834916,0.619180766933941,0.065,0.044,1,"PCED1A"
0.00490776825450441,0.237247014432684,0.37,0.287,1,"CTNNA1"
0.00491026391694831,-1.10332169219933,0.017,0.022,1,"DCTN1"
0.00498076468962089,0.110494667947124,0.092,0.075,1,"AL627171.2"
0.00499318539208027,0.321750202394075,0.067,0.048,1,"AC009093.2"
0.00499648281512229,0.15013975196281,0.266,0.201,1,"GPBP1L1"
0.00499867517218334,0.279744527205179,0.068,0.048,1,"UBALD2"
0.00504540652164293,-0.513289439474098,0.113,0.122,1,"SLC27A1"
0.00504565862474881,-0.770706223198575,0.192,0.23,1,"PAQR6"
0.00505484931808013,-0.664678441619116,0.064,0.071,1,"PHKA2"
0.00505516635637619,-0.126908837098862,0.092,0.089,1,"LARS2"
0.00507163991738809,-0.305103950192469,0.047,0.057,1,"ARFRP1"
0.00507657895481194,0.381680950175414,0.537,0.42,1,"AFF1"
0.00508538080854059,-0.177055043749823,0.054,0.052,1,"ZNF385A"
0.00510130280409286,0.127768775226995,0.138,0.108,1,"IFNAR1"
0.0051035218530034,-0.427699347245256,0.074,0.071,1,"SRSF2"
0.00510456287437967,0.665419825921972,0.021,0.008,1,"MEP1A"
0.005111669034139,0.225380671050886,0.354,0.277,1,"ZFAND6"
0.005118490741314,-0.181860536271249,0.239,0.215,1,"NEMF"
0.00511903890980824,-0.34647457258083,0.132,0.137,1,"UBE2Z"
0.00512738085901112,0.103513315190648,0.099,0.083,1,"CNOT10"
0.00513961439735471,0.27122224291295,0.187,0.13,1,"HERC3"
0.00516461023356265,-0.2226279696634,0.187,0.186,1,"SIL1"
0.00516587032071933,0.202551358564138,0.161,0.121,1,"FARP2"
0.00518512409802064,0.195459949166475,0.237,0.203,1,"KYNU"
0.00519822138733795,-0.577973303777055,0.23,0.305,1,"PDE4D"
0.0052081735977458,0.47194572244752,0.417,0.291,1,"CFLAR"
0.0052436161343392,-0.198020966600634,0.223,0.213,1,"RAB6A"
0.00526266204071685,0.197957466642849,0.041,0.03,1,"FXR2"
0.00526767344208213,0.159110693666253,0.121,0.083,1,"RSRC2"
0.00526840737172336,0.137875034956729,0.066,0.049,1,"RGS18"
0.00526879674484832,0.795211158720359,0.031,0.014,1,"RGS2"
0.0052775542441584,-0.141800657078184,0.148,0.129,1,"EIF4E"
0.0052814148138695,-0.425284454664258,0.074,0.083,1,"PPCDC"
0.00529069056091075,-1.05666863423493,0.012,0.02,1,"SETMAR"
0.00530129231644715,-0.409753385878834,0.09,0.094,1,"NF2"
0.00530568364731159,-0.617903788586631,0.02,0.022,1,"GABRB3"
0.0053166662949983,0.554143791891758,0.024,0.016,1,"CYB5R1"
0.00533041922259896,-0.45882881976461,0.035,0.035,1,"ABCB8"
0.00534263394107064,0.2039963610021,0.14,0.104,1,"KBTBD12"
0.00535192833271371,-0.281402331628969,0.032,0.031,1,"DHRS9"
0.00535834848993819,-0.307763908663559,0.027,0.026,1,"NREP"
0.00541088674676643,-0.333177080218208,0.106,0.106,1,"ATP5F1D"
0.00542985659365983,0.147840299907329,0.181,0.136,1,"CDK5RAP2"
0.00543237243676252,0.158052344074097,0.113,0.081,1,"AC012368.1"
0.00543833075009935,0.417976616352829,0.189,0.12,1,"MAP3K14"
0.00545038029930211,-0.121195020997597,0.276,0.254,1,"RNF111"
0.00545418050559869,0.243820171519993,0.203,0.147,1,"PIK3C3"
0.00547583881607453,0.316217623428811,0.266,0.203,1,"MFSD1"
0.00550164802472362,-0.496284634667434,0.05,0.06,1,"PAAF1"
0.00550467319188931,-0.483287630777273,0.29,0.325,1,"CSF3R"
0.00550504894842337,-0.196203138042042,0.073,0.071,1,"EIF3B"
0.00552520767053378,-0.398062214131342,0.082,0.081,1,"MADD"
0.00552993182137396,-0.905511152755511,0.032,0.047,1,"PCYT2"
0.00554906762452368,0.358884082057884,0.102,0.068,1,"SLC25A32"
0.00555369491899719,0.11972577935127,0.097,0.076,1,"CNDP1"
0.00558006330872819,0.132855476276891,0.513,0.456,1,"NCOA1"
0.00560333045559885,-0.474057064379716,0.082,0.085,1,"NENF"
0.00561376597259118,-2.88174871789696,0.002,0.01,1,"NDST4"
0.00561917100897344,-0.118416860909327,0.055,0.05,1,"STK25"
0.00563366115068198,-0.26842353424136,0.1,0.096,1,"C6orf89"
0.0056528638112352,-0.213757080722711,0.054,0.054,1,"AC004687.1"
0.00566935627933896,0.123771447055229,0.284,0.232,1,"LAT2"
0.0056727566977574,-0.320577017346979,0.229,0.227,1,"BDP1"
0.00569238805881582,-0.513302622971892,0.2,0.214,1,"SPTBN1"
0.00569360166050835,-0.242339600449044,0.054,0.049,1,"SMARCB1"
0.00571946441613474,-0.831866215238707,0.03,0.04,1,"ZNF383"
0.00572209965521751,0.463737829548187,0.051,0.032,1,"ZFYVE28"
0.00572298145314857,0.392484974747416,0.044,0.033,1,"ERN1"
0.00572350542978246,0.266626481148553,0.229,0.167,1,"MARK2"
0.00577231044097547,-0.128387413028143,0.325,0.3,1,"SCAF8"
0.00578201344536235,0.224650734178248,0.028,0.019,1,"CARHSP1"
0.00581348491392446,-0.207622502518508,0.629,0.623,1,"AOAH"
0.00582925272989122,0.416104887887151,0.318,0.226,1,"RGS12"
0.0058347393243762,-0.111822190093203,0.051,0.045,1,"AGAP6"
0.00583863813621664,0.877152513218587,0.038,0.018,1,"RELA"
0.00584010045453538,0.939143052208991,0.358,0.196,1,"DNAJB6"
0.00584217294717446,-0.494309621506603,0.023,0.021,1,"BEST1"
0.00585272566776167,-0.187203330971611,0.109,0.101,1,"BLCAP"
0.0058652849930986,-0.133421499338987,0.109,0.096,1,"ZNF248"
0.00587776481379182,-0.616478366306089,0.052,0.066,1,"ZFP64"
0.00588022223364177,0.146517389096021,0.087,0.063,1,"TTYH2"
0.00588996159279286,0.343705824720751,0.287,0.195,1,"PTPN12"
0.0059017409168871,-0.332261551556566,0.054,0.059,1,"PRTFDC1"
0.00590461728798197,0.193755621877789,0.084,0.069,1,"PROS1"
0.00590887008257085,0.447971437299786,0.106,0.065,1,"PPME1"
0.005917608612996,-0.116483772559148,0.115,0.102,1,"MICAL3"
0.00593305579424088,0.294682705117045,0.066,0.041,1,"BMI1"
0.00596979410138103,-0.233728908595175,0.128,0.115,1,"RACK1"
0.00597910845359468,0.129353269609854,0.099,0.079,1,"MSANTD2"
0.00597992320249768,-0.283390882235786,0.187,0.205,1,"VRK2"
0.00598470740842239,0.158937494700621,0.068,0.054,1,"HSCB"
0.00601327536041576,-0.338274155795372,0.109,0.11,1,"NASP"
0.00602372330911671,-0.284480068306004,0.166,0.169,1,"CD58"
0.00604333057031928,-0.364991090251017,0.092,0.096,1,"ZNF483"
0.00604810888277321,0.152743743916306,0.194,0.155,1,"KATNBL1"
0.00604865658747842,0.222790458621898,0.127,0.085,1,"TMEM273"
0.00607233929996553,0.253270470011636,0.149,0.108,1,"RHEB"
0.00607983568311042,-0.246006091887402,0.031,0.033,1,"TK2"
0.00608075601414973,-0.250750244169272,0.035,0.033,1,"ERCC4"
0.00608889955038245,-0.507323141115908,0.058,0.068,1,"LETMD1"
0.00610830611126532,-0.220779008333531,0.273,0.286,1,"APBA1"
0.00611026683253864,0.411309052077173,0.119,0.078,1,"HNMT"
0.0061262133203466,1.37478939626195,0.02,0.008,1,"TMPRSS5"
0.00613304159411154,-0.430930719687441,0.062,0.065,1,"HMGN2"
0.00613893134060055,0.264425297844266,0.068,0.046,1,"MOSPD2"
0.00614488768731279,-0.257966432808743,0.185,0.178,1,"PIK3CB"
0.00615668220477996,0.730356562949882,0.154,0.084,1,"AGO2"
0.00616195508262426,-0.16521335550381,0.052,0.044,1,"MDH1"
0.0061661014408448,-0.34796860935435,0.05,0.054,1,"PARP10"
0.00616650300848762,-0.134070529529623,0.368,0.344,1,"TRAK1"
0.00618483944891522,0.148462900176498,0.116,0.092,1,"RPS29"
0.00618825964553015,0.162794392556345,0.145,0.104,1,"CLINT1"
0.00619072276629193,-0.289300194006398,0.146,0.146,1,"PTPN18"
0.00619256104443458,0.18248742130311,0.059,0.037,1,"RFPL1S"
0.00619459542415617,0.237726318520536,0.069,0.051,1,"RAB11FIP4"
0.00622471081567162,-0.300036130814921,0.149,0.16,1,"EDA"
0.00623068768511383,0.404483117458994,0.283,0.195,1,"TRA2B"
0.00623789390665508,-0.657012790565457,0.037,0.052,1,"PCBP4"
0.00626872529549392,0.120118097237502,0.376,0.316,1,"TMEM156"
0.00627979266056889,0.506398845839494,0.527,0.391,1,"OSBPL3"
0.00628285707168105,0.469991470573495,0.125,0.079,1,"PCSK1N"
0.0062838308234697,-0.197628193720618,0.046,0.047,1,"C19orf12"
0.00628544301205737,-0.404457373821957,0.078,0.078,1,"RHOBTB1"
0.00628599150189611,-0.205882320696497,0.066,0.06,1,"OTUD7B"
0.00630789317998184,-0.497705549998535,0.138,0.145,1,"RBX1"
0.0063297236757651,-0.708404690878386,0.021,0.023,1,"DIRAS1"
0.00633197458948562,0.161496157953978,0.055,0.042,1,"SEMA5A"
0.00634913447597821,0.421018827300297,0.216,0.153,1,"AC093152.1"
0.00635386048952793,0.16480056186307,0.058,0.043,1,"EBLN3P"
0.00636224598459721,-0.104372377098827,0.099,0.081,1,"SUB1"
0.0063665024051051,-0.332709976448568,0.017,0.022,1,"RUSC1"
0.00636695893479002,-1.94871468339461,0.016,0.04,1,"CLSTN2"
0.00638811576926905,0.386709092427813,0.046,0.033,1,"CASP3"
0.00639137725006146,0.120555795110008,0.221,0.175,1,"CD2AP"
0.00639742465616118,0.11804489492207,0.158,0.134,1,"LRIG1"
0.0064033691890566,0.101709713400996,0.079,0.062,1,"VCP"
0.00643087781669945,-0.238917068584196,0.229,0.223,1,"SENP7"
0.00643340607101949,0.514962491433056,0.057,0.035,1,"RGL2"
0.00644473640342508,-0.269216712342611,0.083,0.077,1,"STMP1"
0.00647861437055647,0.365462657872131,0.154,0.101,1,"HSD17B11"
0.00649255925988168,0.166165202981657,0.249,0.197,1,"ERP44"
0.00649927960580523,0.16967740552169,0.044,0.035,1,"TADA3"
0.0065045523134418,-0.5557376662322,0.065,0.074,1,"SERPINE2"
0.00650778227481941,-0.379380561098743,0.03,0.025,1,"LINC01473"
0.00652351922107148,0.51909096074685,0.134,0.087,1,"PCSK5"
0.00652637391566193,0.129181719543708,0.302,0.249,1,"SMCHD1"
0.0065331645191298,0.2302009576473,0.062,0.036,1,"ANKRD50"
0.00659429287321303,-0.330973493395733,0.031,0.033,1,"MRPL52"
0.00660309049656167,-0.196128471279034,0.097,0.089,1,"SF3B3"
0.0066167935225446,-0.259191484487774,0.101,0.101,1,"KLHDC1"
0.00662974027148658,0.175724903468465,0.289,0.238,1,"CUL3"
0.0066302297524249,-0.21985441436779,0.084,0.064,1,"JUNB"
0.00663509259537873,-0.11538548118818,0.11,0.103,1,"CABIN1"
0.00663586690652039,0.119180708097674,0.106,0.082,1,"NUP58"
0.0066496925361215,-0.154464739432154,0.16,0.143,1,"IQGAP1"
0.00667562458407157,0.380154849339826,0.093,0.058,1,"TEAD1"
0.00667749431451641,-0.122726490992873,0.145,0.132,1,"CAPRIN1"
0.00669254662245948,0.745431305421751,0.061,0.028,1,"ARL17A"
0.00669766752631942,-0.300936818844554,0.114,0.111,1,"BCL2L13"
0.0067139208334745,0.112647465614403,0.075,0.056,1,"SAR1A"
0.00671820304304962,0.685940661649501,0.116,0.065,1,"NDUFA4"
0.00672687607491988,0.118510284341202,0.254,0.204,1,"UBE3A"
0.00673366346178277,-1.11532674103627,0.025,0.043,1,"LMO3"
0.00673877189632696,-0.202728290644932,0.433,0.422,1,"TENT2"
0.00676898428815635,0.244051582632828,0.182,0.146,1,"NOTCH2"
0.00678229308080777,-0.691234614530381,0.099,0.135,1,"SLC5A11"
0.00679533759124865,0.831684300668276,0.052,0.024,1,"C5AR1"
0.00681078191225884,-0.254488764825554,0.061,0.062,1,"OSBP2"
0.00681767896536547,-0.484669704743465,0.061,0.073,1,"DYNC2H1"
0.00684573870334025,0.112819379473285,0.055,0.044,1,"SLC25A27"
0.00684939478542424,-0.110015181510394,0.2,0.187,1,"XPO6"
0.00685444424675069,-0.630848003960563,0.029,0.035,1,"GNL3L"
0.00686615455726505,-0.275028967204493,0.222,0.217,1,"PEA15"
0.00690486363548102,-0.255709438112936,0.094,0.101,1,"SELENOO"
0.00691074792313382,-0.166866779121615,0.261,0.239,1,"ZMAT3"
0.00693062536291387,-0.159979723446161,0.163,0.165,1,"VPS45"
0.00693452982961847,-0.20220438721748,0.068,0.073,1,"SCAP"
0.00696531206341253,0.253594769030459,0.112,0.073,1,"KIF1C"
0.00696876013001365,-0.190802801060911,0.071,0.057,1,"PEX2"
0.00697848507075128,0.341252010854403,0.069,0.046,1,"CYSLTR1"
0.00698572077053829,0.614666983560382,0.274,0.182,1,"CERS6"
0.00699215626870261,-0.180257414736509,0.117,0.1,1,"NDRG3"
0.00700235174209255,0.555903067571278,0.226,0.149,1,"ZHX2"
0.00701782336383669,0.324438444566582,0.055,0.038,1,"TARS"
0.00704214396143873,0.308453910479689,0.347,0.266,1,"KIF16B"
0.00704322773546752,-0.291412476485184,0.086,0.086,1,"PACRGL"
0.00704518887872919,-0.371720278028292,0.426,0.456,1,"FAM168A"
0.00705762774122146,-0.22425950699868,0.131,0.125,1,"LINC02256"
0.00708500368316183,-0.320023020207692,0.065,0.072,1,"ACAD10"
0.00708641281899699,-0.161798901425331,0.045,0.044,1,"GBA"
0.00708668441837418,0.461338711032915,0.093,0.062,1,"AKR1B1"
0.00711425790841442,-0.628618777313845,0.092,0.12,1,"ARHGAP20"
0.00712185045220077,0.282885463018712,0.105,0.073,1,"HNRNPLL"
0.00713200044056937,-0.619387399226711,0.057,0.074,1,"DANT2"
0.00713790486872202,0.158583918026315,0.399,0.316,1,"TTC3"
0.00717245186974841,1.48819249322372,0.038,0.014,1,"FGR"
0.00718867454470699,0.240768390004068,0.091,0.067,1,"FXYD5"
0.00720227435605123,0.367219214855088,0.219,0.146,1,"PHF20L1"
0.00722016862964287,-0.390645698110754,0.147,0.145,1,"CNPY3"
0.00724579765096916,-0.328740330213502,0.012,0.014,1,"GPRASP2"
0.00725281331251229,-0.147917901067106,0.092,0.09,1,"NRCAM"
0.00728238760263736,-0.624119546169334,0.026,0.032,1,"SYP"
0.00729376096976253,0.101739134820531,0.098,0.071,1,"TPM4"
0.00729867874919864,-0.21704974647111,0.184,0.182,1,"TRIM38"
0.00735821807785325,0.340109259070689,0.219,0.161,1,"LARGE1"
0.00737419731802583,0.459328201503997,0.088,0.055,1,"MEF2D"
0.0073755271467222,-0.532792243648028,0.062,0.071,1,"ZNF195"
0.00738600907045271,0.235264980268528,0.019,0.016,1,"AL391117.1"
0.00742444983097541,0.153689319041565,0.292,0.22,1,"CHKA"
0.00742998255145209,-0.24209692985868,0.057,0.059,1,"AC074032.1"
0.00743146862242262,-0.136621005344155,0.092,0.089,1,"BOK"
0.00746487585454958,0.447953962057269,0.085,0.06,1,"INPP4B"
0.00747723871186695,0.326577041903835,0.01,0.009,1,"ZNF181"
0.00748313417812401,-0.113933872544895,0.096,0.085,1,"BCAP29"
0.00749935109297544,-0.103665921924841,0.115,0.109,1,"GPM6A"
0.0075165592916104,-0.180202530063556,0.08,0.073,1,"NCBP3"
0.00751989654453437,-0.137276571235158,0.114,0.089,1,"PHF10"
0.00752492345042186,-0.532558333213808,0.014,0.019,1,"C2orf72"
0.0075289598420949,-0.161295796648934,0.19,0.178,1,"LUC7L"
0.0075300484504958,-2.7049627633409,0.003,0.011,1,"CYP26B1"
0.00755581229116396,0.887193356062623,0.011,0.006,1,"OSMR"
0.00756426169160313,0.168548189049264,0.025,0.012,1,"SEC61G"
0.0075845886940734,-0.860503391323751,0.032,0.037,1,"AC022098.1"
0.00758676258397943,0.137787742107676,0.385,0.3,1,"SRPK2"
0.00759804482580158,-0.213341035258355,0.288,0.286,1,"IFNGR2"
0.0075984725367641,-0.175601682447107,0.162,0.161,1,"BSG"
0.00762002515650499,-0.142702004212732,0.141,0.129,1,"MAP3K7"
0.00764874212447903,0.177188759743413,0.366,0.298,1,"STRBP"
0.00767260425569612,0.367374565215119,0.218,0.14,1,"AC013394.1"
0.00769664870081326,-0.127968128226796,0.07,0.073,1,"TPGS2"
0.00774326983890903,0.100396992672281,0.098,0.078,1,"DEAF1"
0.00775940408986142,0.562204687239072,0.089,0.057,1,"NOTCH1"
0.00776173880014742,-0.124210819409337,0.294,0.28,1,"STRN3"
0.00776298596979721,-0.48772927761567,0.048,0.053,1,"PIGG"
0.00778189267998141,-0.32279457908364,0.097,0.1,1,"CHMP4B"
0.00780824231258908,-0.542767380924595,0.099,0.121,1,"PLEKHH1"
0.00782892350315097,-0.239393990814233,0.074,0.072,1,"MRRF"
0.00783295118308534,-0.189985201308825,0.122,0.118,1,"UGGT1"
0.0078386370427713,0.131227632547466,0.018,0.013,1,"NKIRAS2"
0.00785049067691155,0.378717024571525,0.182,0.118,1,"MOB1A"
0.00785878332194726,0.475279340601595,0.127,0.075,1,"CECR2"
0.00786501027148978,0.665678132414219,0.016,0.008,1,"AC046195.1"
0.00787936216644667,-0.1256575487679,0.083,0.081,1,"ASCC2"
0.00789321223974757,-0.705285428114814,0.017,0.028,1,"EPHA6"
0.00790186817018211,-0.586371823233836,0.06,0.069,1,"FKTN"
0.00792861926118813,-0.271254973696255,0.217,0.224,1,"NSRP1"
0.00796278110729843,0.42452758731083,0.047,0.029,1,"VEGFB"
0.0079642590624838,-0.38381899669528,0.061,0.058,1,"RANBP10"
0.00796568778671836,0.106638472613991,0.335,0.274,1,"KIAA2026"
0.00796850408917295,-0.110673226323588,0.091,0.091,1,"TTLL11"
0.00797370583453837,-0.668107786742969,0.029,0.033,1,"GLIDR"
0.0079773047140519,0.100135116412029,0.062,0.055,1,"SSBP4"
0.0079974754234578,-0.233730029623207,0.204,0.199,1,"SGPP1"
0.00800086896960073,-0.438819177644388,0.084,0.091,1,"GYPC"
0.00800835758777466,0.184503720051131,0.06,0.045,1,"SNRNP200"
0.00802189054261437,0.673892442097579,0.126,0.064,1,"JADE2"
0.00802733048940781,-0.1163809029337,0.055,0.052,1,"FAM118B"
0.00804110916485038,0.245452378954375,0.11,0.076,1,"ST7L"
0.0080623496644098,-0.318124573412042,0.174,0.172,1,"DCTN4"
0.00807591923090644,0.306007964103649,0.097,0.079,1,"CLMN"
0.00809638505857875,0.502433270559777,0.046,0.034,1,"SLC47A1"
0.00809818980892647,-0.247387840227201,0.084,0.089,1,"PREX2"
0.00809819496999359,-0.214749757204035,0.015,0.02,1,"VAV3"
0.00809858496363178,-0.117292150109376,0.081,0.071,1,"EXD3"
0.00809999440857218,-0.625371133652321,0.048,0.054,1,"GAMT"
0.00813683706590245,0.457316670243259,0.211,0.147,1,"PCF11"
0.00815810108861221,-0.301099883328649,0.14,0.134,1,"PAFAH1B2"
0.00817951722080505,0.268119737156655,0.222,0.165,1,"PARP4"
0.00818816230097356,-0.451930109894838,0.06,0.072,1,"RIPOR1"
0.00818946645213169,0.317628246821979,0.166,0.111,1,"RAB21"
0.0082078557331734,-0.565874023646783,0.023,0.026,1,"SLC16A7"
0.00821691157701009,0.351764979651564,0.635,0.552,1,"BNC2"
0.00822574166566578,0.202012251730195,0.23,0.193,1,"FGD2"
0.00822717781021033,-0.163022256515456,0.058,0.058,1,"GHITM"
0.00823288255804527,-0.173478775404635,0.178,0.163,1,"ULK4"
0.00823521981667086,-0.116192212243452,0.121,0.109,1,"CHD8"
0.0082443972209602,1.38308247818906,0.041,0.018,1,"BACE2"
0.00825437162367719,-0.368637092503818,0.156,0.203,1,"NTM"
0.0082554913692982,-0.112766315071508,0.111,0.1,1,"UBE2N"
0.00826903522265709,-0.251923389896993,0.087,0.087,1,"RPE"
0.00826949241253461,0.102557625987091,0.08,0.064,1,"PLEKHM1"
0.00827021935044888,-0.792952745765797,0.065,0.094,1,"PIGL"
0.00830000028880536,-0.135468655447394,0.11,0.113,1,"PYGL"
0.00830988658029421,-0.963856838250065,0.056,0.083,1,"EPDR1"
0.00831176925073706,-0.444245632356445,0.145,0.156,1,"CNP"
0.00831459858341756,0.906232516759258,0.155,0.074,1,"HSPA9"
0.00831691499804839,-0.455748453148225,0.117,0.136,1,"PRDM11"
0.00832210840942912,0.448151355132028,0.055,0.033,1,"C1orf52"
0.00833767267430546,-0.107083175042591,0.071,0.056,1,"FBXO3"
0.00834668992525005,-0.291117463583263,0.175,0.193,1,"MIR34AHG"
0.00835618952948684,0.155075081188167,0.289,0.236,1,"CLEC16A"
0.00837168873412733,0.54700921896919,0.024,0.012,1,"SLC2A1"
0.00839250118622453,-0.666016357261504,0.045,0.057,1,"KIF3B"
0.0083933795092144,-0.539458609381082,0.018,0.016,1,"HENMT1"
0.00840355496616888,-0.171889257129057,0.163,0.165,1,"DOPEY2"
0.00841658670503457,0.395422438210922,0.042,0.027,1,"PLD5"
0.00842666837042519,-0.587070643968816,0.026,0.034,1,"CNTNAP5"
0.00843558189120114,0.173759035764964,0.159,0.119,1,"KPNA6"
0.00844888915486502,-2.13806915477576,0.005,0.02,1,"CCDC170"
0.00845643767844699,-0.116514061402205,0.086,0.08,1,"EIPR1"
0.0084595634859047,-0.121906226343874,0.116,0.096,1,"SLC18B1"
0.00851705292019487,-0.192089744289993,0.072,0.072,1,"GTF3C2"
0.00855229291204528,1.08989996930581,0.034,0.009,1,"AC022568.1"
0.00855674999026195,0.121834158358757,0.257,0.203,1,"TBC1D9"
0.00860240594388615,0.197478307277593,0.361,0.28,1,"PTBP3"
0.00860268541089266,-0.137001327428287,0.092,0.079,1,"GRIPAP1"
0.00863289145485992,-0.166244727660386,0.084,0.073,1,"UFL1"
0.00863543398372462,1.01872605127432,0.118,0.052,1,"NAF1"
0.00864066912965788,0.50626859674549,0.839,0.765,1,"HS3ST4"
0.00864492568339994,-0.412184300361765,0.055,0.06,1,"NDST1"
0.00864926616158958,0.236110466657932,0.241,0.175,1,"SNX1"
0.00866503793529015,-0.272298401855615,0.083,0.071,1,"RABAC1"
0.00867230939085004,-0.322712089318743,0.046,0.047,1,"ZNF429"
0.00869778233899665,-0.408792553232667,0.03,0.03,1,"USF1"
0.00871073908628314,1.01129113446844,0.07,0.024,1,"NR4A2"
0.00873598616378762,0.472075898114019,0.067,0.046,1,"KAT2A"
0.00873820571723923,-0.573384902821317,0.043,0.049,1,"ABCA5"
0.00876169270770864,-0.672866477393702,0.046,0.061,1,"TNFAIP2"
0.00878143577030295,-0.327517264036695,0.02,0.017,1,"AC011933.4"
0.00884133667408542,0.424519170860115,0.306,0.203,1,"JAK1"
0.00887604896809841,0.227877493893508,0.072,0.045,1,"SLFN11"
0.0088881559565823,-1.49061027487813,0.007,0.014,1,"CDH7"
0.00890601959441425,0.451637816637788,0.098,0.071,1,"MAP3K20"
0.00893025348552652,-0.380343888336101,0.036,0.037,1,"PGP"
0.0089793338357694,1.18008937256832,0.017,0.011,1,"LINC00499"
0.00898121799670066,0.480001539174905,0.059,0.035,1,"ZNF577"
0.00899668820759832,-0.236300055206773,0.106,0.087,1,"FGD5-AS1"
0.00901887728408451,-0.261721547005153,0.157,0.163,1,"DPP8"
0.009032106939269,-0.263400352144744,0.083,0.08,1,"ABCC1"
0.00904006681130317,-0.762871789919632,0.035,0.044,1,"CLSTN3"
0.00907263028743909,0.122949483301495,0.094,0.068,1,"SSU72"
0.00908295046429325,0.164989184450509,0.033,0.028,1,"VAMP8"
0.00915087515641767,0.280910928888998,0.389,0.315,1,"PEAK1"
0.00915928844956948,-0.683780186626498,0.054,0.07,1,"TSN"
0.00916598980566821,0.629495853767846,0.103,0.058,1,"ITGA5"
0.00917546052843754,-0.77670265863359,0.007,0.01,1,"CFAP69"
0.0091787758550302,0.740033926843483,0.09,0.042,1,"S100A11"
0.00917951326472386,-0.243023308897357,0.05,0.049,1,"RORA-AS1"
0.00918195435208369,-0.604133650670654,0.045,0.048,1,"SOX8"
0.00918672503454186,0.168587509844986,0.066,0.05,1,"INTS7"
0.00920530322704053,-0.372962559586928,0.109,0.111,1,"VPS37B"
0.00921170048840414,-0.967357801087119,0.007,0.014,1,"KIAA0319"
0.00923537431046907,-0.59570281262528,0.033,0.039,1,"RMND5B"
0.0092640097945213,-0.408516419438174,0.069,0.083,1,"CCSER1"
0.00927310546164464,-1.14165864213346,0.014,0.026,1,"FGF13"
0.00928873338559408,-0.690211687664722,0.01,0.014,1,"JAKMIP1"
0.00929086624972623,-0.287237571492758,0.074,0.067,1,"COMT"
0.00931600283622731,0.327646575662801,0.217,0.153,1,"HNRNPH3"
0.00936114235731865,0.395827230038237,0.117,0.076,1,"SLC6A6"
0.0093757837107757,0.101612500902279,0.043,0.034,1,"LONRF2"
0.0093861656142811,-0.194032482052102,0.211,0.196,1,"CDK17"
0.00940599642285909,0.139895541428703,0.026,0.023,1,"AC096887.1"
0.00941388340720243,0.228949401979452,0.012,0.008,1,"DUSP23"
0.00943923326013703,-0.397916573084069,0.05,0.058,1,"SLC38A1"
0.00944264846045011,0.167040689643984,0.349,0.276,1,"NT5C2"
0.00945852497753994,0.17662332747108,0.135,0.104,1,"SMARCAD1"
0.00945916881271834,-0.157385730158541,0.099,0.077,1,"ZNF362"
0.00946823115497352,-0.478213297053149,0.049,0.044,1,"NDUFB10"
0.00947283764876633,-0.94086541462279,0.038,0.046,1,"HAAO"
0.00950377347079135,-0.558606019094898,0.023,0.025,1,"KEAP1"
0.00952289640938649,-0.170002668718104,0.077,0.077,1,"AK2"
0.00956908590456183,-0.793720561871904,0.037,0.047,1,"ASPHD1"
0.00957165302574783,1.16930609873408,0.043,0.019,1,"TGIF1"
0.00957576661765827,0.18350282614112,0.026,0.022,1,"TMEM9"
0.00957870280747373,-0.20308291369632,0.13,0.124,1,"PTPN4"
0.00959244837913297,-0.275480008398738,0.108,0.106,1,"MINDY3"
0.00959846860574845,-0.645100740222292,0.095,0.118,1,"AATK"
0.00959875981699172,-1.34241854747485,0.008,0.013,1,"HR"
0.00963133046681601,-0.544716343718151,0.084,0.109,1,"ATP9A"
0.00963473591379964,-1.02443106277243,0.041,0.054,1,"MBTPS2"
0.00965723850331648,0.171522118502937,0.106,0.079,1,"FASTKD1"
0.00967889908392087,0.426047742322829,0.156,0.109,1,"FLOT1"
0.0096804621808065,-0.212326510313345,0.332,0.33,1,"SCAPER"
0.00970820924078513,-0.495442192830611,0.062,0.073,1,"UBE2J1"
0.009713373776821,0.657962691169862,0.035,0.02,1,"RIT1"
0.00971930175434271,0.54612764037224,0.055,0.033,1,"AL683813.1"
0.00976192516480908,0.797122039649376,0.047,0.024,1,"TMEM263"
0.00977693357264863,-0.347498035300025,0.103,0.117,1,"FAIM2"
0.00979258812024398,0.307123124957446,0.259,0.182,1,"RCOR1"
0.00979978360261026,-0.185191070088963,0.192,0.18,1,"CPEB2"
0.00980330700334092,0.27264400119465,0.276,0.224,1,"BBS9"
0.00980911882343426,0.424878185787755,0.447,0.332,1,"BRWD1"
0.00981361539483192,1.01695993102779,0.062,0.028,1,"ENGASE"
0.00984249748264142,0.347137497112256,0.234,0.191,1,"MCPH1"
0.00986008725993571,-0.267513902140616,0.033,0.032,1,"GUCY1B1"
0.00989746401219975,0.119393262460246,0.47,0.394,1,"ERC1"
0.00989993744223981,0.306097925195294,0.098,0.068,1,"CCT3"
0.00991538047289859,-0.446714196798068,0.057,0.058,1,"GSTO1"
0.00992204414295355,0.296454272573011,0.161,0.109,1,"RUBCN"
0.00994091011569909,-0.165415506949337,0.098,0.089,1,"PGPEP1"
0.0099992014821549,-0.198993951021633,0.128,0.121,1,"TNRC6C"
0.0100168146914362,-1.10615973356245,0.036,0.068,1,"RIMS1"
0.0100457575480392,-0.879914579090625,0.122,0.195,1,"LMCD1-AS1"
0.0100862734217182,0.256426238103911,0.138,0.111,1,"GDAP2"
0.0101161973684805,-0.167250439697725,0.211,0.204,1,"CTSC"
0.0101390214078429,0.696504152609116,0.139,0.078,1,"IFRD1"
0.010152371024247,0.172923016128456,0.111,0.079,1,"LRRC8B"
0.0101759131411385,0.228491057772982,0.146,0.114,1,"NLRC5"
0.0101819500176626,0.12089993507477,0.267,0.232,1,"MAP3K1"
0.0102131670159853,0.354367976670452,0.132,0.085,1,"TMC8"
0.010250894519891,-0.179626737281018,0.174,0.155,1,"RPS12"
0.0102696193835798,0.322623051537375,0.269,0.199,1,"ALG13"
0.0102702404180429,0.35594075426019,0.123,0.086,1,"EIF4EBP2"
0.010282061623431,-0.125335151651377,0.031,0.031,1,"SGSM1"
0.0103175561011788,-2.20388972087789,0.009,0.045,1,"RAVER2"
0.0103547512701696,0.251892504468236,0.191,0.132,1,"ZCCHC2"
0.0103591255421222,0.222614120591695,0.249,0.184,1,"PPM1B"
0.0103733018439498,-0.574642911921498,0.05,0.058,1,"TCEAL3"
0.0103942749236082,-0.101263145988626,0.172,0.155,1,"DNAJB14"
0.0103962548799107,0.213796484860317,0.055,0.039,1,"TRMT10B"
0.0104055287884473,-0.150806184502859,0.033,0.028,1,"SNHG25"
0.01042042942246,0.360725180384899,0.244,0.172,1,"SIK2"
0.0104269329783696,-0.440075222473794,0.249,0.273,1,"MKNK1"
0.0104423326161107,-2.76776022281315,0.004,0.017,1,"ZIC2"
0.0104564334242323,-0.165581641356518,0.177,0.161,1,"WNT2B"
0.0104595081700389,-0.321259863410544,0.071,0.068,1,"USP46"
0.0104908066731827,-0.105999719474017,0.063,0.058,1,"DGKH"
0.0104934165285454,-0.186446517021185,0.075,0.064,1,"STX17"
0.0104982520916795,-0.12767784742108,0.207,0.186,1,"SNRNP70"
0.0105012395092783,0.200501961029832,0.067,0.054,1,"PDE6D"
0.0105205064996795,0.253243114409102,0.296,0.216,1,"ASAH1"
0.0105221028673827,-0.398108517182496,0.135,0.151,1,"FGGY"
0.0105344430296432,0.261523969559564,0.184,0.135,1,"AP2B1"
0.0105704681885868,0.216722914280292,0.056,0.044,1,"NADK2"
0.0105707456129783,-0.224072679859904,0.278,0.283,1,"AGO4"
0.0105793215825465,-0.234078552108076,0.163,0.163,1,"MSH3"
0.0106102503623457,0.127890012357397,0.043,0.026,1,"NDUFB11"
0.0106276795231844,0.178726644324812,0.142,0.099,1,"ANLN"
0.0106909574601764,0.259613830581176,0.479,0.376,1,"STX7"
0.010693096243928,0.448124861260766,0.015,0.011,1,"SH3BGR"
0.0107094600217355,-0.351510455678574,0.029,0.028,1,"CIC"
0.0107210984126824,0.14999822167991,0.059,0.041,1,"BCL2L2-PABPN1"
0.0107220155380538,-0.927475640903041,0.008,0.014,1,"OTOA"
0.0107490980633256,-0.37350613609365,0.139,0.144,1,"CCDC88B"
0.0107535386929227,-0.177936798002563,0.232,0.224,1,"CCM2"
0.0107635826618686,-0.263635756760637,0.219,0.228,1,"AP003481.1"
0.0107996859591009,0.159378575540952,0.231,0.18,1,"ACIN1"
0.0108259229749084,-0.189393963085129,0.162,0.148,1,"ELK3"
0.0108529038380276,-0.227396182402403,0.125,0.123,1,"CLIC4"
0.0108570461927872,0.131898307870076,0.325,0.252,1,"RC3H1"
0.0108612236616558,0.222258030921918,0.19,0.15,1,"ATG5"
0.0108996168517609,-0.226507615159476,0.027,0.024,1,"BTN2A2"
0.0109036684959561,-0.59405834540749,0.012,0.014,1,"KCNB2"
0.010906666763076,-0.733760895534129,0.059,0.078,1,"ACSM5"
0.0109075151122572,-0.221654821046556,0.09,0.081,1,"CARS2"
0.0109084327049194,-0.394516636003079,0.043,0.041,1,"PSMC2"
0.0109201893008375,0.438498559643949,0.253,0.174,1,"PIK3CA"
0.0109312553453776,0.26580146919938,0.023,0.012,1,"RAB23"
0.0109483349825391,0.19661260727381,0.194,0.146,1,"BTBD1"
0.0109723216566551,-0.141934777230797,0.048,0.044,1,"RNF44"
0.0109889513245696,0.289773738250451,0.088,0.057,1,"SLC37A1"
0.011059936286419,-0.382598514686998,0.022,0.02,1,"CAP2"
0.0110803156619743,-0.717943838924568,0.045,0.055,1,"MCTS1"
0.0110936456236813,0.185884937973021,0.145,0.112,1,"AC098850.3"
0.0111085451606975,-0.241948187964277,0.221,0.224,1,"PIK3CD"
0.011133546026734,-0.806996799581896,0.035,0.052,1,"MYRIP"
0.0111403798086971,-0.602751955980628,0.045,0.056,1,"NQO2"
0.011143981206922,-0.654998300314386,0.046,0.047,1,"NOC3L"
0.0111472367168722,0.619267304972318,0.042,0.024,1,"PFKFB4"
0.0111520859708185,-0.340774384507178,0.036,0.033,1,"LMNB1"
0.0111955691020398,0.321840413193106,0.158,0.117,1,"CNNM2"
0.0112175959986584,0.74258855344002,0.028,0.012,1,"ATOH8"
0.011235632168247,0.120637184762237,0.545,0.462,1,"PAN3"
0.0112509150231399,-0.627226351124611,0.065,0.085,1,"CDIP1"
0.011253501477937,-0.239934018387136,0.053,0.049,1,"HMGXB4"
0.0112553401511574,-0.300104721954016,0.046,0.033,1,"IL3RA"
0.0112613779942465,-0.267265308360796,0.045,0.041,1,"MTIF2"
0.0112639610739727,0.175798073043864,0.189,0.144,1,"ENSA"
0.0112654403138661,-0.585635411826583,0.041,0.047,1,"ZCCHC4"
0.0112954125899153,0.360868855782482,0.038,0.02,1,"DACT3"
0.0113193866619423,0.17622542786893,0.177,0.148,1,"RNF217"
0.0113375150565297,-0.987433617788997,0.02,0.037,1,"PLCB4"
0.0113378255166367,0.285740118004794,0.284,0.212,1,"UBR2"
0.0113500354816415,-0.307595176070586,0.137,0.131,1,"GON4L"
0.011360263677776,0.177490895336962,0.047,0.031,1,"TSTD2"
0.0113986479713161,-0.80088261196616,0.022,0.034,1,"EFNB1"
0.0114477385979161,0.717252912582863,0.068,0.036,1,"C3orf70"
0.0114546641365558,-0.228594259903383,0.078,0.071,1,"ZNF490"
0.0114748049306668,-0.509221470094388,0.025,0.026,1,"COQ9"
0.0114877902531196,-0.551442689276824,0.194,0.233,1,"TRIM2"
0.0115155622064635,1.11607007385137,0.013,0.008,1,"TGM2"
0.011549148355567,0.293324899920829,0.358,0.292,1,"SPECC1"
0.0115774789779161,-0.313546658574781,0.164,0.174,1,"NAA25"
0.0116410747294689,0.185341225666485,0.146,0.111,1,"BAZ2A"
0.0116449115614846,-0.101919774809435,0.093,0.083,1,"ANAPC4"
0.0116741481394013,0.38533839083894,0.247,0.172,1,"CASK"
0.0116850764098499,-0.48481927685213,0.135,0.149,1,"ANKMY1"
0.0116942203943186,0.151915534923158,0.068,0.049,1,"UQCRH"
0.0117084576870374,-0.423814085702943,0.052,0.049,1,"RHOU"
0.0117498785048306,0.900587066648499,0.023,0.01,1,"TSPAN31"
0.0117937302680791,-0.487600675107544,0.064,0.064,1,"MEAF6"
0.0117964386196619,-0.183454409065341,0.151,0.153,1,"CXCL16"
0.0117971977321267,-0.745227241043816,0.026,0.034,1,"GTF2H3"
0.0118035168039295,-0.133169762795459,0.072,0.067,1,"BRF1"
0.0118327535546107,0.166753334061103,0.219,0.162,1,"METTL7A"
0.0118359599464,-0.341437376720541,0.255,0.266,1,"TFCP2"
0.0118397693775433,0.25579244322969,0.097,0.075,1,"KIAA0586"
0.0118440635775179,-1.8371608697908,0.008,0.026,1,"SLIT3"
0.0118723139402982,-0.326975908267041,0.059,0.056,1,"CUL4B"
0.0118840597502307,0.354746282605609,0.076,0.049,1,"MIATNB"
0.0118896663147652,0.145376015674389,0.383,0.308,1,"BRAF"
0.0119001891411145,0.266096677054901,0.025,0.02,1,"ASNS"
0.0119112203658772,0.32060140393171,0.02,0.016,1,"ZNF691"
0.0119167330065794,0.106441344403311,0.094,0.076,1,"EXOC3"
0.0119403195144291,-0.535137960349739,0.06,0.067,1,"TRIM23"
0.0119473414458962,0.847493101363589,0.351,0.225,1,"MS4A6A"
0.0119745383132046,0.239290124006141,0.058,0.039,1,"MACROD1"
0.0119851713333878,-0.623248371277977,0.055,0.073,1,"PRR5L"
0.0119881645612536,-0.439648040248012,0.102,0.113,1,"FGFR2"
0.0120275664318684,2.22474666450355,0.02,0.006,1,"LUCAT1"
0.0120281717944934,-0.250501450487493,0.196,0.189,1,"TBCA"
0.0120520552970935,-0.276322894833755,0.035,0.034,1,"PPCS"
0.0120907411848201,-1.26803213802109,0.022,0.044,1,"ADD2"
0.012091784168876,-0.322463924336338,0.042,0.04,1,"ZNF496"
0.0120920645650348,0.328495676170445,0.074,0.05,1,"MCUB"
0.0121206023753158,-0.3811122849855,0.053,0.056,1,"RPGR"
0.0121221926138975,-0.435263539524691,0.03,0.037,1,"FBXO44"
0.0121276407731959,-0.627227484711189,0.017,0.018,1,"STMN3"
0.0121631512389472,0.572537729394149,0.024,0.016,1,"RPL9"
0.0121709017378858,2.00268691530194,0.01,0.002,1,"IL18R1"
0.0121740800440299,-1.10309981025696,0.017,0.03,1,"FFAR4"
0.0121934778749365,-0.61511513623568,0.025,0.029,1,"AC007611.1"
0.0121967850448672,0.152901935800002,0.408,0.344,1,"FAM135A"
0.012213202032204,-0.276365154921987,0.03,0.029,1,"MED29"
0.0122291823795355,-0.298543282812186,0.849,0.839,1,"MT-ND5"
0.012252492728529,-0.126881023117629,0.68,0.66,1,"MGAT4A"
0.0122613145758853,0.387391316073995,0.088,0.058,1,"HSBP1"
0.0122682282937724,-0.211626778060896,0.086,0.086,1,"PRAG1"
0.0122683660382673,0.542144709139586,0.178,0.115,1,"WIPF3"
0.01228155712429,-0.268875721674998,0.105,0.102,1,"SLCO1A2"
0.0122878374498304,0.607834279106788,0.021,0.014,1,"KIAA1211"
0.0122947906409376,0.329409867369253,0.218,0.156,1,"PITPNB"
0.0122994304579556,0.302366507712221,0.097,0.064,1,"KDM5B"
0.012309974482939,0.517730398831313,0.099,0.059,1,"TNFRSF10D"
0.0123258004842003,0.166178407054041,0.052,0.034,1,"PSMD5"
0.012375037170518,0.354729823595875,0.073,0.045,1,"UQCR10"
0.0124089930637134,0.552145010383655,0.031,0.022,1,"TSPAN17"
0.0124338070245731,-0.550825522144062,0.096,0.12,1,"RHOBTB3"
0.0124373802488911,0.461719664291231,0.032,0.026,1,"SH2B2"
0.012467701940113,-0.959391236399763,0.012,0.02,1,"FXYD7"
0.0124784913268375,-0.546515441396281,0.061,0.07,1,"EML2"
0.0125203278281908,-0.384924797433861,0.033,0.031,1,"YTHDF1"
0.0125239959358311,-0.832257475375275,0.011,0.015,1,"PDYN-AS1"
0.0125374501099905,-0.380303231951791,0.046,0.048,1,"EXOG"
0.0125570195028822,0.429879966568288,0.082,0.052,1,"COX6C"
0.0125693506117931,0.239552159431571,0.274,0.21,1,"AFTPH"
0.0125757458432821,0.148621900740078,0.111,0.086,1,"MED28"
0.0126087411954368,-0.323173339377116,0.061,0.058,1,"CFAP97"
0.01262010108968,0.185960230535846,0.177,0.131,1,"LUZP1"
0.0126242792574834,0.630761426486258,0.064,0.037,1,"RAD18"
0.0126309701829725,0.130812804932022,0.348,0.289,1,"ALOX5"
0.0126468228214742,0.931854554570169,0.129,0.071,1,"DUSP10"
0.0126561136626497,0.653300139824149,0.444,0.303,1,"NEDD4L"
0.0126571155596946,0.125368052054929,0.124,0.094,1,"IVD"
0.0126640448058286,-0.492315351119335,0.032,0.033,1,"FASTKD2"
0.0126664631826815,-0.367460677189444,0.014,0.013,1,"PPP1R35"
0.0127019117578812,-0.348132749880914,0.043,0.042,1,"ATXN7L3B"
0.0127130515472401,-0.227271505795796,0.089,0.08,1,"PER3"
0.0127278354413717,-0.365428200639897,0.145,0.14,1,"PABPN1"
0.012760300950571,0.236627536521881,0.113,0.082,1,"LRRC37B"
0.0127665899641597,-0.111864700409237,0.192,0.18,1,"PPP4R3A"
0.0127825276284665,-0.207914885824567,0.361,0.359,1,"TBC1D12"
0.0127971002106445,0.128271563749869,0.349,0.307,1,"TMEM117"
0.0128154635437987,-0.436232048702183,0.033,0.041,1,"USP5"
0.0128369803841371,-0.16381751575871,0.086,0.079,1,"ATG13"
0.012868585676627,0.310475757871236,0.107,0.072,1,"C9orf85"
0.0129329505909944,0.24600944099489,0.273,0.191,1,"INSR"
0.0129332675575053,-0.15567166103445,0.043,0.039,1,"AC087500.1"
0.0130009384488105,-0.508349364669505,0.07,0.079,1,"EFHD2"
0.0130271199480122,-0.105152205690335,0.108,0.098,1,"TCEA1"
0.013041655901239,-0.179204381656658,0.029,0.024,1,"KIF1BP"
0.0130594380368496,1.03465567863784,0.288,0.144,1,"CRYAB"
0.0130615658626486,0.453521515918703,0.015,0.008,1,"CNPPD1"
0.0130646406125696,-0.202565032703202,0.142,0.136,1,"NDUFS4"
0.0130793618563489,0.552001013644545,0.132,0.1,1,"DOCK1"
0.013141972490806,0.257596430343062,0.182,0.136,1,"AKNA"
0.0131686659792563,-0.320005534369171,0.045,0.045,1,"BECN1"
0.0132257108515585,2.09122489879919,0.058,0.015,1,"CLEC1A"
0.0132268281026888,-0.585603880234912,0.057,0.068,1,"DDHD2"
0.0132406772024809,-0.238709910216238,0.159,0.153,1,"TERF2IP"
0.0132542386111918,0.443743041703192,0.066,0.041,1,"NFAM1"
0.0132569604857271,-0.343767028864351,0.015,0.016,1,"GTPBP3"
0.0132781355948118,-0.660604104588842,0.052,0.066,1,"DHX57"
0.0132798910684348,0.305714119495013,0.4,0.308,1,"CDYL"
0.0132849633067274,0.228604725482506,0.084,0.06,1,"ZBTB40"
0.0133217242847189,-0.562298605840431,0.066,0.071,1,"RBM10"
0.013329956039427,-0.228239825875882,0.023,0.022,1,"MFAP1"
0.0133552675010878,0.254266209407385,0.623,0.521,1,"TRIO"
0.0133807594594815,0.23095600763115,0.419,0.327,1,"KIAA1109"
0.0134294697059349,-0.965269688637402,0.049,0.075,1,"DCAKD"
0.0134633039748509,-0.109627604210605,0.026,0.022,1,"RALGDS"
0.0134661197543359,-0.6173290250038,0.017,0.019,1,"SHISA6"
0.0134704210679105,-0.530206214028428,0.086,0.087,1,"FGF1"
0.0134836053259998,-0.175491003729256,0.185,0.179,1,"ABHD2"
0.0135068586503096,0.340168990392705,0.084,0.06,1,"MTHFD2L"
0.0135312771370438,0.454711234488618,0.132,0.084,1,"SET"
0.0135512507711592,0.124086977204678,0.151,0.119,1,"TSPAN3"
0.0136096641080031,-0.333792075857409,0.052,0.045,1,"PRDX3"
0.0136541871759401,0.116759395032714,0.394,0.309,1,"MCF2L"
0.0136724249473954,0.236204104835976,0.2,0.147,1,"PPP4R3B"
0.0136999065255207,-0.164205147876185,0.539,0.475,1,"MTURN"
0.0137097416951103,0.367348816420052,0.075,0.043,1,"CDKN1B"
0.0137103483858087,-0.785187329143437,0.021,0.027,1,"FAAP100"
0.0137225672143248,-0.138476651066645,0.052,0.045,1,"GMFG"
0.0137227305286734,-0.115967179711583,0.202,0.172,1,"ST3GAL1"
0.0137322470327869,0.168432058355546,0.155,0.123,1,"NGLY1"
0.013734337471449,0.266705185713609,0.241,0.166,1,"CPSF6"
0.0137500209246574,1.16873305439272,0.014,0.007,1,"SHMT2"
0.0137654617917909,0.274406626373241,0.05,0.035,1,"ULK1"
0.0137857672233387,-0.436802844993679,0.051,0.064,1,"MORC1"
0.013796729737438,0.738095663494633,0.014,0.007,1,"SYTL4"
0.0138287971805176,-0.393169235319792,0.051,0.06,1,"EML5"
0.0139102552489504,-0.154636177507831,0.117,0.104,1,"PKN1"
0.0139136272065625,-0.330898399364747,0.052,0.06,1,"UQCRC1"
0.0139513148292611,-0.746938173421077,0.022,0.032,1,"C1QTNF4"
0.0139617544619777,-0.464084049684562,0.112,0.132,1,"INPP5B"
0.0139697042961193,-0.236111921001034,0.114,0.109,1,"FKBP8"
0.0139798046337354,-0.647811170916423,0.009,0.014,1,"UBL7-AS1"
0.0139916331834418,-0.44888627999904,0.047,0.055,1,"ZNRF3"
0.0140023492311774,-0.46293133723885,0.037,0.036,1,"DNAH1"
0.0140471947282034,-0.636846819377834,0.034,0.043,1,"CDYL2"
0.0140639427210702,-0.206185390556626,0.026,0.022,1,"TMEM183A"
0.0141009213951146,0.197985695223438,0.161,0.134,1,"CCDC146"
0.0141025524891852,-0.301920693060016,0.043,0.043,1,"MEGF8"
0.0141028183165324,-0.203441786112436,0.098,0.1,1,"SCAI"
0.0141133590730024,0.612089518262533,0.124,0.087,1,"DPH6-DT"
0.0141393098519224,0.365265971296551,0.111,0.073,1,"DIAPH1"
0.0141443770418113,-0.288105539270645,0.053,0.048,1,"BEX4"
0.0141526760941435,0.251842087516453,0.072,0.049,1,"RFTN1"
0.0141892924767238,0.1179435664999,0.051,0.035,1,"CEP152"
0.0142152729905376,0.19267360493133,0.111,0.082,1,"WDTC1"
0.0142512722939891,0.239363972215074,0.088,0.062,1,"ALOX12-AS1"
0.0142580434012598,-0.910936165885582,0.012,0.018,1,"TDRKH"
0.0142678185007605,-0.359097004762605,0.067,0.062,1,"MLH3"
0.0142687252384322,-0.128260351544713,0.09,0.079,1,"UCHL5"
0.0142845121249284,-0.349276940766277,0.077,0.084,1,"ZSCAN5A"
0.0143566823500647,-0.102140801929478,0.074,0.066,1,"CDH23"
0.0143663408020647,0.203077499353592,0.268,0.196,1,"MAP2K1"
0.014447004249287,0.190080541543793,0.321,0.256,1,"RSF1"
0.014449275189514,0.884899567808377,0.01,0.003,1,"LMO7-AS1"
0.014449442188925,-0.46218610098738,0.104,0.108,1,"CNTN2"
0.0144541370972135,-0.904303747263413,0.015,0.025,1,"ELP6"
0.0145376658656686,-0.299922664412368,0.202,0.193,1,"ACTG1"
0.0145397675322142,-0.150560390910327,0.128,0.118,1,"DPP7"
0.0145983857608242,0.346355287405285,0.307,0.21,1,"COTL1"
0.0145987159531237,-0.235839193499132,0.084,0.087,1,"MRPL1"
0.0146018563126713,-1.54811297505558,0.091,0.188,1,"CARNS1"
0.014602301250313,0.157371848314849,0.19,0.141,1,"LEMD3"
0.0146211791354067,0.591378262918696,0.152,0.083,1,"PNRC1"
0.0146603607089967,0.235044313839921,0.273,0.211,1,"P2RX7"
0.0146652518959045,0.228195277468255,0.024,0.015,1,"JAG2"
0.0146728967730669,-0.303682234051539,0.1,0.096,1,"TPP1"
0.0147424424063836,0.131494301588228,0.4,0.336,1,"CLU"
0.0147537555841596,0.308948709218701,0.151,0.109,1,"CSPP1"
0.0147564135583654,0.465986430729122,0.11,0.072,1,"CEP95"
0.014764966296202,0.198734835655194,0.054,0.045,1,"MYOM1"
0.0147811096296734,-0.48002123097772,0.117,0.136,1,"NDUFAF6"
0.0147859557659406,-0.385127120341157,0.02,0.028,1,"CCDC85A"
0.014834424566632,-0.285580027516193,0.089,0.081,1,"GTF2A1"
0.0148507073699866,0.200421694885861,0.049,0.039,1,"SLC22A17"
0.0148588619182669,-0.166593191331139,0.025,0.023,1,"EMC8"
0.0148702506906373,-0.272632959041569,0.078,0.077,1,"ERMAP"
0.0148824333656613,-0.256781259382358,0.059,0.065,1,"FAM13C"
0.0148980565935949,-0.414015012349532,0.031,0.032,1,"NECAP1"
0.0149289870821327,-0.63071240634684,0.118,0.147,1,"XAF1"
0.0149619172267691,0.196712052835481,0.099,0.06,1,"C3AR1"
0.0149693036200127,-0.119744528726544,0.101,0.089,1,"TUBB4A"
0.0149829629902632,-0.438921638611405,0.034,0.04,1,"TICAM1"
0.0150012937320227,0.385029603654219,0.057,0.031,1,"DOC2A"
0.0150075054218974,0.440661474682267,0.081,0.047,1,"BCL2L11"
0.015012241539428,-0.677670334601694,0.021,0.028,1,"MASTL"
0.0150444287186176,0.23235890020741,0.34,0.263,1,"ARHGEF7"
0.0150462073584432,0.375546740563318,0.186,0.134,1,"PCGF5"
0.0150468860217181,0.330218489288142,0.134,0.094,1,"POM121C"
0.0150767544832899,-0.317417793885575,0.065,0.066,1,"ADAP1"
0.0151093196411371,0.17207167829164,0.362,0.312,1,"ITPR1"
0.0151258574753248,-1.1123049693023,0.022,0.031,1,"HERC6"
0.0151475331774076,-0.21885759707575,0.267,0.256,1,"RPS11"
0.015258398968588,-0.346000782734963,0.012,0.012,1,"BEX5"
0.0152966456417017,-0.2340100186167,0.027,0.024,1,"CLIC1"
0.0153381269019619,0.59383055174397,0.165,0.106,1,"ESYT2"
0.0153529687639301,-0.102739217751859,0.239,0.207,1,"ADGRG1"
0.0153594177017939,0.289554370503118,0.186,0.136,1,"SPOP"
0.0153725614082202,-0.698958729682778,0.021,0.026,1,"CINP"
0.0153771962700983,-0.147197067504284,0.083,0.068,1,"ZNF69"
0.0153776874106083,0.140892304396637,0.27,0.21,1,"HEATR5B"
0.0154164912374466,-0.270981520741398,0.081,0.073,1,"HNRNPL"
0.0154591108733714,-0.164186755869699,0.048,0.043,1,"PUF60"
0.015469993128685,-1.02241117019184,0.025,0.035,1,"VBP1"
0.0155363299640875,0.232133319342073,0.227,0.169,1,"ZNF800"
0.0155383798632963,0.182944083718975,0.31,0.232,1,"KIF5B"
0.0155592644374916,0.319970148521267,0.221,0.164,1,"PPP4R2"
0.0155748104586859,-1.20687185932153,0.008,0.014,1,"DBNDD1"
0.0156290153231059,-0.816538988256107,0.014,0.02,1,"GRM8"
0.0157268008807627,0.288542873015768,0.048,0.037,1,"RHOC"
0.0157407196177758,0.633810575524612,0.024,0.015,1,"SNHG9"
0.0157560093187812,0.834578356732753,0.063,0.036,1,"AC104389.4"
0.0157756983502617,0.462403106340655,0.089,0.064,1,"GAN"
0.0157803831259791,-0.158995446622093,0.046,0.044,1,"SLC25A43"
0.0157846176882602,0.155461988416669,0.206,0.161,1,"REV1"
0.0158095439076547,-0.100862205731284,0.067,0.077,1,"AC034195.1"
0.0158590770115587,0.462071135140437,0.09,0.062,1,"IKBIP"
0.0158752937138394,0.299964766660856,0.039,0.028,1,"MAP3K9"
0.0159063688129958,0.377264694153759,0.035,0.025,1,"PDIK1L"
0.0159274545794181,-0.201537543645723,0.066,0.056,1,"OLIG1"
0.0159645137393528,-0.36106438935666,0.055,0.054,1,"RGS5"
0.0160240314225287,0.170066987893624,0.063,0.05,1,"APOOL"
0.0160307123011269,0.329718576836354,0.243,0.175,1,"COPA"
0.0160548538372626,-1.02076465257628,0.023,0.046,1,"CNTN4"
0.0161183670970812,-0.526857055089749,0.071,0.085,1,"SLC7A1"
0.0161281745540202,0.196555282485075,0.169,0.125,1,"TCF20"
0.0161306142234386,-0.29292363807491,0.13,0.133,1,"PARP9"
0.0161502051807765,-0.21317890748658,0.077,0.078,1,"NFASC"
0.0161877813073134,-0.150528591616839,0.233,0.259,1,"RNF220"
0.0162040377754149,-0.402552614271843,0.04,0.037,1,"UBE2Q1"
0.016250422620041,-0.405492099519373,0.107,0.116,1,"TRPM3"
0.0162983325510854,-0.380322062653337,0.126,0.124,1,"TMEM168"
0.0163009167806868,0.639573126328411,0.011,0.007,1,"AGMO"
0.0163105510538871,-0.107075940923019,0.018,0.018,1,"FANCD2"
0.016350205059235,0.106210048117744,0.132,0.104,1,"RAB11FIP2"
0.016374795141693,2.30386366635447,0.013,0.002,1,"ANGPT2"
0.0163941665785305,-0.239343852285455,0.119,0.121,1,"ESRRG"
0.0164335314470284,0.459824493746822,0.12,0.075,1,"GABPB1"
0.0164853952888484,-0.15270609657873,0.075,0.068,1,"ERCC8"
0.016531339917778,0.330153568248484,0.023,0.017,1,"BEX2"
0.0165346158202545,-0.432715236430253,0.039,0.045,1,"DGKI"
0.0165451024736691,0.113379921533698,0.443,0.379,1,"LYST"
0.0166065034869617,-0.343828609133377,0.028,0.031,1,"QARS"
0.0166265023656837,-0.286176575588156,0.063,0.063,1,"SZT2"
0.0166468738484006,-0.23107606026044,0.041,0.039,1,"CCS"
0.0166566063367412,-0.421415566138827,0.02,0.026,1,"AC090559.1"
0.0166939273837063,1.16256810471359,0.172,0.072,1,"DNAJA1"
0.0167038115246475,0.823485493332833,0.077,0.039,1,"ATG3"
0.0167330499465246,-0.310128837370527,0.034,0.031,1,"SPRY2"
0.0167659995697361,-1.35006850496282,0.01,0.018,1,"MPPED2"
0.0167780038783231,-0.655080455571531,0.022,0.021,1,"CDIPT"
0.0168520302965246,0.254939257897349,0.102,0.064,1,"MAGT1"
0.0168560482042947,-0.21892486593394,0.029,0.028,1,"SPRYD3"
0.0168575592564067,-0.199713376395346,0.035,0.031,1,"RBM18"
0.0168580551264445,0.112866416405588,0.037,0.027,1,"AL136531.2"
0.0169576362137206,-0.177445029681191,0.105,0.116,1,"NEGR1"
0.017045953493816,-0.715676474785738,0.017,0.018,1,"YAP1"
0.0170876698734016,-0.758088378724421,0.043,0.05,1,"PDCD7"
0.0171083346784576,-0.374801739895331,0.099,0.099,1,"ANGEL1"
0.0171413130632689,0.482399170380532,0.016,0.013,1,"MMAA"
0.0171413761790941,-0.612613377421636,0.019,0.021,1,"FCGR2B"
0.0171588978584455,-0.153274897567606,0.064,0.066,1,"CHTF8"
0.0171640690657015,-0.151532547470427,0.045,0.037,1,"CDK11B"
0.0171817858939412,-0.390300062326214,0.032,0.033,1,"NPTXR"
0.0171823705261866,-0.204781405481734,0.032,0.031,1,"IQCK"
0.0172584211902147,0.145961879658522,0.083,0.062,1,"PFDN2"
0.0173473368573956,0.184924357623142,0.167,0.123,1,"PPP2R2D"
0.0173549803200143,0.148262548726275,0.037,0.028,1,"ZNF589"
0.0173591577470316,0.109191058109003,0.042,0.031,1,"HIC2"
0.0174023451730641,-0.290564051130838,0.076,0.075,1,"BACE1"
0.0174044311547599,0.253240391368321,0.263,0.195,1,"SP3"
0.0174164964721234,0.552004364678679,0.035,0.02,1,"SLC39A14"
0.0174215542100606,-0.137307844136819,0.051,0.045,1,"CAMLG"
0.0174279427073942,-0.189220646029022,0.035,0.027,1,"SGCB"
0.017485119942684,0.213869554384569,0.077,0.066,1,"BACH2"
0.0175147579432623,-0.294583730549405,0.138,0.143,1,"KSR1"
0.0175497271157128,-1.05511634588106,0.008,0.014,1,"AC123912.1"
0.017562814834924,-0.415083197126153,0.747,0.765,1,"PLP1"
0.0175961500041701,-0.227615161987878,0.052,0.052,1,"NMNAT1"
0.0176005705503553,-0.116985878446408,0.055,0.055,1,"FAN1"
0.0176723052651156,0.224083960635737,0.185,0.146,1,"RAB14"
0.0176843038837457,-0.26932553433545,0.074,0.068,1,"NFE2L1"
0.0177479622457591,-0.368968249304991,0.127,0.122,1,"PNN"
0.0177857661773559,0.108483411654978,0.065,0.049,1,"TMEM167A"
0.0177919301570244,0.256561696436915,0.221,0.163,1,"YAF2"
0.0178026232515818,-0.104978387855462,0.07,0.063,1,"FAM50A"
0.0178174810032716,-0.422017134034319,0.078,0.079,1,"ABHD17A"
0.0178192965502798,-0.17901824480546,0.196,0.19,1,"PPP3CB"
0.0178422783183042,0.144916967659532,0.183,0.142,1,"INTS10"
0.0178719577027962,0.57202617084698,0.02,0.011,1,"SNHG15"
0.017877529686922,0.118740693988889,0.211,0.178,1,"RNF115"
0.0179413657802551,0.169019999603213,0.135,0.096,1,"RPL18"
0.0179537053298062,-0.181029660726728,0.277,0.271,1,"GSAP"
0.0179778502536111,-1.01181715048622,0.038,0.054,1,"AP3M1"
0.0179961176527012,-0.734553251944053,0.023,0.028,1,"ZNF827"
0.0179999568844416,-0.183960513073254,0.057,0.054,1,"RNF219"
0.0180211396834541,0.931006954332449,0.031,0.018,1,"S100A4"
0.0180224511239863,-2.00805203442239,0.004,0.012,1,"CKMT1B"
0.0180723234935205,0.199551599807937,0.063,0.047,1,"TYMP"
0.018088998195082,2.16506136430176,0.01,0.003,1,"FGF11"
0.0180964743910765,-0.131244629209213,0.087,0.075,1,"HDAC5"
0.0181008107330279,-0.365038516931537,0.106,0.114,1,"CPLANE1"
0.0181237487846484,-0.328182038183263,0.128,0.133,1,"SYMPK"
0.0182042807783004,-0.377369925150566,0.103,0.105,1,"TM9SF4"
0.0182380725780672,-1.41318817038953,0.092,0.197,1,"MT-ND6"
0.0182528301596574,-0.500310032828458,0.095,0.106,1,"API5"
0.0182794230828144,-0.359034006152635,0.071,0.066,1,"C4orf3"
0.0182976110816966,-0.238609214882346,0.052,0.056,1,"CPNE8"
0.0183368214778706,-0.236751007340072,0.063,0.062,1,"NELFB"
0.0183391034336527,0.140277184611607,0.194,0.161,1,"SPRED2"
0.0183587530368976,-0.286523920692357,0.149,0.153,1,"MAST3"
0.0183676479481738,0.171438828254952,0.054,0.034,1,"CTDP1"
0.0183748697069049,-0.513309677373758,0.016,0.016,1,"SNHG8"
0.0184528380780382,0.258944068922995,0.188,0.134,1,"DHX9"
0.0184602983016061,-0.484643971740322,0.011,0.014,1,"GRM1"
0.018479643376019,0.157293917192846,0.141,0.112,1,"TMEM135"
0.0184803799531993,-1.90732698878611,0.006,0.021,1,"AC092957.1"
0.0184858299207274,-0.132804707293309,0.15,0.125,1,"PPM1A"
0.0185144543395184,-0.819352079245616,0.022,0.028,1,"MTX3"
0.0185395599815827,0.327215710022133,0.299,0.225,1,"RUBCNL"
0.0185445324172439,0.211096118860656,0.05,0.042,1,"SEMA6B"
0.0185462441408372,-0.364443983729621,0.124,0.138,1,"APBB2"
0.0185720398278946,0.443461237216241,0.068,0.043,1,"COPB2"
0.0185797168957168,-0.297706675386697,0.059,0.06,1,"TCOF1"
0.0185979790799969,0.254562402226558,0.119,0.085,1,"TOR1AIP2"
0.0186125646580075,-0.352389064818731,0.072,0.076,1,"GSR"
0.0186358181533494,-0.691534482106277,0.067,0.092,1,"COPG2"
0.0186952179290381,0.489324287197098,0.031,0.018,1,"IFT20"
0.0187318280272925,0.393435648148216,0.038,0.024,1,"NFRKB"
0.018738669963139,0.137427153254491,0.034,0.026,1,"PSPH"
0.0187507371607907,0.196235497455581,0.141,0.106,1,"IVNS1ABP"
0.0187658769681006,-0.492566355522085,0.112,0.121,1,"PPP1R10"
0.0187860554812773,0.485676205139014,0.034,0.022,1,"ZNF738"
0.0187928882784515,-0.720121523237425,0.023,0.025,1,"NARFL"
0.0188028806974996,0.12869632114263,0.149,0.124,1,"TTC27"
0.0188968587595644,-0.28763181135768,0.024,0.023,1,"EMC1"
0.01891492495368,-2.64672547079254,0.002,0.013,1,"LINC00355"
0.0189341354148426,-0.119305523211253,0.063,0.054,1,"NEK3"
0.0189363407825557,-0.510117972730993,0.114,0.145,1,"CUEDC1"
0.0189432755882669,-0.265030242633753,0.05,0.052,1,"THUMPD1"
0.0189483433645561,0.10633550773627,0.087,0.071,1,"MAML1"
0.0189620206086547,0.260799394155046,0.187,0.146,1,"LILRB1"
0.018971264498478,0.572038548235774,0.173,0.102,1,"ASCC1"
0.0189818894656855,-0.420065824699703,0.013,0.016,1,"IZUMO4"
0.0189868351867349,-0.118476295379676,0.039,0.029,1,"ZCRB1"
0.0189893488606756,0.273798143443094,0.126,0.085,1,"VPS26A"
0.0190174363916921,-0.268092128118187,0.025,0.024,1,"CAPN2"
0.0190386766261951,0.542655283765724,0.15,0.084,1,"N4BP2L1"
0.0190597976703193,-0.161306067454781,0.109,0.096,1,"TRIM27"
0.0190632330386398,-0.108617023712535,0.074,0.062,1,"PPP1R9B"
0.0191738954548634,-0.101826750076199,0.106,0.078,1,"FEZ1"
0.019206919379876,-0.711450477741983,0.022,0.029,1,"SHISA4"
0.0192344410877619,-0.113660436343217,0.072,0.075,1,"CSMD3"
0.0192465515674467,0.45413980734116,0.066,0.037,1,"RAMP1"
0.0193245726403357,0.203033886449613,0.818,0.752,1,"MED13L"
0.0193335088373018,-0.702904483941215,0.016,0.028,1,"GALNT17"
0.0193689597138582,-1.23724632131283,0.012,0.016,1,"IGFBP6"
0.0193847104613982,-0.653252082337502,0.027,0.035,1,"C8orf33"
0.0194010236501994,-0.366455636464847,0.041,0.036,1,"EXOSC10"
0.0194554948173877,0.212902711569502,0.129,0.091,1,"PSIP1"
0.0194598426407418,0.231155839503614,0.178,0.13,1,"CDC14A"
0.0195039459816372,-0.297341782763286,0.04,0.038,1,"DLEU7"
0.0195108111362823,0.658173339798929,0.067,0.037,1,"AC244453.3"
0.0195176799845468,-0.145651171355478,0.102,0.096,1,"CRLS1"
0.0195488871396322,-0.545969634643509,0.046,0.058,1,"LINC00886"
0.0195684049872108,0.248525780520855,0.045,0.032,1,"ZNF630"
0.0196317648747126,0.222008401408325,0.16,0.13,1,"AATF"
0.0196685869717836,-0.935833598673308,0.014,0.019,1,"CD3EAP"
0.019726061413881,0.867596379214758,0.105,0.052,1,"WIPI1"
0.0197298905511914,0.297722038119464,0.188,0.138,1,"FOXK2"
0.0197622090338426,-0.31255087178299,0.056,0.06,1,"CAMTA2"
0.0197864607959174,-0.864299347541952,0.054,0.077,1,"IFI44"
0.0197912916620056,-0.370136047649832,0.125,0.131,1,"PTTG1IP"
0.0198195855100881,0.250763140290236,0.045,0.033,1,"KIN"
0.0198205298508384,-0.626672747540927,0.034,0.049,1,"ATP6AP1L"
0.0198286620339806,-0.303278930976145,0.383,0.413,1,"ARHGAP25"
0.0198586403506982,0.183021648713298,0.1,0.081,1,"GOLGA3"
0.0198697374236078,0.100745807965913,0.017,0.014,1,"FEM1A"
0.0198834915849631,0.164516364387857,0.425,0.342,1,"PCM1"
0.0198882898232066,-1.0324068982672,0.02,0.042,1,"AP001636.3"
0.0198982301105924,0.15567744397389,0.268,0.22,1,"ATP2B1"
0.019898934793231,0.794701708999255,0.429,0.311,1,"NHSL1"
0.0199009084157989,0.317621782632147,0.125,0.085,1,"SEC23A"
0.019927665685167,-0.423408940038811,0.145,0.153,1,"ZNF532"
0.0199532478145259,-0.204293278612995,0.039,0.03,1,"AL354809.1"
0.0200048157347614,0.306537249724016,0.069,0.055,1,"SERPINI1"
0.0200164188690213,-0.251918199164795,0.069,0.068,1,"WBP2NL"
0.0200170483810271,-0.378177898187709,0.109,0.135,1,"AC104123.1"
0.0200211683825009,0.126235575189637,0.037,0.033,1,"BEX1"
0.020058041692628,-0.44746567625282,0.056,0.061,1,"ARID3B"
0.0200700521913637,0.194734575198934,0.236,0.189,1,"E2F3"
0.0200797036585386,-0.266522485480684,0.043,0.045,1,"FRY"
0.0201005314832122,0.100443837417651,0.076,0.058,1,"KCNC3"
0.020139402739951,-0.281103307180479,0.097,0.1,1,"GIGYF1"
0.0201431861241984,1.31437493174475,0.078,0.029,1,"MT1X"
0.0201514911094909,-0.501206278562851,0.046,0.066,1,"LINC01146"
0.0201852796797353,2.02993118258637,0.021,0.006,1,"HIST1H4H"
0.0202098807366789,-0.24573858334618,0.03,0.024,1,"ATP2A3"
0.0202149955817325,-0.227126222650239,0.036,0.039,1,"GPRASP1"
0.0202254699756091,-1.07663474978052,0.007,0.01,1,"PLEKHH3"
0.0202274027349249,-1.17817934753415,0.01,0.018,1,"ERAL1"
0.0202299251448723,0.355739167750648,0.017,0.012,1,"CNTROB"
0.0202481187196088,-0.18281661771637,0.219,0.193,1,"CCAR1"
0.0202608861377376,-0.246694705056554,0.056,0.055,1,"NOSIP"
0.0203014476908731,0.533829020027114,0.054,0.032,1,"ZSWIM8"
0.0204090274952805,-0.106457278348292,0.239,0.232,1,"EXOC6"
0.0204270982130176,0.170242046698743,0.106,0.074,1,"AK3"
0.0204386771546173,-0.703571975216803,0.052,0.061,1,"TMEM63B"
0.020440053454493,0.157223657528384,0.126,0.1,1,"SOCS5"
0.0204486786797109,0.211185044723729,0.262,0.184,1,"SARAF"
0.0204532026724975,0.490234406154912,0.063,0.043,1,"POGK"
0.0204617958591097,-0.240589514834705,0.083,0.076,1,"FAM3C"
0.0205001182087383,-0.1064932778348,0.026,0.022,1,"PLCG1"
0.0205162508415605,0.275903140203758,0.01,0.007,1,"HIST1H4E"
0.0205267246204273,-0.154604571526728,0.07,0.064,1,"FKBP2"
0.0205567540368476,-0.158605423466161,0.054,0.045,1,"ZFYVE1"
0.020566539515375,-0.267444175197921,0.083,0.077,1,"FAM199X"
0.0205776729090954,0.528262807951688,0.102,0.063,1,"AMOT"
0.0205781046774174,0.107108929535068,0.125,0.091,1,"WIPI2"
0.0206478825115803,-0.407354284374933,0.02,0.022,1,"TRMT61A"
0.0206521071465043,-0.510121895520039,0.014,0.014,1,"SHISA9"
0.0206849565910508,0.214284355934092,0.084,0.071,1,"SCPEP1"
0.0206960935045402,0.126631742118904,0.82,0.749,1,"FAM49B"
0.0207046280577752,-0.320131078607439,0.149,0.154,1,"ARPC3"
0.0207254798267455,1.09791533543752,0.256,0.138,1,"SNAP23"
0.0208133986554423,0.830365373954641,0.101,0.049,1,"KIAA0513"
0.0208358686253094,-0.499696680965292,0.019,0.019,1,"AL365275.1"
0.0208447197504852,-0.629952179356445,0.014,0.022,1,"AMPH"
0.0208583838072144,-0.802443624666293,0.073,0.108,1,"MAG"
0.0208775975194152,0.167938425634388,0.119,0.092,1,"CTDSP2"
0.0209561508576073,0.192819923097654,0.301,0.233,1,"TXNRD1"
0.0209669223261916,-0.1328352062846,0.257,0.236,1,"CBFA2T2"
0.0209740017511571,-1.15808690526097,0.011,0.018,1,"CCDC148"
0.0209922537916108,0.223319812411417,0.054,0.038,1,"PILRB"
0.0210160502227048,-0.244530175976538,0.047,0.048,1,"BCCIP"
0.0210400898741226,0.112455466175923,0.12,0.099,1,"ALDH2"
0.0210406297444269,-0.287962311162786,0.042,0.043,1,"GAS6-AS1"
0.0211171752602092,-0.128403980468907,0.506,0.513,1,"PRKN"
0.0211547632892861,0.448457095069296,0.054,0.034,1,"MLF2"
0.021185104260049,-0.620898461333843,0.03,0.041,1,"SORBS2"
0.0212142362143787,-0.111851295051017,0.109,0.101,1,"NDUFV3"
0.021234485470292,-0.657744762388494,0.019,0.025,1,"PALM2-AKAP2"
0.0212544803956847,0.194812047298924,0.547,0.448,1,"CCNY"
0.021261561633195,0.113572926439481,0.097,0.076,1,"SMARCA1"
0.0212826342712844,-0.242104877851999,0.144,0.147,1,"ZKSCAN1"
0.0212873762317069,0.452012877015333,0.469,0.373,1,"PLCL1"
0.0213306643948762,0.319432404711666,0.132,0.085,1,"EIF5"
0.0213734604455237,-0.11674342057889,0.036,0.031,1,"IFT52"
0.0214681987036857,0.259848345957995,0.067,0.047,1,"DNAJC21"
0.0214959547609019,-1.29868991191271,0.008,0.016,1,"PAK5"
0.0216212929652446,-0.46260217889182,0.018,0.023,1,"AC105383.1"
0.0216581463815337,0.246155246026123,0.038,0.025,1,"RPP30"
0.0217047193149933,-0.465152053235866,0.06,0.064,1,"CLPTM1"
0.0217190223094912,0.321912997291481,0.119,0.08,1,"SLC35E3"
0.0217697596038519,0.171842911851657,0.209,0.162,1,"TTC37"
0.0217737810264468,-0.132588192022261,0.058,0.051,1,"LINC01268"
0.0217765406202695,-0.273087575108095,0.298,0.308,1,"SMURF1"
0.0217870935130543,-0.241296493988443,0.013,0.015,1,"ATCAY"
0.0218320481935973,0.387188297785372,0.138,0.087,1,"KIZ"
0.0218858978200056,-0.395352790536556,0.038,0.039,1,"C2CD2L"
0.0219175646854362,0.329536039730596,0.3,0.209,1,"KANSL1L"
0.0219582713878179,-0.608108892632825,0.02,0.023,1,"NHS"
0.0219672139256679,0.174598858851852,0.436,0.353,1,"ARID4B"
0.0219746200478709,-0.828083046667586,0.009,0.018,1,"ENPP3"
0.0220290977446777,-0.267411574871243,0.166,0.157,1,"SLC7A6"
0.022037837876911,-0.743353707017302,0.022,0.031,1,"OLFM1"
0.0220615973098273,0.332466745344425,0.224,0.157,1,"STXBP3"
0.022079876954659,0.435041170977814,0.045,0.025,1,"CYCS"
0.0220873481904275,-0.15799907747038,0.206,0.198,1,"DTNBP1"
0.0221230329086329,0.405044354046769,0.221,0.157,1,"OGT"
0.0221455417009337,-0.111292032502382,0.108,0.09,1,"BTBD3"
0.022163619903903,-0.13270191759589,0.058,0.049,1,"MRPL42"
0.0221915409341889,-0.363266266858157,0.031,0.03,1,"MOB4"
0.0222200612846102,0.161832337112893,0.058,0.045,1,"MFSD8"
0.0222207688229227,-0.189506719236039,0.098,0.09,1,"ZNF397"
0.0222290247122795,-0.119378915300202,0.166,0.153,1,"DHX36"
0.0222530049286314,-0.160149595212041,0.077,0.081,1,"SASH3"
0.0222713505964034,-0.4090642463247,0.045,0.047,1,"SRC"
0.0222719339663378,0.500443924479414,0.034,0.021,1,"NDUFB4"
0.0222931446984531,0.329057893167156,0.067,0.044,1,"UBR5-AS1"
0.0222939285514685,1.10632705719132,0.268,0.131,1,"AC007262.2"
0.0223187259934078,0.110686125782368,0.5,0.444,1,"MBD5"
0.0223602039965944,0.127384199015799,0.148,0.113,1,"TMEM181"
0.0223618599099595,-0.25373649655366,0.202,0.216,1,"GBF1"
0.022364335856095,0.312066159361215,0.052,0.039,1,"BATF3"
0.0223737790062224,-0.334111576795792,0.018,0.021,1,"ARHGAP44"
0.0223793234896473,-0.698585059501119,0.052,0.067,1,"SMARCD2"
0.0223941084257808,-0.332040583597429,0.143,0.141,1,"SCAMP2"
0.0224704016040577,0.276515875577557,0.097,0.071,1,"STK40"
0.0224967284849674,0.279201525674167,0.297,0.237,1,"MAPRE2"
0.0224990331494599,0.892584761077325,0.011,0.005,1,"RAC2"
0.0225887484427752,-0.732222889811823,0.013,0.016,1,"ADCY8"
0.0225991856899135,-0.2277181354853,0.135,0.137,1,"PBX1"
0.0226589891748876,0.54528344038087,0.027,0.016,1,"ARMCX2"
0.0227975636662343,0.394615973959165,0.452,0.334,1,"SORT1"
0.0227994221660553,0.213407182489429,0.129,0.094,1,"SAFB2"
0.0228026158385539,-0.268244055466526,0.203,0.214,1,"SPIRE1"
0.0228320005798812,-0.177039042860782,0.102,0.097,1,"NADSYN1"
0.0228342477844137,-0.170613670599241,0.25,0.228,1,"C2CD5"
0.0228595093847279,-0.357111987863943,0.096,0.104,1,"BICD2"
0.0228915681854766,-0.178766630890733,0.043,0.035,1,"FGF2"
0.0229487947737509,-0.406980673929465,0.114,0.135,1,"AC090517.4"
0.0229781115707741,-0.180868637931716,0.011,0.011,1,"SCRT1"
0.0230000341791329,1.94111506147788,0.013,0.005,1,"WRAP73"
0.0230397533213615,0.232917187092283,0.122,0.1,1,"CAPS2"
0.0231060472266443,0.215146374510487,0.382,0.3,1,"FNDC3A"
0.0231313075274489,-0.424337564043433,0.045,0.048,1,"TOP3A"
0.023192348887036,-1.70512685603828,0.016,0.037,1,"CH25H"
0.0232574455798892,-1.14317308136704,0.021,0.041,1,"PI16"
0.0232579421515587,-0.248834168407272,0.133,0.14,1,"CLASRP"
0.0233110881487115,0.35429866052439,0.161,0.118,1,"SLC1A2"
0.0233358262276472,-0.551456197252183,0.048,0.048,1,"ERGIC3"
0.0233802925234089,0.373952228374595,0.191,0.13,1,"ZNF654"
0.0234315372665735,0.116055712528453,0.168,0.126,1,"SNX14"
0.0234880197116461,-0.679366454200825,0.012,0.014,1,"PACSIN1"
0.0234908735537553,0.275446604061137,0.05,0.039,1,"DDR1"
0.0235241501512515,0.112356525845058,0.195,0.163,1,"CBR4"
0.0235428436384579,-1.37677909159481,0.004,0.011,1,"TMEM145"
0.0235677865908741,0.673950910877554,0.127,0.076,1,"STAT6"
0.02358748655746,-0.518499644486028,0.01,0.012,1,"CCDC127"
0.0235910506907072,-0.756224172250358,0.06,0.075,1,"AL139125.1"
0.0236090019346812,-0.801762050086782,0.042,0.067,1,"TPD52"
0.0236498528497014,0.110177732287757,0.405,0.337,1,"MKL1"
0.0236622344086101,0.138190340019891,0.073,0.057,1,"GRAMD4"
0.0237042157298936,-0.149980755163026,0.19,0.176,1,"MDM2"
0.023715167209753,0.165910078828059,0.058,0.043,1,"FAM53C"
0.0237482702742205,-0.43152467877883,0.041,0.044,1,"RNF40"
0.0237543698677269,-0.191981069029865,0.028,0.026,1,"FANCM"
0.0238422277831933,-0.449329364898868,0.023,0.026,1,"CFAP36"
0.0238465028634292,-0.809784000776393,0.026,0.033,1,"DAG1"
0.0238472718129179,0.442513902064868,0.194,0.129,1,"TENT4B"
0.0238540448234735,0.542021691535493,0.067,0.039,1,"TCP11L2"
0.0238775036677778,0.10305528707213,0.015,0.006,1,"MYOCOS"
0.0239271168951243,-0.405959661249563,0.056,0.061,1,"MAP1LC3A"
0.0239494693261934,-0.346223863297674,0.035,0.039,1,"LINC01480"
0.0239760145970779,-0.161090337694184,0.111,0.095,1,"CERCAM"
0.0240819681677135,-0.473018162880722,0.072,0.079,1,"EVA1C"
0.0241108503715458,0.366993060727091,0.08,0.049,1,"MPC1"
0.0241327897610923,-0.113846626431034,0.038,0.04,1,"SLC25A11"
0.0241824808836422,-0.503050086802414,0.058,0.077,1,"RASGRF2"
0.0242055844873111,-0.700211872083225,0.014,0.018,1,"DENND2C"
0.0242573026938052,-0.129909562694369,0.042,0.037,1,"WDR61"
0.0242767179310478,0.197877235688728,0.212,0.167,1,"SERGEF"
0.0243914579867706,0.129145239675466,0.301,0.239,1,"TBC1D2B"
0.024400061266746,0.585069803813445,0.017,0.01,1,"ARRDC1-AS1"
0.024428906864979,0.115417208590809,0.163,0.111,1,"PLEKHB1"
0.0244398635611932,0.142833328734301,0.267,0.224,1,"SAT1"
0.0244405391106627,-0.50000059498906,0.039,0.041,1,"ASPA"
0.0244490140095665,-0.911265680840591,0.027,0.037,1,"PPIH"
0.0244729429659746,-0.348607389032593,0.06,0.066,1,"B3GAT3"
0.0244814260130848,-0.162602711269782,0.116,0.103,1,"NPC2"
0.0245703144519511,0.143945645758035,0.026,0.018,1,"MAN2A2"
0.0245771843014035,-0.276223122327986,0.106,0.118,1,"AGPAT4"
0.0246092924709488,-1.08827415327014,0.029,0.046,1,"NMRAL1"
0.0247596902218224,-0.255529496706768,0.259,0.262,1,"EPC2"
0.024767701070384,0.21352840040841,0.164,0.129,1,"CCDC93"
0.0248039299388858,-0.682180388784985,0.069,0.084,1,"ELAVL3"
0.0248185345245429,-0.234422752591867,0.057,0.045,1,"NFYA"
0.0248186326731648,-0.310027309091861,0.08,0.074,1,"NR2C1"
0.0248309332243516,-0.306307541638069,0.025,0.024,1,"ZCWPW1"
0.0248736237105254,0.135234029854062,0.026,0.019,1,"AC132872.1"
0.0248997546829986,0.607244040826965,0.014,0.007,1,"AC084871.2"
0.0249236604944484,0.108883346890971,0.201,0.159,1,"RPS6KA5"
0.0249612973138377,-0.467953025153674,0.042,0.047,1,"CCDC130"
0.0250064913209492,-0.616518058657767,0.054,0.065,1,"SLC46A3"
0.0250628896063313,0.212811702155322,0.075,0.064,1,"CLECL1"
0.0250703602834579,-0.26100130067733,0.122,0.122,1,"BCAP31"
0.0250786033238958,-1.51433192157999,0.007,0.017,1,"ABCA10"
0.0251063324215713,0.195521697950241,0.168,0.118,1,"CSNK2A1"
0.0251297571279272,0.260640128530323,0.361,0.276,1,"PHF20"
0.02515326033294,0.132399736229111,0.492,0.417,1,"CHD7"
0.0251708885990563,-0.252066119498698,0.482,0.488,1,"SPRED1"
0.0251753420711884,-0.260509420404791,0.117,0.124,1,"FBXW8"
0.0252821574182863,-0.104058167051537,0.054,0.05,1,"LRCH4"
0.0252857311385233,-0.393213770919793,0.076,0.077,1,"AL592183.1"
0.0253083018477808,-0.277193565937991,0.054,0.058,1,"NINJ2"
0.0253191342935834,0.1569156268712,0.115,0.079,1,"NACC2"
0.0254137117446498,0.415073277630048,0.115,0.075,1,"ABCD3"
0.025414285521255,-0.411448332985734,0.063,0.072,1,"PHACTR3"
0.025433727438764,-0.78364671306694,0.015,0.02,1,"B3GALT6"
0.0254778969080184,-0.345642456996951,0.065,0.068,1,"ZNHIT1"
0.0255054784003289,-0.184968563478359,0.239,0.226,1,"PPIG"
0.0255280805454833,0.223334819789237,0.04,0.025,1,"CENPJ"
0.0255858518204335,-0.226239309514458,0.079,0.071,1,"PEPD"
0.0256294186276396,-1.2696072792763,0.014,0.029,1,"SMIM10L2A"
0.0256717989271667,0.153506428353531,0.103,0.072,1,"MBD4"
0.0257472194871526,-0.320423978796405,0.156,0.161,1,"HM13"
0.0257481696003624,-0.11637286208122,0.21,0.195,1,"AC009690.1"
0.0257548180101651,-0.565458318234751,0.06,0.067,1,"ARMC1"
0.0257564085312086,-0.178091489596696,0.184,0.18,1,"KAT6B"
0.0258077802854777,-0.118124236974096,0.048,0.043,1,"GART"
0.0258121342979699,-0.664423592317538,0.018,0.023,1,"HDHD2"
0.0258535271614034,-0.111014044788722,0.097,0.1,1,"C10orf90"
0.0258766912972363,-0.320118519853268,0.128,0.13,1,"KLHL18"
0.0258794387595749,0.316071050737348,0.106,0.07,1,"PPTC7"
0.0259000888885879,0.227332181811946,0.174,0.126,1,"MIRLET7BHG"
0.025906204154678,-0.233548640907809,0.067,0.066,1,"DNMT1"
0.0259105400478841,0.145762388070039,0.073,0.056,1,"FBXW5"
0.0259883294074559,0.496919197414639,0.049,0.038,1,"PIN4"
0.0260501051156411,0.163384065271736,0.247,0.204,1,"TUT7"
0.0260773907723482,-0.46507218760848,0.142,0.157,1,"SP140"
0.0261117391466957,-0.121204034286238,0.02,0.022,1,"MMAB"
0.0261193492991251,1.79676450182247,0.013,0.003,1,"MYLPF"
0.0261274216880037,-0.193625552010577,0.186,0.175,1,"BCAR3"
0.0261312812735814,-0.51750022113623,0.067,0.074,1,"HCFC1R1"
0.0261444508385408,0.253185768199249,0.047,0.033,1,"SLC26A2"
0.0262006696575049,-0.303327513875863,0.09,0.095,1,"ACVR2A"
0.0262024333745555,-2.08063761176998,0.005,0.01,1,"PIK3R3"
0.0262456175345429,-0.320952977896381,0.031,0.032,1,"CDHR3"
0.0262777660659311,-0.221494464407539,0.053,0.055,1,"TTYH1"
0.0263009922526487,-0.122739295709052,0.224,0.199,1,"CDC42"
0.0263345766688517,0.532849214904325,0.126,0.081,1,"CERK"
0.0263525335087128,-0.220292856379227,0.09,0.087,1,"M6PR"
0.0263575145275389,0.324010288691719,0.068,0.047,1,"TNIP1"
0.026361727671658,-0.69108514127056,0.03,0.032,1,"PSMD3"
0.0263751146247261,0.311683894110116,0.179,0.123,1,"ATP6V0E1"
0.0263759014532175,0.509261455802337,0.082,0.045,1,"C5orf15"
0.0263929396323268,-0.147202097939162,0.058,0.059,1,"MIPEP"
0.0264337272040805,-0.127450087031541,0.037,0.033,1,"USP20"
0.0264881525667322,0.680394781882861,0.025,0.013,1,"CHST1"
0.0265540610850697,-0.14658044504269,0.044,0.041,1,"NDFIP2"
0.0265813722444898,-0.198203375670122,0.129,0.121,1,"EFCAB14"
0.0265998929460221,-0.380641954927688,0.01,0.009,1,"PHF24"
0.0266457516287038,0.756502819599799,0.027,0.014,1,"ZNF616"
0.0266819815702208,0.574653389966919,0.019,0.014,1,"ZNF213-AS1"
0.026704251089234,-0.220256774887634,0.087,0.08,1,"SLC1A4"
0.0267214767910811,0.271907934264061,0.141,0.102,1,"MTMR14"
0.0267253854167971,-0.101201458916281,0.044,0.037,1,"COL8A2"
0.026740953315499,-0.144372936201333,0.096,0.091,1,"CNST"
0.0267413380599843,0.340273662327492,0.076,0.047,1,"UQCRQ"
0.0267778449720982,0.406095253893769,0.275,0.186,1,"POLK"
0.0267797306531339,-0.840467754568902,0.048,0.057,1,"ZNF276"
0.0267924755241125,-0.36529120764137,0.099,0.108,1,"SLC20A1"
0.0269493999080194,-0.222824979563529,0.114,0.102,1,"SELENOF"
0.02695085976894,-0.216853355875474,0.037,0.037,1,"CA8"
0.0269795557299499,0.318303147483784,0.148,0.102,1,"SH3GLB1"
0.0270169676366128,-0.440171666339638,0.01,0.009,1,"MED11"
0.027030328311528,0.535234717700054,0.055,0.037,1,"LINC02241"
0.0270605123156699,0.302697430798749,0.149,0.103,1,"CDC42SE1"
0.02706950662747,-0.167043255141857,0.079,0.075,1,"PIGK"
0.0271091135307769,0.125547752101514,0.049,0.041,1,"SLC1A5"
0.0271114921969546,0.458658187788979,0.42,0.306,1,"PRKCB"
0.0271798461549517,-0.487191064816263,0.07,0.071,1,"CHCHD2"
0.0271799513791059,0.160921803238607,0.054,0.046,1,"TRAPPC13"
0.027231653729408,-0.733772093457625,0.02,0.026,1,"PARP15"
0.0272365912520508,-1.1843750628126,0.006,0.011,1,"TEK"
0.0272755611912839,-0.439078778687319,0.056,0.062,1,"PUDP"
0.0273142516916391,-0.5615781687493,0.045,0.051,1,"GNPDA1"
0.0273673799634475,-0.230155711056401,0.08,0.071,1,"UBE2I"
0.027376550975877,0.34191285788178,0.582,0.466,1,"ERBIN"
0.0274401838055608,-0.205558265673809,0.052,0.047,1,"LEMD2"
0.0274604027979492,-0.585273003994433,0.033,0.033,1,"ALKBH7"
0.0274985830560123,-0.164018174243864,0.095,0.1,1,"MTERF1"
0.0275163254547664,-0.182032073283914,0.061,0.06,1,"MTMR12"
0.027538622439169,0.473098891962769,0.051,0.032,1,"HDGF"
0.0275930374503797,-0.772574651479833,0.036,0.046,1,"PTN"
0.0276004523187637,-0.303108517678551,0.082,0.088,1,"TPPP"
0.0276200235426284,0.239499781081204,0.052,0.041,1,"DCBLD2"
0.0276243947037199,0.249419240378546,0.023,0.016,1,"FLAD1"
0.0276452616295294,-0.194403413609269,0.281,0.287,1,"PHF14"
0.0276640660977279,0.301412521635392,0.084,0.054,1,"LPCAT1"
0.0276961471771873,0.245425726206672,0.04,0.026,1,"AKT1"
0.0277092702244928,0.293031909331778,0.081,0.057,1,"PRCP"
0.0277133770030437,0.213297051776043,0.154,0.115,1,"C12orf75"
0.0277788130979502,-0.585462126690528,0.018,0.021,1,"MICALL2"
0.0277952817915975,-1.93982761305382,0.003,0.012,1,"ZNF610"
0.0278266099630693,0.128317043690387,0.103,0.079,1,"ZNF680"
0.0278600067060901,0.171382714151131,0.601,0.531,1,"MTHFD1L"
0.02790482300835,-0.833528799253249,0.045,0.058,1,"CYFIP2"
0.0279799138571185,0.122657912958573,0.135,0.108,1,"PPP2R3C"
0.0280323246271299,0.32233965951543,0.175,0.119,1,"DNAJC1"
0.0280351795447317,-0.152127362635224,0.072,0.07,1,"IRAK4"
0.0280513167239846,0.106938335587378,0.091,0.067,1,"FAM85B"
0.0281544397684373,-0.687808881817914,0.008,0.012,1,"UNC13A"
0.0281750105186552,-0.564050981168327,0.101,0.108,1,"MYRF"
0.0281787259594551,0.194829480141136,0.126,0.087,1,"CCP110"
0.0281999543145152,-0.102354972987078,0.181,0.174,1,"NCK1"
0.0282007672967603,-0.160662463513641,0.014,0.016,1,"CRMP1"
0.0282278873602464,-0.54701859884739,0.028,0.037,1,"GPC6"
0.0282665277864234,-0.579583727442472,0.024,0.026,1,"MRO"
0.0282864806315443,1.60187119456,0.021,0.009,1,"FLNA"
0.0283156360001155,0.257616588280848,0.2,0.148,1,"ITPK1"
0.028337736541989,0.138461533923255,0.157,0.117,1,"WTAP"
0.0283585002623705,-0.252520658380294,0.032,0.032,1,"PTPN20"
0.0283608516067274,-0.354035281885044,0.071,0.081,1,"LINC01909"
0.0283693833829805,0.187394525411242,0.04,0.033,1,"ERP29"
0.028576308410844,-0.289062920792141,0.045,0.044,1,"CHD3"
0.0285811254787629,0.125356018780357,0.015,0.014,1,"CP"
0.0285849962315236,-0.416626419232563,0.141,0.147,1,"TLE3"
0.0286808212498268,-0.445296448556701,0.029,0.026,1,"TFAM"
0.0286899263141467,0.322850519038375,0.013,0.009,1,"BHLHE40-AS1"
0.0287722497334727,-0.298414498909013,0.028,0.028,1,"TRMT112"
0.0287906654843464,0.127104350029183,0.224,0.189,1,"CARMIL1"
0.028849336739734,0.205468360805743,0.083,0.057,1,"RPS13"
0.0289209664667778,0.712974913956763,0.113,0.062,1,"TMEM170B"
0.0289591388863217,-0.535052378829355,0.044,0.054,1,"IFT122"
0.029003987251418,-1.24945488489314,0.008,0.016,1,"IL17RC"
0.0290360164807249,-0.285858804014361,0.069,0.065,1,"PNPT1"
0.029118240520242,-1.31148710632905,0.013,0.024,1,"SLC9B1"
0.0292666080889375,-0.387511521472239,0.051,0.06,1,"RETREG1"
0.029322449069922,0.204408695775798,0.188,0.144,1,"PTAR1"
0.0293746474689492,-0.552129194627652,0.081,0.102,1,"AP003354.2"
0.0294243071454589,0.311143994523332,0.051,0.038,1,"NUDT9"
0.0294308670487708,0.454696822149119,0.044,0.027,1,"TRMU"
0.0294316221471222,0.322702226005696,0.031,0.02,1,"AGAP5"
0.0294385373847799,-0.261626404316751,0.052,0.049,1,"HIF1AN"
0.0294398251155249,1.12788386467661,0.01,0.004,1,"CLDN9"
0.0294983835270885,-0.211841457561411,0.397,0.449,1,"DLG2"
0.0295012927847392,-0.26394658662835,0.138,0.127,1,"USF2"
0.0295486887699113,-0.53975007501385,0.014,0.019,1,"ANO5"
0.0296230472750491,-0.375493483203351,0.049,0.056,1,"ARRDC1"
0.0296319376501987,-0.221744771119708,0.072,0.068,1,"ATP5F1A"
0.0296809816473284,-0.103920283848228,0.185,0.172,1,"PARN"
0.029699342577124,0.127746041924432,0.208,0.176,1,"TMEM131L"
0.0297707630789899,-0.305247081717658,0.034,0.03,1,"OGG1"
0.0298252274060027,-0.115778528175202,0.101,0.094,1,"DECR1"
0.0298922349129023,-0.543498293142987,0.031,0.04,1,"WAC-AS1"
0.029911117190528,0.397447006350632,0.122,0.079,1,"SUN2"
0.0299139653449121,0.33685188312018,0.053,0.037,1,"AL589843.1"
0.030038866823669,-0.458940053172779,0.086,0.099,1,"CD99L2"
0.0300639462484092,-0.534879144566325,0.105,0.123,1,"ITGAL"
0.0301430037094677,0.356077971630548,0.158,0.107,1,"SUGT1"
0.0301636083653938,-0.31214420504759,0.066,0.066,1,"UBN1"
0.0301748285374745,-0.128265296804003,0.207,0.193,1,"SMG6"
0.0301806697643946,-0.155502240862064,0.028,0.021,1,"COA5"
0.0302121744505197,0.137918255893649,0.49,0.425,1,"PIK3R1"
0.0302592533507868,-0.771683720740311,0.063,0.073,1,"JUN"
0.0303120182012729,0.207323268177433,0.088,0.071,1,"ANKRD6"
0.0303661029677304,-0.161532344983832,0.044,0.041,1,"ATP5PF"
0.0303876924448182,0.152917775202906,0.188,0.146,1,"NPC1"
0.0303971712185253,-0.120350995355206,0.075,0.067,1,"HPS4"
0.030430632636947,-1.91612526410651,0.021,0.06,1,"AC007319.1"
0.0304761413031672,0.204818592128433,0.145,0.106,1,"ALMS1"
0.0305015948598152,-0.156532095382452,0.358,0.34,1,"NSD1"
0.0305327102967662,-0.722195127915302,0.009,0.01,1,"KCNH5"
0.0305362197510471,-1.22102962142171,0.037,0.068,1,"UCP2"
0.0306123173613139,-0.345318818272239,0.049,0.052,1,"AAMDC"
0.0306534456221363,-0.557501101922214,0.01,0.012,1,"GOLGA7B"
0.0306668077237336,0.241607960511842,0.075,0.059,1,"MRAS"
0.0307095736989199,-1.28688089959971,0.014,0.023,1,"FRS3"
0.0307171874176879,0.464430518696743,0.083,0.054,1,"PUS7"
0.0307784298357776,-0.535358934473174,0.022,0.027,1,"NAPRT"
0.0307840269916477,0.377523145545998,0.1,0.061,1,"CCNG2"
0.0308320045176281,-0.254378762498597,0.017,0.016,1,"ACHE"
0.0308520321508109,-0.22616702204962,0.087,0.086,1,"TRIR"
0.0308754705247518,-0.217099353220775,0.018,0.018,1,"TMEM246"
0.0308758559720005,-0.30256425568452,0.025,0.027,1,"TSR1"
0.0308791110676926,-1.34214497038218,0.009,0.018,1,"TLE2"
0.0309147471843897,-0.847128144055901,0.017,0.025,1,"FRMPD4"
0.0309430310947525,0.410252906743027,0.067,0.04,1,"SNRNP48"
0.0310196815068894,-0.457840829083034,0.018,0.024,1,"CADM3"
0.0310478931904756,-0.767301229624836,0.045,0.068,1,"SLC38A6"
0.0311112508808388,0.768853630736735,0.023,0.012,1,"PHLDB3"
0.0311324399257482,-0.616183583543706,0.099,0.108,1,"LMF1"
0.0312803690833414,0.144644755758793,0.14,0.103,1,"FAM193B"
0.0313394743761392,-0.344926470971008,0.065,0.069,1,"MCCC2"
0.0313680002554997,0.333503742257986,0.083,0.05,1,"WDR91"
0.0314303578754066,-0.119517331544946,0.083,0.079,1,"NPRL3"
0.0314345047926797,-0.484224300165618,0.011,0.011,1,"ST8SIA3"
0.0314688974334104,0.581814297314357,0.157,0.086,1,"SNX25"
0.0314716944497622,-0.33374112804346,0.018,0.017,1,"JAG1"
0.0314841679070046,0.829067870308679,0.066,0.039,1,"LIX1-AS1"
0.0315007908383024,0.126216786570161,0.053,0.039,1,"FCER1G"
0.0315136428876557,-0.192456874512599,0.075,0.071,1,"KLHL7"
0.031536234481738,0.328739660607357,0.017,0.01,1,"AC068205.1"
0.0315899477054783,-0.346093262928272,0.041,0.056,1,"EYA2"
0.0316441846566585,-0.360695228844042,0.105,0.111,1,"GABPB1-AS1"
0.0316665756842672,-0.343331647018353,0.027,0.026,1,"RGP1"
0.0316901441548273,-0.226024213065911,0.032,0.027,1,"ERLIN2"
0.0317046832177267,-0.774075437107236,0.023,0.028,1,"AC026471.4"
0.0317171463383665,0.207402727502901,0.028,0.021,1,"BBS7"
0.0317226897524522,-0.624279670916735,0.012,0.016,1,"TUSC3"
0.0318176730851959,-0.734346444471355,0.045,0.052,1,"BRD9"
0.031943056516226,0.324918912445429,0.07,0.055,1,"CDCP1"
0.0319799623495823,0.317226447316394,0.06,0.035,1,"TCP1"
0.03203348858581,0.181116121073069,0.223,0.165,1,"CMKLR1"
0.032104495006653,-0.108836869350176,0.014,0.011,1,"PHF5A"
0.0321116283888617,0.227792190601703,0.154,0.113,1,"MAP3K4"
0.0321641539486756,0.175573786577013,0.126,0.085,1,"TKT"
0.0322010870712031,0.15026308215055,0.096,0.088,1,"AL669831.5"
0.0322140561397447,0.501556286137477,0.183,0.119,1,"CSRP1"
0.032219106698771,-0.186298842824873,0.038,0.037,1,"LANCL2"
0.0322669494682055,0.131201790575683,0.319,0.256,1,"TMEM65"
0.0323396959049223,-0.145504769796844,0.166,0.154,1,"TFEB"
0.0323613587539275,-0.224835879556484,0.083,0.075,1,"STK11"
0.0323702150661482,-0.316969505759254,0.103,0.104,1,"DNAJC10"
0.0325045260701778,0.452323564259652,0.127,0.087,1,"RPL14"
0.032595824686369,0.726106179470105,0.017,0.009,1,"RPS10-NUDT3"
0.0326126278731947,0.274327368671232,0.488,0.386,1,"CTBP2"
0.0326296313320777,0.312912498511879,0.027,0.018,1,"TAGLN2"
0.0326403555634563,0.397416139849545,0.04,0.028,1,"SHC2"
0.0326566723691441,0.336197903458152,0.182,0.131,1,"ABI2"
0.0327089991134427,0.125308352935295,0.299,0.233,1,"DIP2A"
0.03273885871212,-0.598982999585136,0.039,0.052,1,"NBL1"
0.032739852804771,0.253668428451298,0.123,0.089,1,"HADHB"
0.0327700641490832,0.239562605483057,0.256,0.191,1,"HMGB1"
0.0328273083085341,0.139602969708378,0.037,0.026,1,"KNTC1"
0.0328327766871567,0.193499482209738,0.364,0.287,1,"AC006978.2"
0.0328490767168347,0.195294707567898,0.306,0.212,1,"TANC1"
0.0329133159509409,0.398744605037611,0.061,0.036,1,"BUB3"
0.0329142960414486,-0.486811163610868,0.016,0.014,1,"ABCA6"
0.0329499405528669,-0.964949635127338,0.025,0.037,1,"LURAP1"
0.0329835790064903,0.803451193929305,0.012,0.007,1,"HRH3"
0.0330926785192137,0.190389971651702,0.019,0.016,1,"ADAM12"
0.0330949453754726,0.115935626559778,0.121,0.093,1,"ZNF141"
0.0332285505496878,-0.411437347797517,0.112,0.119,1,"PLXND1"
0.033242537945741,-0.209298184418625,0.071,0.073,1,"AAGAB"
0.0332454914831694,0.322101578013607,0.023,0.019,1,"MOGS"
0.0332841903424834,0.108499789283941,0.094,0.081,1,"STX5"
0.0333398067475732,-0.601880572495924,0.023,0.022,1,"ISYNA1"
0.0333777717760841,-0.583921665580627,0.019,0.023,1,"MRPS30-DT"
0.0334058322251275,-0.206942859625673,0.208,0.215,1,"TAPT1-AS1"
0.0335366143886123,0.146733453486859,0.082,0.059,1,"ZNF595"
0.0335631463951401,0.191429047299651,0.321,0.257,1,"PHF3"
0.0336602354935613,-0.419635424478956,0.019,0.022,1,"CIAPIN1"
0.0336617112477769,0.11360680554962,0.061,0.048,1,"NME3"
0.033665723417832,0.191495487436404,0.03,0.024,1,"AL359644.1"
0.0337270455148951,0.451915428779202,0.038,0.026,1,"VARS2"
0.0337387580097084,-0.227636105792429,0.187,0.184,1,"DEPTOR"
0.0337406984579965,-0.137516943119812,0.034,0.024,1,"MBIP"
0.033830053234218,0.144524722786819,0.373,0.292,1,"NAP1L1"
0.0338753868627198,-1.18446441363617,0.033,0.058,1,"ZNF385D"
0.0338989684108425,-0.159382887669679,0.104,0.087,1,"LTN1"
0.0339083788492917,-0.318046892172622,0.075,0.077,1,"SMC1A"
0.0339284528052193,-0.108670010269714,0.202,0.178,1,"ADPGK"
0.0339937765504625,-0.695220451893399,0.094,0.125,1,"AC116366.3"
0.0340092379842363,0.138177096057355,0.119,0.081,1,"ILKAP"
0.0342727997794054,-0.214707776495785,0.201,0.19,1,"CAPZA2"
0.0343212404904939,0.50295216806137,0.017,0.007,1,"NDUFA6"
0.0343709984711804,-0.266252115265144,0.271,0.289,1,"AIG1"
0.0344346429915292,0.485006145087207,0.056,0.033,1,"HCN2"
0.0344434085083836,-0.105364611693173,0.092,0.073,1,"CD37"
0.0346682410333398,-0.401920078450348,0.293,0.328,1,"MERTK"
0.0347291094931262,-0.176115183905688,0.097,0.089,1,"EZH1"
0.0347698794280227,-0.320503078720994,0.065,0.069,1,"LTBP3"
0.0347997909150924,-0.444362775144501,0.031,0.032,1,"MSMO1"
0.0349100416522085,-0.39072159362145,0.014,0.016,1,"JMJD8"
0.034936755866983,0.244373799703724,0.14,0.101,1,"UBE2O"
0.0349735839839968,-0.109945246010566,0.178,0.18,1,"CTNND2"
0.0350090080902325,-0.367858872028297,0.074,0.085,1,"EIF4G1"
0.0350190463947312,-0.246233630967371,0.119,0.108,1,"PPT1"
0.0350422877558393,0.294517070335887,0.051,0.039,1,"DNAJC2"
0.0350909453192773,-0.841162539140975,0.011,0.016,1,"BORCS8-MEF2B"
0.0351070822602795,0.101930623363783,0.062,0.048,1,"CLCN6"
0.0351659683523303,0.305817785424956,0.056,0.037,1,"STXBP2"
0.0351892222148775,-0.216856887076063,0.124,0.117,1,"MAVS"
0.0352726045847417,-0.708629908054229,0.034,0.049,1,"DYSF"
0.0353606189568837,-0.521825326850803,0.044,0.052,1,"ZSCAN30"
0.0353795408195511,0.380126151111103,0.216,0.157,1,"PDXK"
0.0354076353287084,-0.332024168433799,0.065,0.066,1,"VMA21"
0.0354153293974149,-0.237096625738784,0.023,0.021,1,"WDR55"
0.035498808877293,0.175609219529987,0.22,0.178,1,"ZNF33A"
0.035507383115814,-0.307490359147483,0.032,0.031,1,"RNF152"
0.0355116654835634,-0.798511322916262,0.021,0.024,1,"POMZP3"
0.0355378336163439,0.455519014442921,0.059,0.039,1,"CHCHD10"
0.0356170799286021,0.223174801244753,0.012,0.009,1,"SIGLEC7"
0.0356199178576551,0.357055920714366,0.12,0.075,1,"BCO2"
0.03562084468854,0.160842538177192,0.155,0.127,1,"GNG2"
0.0356248532291341,-0.867246868909246,0.015,0.02,1,"EPHA5"
0.0356376485964337,0.334756429555924,0.059,0.037,1,"NAA38"
0.035686631145461,0.92286170370195,0.05,0.027,1,"LONP1"
0.0357369925004671,-0.173561513870508,0.12,0.111,1,"PLEK"
0.0357755031090918,-0.204671662408399,0.07,0.066,1,"TRIOBP"
0.0358170876843111,-0.440246457259259,0.163,0.175,1,"CD4"
0.0358430552667555,-0.140320219703644,0.056,0.042,1,"CLEC19A"
0.0358524732558153,-0.305041301726427,0.056,0.05,1,"PSMB2"
0.035898860182329,-0.407733110287519,0.063,0.062,1,"MED1"
0.0359408050098627,-0.371359257689555,0.016,0.016,1,"ACTR5"
0.0359537967773147,-0.706152481781071,0.013,0.02,1,"SRRM3"
0.0359613512289893,-0.325217968245558,0.016,0.015,1,"STPG1"
0.0360788819234541,-1.09099146144528,0.013,0.031,1,"SV2C"
0.0361253248560057,1.12824690135321,0.049,0.016,1,"ECHDC3"
0.0361425340703833,-0.245681539185742,0.039,0.037,1,"CDKN2A"
0.0361651406975742,-0.203588300032183,0.073,0.064,1,"AKT2"
0.0362181733482667,-0.636941209189405,0.129,0.165,1,"SYNE1"
0.0362942635619341,-0.282883893211288,0.023,0.026,1,"LRRC20"
0.0362967862070399,0.465848298755453,0.048,0.025,1,"GCNA"
0.0363472954834261,-0.306902523680752,0.077,0.089,1,"RNF170"
0.0363645820288949,-0.316331253106411,0.026,0.026,1,"SETD4"
0.0364627084228316,0.37875588149494,0.072,0.04,1,"MSL3"
0.0364764192122515,-0.2602324311638,0.051,0.049,1,"FAM160B1"
0.0365121496427989,0.57294526892334,0.203,0.129,1,"DEK"
0.0365156362194423,0.312946478968004,0.435,0.333,1,"VOPP1"
0.0365487073454751,-0.600127399920094,0.054,0.06,1,"ZC3H4"
0.0366029401352099,-0.388354753375677,0.033,0.035,1,"SLC9A3R1"
0.0366287539576482,0.517829398662242,0.111,0.066,1,"GKAP1"
0.0366781214276245,0.302728763249251,0.27,0.197,1,"ETS2"
0.0367538034160006,-0.773280860421914,0.042,0.063,1,"FAM160B2"
0.036782544908842,-0.553890185785561,0.105,0.127,1,"ARHGEF9"
0.0368205004108531,-0.348226911053338,0.025,0.025,1,"PI4K2A"
0.0369008978292029,-0.48297262560907,0.044,0.052,1,"IGSF6"
0.0369186953971156,0.150534323253275,0.027,0.024,1,"MRPL45"
0.0369556567890802,0.385989485065584,0.081,0.059,1,"KATNAL2"
0.0369900930764887,-0.170030978117071,0.224,0.209,1,"PPFIA1"
0.0369970527211526,-0.10759938393868,0.018,0.019,1,"FBLL1"
0.0369991623684194,-0.460310321691717,0.045,0.052,1,"SH2B1"
0.0370264903398361,-0.154435249901641,0.189,0.174,1,"ME2"
0.0371598473849343,-1.21570415673252,0.011,0.018,1,"LRRN1"
0.0372169882389356,0.210037376123735,0.033,0.026,1,"LPCAT4"
0.0374022762714922,-0.790546092377174,0.011,0.017,1,"PAXBP1-AS1"
0.0374248437570645,-0.197067398701132,0.027,0.024,1,"TRAPPC2"
0.0374299803715176,0.103888568945094,0.033,0.022,1,"ARF6"
0.03743054141244,-0.53908535321861,0.015,0.017,1,"TTLL1"
0.037544373177446,0.198940224316221,0.16,0.123,1,"SNRK"
0.0375462946761491,-0.1745870567484,0.248,0.233,1,"CPM"
0.0375566569635654,0.321624064038363,0.198,0.165,1,"CRADD"
0.0376323497102747,-0.403474952216611,0.19,0.239,1,"NAV2"
0.0376662648740499,-0.214613554364435,0.21,0.201,1,"CFL1"
0.0376858778865481,0.444693124373423,0.046,0.028,1,"KCTD9"
0.0377461092032075,0.590718595541074,0.032,0.016,1,"SIAH2"
0.0377706465286606,1.59224001146424,0.184,0.068,1,"DNAJB1"
0.037781611093634,-0.738062735313901,0.097,0.133,1,"LMO2"
0.0378863541589895,-0.911803975750998,0.019,0.028,1,"BPHL"
0.037894516723703,-0.568705564111877,0.03,0.033,1,"TMEM98"
0.037934753876925,-2.0211135142886,0.012,0.036,1,"F13A1"
0.0379429927430271,0.147165782946972,0.26,0.201,1,"PCBP2"
0.0379509627787491,-0.129572535176361,0.041,0.035,1,"MRPS35"
0.0379548598718065,-0.291970995413484,0.043,0.048,1,"SGCZ"
0.0379865345907347,-0.932403426540782,0.037,0.055,1,"RASGRF1"
0.037991976972043,-0.164458163533533,0.082,0.08,1,"OSBP"
0.0380427188104454,-0.278461858084959,0.086,0.087,1,"PXN"
0.0380582477069452,-0.122740071063578,0.031,0.025,1,"SMCR8"
0.0381579356000175,-0.170598547287781,0.019,0.015,1,"VIPR1"
0.0381634071124505,0.30794870606709,0.2,0.137,1,"RYK"
0.0381862410739283,0.131857238025248,0.11,0.089,1,"ST7"
0.0382078909830316,-0.500425321839622,0.106,0.117,1,"PLXNB2"
0.0382096697824934,-0.205527460282923,0.514,0.502,1,"PRKCA"
0.0382329489234386,0.112422259631849,0.071,0.055,1,"AASS"
0.0383056732360714,-0.241770962014848,0.013,0.01,1,"AP002075.1"
0.0383079755563697,-0.552927608985954,0.01,0.013,1,"KREMEN1"
0.0383160583053707,-0.533711907181158,0.015,0.014,1,"SMIM19"
0.0383325876927254,0.252668555434786,0.114,0.079,1,"TM2D1"
0.0383658247784044,-0.502383896322078,0.018,0.024,1,"REEP1"
0.038377672714519,-0.453183989985355,0.014,0.015,1,"RHBDL2"
0.0384119478475543,0.150164074029413,0.067,0.051,1,"SUCLG1"
0.0384184871455451,0.163842573591265,0.401,0.327,1,"LRRFIP1"
0.0384314080097156,-0.428905608097454,0.036,0.035,1,"ZMAT2"
0.0384363516359105,-0.62272845230134,0.06,0.07,1,"PNKD"
0.0384584171439951,0.42732434190291,0.165,0.131,1,"GLIS3"
0.0384702511180195,0.216754388065594,0.147,0.109,1,"CD47"
0.0384753878027918,-0.860113009983152,0.018,0.024,1,"YBEY"
0.0384944361090308,-0.350753692680477,0.098,0.097,1,"LIPC"
0.0385506014455117,-0.127593257411785,0.033,0.027,1,"HDAC10"
0.038577391108896,0.236336120720093,0.057,0.037,1,"TMEM50A"
0.0385974668335148,0.422152205365968,0.095,0.059,1,"VDAC1"
0.038616708774997,-0.171882074555045,0.071,0.064,1,"HELB"
0.0387306010669409,-0.465869361074636,0.063,0.068,1,"USP11"
0.0387330647855042,-0.570498530769314,0.021,0.023,1,"SNPH"
0.0387342943308316,-0.364884958833594,0.075,0.066,1,"NIPA1"
0.0387461710145174,-0.814986196378141,0.015,0.016,1,"NKX2-2"
0.0387547393698169,0.264049179096459,0.097,0.071,1,"EIF2S2"
0.0388274239722149,-0.248948463091146,0.038,0.036,1,"RIOX2"
0.0388497713168183,-0.160845054937464,0.054,0.054,1,"DZIP3"
0.038878181396229,0.255476123564184,0.08,0.049,1,"PTOV1"
0.0389036354860366,-0.293690430214712,0.153,0.135,1,"SLC25A29"
0.0390695444366186,-0.530576850443445,0.048,0.054,1,"STARD3"
0.0391549488156156,0.144299775922855,0.158,0.119,1,"CMC1"
0.039158421265743,0.364942260934206,0.165,0.119,1,"SSFA2"
0.0392126948617225,-0.924484549108811,0.007,0.011,1,"ABCD2"
0.0392409532821271,-1.07251044798922,0.009,0.013,1,"RNF182"
0.0392811096979793,-0.967495272501499,0.039,0.066,1,"GIPC1"
0.0393431516980289,-0.229608323390381,0.026,0.02,1,"MRPL37"
0.0393972132702919,0.310531420555094,0.013,0.011,1,"IFRD2"
0.0394657799685522,2.90816749913858,0.013,0.002,1,"MAFF"
0.0395925180393022,-0.278774367896791,0.053,0.051,1,"TOMM70"
0.0396071918242488,-0.188202657445071,0.075,0.071,1,"ZNF84"
0.0396074906140335,-0.634649590741151,0.012,0.014,1,"LINC01322"
0.039626667551367,-0.667619773284943,0.018,0.021,1,"ZNF844"
0.0396542369125665,-0.460965577841796,0.014,0.014,1,"ENDOG"
0.0396796201817552,-0.470115290906841,0.012,0.015,1,"C8orf34"
0.039713329149245,-0.125697250197504,0.068,0.061,1,"PPP1CA"
0.039755574726871,-0.168022693786143,0.803,0.79,1,"BMP2K"
0.0397919166499268,0.433104828559079,0.091,0.054,1,"AHNAK"
0.0397961849449313,0.139502854420716,0.276,0.237,1,"PKP4"
0.0398439322383956,-0.284016852752243,0.101,0.104,1,"GGA3"
0.0398998692837814,0.267730931580424,0.046,0.035,1,"PNMA2"
0.0400198788994487,0.127539202289126,0.045,0.036,1,"GSDMD"
0.0400336092617303,-0.163309350821605,0.16,0.151,1,"UHRF1BP1"
0.0401246669440506,-0.796550341333881,0.013,0.016,1,"SLC35G1"
0.0401721882961455,-0.123975872364216,0.11,0.102,1,"PSMB7"
0.0402031948565245,0.188065658241952,0.019,0.009,1,"DNAJB9"
0.0402088815504172,-0.243273615060036,0.366,0.359,1,"ITGAV"
0.0402172841856688,1.00931915817579,0.059,0.031,1,"MXD1"
0.0402374043649128,0.447551796187115,0.111,0.078,1,"SEPT11"
0.0402422168156127,-0.42948790253399,0.08,0.093,1,"MAPK8IP1"
0.0402710891276971,0.269029344701989,0.141,0.106,1,"CABLES1"
0.0402769064075565,0.144383059562176,0.352,0.282,1,"ETNK1"
0.0403426153540725,0.379686603282084,0.031,0.02,1,"FMO5"
0.0403521215393342,0.551325956623406,0.037,0.024,1,"SLC37A3"
0.040444381249287,0.523649996252499,0.063,0.043,1,"NECTIN2"
0.040512657980387,-0.193962422658925,0.119,0.106,1,"RPL5"
0.0405536088544417,0.309110392457771,0.13,0.092,1,"EIF4B"
0.0405573557885007,0.107273372587243,0.037,0.028,1,"WARS2"
0.0406777121419994,-0.341855412513561,0.171,0.18,1,"STEAP1B"
0.0407725859524417,0.237263229029716,0.049,0.032,1,"SSB"
0.0408203129690387,-0.503757115947358,0.038,0.038,1,"PSMC1"
0.0408233976482716,-0.466972834628039,0.028,0.028,1,"NRBP2"
0.0408489722138632,-2.13107801196195,0.007,0.02,1,"RBFOX3"
0.0408859841409888,0.339745080516302,0.018,0.012,1,"UROD"
0.0409876782764464,1.23409556710156,0.016,0.007,1,"AC020559.1"
0.0409881442567191,-0.203817064458421,0.045,0.047,1,"PGM2L1"
0.041039409138952,-0.188520837008894,0.066,0.06,1,"CHMP1A"
0.0411532081151938,0.44197556346921,0.029,0.02,1,"LZTR1"
0.041192179279688,0.814228206322402,0.011,0.006,1,"AL356108.1"
0.0412198851888463,0.754315512856211,0.05,0.026,1,"CBWD6"
0.0412561559408944,0.142035802301136,0.268,0.21,1,"LRCH3"
0.0412804384464978,0.374451939025633,0.038,0.024,1,"BTBD11"
0.0413002005648116,0.249862737388839,0.223,0.169,1,"DCAF5"
0.0413162226079899,-0.163393893427513,0.132,0.129,1,"SLC16A1-AS1"
0.0413179149342948,-0.28960480160959,0.014,0.018,1,"HCG11"
0.0413413119689896,0.948389188307326,0.061,0.029,1,"SNAPC1"
0.0413809214601652,0.126834306659077,0.023,0.017,1,"SIRT6"
0.0414136584293159,-0.269757316011629,0.025,0.025,1,"DDX49"
0.0414469206559041,0.373083170190594,0.084,0.055,1,"LGR4"
0.0414566884612538,0.283893083923431,0.145,0.115,1,"SUCO"
0.0416026696930683,-0.438240071652377,0.04,0.035,1,"CFL2"
0.0416499629528469,-0.331302245422035,0.174,0.165,1,"DAGLB"
0.0416560199542786,0.190018219004385,0.132,0.094,1,"RPL6"
0.0416856753662992,-0.189551259048168,0.01,0.009,1,"MCM3AP-AS1"
0.041787131993364,-0.535173252333001,0.056,0.067,1,"HEATR1"
0.0417941236448164,-0.477236779837046,0.037,0.045,1,"CD300LF"
0.0417953516330331,-0.110348670660132,0.045,0.041,1,"COG4"
0.0418129678279843,-0.258368886398869,0.026,0.028,1,"ELOA-AS1"
0.0418673355201375,-0.184319298382685,0.047,0.041,1,"LINC00937"
0.0418735755951361,0.116811666897271,0.083,0.071,1,"JAM3"
0.0419149909474086,-0.408600528670874,0.044,0.048,1,"CEACAM21"
0.0419383169419848,0.259660166263668,0.019,0.008,1,"ZFAND2A"
0.0419417723298524,0.629248587680419,0.034,0.02,1,"C2orf88"
0.0419586083709601,-0.416468930349268,0.101,0.106,1,"METAP2"
0.0420000690683751,0.450289452817889,0.036,0.024,1,"DKC1"
0.0420084328419413,-0.327657470580387,0.112,0.109,1,"GPR34"
0.0421131563269427,-0.624464098511349,0.021,0.023,1,"TPGS1"
0.0421979609319902,-0.124421882375258,0.026,0.024,1,"PLSCR4"
0.0422358482372608,-0.100742891236159,0.123,0.114,1,"NBPF1"
0.0422813550268894,-0.125765358073118,0.026,0.02,1,"NIPSNAP3A"
0.0423522176563964,0.357610630675842,0.049,0.041,1,"PCDH17"
0.0423785301871316,0.123555915179859,0.067,0.049,1,"TAB3"
0.0423949509330783,-0.154615883584992,0.087,0.098,1,"FBXL7"
0.0424259192101064,0.26558605949888,0.076,0.055,1,"PRDX6"
0.0424993854200554,0.133915100932363,0.261,0.207,1,"OGA"
0.0426435006968898,-1.77277685997868,0.004,0.012,1,"CLCN2"
0.042648430774908,-0.357173667652137,0.064,0.062,1,"CYREN"
0.0427250694423452,-0.413148965131256,0.144,0.158,1,"NFYC"
0.04272557714719,-0.191479966124734,0.036,0.035,1,"SCO1"
0.0427744269413255,0.241368432833585,0.13,0.102,1,"PRMT3"
0.0428342473423957,0.118577193255796,0.149,0.114,1,"CD99"
0.0428469522665565,-0.481214461487583,0.027,0.031,1,"LINC02100"
0.0428529307543386,0.152827497729329,0.015,0.007,1,"ADAMTS15"
0.0428962141722503,-0.170606679105254,0.088,0.091,1,"CTNNA2"
0.0430184354285083,-0.117097476167334,0.07,0.056,1,"APBB1"
0.0430273769718551,-0.581474913227146,0.064,0.076,1,"ZMIZ2"
0.0430893520794503,-0.698370680273778,0.053,0.063,1,"PIN1"
0.0431343857529203,0.155166094022355,0.123,0.098,1,"PIK3CG"
0.0431478608177176,0.734049728539188,0.209,0.109,1,"ZNF706"
0.0431539015260011,0.161229163319122,0.137,0.102,1,"ARHGAP45"
0.0431650364316111,0.398258145134637,0.025,0.02,1,"EIF2D"
0.0432213342103646,0.379605070694598,0.519,0.393,1,"WAC"
0.043238029437247,0.247597914155768,0.173,0.144,1,"PRUNE2"
0.0433189727617672,0.428398616796419,0.026,0.016,1,"MRPL22"
0.04333223117313,-0.340925136530841,0.068,0.071,1,"FGFR1OP"
0.0433876800132887,0.337241548764543,0.126,0.083,1,"ANXA5"
0.0434094517028945,0.138941045015148,0.116,0.108,1,"CDH20"
0.0434530206798344,-0.518690040615452,0.039,0.048,1,"SMIM8"
0.0435043073865711,-0.548296535354237,0.038,0.05,1,"RGS7"
0.0435052879807524,-0.194578234660766,0.221,0.233,1,"DDX10"
0.0435318095483189,-0.125372068005371,0.17,0.145,1,"STX12"
0.0435385846013941,-0.450950789364721,0.033,0.033,1,"ATMIN"
0.0435412355609186,-0.270165904305337,0.046,0.039,1,"YIF1B"
0.0436397903088584,-0.686993806049866,0.043,0.054,1,"DNAJC24"
0.0437725246503147,0.32824426925916,0.02,0.014,1,"BCKDK"
0.043779457599457,0.248652949651834,0.252,0.192,1,"CACUL1"
0.0437932822932959,-0.333494511191411,0.048,0.052,1,"RTCA"
0.0438085809514775,0.360773730949552,0.017,0.01,1,"TOX3"
0.0438136761755382,-0.6077447477918,0.021,0.022,1,"CNBD1"
0.0439749053556,0.180900807153068,0.082,0.062,1,"WBP2"
0.0440227603613505,-0.455946750894025,0.034,0.034,1,"HSF2"
0.0440668812671343,-0.259672204076366,0.07,0.06,1,"COPS2"
0.0440956940235201,0.39287503196656,0.385,0.289,1,"NRIP1"
0.0442659868025321,-0.41369079858863,0.195,0.235,1,"BICD1"
0.0442810149754984,-2.01744713854516,0.004,0.01,1,"DUSP27"
0.0443290882854476,0.23043087118931,0.027,0.018,1,"CNOT3"
0.0443432811063601,0.248910645763744,0.029,0.022,1,"SNIP1"
0.044344221115504,-1.41736302004706,0.012,0.028,1,"ANK1"
0.044349570977418,0.123717506240971,0.706,0.609,1,"APOE"
0.0443742996483032,0.291035826415056,0.016,0.014,1,"MAMLD1"
0.0444170048223229,0.22899816045671,0.3,0.269,1,"CHSY3"
0.0446462464985069,0.454094064950003,0.021,0.009,1,"KLC2"
0.044668851843174,-0.214936525902772,0.03,0.029,1,"TRMT44"
0.0447231939951834,-0.256217066926374,0.368,0.384,1,"DTNB"
0.0447707790044185,0.633984293492813,0.108,0.06,1,"CD55"
0.0448255137538163,0.160211242498283,0.134,0.102,1,"MARCH8"
0.0448653550857078,-0.629745943118739,0.015,0.02,1,"TUBA4A"
0.0448814003083427,0.110785488621258,0.039,0.033,1,"PHKG2"
0.0449627992766956,-0.402892995681005,0.115,0.123,1,"EIF3L"
0.0450026093237735,-0.258857434936589,0.059,0.055,1,"KLHDC4"
0.0450461558534346,-0.175389367947767,0.168,0.161,1,"NXN"
0.045049452151823,-0.768334105047392,0.028,0.041,1,"ARPP21"
0.0450720349511554,0.213251029158723,0.29,0.227,1,"CHD6"
0.0450948792565684,0.394575923116554,0.013,0.005,1,"AL157786.1"
0.0451179240528248,-0.471837865063864,0.118,0.142,1,"AKAP7"
0.0451354708325908,0.102910367108239,0.336,0.268,1,"TMEM131"
0.0451376340858411,0.503491148220051,0.027,0.016,1,"COMMD2"
0.045195841996698,0.445826346062821,0.238,0.161,1,"MAPK14"
0.0451987569368624,0.100243781852719,0.557,0.487,1,"CD74"
0.0452840341368462,-1.04721155301137,0.052,0.085,1,"RNASE1"
0.0454744877514037,-0.718348318884372,0.02,0.026,1,"CYB561A3"
0.0455029810424744,0.669030115525743,0.09,0.054,1,"FUT10"
0.0455045163794847,-0.351094196998854,0.037,0.041,1,"FAM174A"
0.0455107287017258,0.447325318830578,0.037,0.024,1,"FLII"
0.0455145672946606,0.299797532177958,0.023,0.017,1,"GABRA1"
0.0455927646013177,-0.299727318283652,0.059,0.062,1,"TMX4"
0.0456036591006933,1.13516143242231,0.091,0.037,1,"AF127577.4"
0.0456955341413407,-0.694013303538736,0.011,0.012,1,"WDHD1"
0.0457288203748516,0.145468767312178,0.056,0.041,1,"RCN3"
0.0459212887529237,0.177063586955531,0.022,0.019,1,"C2orf92"
0.0461035376463638,-0.100810250437667,0.12,0.111,1,"SYT11"
0.0461187629552951,-0.503503972571241,0.149,0.169,1,"SREK1"
0.0462659880922059,-0.209496214369948,0.063,0.063,1,"TRIM66"
0.046276565241466,0.573376964840457,0.014,0.009,1,"TOR4A"
0.046278588224922,-0.797222766041946,0.01,0.016,1,"EPHA7"
0.0463101987335442,-1.09175677348536,0.007,0.012,1,"AC010175.1"
0.0464051745178608,0.103217755678074,0.142,0.115,1,"EIF2AK4"
0.0464205765915695,-0.466271180640237,0.029,0.031,1,"IDH3G"
0.0465426719311526,-0.801120093690613,0.049,0.073,1,"CD276"
0.0465487266852011,-0.114914242973707,0.041,0.037,1,"ELOVL1"
0.0466597542858295,-0.198342774029768,0.013,0.01,1,"ADCY1"
0.0467173371737459,-0.238584521701023,0.019,0.017,1,"GNB5"
0.0467849372462539,-0.323764551292584,0.082,0.075,1,"MAMDC2"
0.0468006841868966,0.294643744620187,0.145,0.108,1,"FBXO28"
0.0469189645942605,0.729051804799143,0.038,0.018,1,"CDC42EP3"
0.0469520791169295,-0.351458529521472,0.088,0.096,1,"ZBTB41"
0.0469824489067471,0.276984326031622,0.068,0.054,1,"ABCD4"
0.0470611204996792,-0.139735950643252,0.118,0.132,1,"RORA"
0.0470682708595451,-0.533355388593147,0.009,0.012,1,"CELF5"
0.0470703211417022,0.184750465751051,0.146,0.1,1,"PPFIBP2"
0.0471911749018884,-0.390128049775343,0.099,0.11,1,"UPF3A"
0.0472081759388238,-0.248982557632866,0.065,0.061,1,"POLD3"
0.0472601881795327,-0.149164462917619,0.072,0.068,1,"CARS"
0.0472620287726517,0.245827118778185,0.091,0.059,1,"EID1"
0.0473040729850396,-0.398857089689171,0.039,0.047,1,"SCAMP5"
0.0473420648383297,0.655460501519259,0.198,0.129,1,"TBC1D16"
0.047423337994081,0.17518596582611,0.092,0.07,1,"ODR4"
0.0474614022594048,-0.351139224324392,0.044,0.05,1,"PTPDC1"
0.0474874445802112,-0.591617209764312,0.118,0.151,1,"PTCHD4"
0.0475248614769619,0.505674966074911,0.128,0.082,1,"CTSH"
0.0475437536562445,0.305122496939007,0.23,0.152,1,"ZMIZ1"
0.0475440263672851,-0.284718590495095,0.038,0.031,1,"FCF1"
0.0476253086611309,-0.680130746918116,0.061,0.086,1,"AK5"
0.0478025284041579,0.24789984809725,0.065,0.05,1,"MSRB2"
0.0479447790722781,-0.333891727014987,0.015,0.018,1,"ALDH1L2"
0.0479650125978498,-0.241591418054204,0.06,0.056,1,"SLC9A7"
0.0479655121377085,-0.865757737057262,0.012,0.018,1,"KCNJ3"
0.0480232123537936,-0.283260968260929,0.072,0.076,1,"DGUOK"
0.0481541844329487,0.865879916804548,0.067,0.034,1,"SMG9"
0.0481950003813352,0.354121101934926,0.12,0.09,1,"NAB1"
0.0482434759692757,-0.193341693776405,0.084,0.083,1,"ANKRD28"
0.0483158167633812,0.276534390628018,0.035,0.024,1,"CNEP1R1"
0.0484413550560614,-0.287153997810287,0.096,0.095,1,"AC012150.1"
0.0484617279079804,-0.104336047610522,0.108,0.096,1,"FRA10AC1"
0.048480787365815,-0.277070381079745,0.045,0.049,1,"SNRPD3"
0.0484852485703107,-0.318289678737643,0.03,0.037,1,"SLC25A19"
0.0485668998997404,-0.254904677128992,0.047,0.056,1,"C21orf62-AS1"
0.0485669255618922,0.526362327632629,0.035,0.025,1,"FUCA2"
0.0485918862053446,-0.361768737448744,0.043,0.047,1,"REXO1"
0.048656890496047,0.808601438369871,0.051,0.027,1,"TYW3"
0.0487334283932521,0.268564375453226,0.176,0.131,1,"AHCTF1"
0.0488061460750834,-0.513150485848985,0.019,0.025,1,"ZNF155"
0.048842173462607,-1.00102882466322,0.043,0.069,1,"GAL3ST4"
0.0489330941169371,0.138193370065533,0.135,0.096,1,"RMND5A"
0.0489462188661194,0.106016131761441,0.052,0.037,1,"AZI2"
0.0489871479733807,0.279048740179155,0.036,0.025,1,"FAM241A"
0.049046150417194,-0.225709351420618,0.072,0.086,1,"KCNH8"
0.0491267701999791,-0.291671946971832,0.138,0.142,1,"CYTH4"
0.0491491707425185,0.193437360396751,0.133,0.095,1,"PNPLA6"
0.0491568075420405,-0.195243272328513,0.013,0.01,1,"ACAA2"
0.0492076667949773,-0.528707337371165,0.044,0.053,1,"LINC00882"
0.0492672147315399,-0.224054403517793,0.169,0.16,1,"KDM2B"
0.0494014900514426,0.771381043596432,0.02,0.008,1,"LINC00847"
0.0494429423589894,0.121522670189097,0.25,0.211,1,"CTSZ"
0.0495133043955608,0.545978062144057,0.014,0.007,1,"NPIPB15"
0.0495176661470422,0.490560959955783,0.071,0.046,1,"GTF3A"
0.0495207628530271,-0.125167257475152,0.069,0.065,1,"CLEC5A"
0.0495403189922418,-0.322732590776101,0.017,0.019,1,"WSCD1"
0.0496609466901137,0.151130108803985,0.196,0.159,1,"ACSL3"
0.0497072251442689,-0.212625936865143,0.032,0.031,1,"TCEA2"
0.0497285054109325,-0.304133870382353,0.08,0.082,1,"HEXDC"
0.0497348392248955,-1.44704524427797,0.007,0.013,1,"AC113383.1"
0.0499922392431655,0.178628987314513,0.011,0.008,1,"BRPF1"
0.0500133201515185,-0.216589141665521,0.121,0.115,1,"CENPC"
0.050058240684259,0.225781467600351,0.189,0.139,1,"MUM1"
0.0501316125397092,-0.256147555626647,0.128,0.125,1,"SHLD2"
0.0501669314593651,-1.35008422870936,0.013,0.022,1,"ZNF600"
0.0502000676557385,-0.466165654650862,0.023,0.026,1,"C14orf132"
0.0502504177179368,-0.235506658817951,0.045,0.039,1,"TCEANC2"
0.0504338989268171,-0.425278357345238,0.036,0.037,1,"PCGF6"
0.0504559794993518,0.106419469753522,0.138,0.118,1,"MTX2"
0.0505726993051173,0.415307214963673,0.076,0.052,1,"ABHD13"
0.0505830025624269,-0.277356351595713,0.024,0.022,1,"CA11"
0.0505861542267779,0.274696669886056,0.079,0.057,1,"AMN1"
0.0506342641249671,-0.731065051661516,0.017,0.021,1,"GRIN2B"
0.0506350599525704,-0.152996167731974,0.055,0.043,1,"HDAC3"
0.0506697549639547,0.46520230089118,0.015,0.009,1,"AP3S2"
0.0507265355259637,0.11543890769916,0.437,0.364,1,"MSI2"
0.0507636409657807,0.13656015236378,0.087,0.073,1,"UTP18"
0.0508174767983482,-0.131442953406104,0.05,0.054,1,"ACAT1"
0.0508723990701638,-0.345337782978357,0.031,0.032,1,"ZNF92"
0.0509718756615229,-0.804136164505463,0.055,0.066,1,"HIST2H2BF"
0.0509771443594632,0.15043664027308,0.049,0.031,1,"GTPBP1"
0.0510337590936677,-0.938693909995757,0.011,0.019,1,"CAMK4"
0.0510854117327009,0.728116340764423,0.013,0.007,1,"ARHGEF26"
0.0510916038150121,-0.398644802777991,0.012,0.014,1,"HRH1"
0.051133829207397,-0.197426506511423,0.054,0.051,1,"ERLIN1"
0.0511605929179168,0.168244657294474,0.126,0.095,1,"LAMTOR4"
0.0511777778779349,0.152780585338881,0.089,0.067,1,"GIMAP8"
0.0511855399926769,0.336917620079418,0.1,0.068,1,"CASS4"
0.0512927626171241,-0.644035198746432,0.018,0.02,1,"PRPF18"
0.0514797747784879,0.183928801159588,0.185,0.146,1,"PARG"
0.0514908766844799,0.432626910848561,0.098,0.062,1,"ZCCHC14"
0.0515305144761493,0.197254587842917,0.027,0.025,1,"AC005280.2"
0.0516487237141186,0.617186017283827,0.023,0.014,1,"AC105052.1"
0.0516910294239711,0.971244186583457,0.02,0.008,1,"NLRP4"
0.0518203373915774,-0.343585222884413,0.069,0.075,1,"TTF2"
0.0518569711005174,-0.124788083014093,0.024,0.023,1,"NUDT6"
0.0518611918864902,-0.115098347490143,0.06,0.06,1,"RAPGEF3"
0.051881918444945,-0.23488545541412,0.033,0.028,1,"BRAT1"
0.0519370078155689,0.206583762598313,0.26,0.208,1,"KIF13B"
0.052008376269797,-0.342097688518357,0.12,0.128,1,"ABCC5"
0.0520251451159125,0.987690044410707,0.043,0.02,1,"MSH4"
0.0520431313514644,0.1421255319005,0.331,0.278,1,"JARID2"
0.0520732736063925,-0.445650427090166,0.034,0.04,1,"CACNA2D3"
0.0521137267111776,-0.541074333881121,0.082,0.098,1,"LYL1"
0.052142934936224,0.110198646552953,0.15,0.158,1,"PTPRK"
0.0521646578132469,-0.171977400097255,0.081,0.069,1,"VPS51"
0.0521682344736074,0.339170551211671,0.041,0.022,1,"BAG1"
0.0522010860221329,-0.944094562712641,0.015,0.026,1,"SMIM10L2B"
0.052240005152365,-0.199501256431675,0.028,0.026,1,"DPYSL3"
0.0523410090829247,-0.259720017192722,0.14,0.134,1,"SLC7A7"
0.0523465049836661,0.220514646336516,0.142,0.105,1,"GOLIM4"
0.052385582883455,0.334645296247469,0.173,0.127,1,"TMOD3"
0.0524011484075271,-0.270707976661213,0.026,0.024,1,"SORCS1"
0.0524199140328368,-0.618532479920983,0.081,0.1,1,"DTWD2"
0.0524485264301854,-0.324316603298918,0.029,0.028,1,"PSMC3"
0.0524657652933118,0.141060564298891,0.174,0.129,1,"ZDHHC17"
0.0526075871391132,-0.427400740046672,0.081,0.093,1,"ZNF611"
0.0526261615765714,-0.355551858092096,0.027,0.024,1,"PAFAH2"
0.0526781732269842,0.221616917512917,0.113,0.075,1,"LINC01410"
0.0527195371361872,0.302594402908603,0.045,0.035,1,"CHL1"
0.0527426213140322,0.612973860710558,0.063,0.035,1,"FGFR1"
0.0528131903076932,1.53796654324695,0.21,0.083,1,"CHORDC1"
0.052825666780103,-0.670192849792299,0.061,0.073,1,"MFSD6"
0.0528646731600806,-0.603163558932782,0.019,0.028,1,"RABEPK"
0.052908001125573,0.122417604243859,0.023,0.017,1,"ZNF234"
0.0529362024293655,-0.25679024731681,0.126,0.12,1,"RARS2"
0.0529470275482912,0.266565689311431,0.194,0.14,1,"TPP2"
0.0531200958087375,-0.284714543471074,0.01,0.012,1,"AL022068.1"
0.0531498376615687,-0.137302088883584,0.09,0.085,1,"COBL"
0.0531759640469563,0.241888516280877,0.042,0.028,1,"COX5A"
0.0532047400752908,-0.653431966432916,0.044,0.056,1,"AC025159.1"
0.053208635517483,-0.412509541330982,0.016,0.016,1,"ADAMTS4"
0.0532248752121857,-0.303988202146655,0.104,0.109,1,"AL390729.1"
0.0532865334053042,-0.261734807681162,0.038,0.037,1,"NDUFAF7"
0.0533478585908635,-0.194933150409921,0.085,0.081,1,"RNF187"
0.0534229272094435,-0.371409355956382,0.022,0.019,1,"BUD31"
0.0534270745094904,-0.503321796100059,0.055,0.06,1,"AL590764.1"
0.0534276149847829,-0.82059265832449,0.046,0.058,1,"TRMT11"
0.0534522316711459,-0.273327650610623,0.09,0.077,1,"BRD7"
0.0535065680487174,0.114240467116188,0.047,0.035,1,"TFE3"
0.053516319611173,-0.184046963264448,0.262,0.254,1,"SAMD4A"
0.0535771245461008,-0.907036183186254,0.016,0.023,1,"ASNA1"
0.0536303170950742,0.198061307879315,0.33,0.287,1,"UMAD1"
0.0536935203193722,0.866271484655034,0.022,0.009,1,"CPT1A"
0.0539476520379003,-0.753806209995923,0.075,0.094,1,"UVSSA"
0.0539649817830883,0.109356079683465,0.139,0.109,1,"NRP1"
0.0539737255981175,0.524457522478412,0.035,0.02,1,"SNX16"
0.0541504874645091,0.292902932290102,0.044,0.028,1,"MAP4K2"
0.0541524977992709,2.46780923370014,0.029,0.005,1,"RNF122"
0.0541530421745651,0.251807786934827,0.035,0.026,1,"RNF215"
0.0541893253877567,-0.270671938196878,0.087,0.081,1,"LMAN1"
0.0543438738305632,0.274898654877453,0.195,0.153,1,"ATP6V1C1"
0.0544567504684407,-0.15267055856456,0.163,0.148,1,"SACM1L"
0.0544711102134026,-0.776345838063398,0.053,0.071,1,"PGGHG"
0.054505780100484,0.18917320123089,0.2,0.167,1,"BAZ1A"
0.054525411850592,-0.594375608381187,0.049,0.06,1,"ZNF26"
0.0545903923173346,-0.442929249803566,0.025,0.024,1,"EOGT"
0.0546353762468522,0.557560822893696,0.063,0.041,1,"CAB39L"
0.0548387350946534,-0.174939437177774,0.064,0.058,1,"CEP295"
0.0549987166044027,-1.2481083416955,0.01,0.016,1,"ZNF527"
0.0550381473243194,-0.285475924496056,0.028,0.029,1,"ZC3HC1"
0.0550458279723118,-0.167058771172769,0.038,0.036,1,"EDNRB"
0.0551043545278677,-0.910905102155364,0.03,0.036,1,"NKAP"
0.0551123978811396,-0.41203174023512,0.013,0.012,1,"NUDT12"
0.0551355050173697,0.400830813214943,0.024,0.013,1,"ZNF557"
0.0552572569406077,-0.117007194211393,0.164,0.158,1,"LYPLAL1"
0.0553003946757912,-0.399681879078843,0.128,0.142,1,"CLTA"
0.0553517826958355,-0.400589094889739,0.053,0.056,1,"STOX2"
0.055405192876075,-0.123911561470254,0.11,0.097,1,"FAF2"
0.0554354295366288,-0.112530890304418,0.076,0.062,1,"DDX50"
0.055473115861071,2.68725165125793,0.094,0.019,1,"MT1G"
0.0554804810817593,-0.522709339214668,0.038,0.046,1,"NRXN2"
0.0554828089132756,0.135136681750901,0.297,0.235,1,"ZFR"
0.0555310638576956,0.434061315714263,0.021,0.011,1,"UAP1"
0.0555365483038637,0.953616236715471,0.011,0.006,1,"PLCE1"
0.0555673026599434,-0.412420472964879,0.05,0.056,1,"PEX26"
0.0558628352568064,-0.601244088713198,0.065,0.087,1,"AC009061.2"
0.0558846321472529,0.110323125527118,0.096,0.076,1,"RBM19"
0.0558950758095957,-0.143963807456344,0.31,0.287,1,"MYO5A"
0.0559338947647077,0.267628444090018,0.117,0.083,1,"PGS1"
0.0559492417732566,-0.661165598539008,0.038,0.043,1,"EXD2"
0.0559819005313353,-0.238393782824739,0.018,0.019,1,"RIC3"
0.0559985262215307,0.515215905618237,0.084,0.056,1,"MS4A14"
0.0561236870372381,0.16628453040952,0.068,0.052,1,"HDAC7"
0.0561350422521211,-0.638176273036513,0.015,0.014,1,"LIG3"
0.0561655306886523,0.371044996932303,0.117,0.077,1,"FBXL3"
0.0562134264279509,-0.295349941946027,0.122,0.127,1,"LMO4"
0.0562399205067948,-0.207273166007178,0.01,0.009,1,"CAND2"
0.0562428331529415,-0.804409631358122,0.033,0.041,1,"PPP2R2C"
0.0563557047178534,0.12921315414736,0.115,0.083,1,"HS6ST1"
0.0563769047413347,0.27998976457993,0.158,0.117,1,"LINC01004"
0.0564234516703888,0.323054509225309,0.057,0.043,1,"AC091948.1"
0.056463826779736,0.820519324912572,0.021,0.009,1,"GPN1"
0.0565053646105659,-0.504588512920683,0.068,0.088,1,"PPFIA2"
0.0565966463677048,-0.354414365888837,0.06,0.06,1,"WDR13"
0.056658102338301,-0.729169920279054,0.015,0.018,1,"GABRG2"
0.0566762415346914,-0.703143767109915,0.041,0.054,1,"EXOC7"
0.0567160868514999,0.372817408784238,0.026,0.016,1,"YOD1"
0.0567339001046695,-0.102163813953967,0.107,0.102,1,"UACA"
0.0567364920991901,-0.388664501220488,0.087,0.092,1,"GSDME"
0.0567802987255708,-0.100928023120745,0.156,0.136,1,"ANKRD36"
0.0568181301930877,-0.774161361171751,0.014,0.018,1,"BRIX1"
0.0569041491491411,-0.434034057318293,0.107,0.111,1,"PLB1"
0.0569585273728823,0.294152434714073,0.162,0.117,1,"DCUN1D1"
0.0569878803354315,0.194787558482122,0.144,0.119,1,"NDUFAF2"
0.0570315890630645,-0.512033544740328,0.036,0.045,1,"DPH5"
0.0570377584569285,-0.50318290003874,0.048,0.047,1,"CBX1"
0.057068507877865,0.244293232442145,0.029,0.016,1,"MICA"
0.0572126557908155,-0.591153116185921,0.08,0.101,1,"PCSK6"
0.0574037054212812,-0.320136082861715,0.022,0.022,1,"KCNK1"
0.0574271246809666,-0.379523712705308,0.075,0.086,1,"ZNF608"
0.0574794661957608,0.433719565580706,0.074,0.056,1,"RFTN2"
0.0575019828338269,-0.459159581413127,0.016,0.016,1,"KCNA2"
0.057570663488827,0.166750636610765,0.061,0.052,1,"NECAB1"
0.0576319205277232,0.796844132995582,0.103,0.049,1,"CA2"
0.0576562056200319,-1.01145641480398,0.035,0.068,1,"FAM20A"
0.0577363236568181,-0.124587585488005,0.144,0.117,1,"USP37"
0.0577717309410758,-0.84473922791347,0.013,0.017,1,"SCNN1D"
0.0578632834433616,0.104892609082412,0.202,0.171,1,"SP110"
0.057908409200504,0.160066447227207,0.076,0.052,1,"PGAM1"
0.0581254398679831,-1.35127221615995,0.008,0.017,1,"FAM189A1"
0.058145128388322,0.360164960962253,0.063,0.042,1,"LINC02062"
0.0582903422163762,-0.989635167678757,0.014,0.022,1,"AC240565.1"
0.0583385140229128,-0.595405455150573,0.008,0.012,1,"CERS3"
0.0584267818959043,-0.568960941362105,0.026,0.029,1,"PNPLA7"
0.058443142090042,-0.11414457916375,0.028,0.026,1,"FAM131A"
0.0584964031849113,0.385079006057143,0.099,0.06,1,"SFT2D1"
0.0586147583419367,0.227644102608911,0.087,0.067,1,"LRRC1"
0.0587017509588665,-0.135781346552589,0.051,0.045,1,"GM2A"
0.0587194595103927,0.367883953515061,0.054,0.035,1,"HAGH"
0.0588529199743688,0.105537480908916,0.14,0.114,1,"CRYBG3"
0.0589140073703447,-0.508031273480452,0.014,0.014,1,"AL162511.1"
0.0589589460518028,0.27619501662499,0.026,0.016,1,"BRPF3"
0.058999369170596,-0.13318235760753,0.069,0.062,1,"AC009948.1"
0.0590706201371884,-0.241022692502837,0.177,0.176,1,"ITGB5"
0.0591041981453003,0.262407765706317,0.059,0.044,1,"RBBP7"
0.0591057851929894,0.845333405064059,0.024,0.011,1,"C9orf84"
0.0592393010516062,0.300840039498951,0.028,0.016,1,"GPRC5D-AS1"
0.0592496674735266,-0.135617711834637,0.151,0.135,1,"S100PBP"
0.0592943329049703,0.874671264985244,0.011,0.005,1,"DIRAS2"
0.0593005643140827,-0.768946942876753,0.053,0.077,1,"AC138150.1"
0.0593655630816143,0.188783031411869,0.17,0.123,1,"SCAF4"
0.0594167208324145,-0.201466810172492,0.092,0.094,1,"NBR1"
0.0594688292534975,0.121587127511255,0.076,0.061,1,"MRPS5"
0.0595172480225835,0.306823698940404,0.056,0.035,1,"AC104986.2"
0.0595249084753892,0.277254433315995,0.07,0.054,1,"ATPAF2"
0.0595682591028088,-0.196525038815267,0.099,0.095,1,"ENPP1"
0.0596059990563311,-0.592089005922872,0.036,0.047,1,"MAL"
0.0596331749372384,0.443618240619763,0.09,0.058,1,"SMAD4"
0.0596348669205298,0.20130894003371,0.012,0.009,1,"DIAPH3"
0.0596658516766869,0.180553232177401,0.14,0.111,1,"MAST2"
0.0597448102909919,1.13212137422802,0.011,0.004,1,"RRAS"
0.0600127063330232,0.455625453303434,0.024,0.018,1,"MEG8"
0.0601119383150037,0.125859101809612,0.188,0.155,1,"STIM2"
0.060123584034837,-0.142581124352407,0.074,0.071,1,"TRAP1"
0.0601768966371232,0.235111365356568,0.238,0.18,1,"FAM208B"
0.0601906250135259,0.125727875324912,0.035,0.024,1,"PRKAB1"
0.0601990635966396,-0.309168588561,0.017,0.015,1,"UTP11"
0.0602040292417844,-0.371804500757806,0.029,0.035,1,"PTPN23"
0.0602316505425228,-0.222740762553254,0.037,0.038,1,"PGLS"
0.0603638343134179,-0.442334939238629,0.041,0.05,1,"ATL1"
0.0603801699876865,-0.440305698116895,0.03,0.033,1,"DPF3"
0.060590303717176,0.153046141095648,0.196,0.159,1,"PANK2"
0.0605943648260548,-0.152920636160984,0.08,0.069,1,"PIK3C2B"
0.0605978554569465,-0.26732835305192,0.021,0.024,1,"ARMCX6"
0.0606677460663064,-0.647919231498057,0.031,0.037,1,"IMP4"
0.0606874601904769,0.666131258794943,0.031,0.017,1,"RBBP8"
0.0606891603598466,0.812143385667056,0.02,0.01,1,"AC091167.6"
0.0607174602266695,-0.331495475873458,0.014,0.016,1,"FTSJ3"
0.0608108632993182,0.292511174798698,0.088,0.065,1,"DHX32"
0.0608166873910101,-0.320992637938947,0.186,0.195,1,"NFX1"
0.0608224740681138,-0.358063409951025,0.045,0.048,1,"CLTB"
0.0608370130635285,-0.221954537643958,0.022,0.017,1,"PLA2G6"
0.0608545032951937,-0.744484285838312,0.011,0.012,1,"SLC6A17"
0.0608647689005694,0.142167501420808,0.066,0.049,1,"CSNK2A2"
0.0609160655723591,-0.110969847165987,0.065,0.063,1,"PEX3"
0.0610071319431977,0.953740903529791,0.014,0.005,1,"TAF6"
0.0610714099021264,0.178092829463677,0.13,0.101,1,"RBM41"
0.0611158227031695,0.685864375548181,0.029,0.016,1,"ZBTB2"
0.0611988275561242,-0.270610113366717,0.021,0.016,1,"AKTIP"
0.0612120114132624,-0.479313178007618,0.085,0.098,1,"FAM228B"
0.0612357968716611,0.307284532977284,0.055,0.038,1,"GCDH"
0.0612798125907165,-0.300986658931419,0.105,0.105,1,"PFKL"
0.0612946922328333,-0.196329988744092,0.053,0.052,1,"RNF14"
0.0612991709132453,-0.117589101914437,0.08,0.074,1,"DPY19L3"
0.0613209984218217,-0.388651370787161,0.019,0.018,1,"OSBPL5"
0.0613777947059541,-0.307742334738516,0.027,0.028,1,"ZNF821"
0.061410684891087,-0.511884204010774,0.08,0.088,1,"RNF135"
0.061475856943269,-0.132409636973154,0.187,0.17,1,"SLF2"
0.0614796817561961,-0.39532385832782,0.034,0.035,1,"ARSA"
0.0614853213816067,0.612613781149524,0.264,0.164,1,"KLHL24"
0.0615504307338847,-0.659636444688491,0.012,0.017,1,"ZNF134"
0.0615640595293921,0.385683768323435,0.479,0.369,1,"KHDRBS3"
0.061609865710676,-0.294556257168957,0.033,0.033,1,"MUT"
0.0616333593655651,-0.144838666077271,0.055,0.051,1,"ERMP1"
0.0616709251680779,0.533618798015565,0.015,0.009,1,"ZNF596"
0.0618128156348908,-0.188010489855551,0.046,0.053,1,"AC092691.1"
0.0618357873943374,-0.737420690402176,0.011,0.012,1,"CEP131"
0.0619769195254934,0.192107030536357,0.021,0.014,1,"KLHL15"
0.062013987786436,0.755805029378905,0.033,0.018,1,"ADAM32"
0.0620258514583915,0.148239514380313,0.128,0.106,1,"DTX2"
0.0620580240595309,-0.34706688442672,0.071,0.068,1,"RP2"
0.0620694083173676,0.21768102369369,0.079,0.058,1,"GYS1"
0.0621075160973946,0.147920170091294,0.243,0.241,1,"NCAM2"
0.0621900897106944,-0.354556492932151,0.049,0.053,1,"TMEM120B"
0.0622439768183069,0.326254959033664,0.025,0.022,1,"GALNT18"
0.0623770315131879,0.248176935356033,0.03,0.024,1,"TRPV2"
0.0623912002241265,0.980617311329233,0.011,0.005,1,"SLC7A2"
0.0624867829051888,-0.110295043837534,0.255,0.24,1,"HAVCR2"
0.0624972542978363,-0.266338448186546,0.018,0.014,1,"FNTB"
0.0624984614879605,0.544498311368647,0.036,0.025,1,"BZW2"
0.0625131402579786,0.761652832766245,0.079,0.041,1,"COX7C"
0.0625883172554984,0.293090481899887,0.058,0.036,1,"SLC25A18"
0.0626799568296343,-1.36101412475746,0.007,0.012,1,"VSTM4"
0.0627369799840305,-0.640062146742499,0.123,0.161,1,"GPATCH2"
0.0627836944680691,0.259082994194137,0.111,0.077,1,"MPP5"
0.0627839268752434,-0.708864875681205,0.022,0.026,1,"MYO1C"
0.0629177841337494,0.292108472307169,0.051,0.037,1,"SORBS3"
0.0629426872346664,-0.21534792379844,0.191,0.176,1,"SS18"
0.0629539658937615,0.301891293695603,0.026,0.016,1,"CCDC28A"
0.0630829580086877,-1.47176449816988,0.014,0.033,1,"ABLIM3"
0.0631466964645694,-0.715018600883158,0.024,0.03,1,"ST8SIA1"
0.0631498124145503,0.306214706447663,0.073,0.045,1,"GABARAPL2"
0.0632090933087803,0.118401927694596,0.471,0.42,1,"NCKAP5"
0.0632794546237334,0.271381563919597,0.977,0.966,1,"DOCK4"
0.0632974030791957,0.152489139965969,0.03,0.022,1,"C6orf48"
0.0633494094025545,0.132133093483308,0.195,0.168,1,"ZNF438"
0.0634259532608422,0.208274825195429,0.082,0.056,1,"HSPA5"
0.063476804953333,0.287612251379761,0.102,0.071,1,"KRAS"
0.063522578111883,0.192541315242581,0.056,0.039,1,"H1F0"
0.063633825888255,-0.330073573478688,0.01,0.012,1,"DPYS"
0.0636420006929881,-0.332218500685955,0.056,0.051,1,"KCNJ2"
0.0637377839885927,0.405409772804387,0.032,0.019,1,"BAHD1"
0.0637474321026446,0.143620529647729,0.061,0.051,1,"RNF121"
0.0637880508586768,-0.309506168163857,0.06,0.068,1,"PDPN"
0.0638121315949948,-0.353126577767369,0.03,0.033,1,"TNFRSF14"
0.0638206785760858,-0.678992181463707,0.013,0.017,1,"TMEM254"
0.0638234333149119,0.286239783925362,0.045,0.034,1,"LIX1L"
0.0638328619080484,-0.149904887750406,0.042,0.036,1,"RPIA"
0.0639071361718196,-0.308899805541246,0.037,0.047,1,"KIF6"
0.0639520392610923,-0.304030249413234,0.047,0.055,1,"C7orf50"
0.0639639904770686,-0.331778179151741,0.05,0.043,1,"RER1"
0.0640559363628407,0.559553517833516,0.194,0.117,1,"ZDHHC2"
0.0640622187704923,0.162747093078613,0.135,0.105,1,"RAB5A"
0.0641228734854578,-0.385498349093415,0.055,0.055,1,"GORASP2"
0.0641529836506144,-0.407626380084791,0.027,0.031,1,"ARL11"
0.0642591534750735,-0.332680407951794,0.037,0.037,1,"KCTD2"
0.0642685180361096,-0.195216793721327,0.028,0.023,1,"COL16A1"
0.0642850161104016,0.416584093559037,0.098,0.066,1,"RILPL2"
0.0643284790504689,-0.357470889934629,0.048,0.05,1,"ANKRD52"
0.0643493160136393,-0.263599714682002,0.049,0.042,1,"GID8"
0.0643696083142381,0.272616631339837,0.221,0.167,1,"GGNBP2"
0.0644172361891483,0.103462503827003,0.037,0.031,1,"GNG5"
0.0644222933808935,-0.231273266012956,0.185,0.208,1,"ANK3"
0.0645306320673404,-0.32708345226946,0.019,0.022,1,"PTGFRN"
0.0645424488627108,-0.148839661788202,0.022,0.02,1,"DENND2D"
0.0645692051499274,-0.314548151128927,0.03,0.033,1,"C1orf21"
0.0646919870401368,-0.295019542907617,0.084,0.081,1,"BTG2"
0.0647315493943543,-0.347503452579383,0.025,0.023,1,"EXPH5"
0.0647457545023894,-0.344312176317233,0.064,0.071,1,"DDX58"
0.0647661618734908,0.483492980255374,0.055,0.034,1,"FEM1C"
0.0648577062901621,-0.452931059042775,0.052,0.048,1,"HCFC2"
0.0648773503146783,0.11210715330092,0.057,0.041,1,"CAPRIN2"
0.0650027670702434,-0.478698977827207,0.039,0.038,1,"UBQLN2"
0.0650822738406953,1.05865092249035,0.045,0.017,1,"TWIST2"
0.0653037920357556,1.11277710250726,0.011,0.005,1,"NEIL1"
0.0653499786471355,-0.196614270605546,0.051,0.047,1,"COG7"
0.0653561509896106,-0.625935709798147,0.008,0.012,1,"SRRM4"
0.0653652396620553,-0.143198458274381,0.026,0.022,1,"SLC30A4"
0.0654819152511176,-0.325274289348812,0.037,0.038,1,"FBXL18"
0.0655202201094834,0.305674189797809,0.244,0.172,1,"ADAM17"
0.0655644844597973,0.360894355585883,0.328,0.243,1,"TACC1"
0.0656225356158044,-1.35873710926145,0.013,0.024,1,"TMEM86A"
0.065630601786025,0.218324791777398,0.126,0.105,1,"USP54"
0.0657475896703158,0.622094197997046,0.04,0.025,1,"DGAT1"
0.0658415311878116,-0.145940431775778,0.016,0.02,1,"AC073050.1"
0.0658903396642413,0.551442909690028,0.12,0.071,1,"IQSEC2"
0.0659427651337564,-0.145620888699803,0.028,0.028,1,"LMTK3"
0.0659558443237243,0.312345162598255,0.156,0.107,1,"NSD2"
0.0660307493044162,0.182207426957695,0.026,0.02,1,"UQCRFS1"
0.0660312096166333,-0.854172800972753,0.028,0.042,1,"MAP3K7CL"
0.0661001984931248,-0.191195068326487,0.124,0.106,1,"STMN1"
0.0661470278226015,-0.160133020804549,0.017,0.014,1,"EPHB6"
0.0662281128731517,0.146919591325192,0.115,0.079,1,"IRAK2"
0.0662839590204829,-0.270867253581671,0.028,0.03,1,"FRRS1L"
0.0662865462884726,-0.458060630322466,0.04,0.042,1,"NUDT14"
0.0664424445083837,0.880108730503161,0.025,0.012,1,"DIMT1"
0.0664657033228766,-0.498321048859922,0.029,0.033,1,"MLF1"
0.0665825649479391,-0.61380763417172,0.044,0.06,1,"TRAFD1"
0.0665927957675994,0.53801806143598,0.097,0.062,1,"ZFAT"
0.0666357089755942,-0.168880893273526,0.01,0.006,1,"HLX"
0.0666532794192202,-0.538806988659707,0.016,0.016,1,"AC068888.1"
0.0666546144020618,0.185322812633793,0.179,0.136,1,"RSBN1L"
0.0666868266925826,0.111497063637238,0.137,0.117,1,"ZNF83"
0.0667198202186452,-0.198458131079963,0.042,0.04,1,"OSBPL2"
0.0667696094022979,0.334262266219357,0.023,0.016,1,"AMZ2"
0.0668256845378873,-0.183544851173765,0.18,0.165,1,"TGOLN2"
0.0668703687369368,0.163745427262186,0.039,0.033,1,"CASKIN1"
0.0669740251743622,-0.300863583229535,0.023,0.021,1,"CCDC107"
0.0669921471548715,0.443947556969323,0.021,0.016,1,"PRPF4"
0.0670044308607826,0.914748076141994,0.048,0.026,1,"SBF2-AS1"
0.0670067785124288,-0.869571139909265,0.006,0.012,1,"GRIN2C"
0.0671506926647427,0.123103425870386,0.017,0.013,1,"PTPRT"
0.0671612016192451,0.487546029886273,0.018,0.009,1,"ANGPTL4"
0.0671616092932261,0.616636849163342,0.021,0.009,1,"AP1S3"
0.0671642859566023,-0.55993838868504,0.042,0.058,1,"DCLK2"
0.0672480348794428,0.241016238699446,0.133,0.099,1,"CD46"
0.0672655548716997,0.38572513868342,0.086,0.061,1,"IQCH-AS1"
0.0673155435441877,-0.438658043484265,0.086,0.104,1,"WDR60"
0.0673242167621412,-0.410102004096527,0.068,0.075,1,"FAM219A"
0.0673940858357108,0.641882793242845,0.022,0.012,1,"CDC26"
0.06739634116246,0.129618064235272,0.116,0.081,1,"MGST3"
0.0674236049720334,-0.256739538009208,0.059,0.06,1,"CMTM4"
0.0675252011580147,0.342051289698027,0.054,0.033,1,"CISD2"
0.0676162829007488,-0.450287967009575,0.013,0.018,1,"RELN"
0.0676966979695042,-0.312623226516838,0.047,0.052,1,"CHCHD7"
0.0677337322835355,-0.386029608053052,0.041,0.043,1,"COX15"
0.0678149803823265,-0.158072999593603,0.276,0.283,1,"ARAP2"
0.067835901087611,-0.171875861581907,0.027,0.025,1,"NUTF2"
0.067854477226376,-2.91150617890621,0.003,0.015,1,"RET"
0.0679403567753879,0.533101848212315,0.029,0.017,1,"GGCX"
0.0679846682347097,-0.679666397362938,0.018,0.025,1,"EIF4E3"
0.0681003417789937,-0.46683686056722,0.044,0.054,1,"TNFSF10"
0.0681519754813197,-0.117319092017381,0.084,0.074,1,"UBXN2A"
0.0681594908619188,0.203682219893214,0.134,0.108,1,"ANAPC10"
0.0681721647779015,-0.118299151208191,0.018,0.014,1,"CLEC4A"
0.068236103327724,-0.464631320163035,0.033,0.038,1,"AL662796.1"
0.0682446917705878,-0.298019578644207,0.121,0.121,1,"HGSNAT"
0.0682787379607691,0.168089440546816,0.039,0.029,1,"MALSU1"
0.0683418685474864,0.188696599776588,0.172,0.139,1,"WDR44"
0.0683700432735855,0.160693662137887,0.201,0.148,1,"RPL29"
0.0684066751911054,0.322146595997743,0.128,0.094,1,"PREP"
0.0684215429631777,0.885912313140874,0.015,0.007,1,"KCNJ16"
0.0684610718790915,0.341168257133659,0.165,0.117,1,"C9orf72"
0.0684711326229484,0.437138176670965,0.556,0.447,1,"CPED1"
0.0685126013973192,1.00289999146332,0.046,0.019,1,"CDKL1"
0.068680663075641,-0.289088424677914,0.051,0.045,1,"PSMA4"
0.0687101542736882,0.477582629581192,0.083,0.054,1,"RPS7"
0.0687822970391448,-1.01279427020544,0.011,0.013,1,"SLC38A5"
0.0687937808342948,0.485647635702551,0.111,0.073,1,"SGPL1"
0.068803750529517,-0.156991783215432,0.204,0.193,1,"CUL5"
0.0688728532235808,-0.575802921993746,0.499,0.574,1,"TGFBR1"
0.0688795049098909,-0.218069553764254,0.055,0.051,1,"LSM8"
0.0689414772520206,-0.551632706926684,0.044,0.053,1,"TBC1D13"
0.0689742509232014,-0.341219836873389,0.018,0.022,1,"ANO2"
0.069185138756184,-0.43885962449882,0.045,0.051,1,"DNAJC4"
0.0692082515646795,0.581547507644855,0.038,0.018,1,"SH3BP5"
0.0692207425727836,0.148513475836405,0.098,0.07,1,"PNPLA8"
0.069242907567343,-0.190758840559794,0.058,0.054,1,"MSH2"
0.0693766833834967,0.100413516929671,0.086,0.049,1,"HLA-DRB5"
0.0694044593827877,-1.79405790948282,0.005,0.01,1,"NKAIN4"
0.0694181874541316,0.227367453995569,0.019,0.016,1,"ALG11"
0.0694419412875009,-2.08409463833511,0.007,0.022,1,"OAS3"
0.0695696967583815,0.101750001313966,0.334,0.305,1,"BTBD9"
0.0696123507392251,-0.360563885928009,0.019,0.016,1,"CKAP2"
0.0696393739039235,0.427698781068549,0.155,0.108,1,"XPO7"
0.0698509791118072,0.506021526650944,0.149,0.098,1,"AL158071.4"
0.0700086675171453,-0.255794201408859,0.024,0.026,1,"BANK1"
0.0700599433129097,-0.194569489040717,0.053,0.049,1,"SBDS"
0.070080352173357,-1.04423365220577,0.01,0.018,1,"SPATC1"
0.0700826762129572,-0.192051238835697,0.026,0.023,1,"CHMP7"
0.0700914156585745,0.805173026282601,0.023,0.009,1,"COL5A1"
0.0701563724134437,-0.178425786825799,0.177,0.157,1,"DDX46"
0.070159484753197,0.264526786874145,0.02,0.014,1,"PLPP5"
0.0701667814015939,0.376551361257919,0.049,0.035,1,"ZFHX4"
0.0701686731549262,-0.507082626974748,0.041,0.053,1,"PGBD5"
0.0702882204869806,-0.19671959162225,0.086,0.083,1,"S100A13"
0.0702978370757872,0.515453486999977,0.034,0.026,1,"TXN2"
0.0703367132525236,0.354422998521331,0.029,0.021,1,"PLIN2"
0.0703386029790749,0.125033851416524,0.147,0.123,1,"SLC30A7"
0.0704302338399125,-1.00800540896666,0.049,0.084,1,"FAM19A2"
0.0704835085249364,0.173705501130203,0.019,0.017,1,"DNAJC19"
0.0705010496080169,0.25509565306133,0.039,0.029,1,"MRPS34"
0.0705155411500852,-0.24335159207771,0.049,0.045,1,"RAD52"
0.0705911918120763,0.471565374957858,0.013,0.007,1,"EPB41L4A-AS1"
0.0706642094259842,0.105361904428952,0.25,0.202,1,"TF"
0.0708088842678519,-0.110181718360736,0.412,0.399,1,"EXOC6B"
0.0708722430472832,-0.244082433149974,0.045,0.04,1,"FP700111.1"
0.0708823612575782,0.28357818455422,0.132,0.096,1,"USP31"
0.0708843746192274,0.439789086476401,0.012,0.009,1,"PAFAH1B3"
0.0709882140648225,0.746002978604813,0.025,0.014,1,"SLIT1"
0.0709946802264746,0.64818000692466,0.042,0.026,1,"ARHGAP9"
0.0710525762056491,-0.849788124170614,0.016,0.018,1,"FSD1"
0.0710718306533251,0.627092583065728,0.055,0.033,1,"KCNJ10"
0.0710834295067418,0.138248049514728,0.103,0.066,1,"PDE4A"
0.0711607586954676,0.128289220335202,0.011,0.009,1,"DPY19L2"
0.0712111276910928,-0.60305690393307,0.024,0.031,1,"PTH2R"
0.0712352023117177,-0.494968037538883,0.118,0.134,1,"CA5B"
0.0714151340666318,0.779302880700101,0.029,0.016,1,"AK4"
0.0714476323639487,-0.160904942967381,0.037,0.037,1,"POLR3A"
0.071548742418615,0.234998029663872,0.29,0.213,1,"TLK1"
0.0716011919767088,-0.277855179119287,0.012,0.013,1,"MRM1"
0.0716284158233964,-0.909141571679109,0.016,0.025,1,"NSG1"
0.0716803180809067,-0.252034588648914,0.016,0.016,1,"SEMA4B"
0.0716813673799065,0.47366528038684,0.057,0.032,1,"LATS2"
0.071699832806608,0.117755497124482,0.116,0.094,1,"SRSF3"
0.0717032744473725,-1.20503033022227,0.007,0.012,1,"PMM1"
0.0717933377326238,-0.317002841743541,0.048,0.045,1,"ZNF462"
0.0718032495408542,0.176776205891907,0.044,0.034,1,"JADE3"
0.071814454409588,0.462823217150624,0.022,0.015,1,"BMP1"
0.0718197279602492,0.32199651544971,0.037,0.031,1,"AP5Z1"
0.071843205027769,-0.101593876251128,0.267,0.246,1,"AXL"
0.0718738814427972,2.75955192687998,0.01,0.002,1,"THAP2"
0.0718879771409565,-0.132078883361933,0.015,0.014,1,"ZNF184"
0.0721429029171243,0.16399142323278,0.365,0.311,1,"FBXW7"
0.0722061389010487,-0.925558366324336,0.015,0.027,1,"PEMT"
0.0722294582462853,-0.862161952412583,0.023,0.036,1,"THSD4"
0.0723638021473246,-0.541643203428078,0.085,0.106,1,"ASTN2"
0.0724379550231091,-0.261867362547539,0.018,0.018,1,"NIFK"
0.072476737098543,-0.298789491227577,0.032,0.039,1,"SLC38A7"
0.0726224094185423,-0.513799412058353,0.04,0.045,1,"AC087386.1"
0.0726285069678484,-0.188588805432419,0.073,0.065,1,"ATP6AP2"
0.0726947451908038,0.113034865918058,0.031,0.023,1,"SQLE"
0.0727243955271003,0.367410481812479,0.039,0.028,1,"SIKE1"
0.0728701391984075,-0.284515111532579,0.016,0.014,1,"COLQ"
0.0728862578773798,-0.378830000099546,0.055,0.051,1,"ANKRD36B"
0.0728913511626732,-0.975660746260897,0.029,0.045,1,"MYH14"
0.0728921607286417,-0.45555578895083,0.058,0.066,1,"NARS"
0.0732597990452854,-0.341026322525734,0.017,0.017,1,"STARD8"
0.0734931786181079,-0.951196086444055,0.009,0.014,1,"MED19"
0.0734980668646751,0.573198902824041,0.308,0.199,1,"FXR1"
0.0735580535660844,0.172159281903435,0.017,0.01,1,"MICALL1"
0.0737884654762615,-0.106970474532725,0.053,0.049,1,"CSTB"
0.0738852155693182,-0.165213048431804,0.055,0.056,1,"BDNF-AS"
0.0739541892377728,0.419745747491012,0.012,0.007,1,"CACNG8"
0.0740558338691464,0.478978955965853,0.049,0.035,1,"MYLIP"
0.0740784676335921,-0.12767718520112,0.182,0.166,1,"IRF8"
0.0741243187798359,-0.170096513361451,0.175,0.169,1,"PIK3C2A"
0.0741697585192078,-0.101499827072304,0.038,0.039,1,"EIF5A"
0.0741788994490781,-0.200704046867195,0.051,0.055,1,"PTPN6"
0.0743200717575876,-0.21848842673172,0.051,0.047,1,"KANSL2"
0.0743362455662439,-0.43406771964676,0.06,0.062,1,"LGMN"
0.0743927149183704,0.177345944160604,0.132,0.102,1,"KRIT1"
0.0744315571383329,0.174870175452025,0.12,0.099,1,"ITGB8"
0.0744351091449823,-0.194813525385104,0.115,0.111,1,"MAGED1"
0.0745124757752214,-0.487887113868021,0.011,0.015,1,"KCNH7"
0.0746836689436073,0.412458793782709,0.116,0.081,1,"CRBN"
0.0747458211924891,-0.476478892184607,0.029,0.031,1,"GEMIN5"
0.0748103245682409,0.15190360717234,0.121,0.1,1,"METTL8"
0.0748667743503136,-0.803901846896001,0.069,0.083,1,"SNORC"
0.0749036049311511,-0.203487409473793,0.03,0.027,1,"RNF208"
0.0749158253082635,0.160987211784862,0.103,0.085,1,"RNF2"
0.0750956335558018,0.304988016366035,0.113,0.087,1,"TENT4A"
0.0751501200888237,1.01111193230418,0.019,0.007,1,"ANKRD37"
0.0751731398182756,-0.531878733556594,0.078,0.089,1,"PIGX"
0.0751943400765224,-0.444817072041447,0.03,0.031,1,"LDB1"
0.0752481996515352,-0.197469971453857,0.205,0.197,1,"NAA15"
0.0753386444113916,0.488404155463139,0.02,0.011,1,"GAREM2"
0.075440309792684,-1.67646087300096,0.012,0.028,1,"RSAD2"
0.0754850017130321,-0.347173405116944,0.18,0.197,1,"ARID5B"
0.0754874824397298,-0.835735418794172,0.021,0.026,1,"ICA1L"
0.0754968850161412,0.549573848865585,0.019,0.009,1,"NME4"
0.0755628662776129,-0.538798612991015,0.011,0.014,1,"AC093525.4"
0.0756045588080579,0.167983054217474,0.054,0.043,1,"GFM2"
0.0756409282839954,-0.822909550167345,0.082,0.119,1,"RAB11B"
0.0756432782022578,-0.101102318172186,0.19,0.165,1,"EEF2"
0.0756599191233455,-0.769559847750205,0.022,0.033,1,"TM7SF2"
0.0757137930892135,-0.24699914203128,0.038,0.036,1,"RAB33B"
0.07577891950593,-0.515217498250953,0.049,0.051,1,"BRAP"
0.0757860185131766,-0.126153281627586,0.069,0.061,1,"CYHR1"
0.075890947590344,-0.650548447148368,0.039,0.049,1,"ALKBH3"
0.0758913814834532,0.630792065236009,0.054,0.032,1,"ANXA2"
0.0759653905253897,0.427879304848865,0.046,0.028,1,"PGM1"
0.0760080701146951,-0.497494259299123,0.057,0.069,1,"COLGALT2"
0.0760589392196539,2.24651872022285,0.021,0.005,1,"AL355838.1"
0.0761359142849742,0.264898836730319,0.128,0.091,1,"SEC11A"
0.0761551508488853,-0.564401002736926,0.015,0.018,1,"AC104662.2"
0.0761801959652696,-1.05509964843827,0.011,0.014,1,"AJM1"
0.0762083853769707,-0.406540514680532,0.061,0.068,1,"MNDA"
0.0762232883139703,0.250670003480549,0.072,0.053,1,"SNX7"
0.0762680324592312,1.09759735600199,0.021,0.009,1,"MRPL54"
0.0763599442535626,-0.583810832103329,0.022,0.024,1,"CES2"
0.0764190086526247,-0.474368345833635,0.026,0.024,1,"CCDC137"
0.076443577596667,0.274663070033788,0.065,0.049,1,"TM2D3"
0.0764456400209677,-0.879942933176681,0.023,0.027,1,"SH3BGRL2"
0.0765375926444416,-0.15738191616077,0.111,0.103,1,"RFX3-AS1"
0.0765769677524202,-0.455887335936754,0.05,0.058,1,"CCDC32"
0.0766294805616739,0.640051700612757,0.037,0.023,1,"TUBA1C"
0.0766512865552498,-0.80729117562893,0.011,0.015,1,"ADGRF5"
0.0767499707032232,0.366381435594813,0.013,0.008,1,"THAP3"
0.0767511989157743,0.186442469195681,0.058,0.047,1,"CDKL3"
0.0768036353833817,0.111504846580251,0.159,0.121,1,"CXADR"
0.0768093414928972,1.36736834230708,0.146,0.082,1,"ZNF331"
0.0768253386686567,-0.103294395243196,0.148,0.123,1,"HIPK1"
0.0770531126055674,0.609428947690932,0.04,0.026,1,"SPHK2"
0.0770894120022382,-0.173362680032227,0.018,0.017,1,"DUSP7"
0.0771334204770879,-0.222304909223225,0.06,0.058,1,"UBE3B"
0.0771381695468378,-0.186699738752942,0.016,0.014,1,"KIF22"
0.0771496584713936,0.466538562841668,0.041,0.028,1,"SEC31B"
0.077220001311157,0.348359060059897,0.124,0.081,1,"EXT2"
0.0773702424585665,-0.270580075290178,0.127,0.125,1,"ZHX3"
0.0774044738108601,0.222259890736988,0.138,0.111,1,"ANAPC1"
0.0774549768966765,-0.1075009020258,0.16,0.155,1,"FAM107B"
0.0774597550356335,-0.534270194880079,0.122,0.167,1,"LINC02328"
0.0775672078658597,0.208263506096996,0.019,0.014,1,"FZD2"
0.0777151825720385,0.39240045730753,0.032,0.025,1,"GLOD4"
0.0777604930742141,-0.211654083253339,0.107,0.102,1,"NEK9"
0.077824621734055,-0.850090440979794,0.012,0.018,1,"UNG"
0.0779226208925183,0.341613787128963,0.015,0.006,1,"RNF103-CHMP3"
0.0779851346813746,0.156651926803544,0.156,0.122,1,"RAD23B"
0.0779868579184118,-0.161571643021896,0.096,0.085,1,"IPO11"
0.0780966253881834,-0.366854009890369,0.038,0.039,1,"ABCF1"
0.0782183785398262,-0.248326530876156,0.058,0.045,1,"AC015813.2"
0.0782683960907099,0.453619131980315,0.023,0.018,1,"FAM66C"
0.0783214559027858,-0.371641651367508,0.066,0.07,1,"ADNP2"
0.0784638242092544,-0.566647424384313,0.116,0.142,1,"STAB1"
0.0785078233884795,-0.523895021297904,0.013,0.014,1,"RIC8A"
0.0785421466849222,-0.297099446184822,0.053,0.05,1,"GLTP"
0.0786469818292358,0.258880145816831,0.042,0.031,1,"KYAT1"
0.0786651849838898,-0.279531993190744,0.066,0.073,1,"HHIP"
0.0787665398158655,-1.0460976268445,0.005,0.01,1,"TMEM179"
0.078769025911344,-0.407559535538106,0.031,0.033,1,"COPS8"
0.0788324246118122,-0.131757172453666,0.079,0.076,1,"MAPT"
0.0789789654272091,-0.421065887637158,0.028,0.031,1,"SUPV3L1"
0.0790160583850811,-0.129605574923318,0.112,0.109,1,"TMEM87B"
0.0790787244624063,-0.11971396370644,0.018,0.014,1,"AC078846.1"
0.0791023703608317,-0.182858708255036,0.022,0.019,1,"HLA-F"
0.0791320901492062,-0.190134322157621,0.028,0.028,1,"GAS2L3"
0.079167100255715,0.498550923103805,0.014,0.011,1,"ASPHD2"
0.0793040339823218,-0.625631723626398,0.028,0.034,1,"HERC5"
0.0794564234053354,-0.60769294574499,0.012,0.015,1,"EHD3"
0.0795613550277685,-0.581230289763765,0.074,0.077,1,"SLC15A3"
0.0795987536380514,0.198952867660914,0.445,0.363,1,"SETX"
0.0796179053692895,-0.122626821695042,0.132,0.117,1,"RAB18"
0.0796238101851705,0.164679611827898,0.045,0.035,1,"ZNF318"
0.0796276080227248,-0.448459509136509,0.009,0.01,1,"TCEAL6"
0.0797342614635109,-0.170326094699521,0.042,0.037,1,"OSTC"
0.0798408916949424,-0.265119521148154,0.022,0.022,1,"ZNF471"
0.0798995940051376,-0.163207269913904,0.022,0.025,1,"KCNC4"
0.0799132442034082,-0.438587381141889,0.025,0.028,1,"NAA60"
0.0799780715723982,-0.620220709841731,0.044,0.058,1,"DRG1"
0.0800294271411583,-0.234484204260991,0.017,0.013,1,"QSOX2"
0.0800832074487577,-0.123906773400446,0.141,0.129,1,"DNM1L"
0.0801268057507252,-0.123798229285009,0.025,0.022,1,"EFCAB7"
0.0801330312673256,-0.287093516137135,0.074,0.079,1,"APIP"
0.0801356490935854,-1.62664839010332,0.005,0.013,1,"ST6GALNAC5"
0.0802319351859671,-0.459971064941396,0.051,0.066,1,"SGCD"
0.0802329169870189,0.503927259859332,0.019,0.01,1,"OSGEPL1"
0.0802391256333173,0.137345905129298,0.116,0.095,1,"RALGPS1"
0.0802500933795749,0.908390814085713,0.016,0.007,1,"DHRS13"
0.0802747231679113,-0.436776746078961,0.016,0.019,1,"CDKN2D"
0.0803782443154632,0.485988261280221,0.022,0.014,1,"DRAP1"
0.0804673605130978,-0.571516169639059,0.046,0.056,1,"ZFAND4"
0.080469329070275,-0.532523527270438,0.013,0.014,1,"RNF25"
0.0805041863978262,0.111521319806624,0.022,0.021,1,"AC005699.1"
0.0808554928690835,-0.916102563175776,0.008,0.01,1,"BLM"
0.0808914939741196,-0.450545319675212,0.014,0.014,1,"IL1RAPL2"
0.0809791150685054,-0.965370004280335,0.009,0.012,1,"AC073111.5"
0.0810490816479264,0.260280085444504,0.057,0.041,1,"SLC35D2"
0.0810618162044278,-0.228938408280143,0.01,0.009,1,"AC107375.1"
0.0811937131846082,0.17248588477683,0.144,0.104,1,"TDRD7"
0.0812015419198316,-0.606768905045445,0.023,0.024,1,"C11orf24"
0.0812479470175103,0.444643197284537,0.124,0.083,1,"SEMA6D"
0.0813537167666255,-0.312073562860903,0.119,0.125,1,"C12orf76"
0.0813539106594726,0.441806730171949,0.136,0.092,1,"KLHL8"
0.0813721588179482,-0.363211602998301,0.017,0.023,1,"NOL4"
0.0814421418990674,-0.445195312869105,0.085,0.093,1,"DPY19L4"
0.0815334222451935,0.267008794233698,0.17,0.12,1,"MTPN"
0.0815960243003479,-0.536273563156261,0.039,0.044,1,"MAN1B1"
0.0816585604619966,-0.929750398834015,0.008,0.011,1,"C8orf37"
0.0817076218135519,0.119999947550358,0.062,0.046,1,"CNOT8"
0.0817253944450103,0.523990211828258,0.016,0.009,1,"PPP1R3C"
0.0817692857821584,0.162445335540652,0.037,0.028,1,"OPA3"
0.081783527328812,-0.87763652006966,0.008,0.01,1,"PITPNM3"
0.0817934539562484,-0.765906178352883,0.01,0.013,1,"FANCA"
0.0818168112868865,-0.297122333959785,0.045,0.042,1,"DFFA"
0.0818254587091083,0.287518992527409,0.128,0.089,1,"RBAK-RBAKDN"
0.0819026446021432,-1.3090119097883,0.091,0.169,1,"HEG1"
0.0819485937101917,0.43759740694856,0.028,0.024,1,"GID4"
0.0819678680172529,0.16387840340859,0.273,0.218,1,"CNTRL"
0.0819805481578699,-0.368169200996288,0.03,0.033,1,"ME1"
0.0819972355373308,-0.41852910081893,0.946,0.948,1,"MBP"
0.0820151024127488,-0.483501543651266,0.014,0.017,1,"TAX1BP3"
0.0820601780574446,-0.135728167421466,0.016,0.012,1,"EMILIN2"
0.0821318971030337,0.211484981751381,0.311,0.25,1,"PHKB"
0.0821818421945081,-0.15634384023968,0.119,0.106,1,"TUBB"
0.0821973095895589,0.477374927461951,0.02,0.012,1,"UAP1L1"
0.082222081378979,0.379715462879108,0.059,0.046,1,"SMIM12"
0.0822515088611202,0.353843188317166,0.014,0.013,1,"ERG"
0.0822889166151412,-0.564735927775211,0.029,0.028,1,"MED10"
0.082519735599375,-0.530655471762587,0.058,0.064,1,"THRA"
0.0825534482776868,-0.188427443499189,0.065,0.057,1,"SLC27A4"
0.0827309341785243,0.342534824636122,0.021,0.016,1,"AZGP1"
0.0827717696617943,0.115626611497254,0.22,0.172,1,"UBN2"
0.0828623160137043,0.195865451193237,0.108,0.097,1,"RNLS"
0.0831062501245994,0.120055980618169,0.103,0.074,1,"FEM1B"
0.0832609478182914,-0.562118341321614,0.039,0.046,1,"ZNF586"
0.0835102122725827,-1.08175592826987,0.008,0.011,1,"B3GALT4"
0.0836551550133395,0.123188869951669,0.057,0.046,1,"PARD3"
0.0836682404529199,0.343207609692953,0.038,0.026,1,"UFSP2"
0.0837188978396598,0.180458075713905,0.031,0.022,1,"SSR2"
0.0837197012141612,-0.169240038956748,0.025,0.018,1,"AL031428.1"
0.0838137427693698,-0.551353181236914,0.015,0.014,1,"THBS2"
0.0838275707193747,0.151068966590496,0.097,0.062,1,"ARRDC2"
0.0838496519975027,-0.604635602453321,0.066,0.084,1,"PLCB1"
0.0838561513405576,-0.342197877226147,0.064,0.061,1,"GRSF1"
0.0839505910427803,0.473257169938677,0.075,0.052,1,"TXNL4A"
0.0839527959067734,0.236890769673882,0.105,0.067,1,"CASP10"
0.0839869937218306,0.139910593661837,0.051,0.035,1,"PDIA4"
0.0840628231906242,0.676156641970542,0.185,0.107,1,"FAM214A"
0.0840752401099046,-0.119582120737912,0.064,0.053,1,"SVIP"
0.0841516271181022,0.787728206838296,0.012,0.003,1,"IL27RA"
0.0841903936837457,-0.817554441077978,0.024,0.037,1,"MPP2"
0.084232661456611,0.698827513907481,0.081,0.039,1,"GABARAPL1"
0.0844994943464387,-1.29872253248543,0.008,0.012,1,"SETD6"
0.0845218866304878,0.918337154596992,0.041,0.018,1,"TPCN2"
0.084688434084924,-0.423631701651074,0.063,0.067,1,"SUSD3"
0.0847228255658732,-0.76656001947269,0.008,0.01,1,"PTPRU"
0.0847262162588138,0.355246063493597,0.02,0.014,1,"DNAJC27-AS1"
0.084791617858803,0.426949589315124,0.034,0.02,1,"MMADHC"
0.0848558206796869,0.212844340750606,0.025,0.018,1,"MRPL24"
0.0850291847874428,-1.18508454806061,0.036,0.064,1,"ICA1"
0.0851753952611279,0.26847721272429,0.024,0.013,1,"LINC00865"
0.0852620194232772,0.154001867130555,0.044,0.03,1,"MPHOSPH6"
0.0853386420521939,0.221941650481792,0.068,0.046,1,"AC084337.2"
0.0854096917224274,-0.128337627720861,0.063,0.052,1,"CNOT9"
0.0856458563237344,-0.314317969380583,0.047,0.045,1,"NOL9"
0.0857161668330249,-0.593641030392846,0.039,0.035,1,"PPP1R15A"
0.0857695179765336,-1.52762469635907,0.008,0.018,1,"AC099518.1"
0.085872148694537,-0.187000540275076,0.068,0.058,1,"DHX30"
0.0859397630907124,-0.24382222090893,0.058,0.054,1,"HINT3"
0.0859729051150441,0.2681148279636,0.087,0.072,1,"TBC1D30"
0.0861012509652128,0.279121842535053,0.023,0.021,1,"SELL"
0.086129985155521,1.22294990744215,0.154,0.064,1,"STIP1"
0.0861328154208547,-0.249539909699501,0.037,0.037,1,"RBM8A"
0.0861403320138793,0.176347455261652,0.252,0.201,1,"PPP1R12B"
0.0861802377517734,-1.04060186911278,0.029,0.049,1,"RAB3IL1"
0.086262089529325,-0.792559131391486,0.014,0.019,1,"LGI1"
0.0863531024897429,-0.259262138262732,0.01,0.012,1,"CYGB"
0.0864082058491854,-0.165919085077069,0.075,0.061,1,"ZADH2"
0.0864254716420684,0.139552433140244,0.064,0.052,1,"HABP4"
0.0865088435949093,0.118472253709176,0.089,0.072,1,"ELOVL6"
0.0866965674029843,0.654572645676965,0.039,0.022,1,"RNH1"
0.0867143715382209,0.681140577997361,0.031,0.018,1,"TCIRG1"
0.0867677747699445,0.228464723469433,0.086,0.064,1,"ZBED4"
0.0867870746042993,0.477681348751772,0.012,0.007,1,"ZNF2"
0.0868329094235235,0.925437958480782,0.289,0.189,1,"ABHD3"
0.0868533964468078,-0.498526351523879,0.03,0.031,1,"ZKSCAN5"
0.086886331047043,-0.145501009567436,0.059,0.057,1,"HIST1H2BD"
0.0870643526551319,-0.317949854335053,0.051,0.048,1,"TNS1"
0.0870693134379758,-0.580028905651205,0.026,0.024,1,"FBXO45"
0.0871340817548824,0.182495303014043,0.179,0.142,1,"TRIM22"
0.0872200300334379,-0.720890705621823,0.038,0.052,1,"TXNDC15"
0.0872228946919019,-0.302618144337722,0.036,0.035,1,"MED16"
0.0873270196819335,-1.29250477445005,0.022,0.043,1,"DNAH14"
0.0874361680707165,0.700645541746373,0.096,0.047,1,"CBWD1"
0.0874641139580735,-0.9454952763132,0.011,0.02,1,"TTBK1"
0.0874690960165516,0.602561613909488,0.019,0.01,1,"GSTM3"
0.0876138976366212,0.156673292623348,0.024,0.014,1,"SMIM37"
0.0876424606906204,-0.504723132615214,0.008,0.011,1,"AL162231.1"
0.087829680830563,0.300046777274514,0.147,0.106,1,"C1QC"
0.0878973003147485,-0.909252908917198,0.009,0.017,1,"AC005208.1"
0.0879022618192376,0.61280547872321,0.177,0.102,1,"SLC22A23"
0.0879540481050984,0.233491553379428,0.04,0.032,1,"SNTA1"
0.0879776861742955,0.252784770643754,0.051,0.031,1,"DDX27"
0.088038370671239,-0.407592419061418,0.108,0.117,1,"PLCB2"
0.0880417217707139,-0.144948115422701,0.035,0.029,1,"SQOR"
0.0880955429699434,0.715517378247297,0.018,0.01,1,"AC021752.1"
0.088115460669588,-0.211102405867249,0.052,0.054,1,"EIF2S1"
0.0882670353192549,0.170703385016518,0.096,0.078,1,"XRCC6"
0.0882964677562047,-0.242842701861239,0.075,0.064,1,"MAPK6"
0.0883017181310327,0.299446616461038,0.081,0.06,1,"RUSC2"
0.088376590695571,-0.284228259063958,0.038,0.032,1,"ZNF480"
0.0885057612671254,0.172757825532802,0.039,0.026,1,"NANS"
0.0886712955717403,0.511729440960857,0.052,0.036,1,"GABRG1"
0.0888042487670764,-0.363143976690495,0.041,0.04,1,"IFT172"
0.088869183421401,0.149749432044282,0.025,0.021,1,"TMEM69"
0.0888779079580909,0.184475330574806,0.128,0.093,1,"SLC15A4"
0.0889629919020997,-0.290857327381657,0.052,0.046,1,"KLHL12"
0.089101502365501,0.795296381314558,0.034,0.018,1,"CDH13"
0.0891100785267322,0.884560649280336,0.02,0.009,1,"UNC5D"
0.0892232966441269,-0.407081974277337,0.035,0.04,1,"HSPA12A"
0.0892703919940213,-0.308353685405938,0.03,0.037,1,"GABRB1"
0.0893091242746056,0.286134147537408,0.059,0.045,1,"OLFM2"
0.0893111091555733,1.34974198379861,0.184,0.093,1,"ATP1B3"
0.0893176756909874,0.316972840595519,0.098,0.06,1,"CROCC"
0.0894577029261564,0.16552566960812,0.179,0.157,1,"CWC27"
0.0895180920616842,-0.274387365278874,0.055,0.051,1,"PSMG2"
0.0896391602932359,0.417415070757136,0.109,0.071,1,"BTG1"
0.0897741569275151,0.320472320835974,0.029,0.02,1,"AC018816.1"
0.0897786408658413,-0.651710041827112,0.092,0.12,1,"LOXL3"
0.0899398256638541,-0.242101036879678,0.118,0.121,1,"LYPLA1"
0.090001836098102,0.143019803831431,0.468,0.401,1,"SMARCA2"
0.0900194894932912,0.35961509487888,0.072,0.052,1,"SWT1"
0.0900242633503319,-0.343656832097181,0.081,0.089,1,"TP53BP1"
0.0901119602419852,-0.322369492724464,0.032,0.038,1,"PATL2"
0.0901178372878874,-1.08552600371059,0.007,0.01,1,"ZMAT4"
0.0901826667879614,-1.2385241280093,0.007,0.011,1,"ARL5C"
0.0902302427637959,0.573603573754974,0.123,0.079,1,"EAF2"
0.0903311756291609,-0.245163597570462,0.076,0.072,1,"MKRN1"
0.0903818504395644,0.182923782005954,0.29,0.22,1,"PRMT2"
0.0903818539296069,0.198745490116461,0.078,0.049,1,"ARF4"
0.0904439457591793,-0.12581475441496,0.049,0.043,1,"KLHL3"
0.0904740563839773,-0.313398438329889,0.042,0.046,1,"CDKN1A"
0.0905127481757025,-1.40983106199635,0.01,0.016,1,"C12orf10"
0.090717003692291,0.3723062186875,0.018,0.013,1,"CRNDE"
0.0907665461370271,0.3071582411748,0.033,0.025,1,"PPRC1"
0.0907742689599677,0.434301276847835,0.055,0.041,1,"SEC24C"
0.0910423894070853,0.474618325383785,0.049,0.026,1,"RWDD1"
0.0910867341018139,-0.193090824209055,0.099,0.091,1,"CNOT6"
0.0911482735313949,-0.377279568424961,0.06,0.057,1,"CHMP2B"
0.0911938821367588,-0.302378021718638,0.04,0.033,1,"ZFP30"
0.0912339760182703,0.298235243596178,0.105,0.075,1,"MTFR1"
0.0912968206358615,-0.114436431062124,0.184,0.159,1,"GLB1"
0.0913413124851692,0.220454501447949,0.178,0.123,1,"RPL4"
0.0914319730918561,0.116946909566104,0.243,0.196,1,"KAT2B"
0.0916189254809281,-0.336751587017666,0.061,0.059,1,"JKAMP"
0.0916248359080701,0.307302556917298,0.053,0.036,1,"MMP14"
0.0916795106146967,0.277226147762879,0.077,0.057,1,"IQCG"
0.091716478331796,-0.99972749851615,0.011,0.012,1,"CDC42EP2"
0.0917836903619329,-2.63090873590726,0.002,0.014,1,"LINC01258"
0.0918501798307889,-0.643579209193034,0.027,0.036,1,"LINC00106"
0.0918798869097617,-0.17215259543302,0.129,0.12,1,"YPEL3"
0.0919852874359438,0.549913414177085,0.057,0.034,1,"TBX19"
0.0921392575293137,0.147276024911719,0.014,0.012,1,"GRAMD1C"
0.0921403305333769,0.367252212221853,0.102,0.069,1,"MTMR9"
0.0921462643152285,-0.128391259693617,0.014,0.011,1,"FAM19A4"
0.0922424361924286,-0.449941358872438,0.039,0.041,1,"SGTB"
0.0924966475967196,-0.103576963212956,0.181,0.174,1,"RPRD1A"
0.0925666578422545,-0.137118912322199,0.041,0.043,1,"ADCY2"
0.0928477791292138,-0.445720880197962,0.052,0.056,1,"METTL6"
0.0928706478146669,-0.20775126325767,0.079,0.073,1,"CYB5B"
0.0929520431379629,0.201091602273331,0.017,0.015,1,"ELMOD1"
0.0929772604705963,-0.53662238657356,0.322,0.406,1,"ANK2"
0.0929773953951807,-0.306808643916888,0.106,0.108,1,"TRIP4"
0.0929841543081607,-1.29502641787138,0.01,0.022,1,"A1BG-AS1"
0.0930301499447638,1.71484697297745,0.013,0.005,1,"BMP6"
0.0930544737820632,-0.573829605936835,0.017,0.018,1,"GCAT"
0.093141168597089,0.238153615243397,0.244,0.187,1,"HOOK3"
0.0932153988153519,-0.738813288462784,0.008,0.013,1,"PAMR1"
0.0933298237941561,0.1886815441583,0.021,0.015,1,"MRPL55"
0.0933300975297742,-1.07492523567743,0.011,0.014,1,"LSM11"
0.0934731908356947,-0.523633387810866,0.026,0.024,1,"NCKIPSD"
0.0936241187218703,-0.414467657248069,0.055,0.058,1,"SF3A3"
0.0936745182071751,0.4120495733925,0.061,0.039,1,"DNAJC9"
0.0936876176282576,-0.170457511037177,0.087,0.087,1,"ZC3H15"
0.0938882897300842,-0.947958311760225,0.022,0.028,1,"SEC14L5"
0.0939073441868354,0.20791151433017,0.072,0.056,1,"BBS2"
0.0940529510854235,-0.257208053354784,0.862,0.898,1,"FP671120.1"
0.0940651371525356,0.791433898138148,0.034,0.018,1,"ATP5MC3"
0.0941331123871566,-0.56838677567047,0.02,0.018,1,"GORAB"
0.0942923335309888,-0.741465112195868,0.017,0.018,1,"CHST3"
0.0942948648025516,-0.182834475336359,0.079,0.076,1,"SEC22B"
0.0943716532812575,0.267922392144855,0.012,0.007,1,"SLC16A4"
0.0943975643528809,-0.698553004955319,0.019,0.024,1,"MTBP"
0.094577628642611,0.335471402298272,0.061,0.04,1,"ZNF107"
0.0947165818868421,-0.295223346327065,0.048,0.048,1,"PCYT1A"
0.0951447881596352,-0.554168301189795,0.016,0.016,1,"SLC46A1"
0.0952951227151328,-0.318626879599273,0.099,0.108,1,"RPS6KA4"
0.095307643893031,-0.318207749967461,0.015,0.015,1,"DUSP8"
0.0953290050948827,-0.228210367945676,0.04,0.039,1,"LRRC23"
0.0953512977343613,-0.240946505338046,0.244,0.25,1,"LINC01094"
0.0953947782117201,-0.348423753247774,0.053,0.046,1,"RNF20"
0.095447380579702,-0.581122032842662,0.05,0.056,1,"STMN4"
0.0955116733139614,-0.193255427435936,0.228,0.219,1,"NBEAL1"
0.0955367867606313,0.398927358682732,0.01,0.008,1,"TCTE3"
0.0956855596424178,-0.593120226139982,0.042,0.043,1,"NCSTN"
0.0958204415643705,-0.482983131101354,0.011,0.011,1,"BSN"
0.0958513402801394,-0.413905871235077,0.029,0.029,1,"PEX5"
0.0959409548942624,0.130225599199721,0.112,0.094,1,"MFSD12"
0.0960532561151456,-0.664611156729941,0.011,0.014,1,"PBLD"
0.0962021029952572,-0.123604726213098,0.022,0.022,1,"PLXNA3"
0.0964679261402492,0.445689012347885,0.079,0.052,1,"H3F3A"
0.096496707032994,-0.204393904630514,0.037,0.033,1,"INTS13"
0.0965720545828112,-0.538336178720856,0.017,0.02,1,"PACRG"
0.0966145179966169,-0.896368425368409,0.023,0.032,1,"MMP16"
0.096661216736152,0.335007576642404,0.025,0.018,1,"SMIM3"
0.0967540515632002,0.119179873329643,0.034,0.026,1,"PA2G4"
0.0968632096511731,-0.229779956185491,0.012,0.011,1,"SLC35E4"
0.0970380396006013,-0.124325114639635,0.039,0.03,1,"SPCS1"
0.0970475490354597,-0.851582732566319,0.012,0.016,1,"IGLON5"
0.0972656724238217,0.553145838860612,0.018,0.012,1,"RPGRIP1"
0.0973069918964001,0.153829874492905,0.046,0.031,1,"ZNF12"
0.0973148600653672,-0.226972678316619,0.067,0.054,1,"FAM96A"
0.0974824461576744,-0.798357750229995,0.014,0.02,1,"KCNT2"
0.0975622542102617,0.402623276093813,0.017,0.011,1,"ICMT"
0.0975845588297524,0.674092015480182,0.051,0.024,1,"KLHL21"
0.0975953249355743,-0.143537242172018,0.073,0.075,1,"NSMF"
0.0976083178265945,-0.253945391942344,0.049,0.049,1,"LSM4"
0.0976179061079915,1.67031286353164,0.01,0.003,1,"ICAM2"
0.0976820418642713,-0.511132679624001,0.007,0.011,1,"LRRC75B"
0.0977077581238795,-0.282930192160623,0.055,0.056,1,"TERF2"
0.0977780301089148,-0.246396670357057,0.106,0.106,1,"ABI3"
0.0978524817859767,1.00716218483485,0.184,0.089,1,"NAA16"
0.0981209707889828,0.560480120711637,0.192,0.122,1,"KLF12"
0.0982748865272914,-0.284149483981741,0.027,0.023,1,"DPH7"
0.0982968921766439,-0.292727020262724,0.122,0.122,1,"RPS2"
0.098297901920048,0.501586081584585,0.051,0.025,1,"CBWD3"
0.0983700714378978,-0.164736493570441,0.132,0.117,1,"SPCS3"
0.0983746310298428,0.90937573683293,0.065,0.039,1,"HOMER1"
0.0984618211872818,-1.83558880435849,0.005,0.014,1,"CEMIP"
0.0985673892638389,-0.266574122671284,0.067,0.079,1,"FLVCR2"
0.0986024719603032,0.383055394009436,0.063,0.043,1,"CHEK2"
0.0987666132605663,1.08627675401585,0.015,0.007,1,"COG1"
0.0988415477033958,0.530519613484615,0.014,0.007,1,"AC069549.1"
0.0989256402992125,2.06967884825671,0.027,0.006,1,"DEDD2"
0.0989917823196646,-0.452975972345625,0.058,0.071,1,"GABBR1"
0.0990623188195833,0.607535088609289,0.036,0.022,1,"ACER2"
0.0991588823173624,-0.485519123748765,0.053,0.059,1,"PRPF40B"
0.0993514023580677,1.26558392109919,0.013,0.006,1,"ZNF35"
0.0993872267762699,1.19863256495981,0.042,0.02,1,"GBP2"
0.0994214833584683,0.211170008403132,0.023,0.016,1,"FAM222A"
0.0994377435231293,-0.13726650334178,0.058,0.056,1,"KCTD13"
0.0994513031018349,0.538092012890885,0.034,0.026,1,"ADGRD1"
0.0995143550345157,0.181273800388579,0.042,0.032,1,"THAP4"
0.0995184870426922,-0.350336506423956,0.041,0.046,1,"UBXN6"
0.0996637507481532,-0.201433852449174,0.076,0.067,1,"NOL8"
0.0998821329922798,-0.149819674520292,0.206,0.193,1,"LPGAT1"
0.0999129662842436,-0.24581553760839,0.056,0.053,1,"TMEM206"
0.0999173208122123,-0.529418266810654,0.013,0.012,1,"C6orf136"
0.0999209053047544,-1.00075129208171,0.043,0.071,1,"DAPK1"
0.0999284640343502,-0.800876436780931,0.02,0.024,1,"CNKSR2"
0.100018137873776,0.408233312983755,0.24,0.177,1,"KIAA1551"
0.100129919716543,0.549073828217518,0.039,0.025,1,"PDE1B"
0.100281735568649,0.148549630762202,0.042,0.033,1,"ARMC10"
0.100325132338575,-0.129494944578637,0.05,0.049,1,"TMEM255B"
0.10036422833909,-0.357202273503632,0.025,0.03,1,"PLXDC1"
0.100444017135931,0.606469818652826,0.023,0.013,1,"SDR39U1"
0.100487856750554,-0.402729912441613,0.012,0.014,1,"ADCK2"
0.100524473003865,-0.256978758915749,0.063,0.062,1,"SENP1"
0.100561215040199,-0.192917537712807,0.039,0.036,1,"PHRF1"
0.100664374725491,-0.525926052772606,0.054,0.064,1,"AP003108.2"
0.100674531975856,-0.124980563858518,0.027,0.023,1,"KIAA1143"
0.100769872167319,-0.813142297694843,0.126,0.176,1,"BIN2"
0.100775836923554,0.139097128399148,0.036,0.035,1,"TUBB4B"
0.100932979813001,-0.40736016349369,0.03,0.034,1,"NUDT19"
0.101199726398973,1.25763550175467,0.019,0.009,1,"MUS81"
0.101278602232216,0.174734172489329,0.072,0.052,1,"ZDHHC5"
0.101516008539131,-0.216255698535811,0.08,0.078,1,"CCNL2"
0.10153123647258,-0.103122596651962,0.047,0.041,1,"ZYX"
0.101564588784994,-0.382619867041257,0.066,0.075,1,"TMEM241"
0.101590144446996,0.136966739673848,0.177,0.136,1,"PRKAR2A"
0.101708827666274,0.909646701367683,0.015,0.009,1,"HSD17B10"
0.101717034048176,-0.342477417969754,0.049,0.051,1,"CDK5RAP1"
0.101808359590605,0.259603379978858,0.058,0.045,1,"DDX52"
0.101854779238235,-1.88569271867172,0.011,0.022,1,"LINC00996"
0.101901196347625,0.142522733260268,0.081,0.061,1,"TRIM13"
0.101929446095617,0.331720921084924,0.078,0.058,1,"TSPO"
0.101939631838128,-1.54346414520124,0.002,0.011,1,"AL035446.1"
0.102060890014116,-0.329212531305192,0.039,0.035,1,"ZNF780A"
0.102298801450574,-0.12092643484489,0.022,0.023,1,"GRIK5"
0.102318175750686,0.286212847222989,0.088,0.062,1,"KDSR"
0.102335768212962,-0.235638852883127,0.082,0.071,1,"ELMOD3"
0.10239469280301,0.411170904696371,0.036,0.023,1,"C1orf54"
0.1024505339092,-0.221065821142604,0.063,0.054,1,"ZMPSTE24"
0.102578597688686,-0.240864824475971,0.06,0.061,1,"EBI3"
0.102706839290379,-0.213411257991353,0.019,0.022,1,"GRWD1"
0.102859155389766,-0.215455398454999,0.128,0.133,1,"HIP1"
0.102963590309748,-0.876442424479682,0.017,0.025,1,"NOVA2"
0.103020263173434,0.658655408301147,0.098,0.057,1,"HSPA8"
0.10304084299007,-0.198658172053547,0.049,0.048,1,"TERF1"
0.103056098908138,-0.371040619769268,0.011,0.009,1,"SULT1C2"
0.103061730771918,0.117200586234826,0.054,0.043,1,"KIF27"
0.103137005998781,0.449061162351476,0.017,0.009,1,"HSPBP1"
0.103154475943009,-0.388226489110812,0.02,0.021,1,"PLCB3"
0.10344083932828,-0.415348391136749,0.011,0.009,1,"AC084032.1"
0.103515490751118,0.263709768164877,0.011,0.008,1,"TNFRSF25"
0.103603573884762,0.251916081701095,0.196,0.142,1,"SPNS2"
0.103761297272422,-0.295153005106028,0.048,0.04,1,"ATG16L1"
0.103768478590121,-0.569598883146062,0.037,0.036,1,"CORO2B"
0.103830276549661,-0.116950839764759,0.022,0.022,1,"SVIL"
0.103896474142326,0.70691925704271,0.024,0.014,1,"SLC26A11"
0.103898058061362,-0.606032602796086,0.019,0.026,1,"DET1"
0.103911961471083,-0.293045541228099,0.158,0.179,1,"SPOCK1"
0.103927648379743,0.605596620567485,0.046,0.026,1,"COX7B"
0.1040078400326,1.61188571751446,0.023,0.006,1,"KLRD1"
0.1040098749218,0.853971187325481,0.01,0.006,1,"NSDHL"
0.104058605086728,0.227267763542073,0.036,0.028,1,"PLBD1"
0.104083599783407,-0.33158791668803,0.015,0.016,1,"LSM1"
0.104304506559195,-0.126308628322946,0.075,0.068,1,"SLC12A9"
0.104308619611622,0.310957141646608,0.018,0.014,1,"PRAF2"
0.104533571603338,2.49752475009146,0.012,0.001,1,"PNLDC1"
0.104577642425956,-0.121835131174799,0.096,0.085,1,"ATP1A1"
0.10459641917915,-0.969546885686815,0.03,0.043,1,"ZNF714"
0.104613759545604,0.202218210277381,0.092,0.073,1,"TLR10"
0.104639179898528,-0.807313493028686,0.009,0.012,1,"RERG"
0.104659632947908,-0.310886131282373,0.105,0.108,1,"MARS"
0.104700389379287,0.469495522184321,0.292,0.198,1,"MORC3"
0.104859011008563,-0.26715677299377,0.017,0.022,1,"PDP1"
0.105081690242117,0.163990598848422,0.182,0.145,1,"NCOA6"
0.105213100795335,-0.271627401631153,0.035,0.041,1,"CTDSPL"
0.105313914049695,0.211112344278376,0.045,0.029,1,"BCORL1"
0.105469183568007,0.395536551448989,0.018,0.011,1,"CCDC62"
0.105714196273618,-0.208336786422503,0.053,0.045,1,"GINM1"
0.105814425283066,-0.781185637470978,0.033,0.041,1,"CD69"
0.105850792792936,-0.39876372877517,0.045,0.052,1,"AKAP8"
0.106108233928377,-0.922103643506943,0.013,0.014,1,"FN1"
0.106121294142501,0.412870570149409,0.013,0.008,1,"COL5A3"
0.106174367628852,0.498537299821539,0.053,0.035,1,"BAIAP2"
0.106202763586788,-0.281282648090733,0.018,0.016,1,"AL445433.2"
0.106242432310782,-0.227346259306076,0.011,0.014,1,"CDK3"
0.106290805796561,-0.739971945885137,0.016,0.021,1,"KSR2"
0.106320621424522,0.227424362992586,0.133,0.107,1,"C1QTNF3-AMACR"
0.106366161040912,-0.370498923894287,0.012,0.014,1,"ZKSCAN7"
0.106449239536922,0.42239866312536,0.023,0.016,1,"RXRB"
0.106482398972579,0.165956756527809,0.02,0.016,1,"CDK4"
0.106550591753341,-1.31225056308329,0.019,0.037,1,"ZP3"
0.106550989720918,0.12469826550784,0.09,0.081,1,"TATDN1"
0.106575680773536,0.475114671548284,0.122,0.075,1,"GFPT1"
0.10662628431461,0.415799462435522,0.025,0.015,1,"AC090579.1"
0.106648602399246,0.346047432112283,0.037,0.024,1,"EXOSC7"
0.106671726450927,-0.149265426122487,0.05,0.034,1,"CNN3"
0.106788299751836,0.344488456952309,0.017,0.013,1,"GZF1"
0.106793201950231,0.471580646782459,0.03,0.023,1,"PPM1E"
0.107050607678863,-0.452674212613306,0.017,0.018,1,"PDLIM7"
0.107082106838364,-0.51379159210291,0.02,0.021,1,"MTA2"
0.107270220639882,-0.231206338435022,0.039,0.037,1,"SLC35F1"
0.107572183940089,0.204481302345533,0.346,0.28,1,"RABEP1"
0.107734719921406,-0.568843632501486,0.038,0.041,1,"MSANTD4"
0.107760223028996,-0.832676829466505,0.043,0.059,1,"TSPAN33"
0.107779405688081,0.148798705702421,0.042,0.035,1,"PLOD3"
0.108261973236019,-0.415194580348489,0.056,0.058,1,"CCSAP"
0.108307147680527,-0.380685021515292,0.011,0.013,1,"S1PR1"
0.108343882523134,-0.234919564015794,0.065,0.071,1,"CARF"
0.108450532445531,-0.611795283732691,0.018,0.02,1,"DAPK2"
0.108467187191584,-0.524269285725034,0.028,0.032,1,"PIGQ"
0.108497315606221,0.14768244037858,0.04,0.035,1,"LPAR2"
0.108600660736112,-0.605118224714448,0.009,0.012,1,"C8orf76"
0.108642639717918,0.441568229682903,0.128,0.087,1,"AGAP3"
0.108734904320513,0.140858024249679,0.16,0.122,1,"ATXN3"
0.108758176214963,0.776460681042749,0.026,0.012,1,"UTP3"
0.108887597009074,-0.553733615142993,0.038,0.047,1,"RELT"
0.10894638270039,0.79042905922466,0.165,0.09,1,"HSPA4"
0.109026523153379,-0.180935768862015,0.048,0.045,1,"IMPA2"
0.109088289347502,-0.360912637053813,0.182,0.21,1,"PHACTR1"
0.109093324497038,0.159197929817331,0.021,0.012,1,"PVALB"
0.109189690751582,-0.690981819187878,0.012,0.009,1,"PFKM"
0.109306619684933,0.278719935750813,0.136,0.102,1,"SMS"
0.109479820519329,0.804754522851592,0.129,0.064,1,"EZR"
0.109607183633186,0.25010374148271,0.021,0.013,1,"ZMAT5"
0.109623064492471,-0.36294200347738,0.057,0.062,1,"TMED9"
0.109628161045899,-0.878457275249259,0.008,0.012,1,"LINC00271"
0.109672258020903,-0.719423517817059,0.032,0.034,1,"FOPNL"
0.109710234482575,-0.26003589417047,0.014,0.013,1,"FLYWCH2"
0.109736087224565,-0.888832988034352,0.022,0.035,1,"MEI4"
0.109743829988707,0.541675090696977,0.039,0.02,1,"AC010615.4"
0.109804256772964,-0.514149424036515,0.039,0.048,1,"CXCL12"
0.109952718981547,-0.456486539437628,0.02,0.022,1,"AGRN"
0.110091311066052,-0.338597166829815,0.041,0.042,1,"TPMT"
0.110094209218603,-0.237343305519682,0.024,0.025,1,"IDH3B"
0.110245100030986,0.256832536726516,0.245,0.181,1,"FUBP1"
0.110384957987192,-0.418485981480074,0.022,0.021,1,"AGFG2"
0.1104405578338,-1.07116278873895,0.012,0.019,1,"HLF"
0.110512933884361,-0.618148584027892,0.013,0.015,1,"RHBDL3"
0.110515491944243,1.84943408873232,0.045,0.012,1,"TSNAX-DISC1"
0.110629752392347,-0.793548325905381,0.011,0.014,1,"AC025171.4"
0.110684776381938,-0.361358058335016,0.062,0.062,1,"ZC3H7B"
0.110776018034557,0.775460239086167,0.057,0.033,1,"RECQL"
0.110889966192628,-0.683351189529485,0.154,0.204,1,"DPH6"
0.111169100321718,0.210143454908018,0.05,0.032,1,"SRSF9"
0.111195587677481,-0.884115881447198,0.091,0.136,1,"TPRG1"
0.111203950650029,-0.52228053390052,0.126,0.151,1,"P2RX4"
0.111233941259458,0.490957979040188,0.042,0.022,1,"ZNF518B"
0.111246755760132,0.302228742360352,0.105,0.071,1,"FAM185A"
0.111277561473935,0.205654969835383,0.3,0.249,1,"LSM14A"
0.111288299346563,-0.140093141174322,0.01,0.007,1,"AL160269.1"
0.111328494503519,0.664886632962419,0.038,0.022,1,"LRIF1"
0.111408620851234,-0.718748432612747,0.024,0.031,1,"LINC01135"
0.111513426667561,0.4289907893729,0.133,0.082,1,"MBOAT7"
0.111558416106201,-0.406430230366076,0.078,0.084,1,"PDPR"
0.11159370798757,-0.544672605311054,0.035,0.027,1,"TRIB1"
0.111597630483326,0.109871270247211,0.031,0.024,1,"PEF1"
0.111613620461436,-0.562868367357538,0.019,0.024,1,"IL12RB1"
0.111698052786511,-0.691497183190693,0.018,0.023,1,"ZNF202"
0.111888560742407,-0.631813919446087,0.045,0.06,1,"DCLK1"
0.111924052094088,0.435393448240686,0.048,0.031,1,"DBI"
0.111996724273478,-0.123711565467851,0.066,0.068,1,"XPNPEP1"
0.112063092937426,0.120457383070583,0.055,0.044,1,"ZNF770"
0.112138324427397,1.62470687919731,0.01,0.004,1,"VDR"
0.112143030285984,0.488147642618904,0.112,0.077,1,"PKNOX1"
0.112143682715717,-0.220785550225212,0.044,0.038,1,"PAXX"
0.112275164099575,-0.240194845366076,0.022,0.022,1,"PRPS2"
0.112289256910878,0.316376648892866,0.023,0.016,1,"SLC25A4"
0.112381761114311,0.267563506522584,0.107,0.081,1,"SEMA6A-AS1"
0.112441206067781,-0.194417101788169,0.053,0.047,1,"RFX1"
0.112444503149933,-0.124720927450423,0.098,0.087,1,"SUPT6H"
0.112613287366273,-0.268064730355136,0.025,0.022,1,"TNFAIP1"
0.112637931177817,-0.303181452018711,0.019,0.021,1,"MKRN3"
0.112705031855054,-0.704741504673261,0.058,0.078,1,"LCLAT1"
0.112801678722149,-0.320869577755207,0.034,0.033,1,"ME3"
0.112852164768472,-1.5846928013709,0.012,0.037,1,"TUBB8"
0.112969304613918,1.14998862088885,0.019,0.006,1,"CPSF1"
0.113075303252234,0.23816362263815,0.022,0.016,1,"TAF1C"
0.113166207542323,-0.326592079371823,0.084,0.08,1,"IRF3"
0.113318122969869,0.141846795929018,0.054,0.043,1,"EXTL3"
0.113473273222955,-0.583232689177272,0.012,0.013,1,"MMP28"
0.113630402226114,0.34474991565678,0.048,0.031,1,"SLC30A1"
0.113641044934082,-0.438919215105387,0.077,0.091,1,"RAD54L2"
0.113904248654663,-0.141396597265362,0.071,0.066,1,"NIPAL2"
0.114058172165202,0.213658076497607,0.079,0.057,1,"CLIP4"
0.114100399329641,0.343726015518961,0.062,0.043,1,"BNIP3"
0.11418700017213,-0.401465437833373,0.055,0.058,1,"LTA4H"
0.114234824159174,-0.370907460354687,0.029,0.031,1,"C16orf58"
0.114241214123594,-0.160471212952611,0.022,0.024,1,"ELAC2"
0.11433085112798,-0.322591343428792,0.056,0.058,1,"UGDH-AS1"
0.11452671848223,-0.129969643680348,0.072,0.065,1,"ATN1"
0.114539972293498,0.531579725039038,0.047,0.025,1,"DYNLT1"
0.114612351859873,-0.545717339338271,0.092,0.118,1,"ZNF536"
0.114667065531579,0.14077800741354,0.01,0.009,1,"CAPN10"
0.114818775114842,-0.232922168938631,0.027,0.024,1,"ATP8B1"
0.114872778590271,-0.178078395111661,0.044,0.047,1,"MS4A4A"
0.114944564597096,1.09706942393368,0.011,0.004,1,"CHCHD4"
0.115078918485658,-0.348259551207839,0.038,0.038,1,"TNFRSF11A"
0.11510036209562,0.545984823241052,0.075,0.048,1,"HLA-C"
0.115246151602903,-0.14532651743601,0.029,0.027,1,"KCTD17"
0.115426170404513,-0.210833292445915,0.139,0.142,1,"TAPBP"
0.115532618227973,0.112446832795713,0.101,0.072,1,"RPL23A"
0.115548480533825,0.258599667189385,0.075,0.051,1,"NBPF14"
0.115583051511252,0.882069866140323,0.023,0.012,1,"GLRX5"
0.115601118715998,0.168900017282142,0.113,0.077,1,"OFD1"
0.115681723272706,0.115502642420559,0.247,0.214,1,"MAN1A2"
0.115841417015946,-1.10493874355273,0.013,0.019,1,"ZNF777"
0.115898339264092,-0.436699365567366,0.028,0.028,1,"TTC12"
0.11595908706147,0.148278842880905,0.133,0.123,1,"C15orf41"
0.116025881044597,-0.139755610108562,0.088,0.081,1,"N4BP2"
0.116298298562538,-0.515042221699642,0.019,0.024,1,"RAB38"
0.116737465333004,-0.46924111779975,0.059,0.07,1,"FO393401.1"
0.11681306028462,-0.859134357986117,0.045,0.067,1,"TMEM151A"
0.11682231573321,-0.325223583239857,0.022,0.018,1,"FOXP4"
0.116839504176629,-0.583579050438041,0.021,0.026,1,"PKIG"
0.116882142713115,-0.222558387897027,0.039,0.037,1,"GALNT15"
0.11690245577765,-1.17151252986062,0.017,0.025,1,"POLR2D"
0.11693793679282,-0.130405553905637,0.05,0.043,1,"TMEM38B"
0.116962210483591,-0.686175939734761,0.032,0.04,1,"AL139383.1"
0.117035355765157,-0.255419504762881,0.034,0.031,1,"JOSD2"
0.117049652239733,-0.343103084144588,0.017,0.018,1,"ZMYND15"
0.11707316466232,0.209278553502075,0.089,0.064,1,"NAA20"
0.117157015590518,0.634753282497205,0.025,0.014,1,"TMEM147"
0.117173581212267,-0.370157325149251,0.127,0.151,1,"C11orf49"
0.11717864367393,-0.20024586022676,0.073,0.073,1,"PPP1R9A"
0.11720253607165,-0.128648426376042,0.014,0.012,1,"HHLA3"
0.117360645566694,0.262524409550562,0.081,0.058,1,"ACSF2"
0.117388607804732,1.7482545838736,0.025,0.007,1,"ARG2"
0.117433262501424,0.158790838250925,0.148,0.105,1,"TRAK2"
0.117468016523604,-0.47037830854267,0.068,0.08,1,"CRYL1"
0.117517073260929,-0.431255711486777,0.011,0.01,1,"BAHCC1"
0.117561389372977,-0.672434339850376,0.015,0.018,1,"ASB13"
0.117641001725206,0.31936724529874,0.273,0.199,1,"FOXO1"
0.117669838292056,-0.274354021503342,0.03,0.027,1,"WDR73"
0.117700865391623,0.327457985168671,0.032,0.023,1,"HS6ST3"
0.11799163525762,0.279764969029249,0.174,0.115,1,"RAD21"
0.118007397473557,-0.410992289892955,0.186,0.185,1,"ZCCHC24"
0.118018371880104,-0.14445095714122,0.048,0.042,1,"ZNF394"
0.11805318963605,0.20315937641939,0.011,0.009,1,"SPATC1L"
0.118239076505116,0.296650653316624,0.057,0.049,1,"MVP"
0.118285309288813,-0.255219488521655,0.065,0.058,1,"RPN1"
0.118313619417293,-0.136119704768249,0.116,0.105,1,"ST3GAL5"
0.118475181087449,0.14171100451472,0.199,0.148,1,"STRN"
0.118489884351068,0.256329312912326,0.165,0.125,1,"TSC22D1"
0.118517908111229,0.739547426298269,0.101,0.057,1,"RIPK2"
0.118795605942894,-0.340568258337373,0.031,0.031,1,"SORD"
0.118841223862114,-0.354562509225767,0.079,0.077,1,"CAPNS1"
0.118868396627615,-0.264883574655067,0.094,0.095,1,"MPPE1"
0.118889694839956,0.62803915318728,0.037,0.024,1,"PCYOX1"
0.119033281357033,-0.464229536674191,0.035,0.038,1,"ABTB1"
0.119114786542579,-0.240043969549154,0.067,0.058,1,"ZNF439"
0.11929812443094,0.278090990237547,0.126,0.092,1,"NOP58"
0.11937411645559,-0.472815650923718,0.021,0.021,1,"NAT9"
0.119383815903055,-0.927166970440048,0.029,0.044,1,"CYP7B1"
0.119421482998905,-0.262024555342738,0.043,0.036,1,"SMIM29"
0.119514844052443,-0.176055686604,0.073,0.079,1,"IGSF11"
0.119600581939897,0.44089026334323,0.014,0.011,1,"CHDH"
0.119737224567689,-0.794261458632577,0.027,0.028,1,"H2AFY2"
0.119913460474492,-0.412416732452037,0.013,0.017,1,"EFNA5"
0.119942017486553,-0.741847285747005,0.046,0.064,1,"RPS6KB2"
0.119964780931048,0.100251877515303,0.03,0.021,1,"FAM177B"
0.119987912836933,-0.377299039747158,0.046,0.047,1,"CTDSP1"
0.12000485543075,-0.284896129814933,0.247,0.245,1,"SLC11A2"
0.120037118768383,-0.201440182562255,0.072,0.064,1,"THOC3"
0.120101604807214,-0.716146849558101,0.019,0.024,1,"CEP170B"
0.120122138607427,-1.20761071684518,0.019,0.036,1,"PKIB"
0.120176927673879,-0.267992910113739,0.032,0.031,1,"RFXAP"
0.120257034513908,0.145194665693529,0.081,0.06,1,"SRPK1"
0.120345004263218,0.682070983839649,0.049,0.028,1,"MCF2"
0.120461839937035,-0.208522197566761,0.095,0.102,1,"PTPRO"
0.120472874979345,-0.382730372526408,0.066,0.07,1,"PLXNB1"
0.12049685712568,-0.832087067226339,0.033,0.056,1,"MS4A4E"
0.120533261851557,-0.856046745435491,0.072,0.102,1,"PLA2G15"
0.120745616136994,-0.289524249535164,0.041,0.04,1,"NADK"
0.120878957897993,-0.403691432963462,0.082,0.096,1,"INTS1"
0.121087785686845,-0.531031160358698,0.021,0.024,1,"ZBED5-AS1"
0.121302016055942,-0.311753653362533,0.048,0.049,1,"NSUN4"
0.121394384319197,-0.422964751792623,0.122,0.131,1,"ARHGDIA"
0.121695172732755,-0.513796389499511,0.037,0.056,1,"GREB1L"
0.121946933393989,0.126415770660777,0.198,0.164,1,"LMBR1"
0.121998406173332,-0.371643127308951,0.038,0.047,1,"MIR4435-2HG"
0.12200739399238,-0.348530783447102,0.016,0.014,1,"PPP1R3D"
0.122095542781376,0.395323394624904,0.082,0.06,1,"IL16"
0.122131358817817,0.161834856910916,0.134,0.108,1,"NOL10"
0.122132405049425,1.10825215205481,0.012,0.006,1,"ROR1"
0.122151344890405,-0.176177562792874,0.08,0.073,1,"GMFB"
0.12215178342725,-0.182866680830233,0.031,0.028,1,"URM1"
0.122191367957451,0.182566520559927,0.012,0.007,1,"AC025171.2"
0.122223732779227,-0.492508506496482,0.1,0.125,1,"SH3GL3"
0.122498205692855,-0.385839633991956,0.022,0.02,1,"TTC31"
0.12266723539127,-0.268430247941028,0.158,0.161,1,"RECK"
0.122719078067521,0.497255763789988,0.025,0.014,1,"DDX11"
0.122763882361339,-0.173064001577004,0.022,0.017,1,"TYRO3"
0.122785222191329,0.104477607003276,0.089,0.071,1,"PPIL4"
0.12289035781189,-0.251941036770862,0.066,0.062,1,"GLMN"
0.122942687513235,0.630512954102183,0.056,0.031,1,"FERMT2"
0.123003460593527,0.230463315620518,0.087,0.06,1,"ATG12"
0.123007582447608,-0.231635277894736,0.038,0.035,1,"PIGC"
0.123028029734151,-0.889801693834958,0.036,0.047,1,"NAT10"
0.123095705243943,-0.329210363767266,0.061,0.064,1,"LINC00662"
0.123187666543129,0.155616362502858,0.199,0.157,1,"CRK"
0.123242435946884,-0.108018854925765,0.079,0.065,1,"IP6K2"
0.123320566467312,0.424527846547796,0.04,0.027,1,"RRP36"
0.123495275719445,-0.418823915575183,0.02,0.022,1,"DHX38"
0.123650399144595,0.182041329033225,0.057,0.045,1,"POLI"
0.124017684959169,0.503265123011325,0.05,0.024,1,"SNRPA1"
0.124041698431767,-0.106587901290583,0.055,0.057,1,"CEP135"
0.124232878223476,-0.408935395092991,0.071,0.082,1,"FARSB"
0.124250226388683,-0.450104458879553,0.01,0.01,1,"AC090114.2"
0.124364925368914,0.253559214327922,0.127,0.103,1,"CSTF3"
0.124754942818531,-0.201815304409398,0.099,0.095,1,"C12orf4"
0.124878772263896,0.111949906930142,0.137,0.105,1,"ZC3H7A"
0.12498562113725,-0.369901084425461,0.036,0.039,1,"GTF2IRD2"
0.124986789301,0.963857001467847,0.083,0.035,1,"COPS9"
0.125099527335185,-0.114538268904506,0.081,0.073,1,"DENND4B"
0.125249471434486,-0.248304434211327,0.028,0.023,1,"SEMA7A"
0.125346865109247,-0.583839702903014,0.009,0.011,1,"LLGL1"
0.125409238294357,-0.404874083409885,0.03,0.033,1,"CNKSR3"
0.12554796198667,0.982879979068336,0.113,0.05,1,"SHMT1"
0.125582290727072,-0.353595948239707,0.041,0.043,1,"BFAR"
0.12565116694768,0.171691357936319,0.109,0.08,1,"SSBP1"
0.125717899758606,-0.32262598770051,0.079,0.084,1,"EMC10"
0.125878683269953,-0.854026463131741,0.031,0.041,1,"TAGAP"
0.125893408299659,-0.201747682625842,0.011,0.01,1,"PRIMA1"
0.125908033621491,0.107753625169031,0.095,0.075,1,"FAM204A"
0.125923690036039,-0.376260682000366,0.029,0.025,1,"SPNS1"
0.126159716349749,-1.48574117624849,0.006,0.012,1,"FLT3"
0.126213901430196,0.126088523566378,0.096,0.075,1,"NDUFB7"
0.126284577714176,-0.220723647137438,0.027,0.025,1,"TMEM116"
0.126349799122677,1.01081214211079,0.049,0.028,1,"MAP3K10"
0.12637216923255,0.508107783665002,0.013,0.013,1,"AC124947.1"
0.126403245943936,0.300924270612961,0.031,0.023,1,"WDR46"
0.126405580138027,-0.199363404679654,0.021,0.022,1,"DPM2"
0.126420090004494,-0.61677644353377,0.036,0.052,1,"LIMA1"
0.126433435566253,-0.174827347593127,0.123,0.115,1,"MAPK9"
0.126467771067426,-0.342994233698306,0.012,0.012,1,"SPTB"
0.12660538691186,-0.767395666801172,0.02,0.027,1,"AC019205.1"
0.126756158610715,-1.00541862395155,0.014,0.019,1,"PEX16"
0.126764220144793,-0.225676800758677,0.059,0.057,1,"MAZ"
0.126957928448717,-0.278622275113775,0.043,0.043,1,"WBP4"
0.126995131415723,-0.857890868875419,0.033,0.045,1,"REXO4"
0.127043531829965,0.287220886186063,0.106,0.076,1,"EDEM1"
0.127085740808316,-0.221332918395969,0.169,0.16,1,"LINC00894"
0.127170366953174,-0.739183276063368,0.038,0.045,1,"ATP5PB"
0.127180545064811,-0.714973597265582,0.034,0.035,1,"NFYB"
0.127218067900205,-0.233311296266534,0.092,0.109,1,"RAB39A"
0.127365518243572,-0.146597267468237,0.119,0.105,1,"YME1L1"
0.127375251104149,-0.188084810376016,0.043,0.035,1,"MCRIP2"
0.127384990090888,0.649157995591281,0.016,0.011,1,"PPP1R14B"
0.127492596079269,-0.117574377217633,0.079,0.071,1,"DYNLRB1"
0.127610387883015,-0.928550220159993,0.066,0.11,1,"ITGA6"
0.127759559887062,0.317294167596019,0.235,0.167,1,"HPS3"
0.127801085430859,-0.153731620886952,0.01,0.008,1,"AC011921.1"
0.128009849573517,-0.272471470685058,0.02,0.018,1,"FIBP"
0.128112755669377,0.151608989058313,0.384,0.317,1,"RASA1"
0.128165820468594,-0.800631752321307,0.012,0.017,1,"SYN3"
0.12818109447902,0.131163086573962,0.025,0.018,1,"TMEM214"
0.128214540045954,0.365186513441035,0.107,0.064,1,"DAB2IP"
0.128227957531781,-0.489024855977831,0.047,0.054,1,"CMTR1"
0.128288183447059,0.100616425929321,0.049,0.039,1,"WAS"
0.128291360382476,-0.189633407760161,0.026,0.024,1,"G6PD"
0.128430182587954,-0.671817189615735,0.062,0.084,1,"CCR1"
0.128447859894077,-0.403330917393641,0.026,0.024,1,"SNRPD1"
0.128559053371487,-0.230884882094343,0.017,0.019,1,"TP53TG5"
0.128575867741987,0.441824726659279,0.013,0.007,1,"STK36"
0.128577974827979,-0.219579071714402,0.121,0.117,1,"RUFY2"
0.12872389621091,-0.156326775609375,0.039,0.037,1,"ZNF302"
0.128962657541049,0.203727704270543,0.072,0.052,1,"SMG5"
0.128973802266791,0.473338579287932,0.065,0.042,1,"MLLT1"
0.129092880572577,-0.469566052077058,0.039,0.043,1,"DNAJC17"
0.129169900445409,0.163971259904372,0.144,0.106,1,"PPP4R1"
0.129251646075365,0.149822939503471,0.035,0.026,1,"TMEM209"
0.129297522839258,-0.179622671950342,0.012,0.013,1,"BCL3"
0.129308832259687,1.01661798313029,0.092,0.047,1,"TSHZ1"
0.129324402472673,0.214297549398537,0.056,0.039,1,"CPNE1"
0.129565164977411,-0.13648106476403,0.106,0.1,1,"VPS29"
0.129744476792686,0.435778772370056,0.106,0.071,1,"IQGAP2"
0.129939250666088,-0.33618497378358,0.084,0.086,1,"SLC44A2"
0.130020525777541,-0.300785772923045,0.03,0.024,1,"UBXN1"
0.130101513716975,-0.716398688181435,0.009,0.012,1,"ODF3B"
0.130180638802709,-0.133911283189803,0.081,0.071,1,"SEC24A"
0.130322015338623,0.279796438565149,0.157,0.107,1,"UGP2"
0.13033072771877,-0.189136000371798,0.048,0.045,1,"FAM171B"
0.130648655462131,0.113126394321589,0.086,0.075,1,"GPNMB"
0.13067120289346,-0.418425401601483,0.055,0.051,1,"HDAC1"
0.130690648699556,0.381540253787654,0.029,0.02,1,"MRPL51"
0.130959828177596,0.632511015756374,0.028,0.018,1,"TOX"
0.130970030877572,-0.354865886448494,0.121,0.132,1,"BTF3L4"
0.13102635165439,0.311228691874124,0.177,0.127,1,"ZBTB44"
0.131028897693969,-0.556042892699537,0.008,0.011,1,"FAIM"
0.131248705035498,-0.363058508710394,0.042,0.055,1,"TMEM232"
0.131357767621017,0.106226825551621,0.024,0.019,1,"CCDC180"
0.131364550816834,-0.252473546853599,0.022,0.025,1,"NUFIP1"
0.13136821664095,-0.363578934310145,0.112,0.125,1,"MIR222HG"
0.131436716076006,-0.481313158912269,0.106,0.127,1,"OPHN1"
0.131540081662791,1.17294378445571,0.017,0.008,1,"VGF"
0.131624328428686,-0.646574165124072,0.009,0.01,1,"SLC30A10"
0.131698011723186,-0.25598749595392,0.022,0.016,1,"PSMD10"
0.131815362612882,0.209617662476919,0.045,0.027,1,"PRMT1"
0.131821193363839,0.188880980547658,0.014,0.009,1,"TMEM51-AS1"
0.13185700453094,0.488981529921674,0.025,0.018,1,"AC020916.1"
0.131965107625403,0.35240567683135,0.011,0.005,1,"RGS9"
0.132366894359608,0.253683461566739,0.112,0.091,1,"ANKRD26"
0.132379602629765,0.294634662798092,0.049,0.044,1,"AC113414.1"
0.132462807160167,-1.01743173764554,0.006,0.012,1,"SLITRK4"
0.132614382257809,-0.940804787928939,0.014,0.016,1,"AIMP2"
0.132648294817754,0.540910673990838,0.027,0.016,1,"TPD52L1"
0.132667499148097,-0.118735515357639,0.03,0.024,1,"BVES"
0.132741526295128,-0.174375064959646,0.014,0.011,1,"UCKL1"
0.132770180454245,0.319319109017294,0.193,0.151,1,"NTRK2"
0.132826953808363,-0.453271445842923,0.058,0.062,1,"SERPINB9P1"
0.132967995905382,0.128456152363047,0.187,0.142,1,"GRK5"
0.132975891571403,0.5127856941546,0.033,0.024,1,"RBKS"
0.133073280716034,-0.167301790365816,0.035,0.033,1,"REEP4"
0.133086186852826,-0.402997731279142,0.042,0.052,1,"HAUS6"
0.133246848696791,-0.489440525236083,0.082,0.105,1,"PPM1H"
0.133269959169736,-0.293781274789783,0.037,0.037,1,"POFUT1"
0.133455106044613,0.199911563968252,0.024,0.021,1,"METTL5"
0.133458917519135,-0.805785651926766,0.014,0.019,1,"TRO"
0.133498124272956,0.922779721166832,0.015,0.009,1,"SIAE"
0.133534853430774,0.143719982337608,0.043,0.037,1,"LINC00476"
0.133838836497073,-0.196694921854017,0.085,0.083,1,"KIFAP3"
0.13384215015132,0.894421950888497,0.031,0.019,1,"AL136164.2"
0.133925052735583,-0.241551054087242,0.113,0.117,1,"MYO15B"
0.133956004864712,0.305816521650673,0.035,0.02,1,"ZNF568"
0.134111034833421,0.156076197766677,0.054,0.047,1,"BTN2A1"
0.134389583713518,-0.960940114348117,0.018,0.024,1,"NECTIN1"
0.134465486400854,-0.334387895489394,0.069,0.072,1,"GFM1"
0.134549730078222,0.278486639906636,0.016,0.013,1,"BRICD5"
0.134837358783565,-0.310151910940062,0.065,0.062,1,"DCXR"
0.134998539685496,-0.260963771779394,0.079,0.074,1,"RNF141"
0.135116013038717,0.217123745578052,0.077,0.06,1,"LGALS8"
0.135158739979555,-0.855203209544321,0.014,0.019,1,"AC083949.1"
0.135225419675005,0.168310586630342,0.174,0.138,1,"UBAP1"
0.135414749804829,0.1962683216725,0.049,0.039,1,"PITHD1"
0.135800463455372,-0.625303706388498,0.009,0.01,1,"TRPC5"
0.135827234156068,-0.331377532213277,0.034,0.036,1,"CD93"
0.135890942546876,0.211193076272923,0.081,0.06,1,"PHPT1"
0.136027897141427,0.799947270805737,0.264,0.157,1,"ZC3HAV1"
0.136060754744005,-1.16299233307647,0.013,0.022,1,"TUB"
0.136077164259521,-0.281635388470524,0.199,0.2,1,"EEA1"
0.136275470509457,-0.534673142512372,0.06,0.07,1,"SOBP"
0.136408040948514,-0.845187971929601,0.054,0.075,1,"PIM1"
0.136411348742602,0.155172207934489,0.012,0.01,1,"PNPLA4"
0.136416443048745,-0.89907896987403,0.01,0.017,1,"PRRT1"
0.136548732755709,-0.119797079515545,0.142,0.128,1,"RNF19A"
0.136658315068042,-0.456081646349042,0.025,0.029,1,"DYNC2LI1"
0.13680138938192,-0.338691406424353,0.012,0.012,1,"DTD1"
0.136808870511849,0.15015139309841,0.122,0.082,1,"RSBN1"
0.137029759220314,0.24944306944175,0.146,0.108,1,"EFCAB13"
0.137117536922567,0.570735795769825,0.045,0.027,1,"ABCA3"
0.137222393644133,-0.128878956338022,0.138,0.122,1,"SSBP3"
0.137332523283692,-0.30076569027734,0.08,0.094,1,"GRID1"
0.137358852032307,-0.244240729002557,0.021,0.023,1,"SLC4A10"
0.137392520541985,0.172135727080857,0.175,0.129,1,"UHRF2"
0.137614056435427,-0.816794823398496,0.008,0.014,1,"NOS1"
0.137807266144691,0.128412976581306,0.01,0.006,1,"AC025539.1"
0.137819125754255,0.540793248719284,0.012,0.007,1,"AC079594.2"
0.137891632978324,-0.435874683714564,0.015,0.015,1,"GPC1"
0.13790665067424,-0.771319799404717,0.05,0.066,1,"KMT2B"
0.13797498739542,1.28283135504058,0.026,0.007,1,"VLDLR"
0.138359040139988,-0.108849848580348,0.013,0.012,1,"C12orf43"
0.138398684031569,0.99685581523741,0.05,0.02,1,"PPP1R3B"
0.138423595445315,0.127646898094278,0.021,0.016,1,"PES1"
0.138510020781516,0.164577657658161,0.034,0.028,1,"DOCK6"
0.138624081845839,-0.33904452900144,0.061,0.063,1,"RNF34"
0.138665785197556,1.35660470543762,0.03,0.011,1,"HIST1H4C"
0.138854401034651,-0.543020270458707,0.028,0.03,1,"ING4"
0.138899935383907,0.83182288697089,0.011,0.006,1,"MAMDC2-AS1"
0.138931400482093,0.288224795821026,0.02,0.014,1,"SLC9B2"
0.139058161978466,-0.605025311792089,0.041,0.052,1,"GRAPL"
0.139061169235897,-0.687918599521787,0.097,0.127,1,"FGL2"
0.139547234505048,-0.164415769256578,0.051,0.05,1,"ZNF41"
0.13965524302758,-0.206917681696442,0.036,0.033,1,"C9orf78"
0.139826310075121,-0.821556761085688,0.015,0.022,1,"SH3GL2"
0.139921266612101,-0.151468457498511,0.197,0.176,1,"STIM1"
0.140032668996168,-0.396568916480713,0.017,0.014,1,"RNASEL"
0.140318616222465,0.141465597500181,0.015,0.012,1,"AC003102.1"
0.140327398870931,-0.868013156019426,0.01,0.008,1,"ALKBH6"
0.140352839441869,-0.904572769253188,0.042,0.063,1,"AZIN1-AS1"
0.140385149604843,-0.237981064528815,0.037,0.037,1,"USP49"
0.14048289643051,-0.835285911698308,0.013,0.022,1,"EPHA3"
0.140517871183091,-1.1391044452044,0.008,0.018,1,"CMPK2"
0.140543106665146,0.483214573293686,0.299,0.198,1,"QDPR"
0.140592757416189,-1.06475454680959,0.042,0.071,1,"AFF3"
0.140631419993936,-0.364646133610278,0.03,0.033,1,"PDCD11"
0.141076937553621,0.18230854528703,0.091,0.07,1,"CBX3"
0.141108280301145,-0.241600202054101,0.075,0.068,1,"SYPL1"
0.141124106023078,0.735967584882469,0.011,0.005,1,"ZNF699"
0.141139129924893,-0.127930310466335,0.02,0.02,1,"OSBPL7"
0.141191363134219,0.27927638612222,0.011,0.008,1,"OXLD1"
0.141337460412446,-0.437071491079945,0.038,0.033,1,"RNF8"
0.14138902409606,-0.645085978277406,0.029,0.04,1,"DCAF8"
0.141495519216601,0.227712297986335,0.034,0.028,1,"CTNS"
0.14161733114664,0.412478337322445,0.027,0.021,1,"UNC45A"
0.141698013612674,0.13253241846748,0.148,0.122,1,"SLC30A9"
0.141732901457196,0.682151642779979,0.013,0.007,1,"AC098679.1"
0.141734656877986,-0.117830153519986,0.044,0.041,1,"MYLK"
0.141785445781798,0.576386202489852,0.031,0.022,1,"LINC00320"
0.141815057254654,-0.259598848400243,0.034,0.033,1,"CCDC25"
0.141926943030013,-1.0888039655756,0.014,0.028,1,"IL1B"
0.141933026708909,0.159523120236021,0.229,0.184,1,"HNRNPD"
0.141949755746974,0.255876290419125,0.034,0.02,1,"PM20D2"
0.142048245907948,-0.111730596880383,0.042,0.044,1,"ABHD8"
0.142190615054903,0.267921644151836,0.05,0.037,1,"SMPD4"
0.142219276269358,-0.330389691436581,0.051,0.052,1,"IER3"
0.142219506412419,0.593425333681167,0.013,0.007,1,"AL589666.1"
0.142220197588429,-0.136018844572539,0.079,0.075,1,"PDHX"
0.142428168161886,-0.218821768990487,0.055,0.049,1,"LSM12"
0.142583930266036,0.493790517585671,0.011,0.008,1,"NLGN2"
0.142631782936607,0.435642080475218,0.022,0.012,1,"MRPL14"
0.142668886134544,0.175896517429629,0.093,0.069,1,"SSPN"
0.142690632663458,-0.508417670741155,0.035,0.04,1,"NAGLU"
0.142709598259386,-0.275132456250923,0.044,0.037,1,"RPS3A"
0.142733314082431,-1.02867954265412,0.046,0.075,1,"PLLP"
0.142947981965235,-0.987876591471704,0.022,0.031,1,"HIST2H2BE"
0.142979039598367,0.175303334711644,0.049,0.031,1,"AC005332.7"
0.143021942116854,-0.427805532674044,0.052,0.058,1,"PML"
0.143191998778914,-0.558160167471715,0.081,0.087,1,"TBCB"
0.143411375495851,-0.953372895963484,0.007,0.013,1,"BCL2A1"
0.143425927599026,0.21504853413948,0.042,0.024,1,"NBPF9"
0.143566395300244,-0.274956430756759,0.027,0.028,1,"SCG5"
0.143570234152959,-0.231386355796774,0.146,0.148,1,"RAPGEF5"
0.143571200915008,-0.158546206078859,0.132,0.119,1,"VAPB"
0.143702535499483,-0.360035228124139,0.097,0.1,1,"CGNL1"
0.144109599913244,-0.33048923321119,0.123,0.117,1,"CMPK1"
0.144385211598386,0.779161766826646,0.088,0.047,1,"FRG1-DT"
0.144583890329179,-0.146987285421593,0.061,0.06,1,"HEATR5A"
0.14464784309584,-0.53077535368174,0.041,0.073,1,"GALNTL6"
0.144663065692045,0.255888335867444,0.058,0.042,1,"ERAP1"
0.144735918209946,-1.52022115415157,0.009,0.014,1,"ABCA9"
0.144774691003991,-0.368830846921206,0.057,0.069,1,"C8orf37-AS1"
0.144798708730408,0.346409886785898,0.042,0.024,1,"STRIP1"
0.144831775097081,-0.367954859751686,0.037,0.035,1,"IPPK"
0.144849603503666,-0.155467541010807,0.053,0.049,1,"MRPS9"
0.145316585923632,0.331267905666905,0.03,0.021,1,"TBC1D10A"
0.145336854643711,3.92009675273709,0.011,0.001,1,"CORIN"
0.145357363391022,0.42888489248512,0.049,0.033,1,"BLMH"
0.145448347296583,0.372085699624082,0.286,0.194,1,"SPOPL"
0.145467375454674,1.11643623987055,0.02,0.008,1,"LCNL1"
0.145479516191128,-0.658953326536539,0.012,0.015,1,"ZNF688"
0.145613002411688,-0.199192886121323,0.065,0.067,1,"AL160272.2"
0.145710942891876,0.54282075022669,0.027,0.015,1,"H2AFZ"
0.145893676192868,0.422968044202851,0.016,0.009,1,"KAT5"
0.14596424204391,0.443466440100255,0.115,0.079,1,"YBX1"
0.146034671192811,-0.327151521391195,0.013,0.013,1,"BCL2L14"
0.14611890801636,0.547841693837032,0.203,0.128,1,"STK24"
0.14634224350929,-0.351353483557237,0.141,0.191,1,"UNC5C"
0.146382524654658,0.269039675543906,0.115,0.094,1,"IL15"
0.146536257454745,-0.368443460079404,0.121,0.153,1,"SHLD1"
0.146723551770327,-0.280995244878715,0.033,0.031,1,"OSGEP"
0.146836601178701,-0.380972479498506,0.022,0.021,1,"MRPL4"
0.147038994069801,0.145580429008847,0.024,0.018,1,"ISPD"
0.147045622896675,0.280818713222293,0.019,0.014,1,"PRR14"
0.147208593426514,-0.72786078220317,0.007,0.012,1,"EXOC3-AS1"
0.147402148963449,-0.782436366927087,0.014,0.016,1,"TNXB"
0.147483525864527,-0.141006160487175,0.105,0.094,1,"CUL2"
0.147559420265204,-0.409581446097318,0.062,0.061,1,"CCDC186"
0.14783362921902,0.203468231262328,0.084,0.055,1,"SRSF7"
0.14811669839133,-0.642804757798655,0.032,0.041,1,"C21orf2"
0.148123500185353,0.114486403304552,0.136,0.1,1,"PCNP"
0.148188169465595,-0.722183360354214,0.019,0.023,1,"CLUAP1"
0.14826857937036,0.604283892010764,0.022,0.017,1,"PPP1R11"
0.14826902376801,0.173133160117179,0.111,0.089,1,"PWWP2A"
0.148290674044813,-0.198132649496254,0.06,0.055,1,"PARP6"
0.148403160619944,-0.435295691650857,0.046,0.056,1,"SPATA7"
0.148410357348485,0.253218042567186,0.047,0.034,1,"ZNF493"
0.148462929784472,0.412157241337323,0.02,0.014,1,"WIZ"
0.14852358117369,0.496575629819897,0.046,0.032,1,"OLFML2B"
0.148543602465336,-0.595873042724389,0.013,0.016,1,"AK1"
0.148619714890375,-0.71568612051263,0.009,0.017,1,"SAMMSON"
0.148672524296311,-0.185811914016799,0.106,0.104,1,"REPS2"
0.148677012083252,-0.41884239912407,0.083,0.096,1,"MGLL"
0.148681883739313,-0.703579001201979,0.027,0.035,1,"AC244131.2"
0.148716567437908,0.193489355857672,0.016,0.01,1,"INCENP"
0.148847746497073,-0.12273962396411,0.02,0.02,1,"TMEM70"
0.149000206377078,-0.2381298407973,0.028,0.027,1,"PAICS"
0.149026908223823,0.826288905843533,0.013,0.007,1,"MAD2L2"
0.149074491591346,-0.405642547545416,0.064,0.071,1,"NDUFV1"
0.149106379626306,-0.429409053771907,0.057,0.053,1,"CEP44"
0.149238474800749,-0.422580516877214,0.018,0.019,1,"MAP6"
0.149266955356044,0.102922470060515,0.028,0.018,1,"SIGIRR"
0.149385059338298,0.109946152853255,0.031,0.024,1,"MRPS30"
0.149456657059834,0.31831075397842,0.229,0.152,1,"MTMR10"
0.14962806433094,-0.254508479075935,0.014,0.013,1,"GNA14"
0.149672398254874,-0.797982357714305,0.015,0.017,1,"TSPYL5"
0.1499000932669,0.152799587896362,0.012,0.012,1,"ZNF135"
0.150029557594499,-0.430182962857556,0.028,0.03,1,"WDR17"
0.15004727033528,0.694573396020157,0.039,0.026,1,"STXBP5-AS1"
0.150083783312263,-0.254745555069706,0.175,0.172,1,"TYW1"
0.150147220487949,0.223101929395122,0.01,0.008,1,"NOA1"
0.150147223076281,0.124498492807305,0.538,0.499,1,"NFIA"
0.150235039964224,-0.305534565889344,0.058,0.058,1,"CPNE3"
0.150246967999105,-0.180824146149372,0.055,0.049,1,"AP1AR"
0.150478671334365,-0.184709571022165,0.024,0.024,1,"C10orf143"
0.15055386045519,-0.396494027928603,0.078,0.093,1,"DCAF12"
0.150560647816265,-0.713841405487377,0.01,0.012,1,"TIMM22"
0.150608790697093,-0.202512666887988,0.037,0.036,1,"ZNF432"
0.150813167033243,-0.605262717091124,0.044,0.054,1,"ASH2L"
0.150900241092474,0.40316353722343,0.013,0.011,1,"MTX1"
0.150996882479625,-0.699977040888577,0.026,0.027,1,"ADCY5"
0.151038539883413,-0.427703848111853,0.056,0.058,1,"TPD52L2"
0.151122545266945,-0.314509855912916,0.038,0.04,1,"TMUB1"
0.151164711118295,0.330450317154274,0.075,0.058,1,"ZNF43"
0.151177058432378,-0.296885793612389,0.13,0.128,1,"LARS"
0.151215960106529,1.26172793699798,0.032,0.011,1,"LINC00649"
0.151250492910825,-0.135683789804998,0.044,0.037,1,"TBC1D7"
0.151398036040462,-0.118276553710587,0.032,0.028,1,"POLR2E"
0.151436100514552,0.148136531734792,0.09,0.071,1,"RIPK1"
0.151500010815116,-0.339614131321003,0.18,0.193,1,"ZNF721"
0.151544818918256,-0.423941739981814,0.045,0.048,1,"AC104596.1"
0.151628793834167,-0.210695678812447,0.014,0.012,1,"PCDH19"
0.151650519547575,-0.375959984488728,0.041,0.041,1,"NOM1"
0.15173676201639,-0.171979989148741,0.164,0.142,1,"ECHDC1"
0.151834802485372,0.259560870906257,0.058,0.045,1,"ATP5MPL"
0.151855389582222,0.771260704249166,0.014,0.007,1,"CDC7"
0.151930121701551,0.114954724607695,0.048,0.037,1,"C5orf51"
0.151952794806384,0.694461453575635,0.109,0.062,1,"OLMALINC"
0.151959230013955,1.25113022220268,0.019,0.007,1,"PSMB6"
0.151967270657347,-0.159213121930296,0.025,0.021,1,"WHRN"
0.15198000598876,-0.117347770814141,0.071,0.07,1,"FBXW2"
0.152076162706772,-0.439941750543592,0.049,0.063,1,"ARFGAP1"
0.152080188076776,-1.68153630745757,0.011,0.031,1,"LINC01504"
0.152178739939131,0.117622450017646,0.02,0.01,1,"CYB561D1"
0.152189721261526,-0.626799248924671,0.031,0.036,1,"SPRYD7"
0.152228955883861,0.195830548513716,0.077,0.058,1,"GOLGA7"
0.152363990176936,-0.441703872483764,0.318,0.372,1,"NPL"
0.15261665572663,0.217540955836487,0.113,0.079,1,"UBAP2L"
0.152801243123634,-0.200347548780163,0.058,0.056,1,"SNRNP40"
0.15281396516037,-0.446846400645119,0.02,0.026,1,"AL731574.1"
0.152820116487012,-0.902756701292289,0.014,0.02,1,"TPPP3"
0.152845670421579,0.368618066987542,0.118,0.081,1,"IPMK"
0.152865920180338,-0.542572385995887,0.035,0.04,1,"SRM"
0.152880725823008,-1.12038833254976,0.011,0.018,1,"LAMA4"
0.152956280744976,0.174141481578551,0.029,0.022,1,"SGCE"
0.152993479263109,-0.716074622055551,0.093,0.134,1,"CCND1"
0.152996481063666,0.607493614071059,0.011,0.007,1,"TBL3"
0.153026140190917,-0.409523355280068,0.045,0.051,1,"TTC39B"
0.153408675982304,-0.155459578016645,0.064,0.067,1,"HKR1"
0.153490813361726,-1.46487539346639,0.006,0.012,1,"ZNF850"
0.153729775143469,0.201109581602867,0.162,0.128,1,"TMLHE"
0.153825038192432,0.163718467730633,0.021,0.012,1,"PHB2"
0.153934213827014,1.17162419797022,0.023,0.009,1,"PDHA1"
0.153950403327615,1.44608372004747,0.011,0.003,1,"GEMIN6"
0.154011718725648,-0.419892668743713,0.036,0.039,1,"MTG2"
0.154011801757873,-0.300041528531375,0.124,0.122,1,"LRRC28"
0.154234194628609,-0.396080137557695,0.019,0.018,1,"ZNF583"
0.154273045791537,0.192062737110165,0.248,0.181,1,"CNOT6L"
0.154373940526765,-0.13076060697463,0.063,0.06,1,"CSAD"
0.154385186693952,0.341569691353054,0.094,0.067,1,"C12orf42"
0.154673184971683,-0.180021115429883,0.222,0.231,1,"CNTLN"
0.154822641960642,-0.136997490670898,0.06,0.05,1,"ATP6V1G1"
0.154860281927887,-0.376643730261446,0.024,0.03,1,"USP1"
0.154911441940844,0.656649558784381,0.029,0.02,1,"MFGE8"
0.154911520825225,0.426551071793207,0.104,0.075,1,"CBWD2"
0.154966248468764,-0.244518864470285,0.023,0.022,1,"SSX2IP"
0.155257629523187,-0.256452584534234,0.051,0.047,1,"EIF4E2"
0.155300811616549,0.41301436120625,0.038,0.025,1,"CHID1"
0.155387442430475,-0.172133931082339,0.036,0.036,1,"WDR5"
0.155438638835281,-0.483093072498898,0.02,0.018,1,"PLCXD1"
0.155636516102629,0.156537155150496,0.028,0.021,1,"VLDLR-AS1"
0.155940829283437,0.26102918314801,0.062,0.045,1,"GIT1"
0.15597498218858,-0.971931051187755,0.013,0.017,1,"KLHL13"
0.156058460125348,0.216224841137877,0.186,0.144,1,"MAGI3"
0.15642506370842,0.123713695966351,0.098,0.077,1,"AL139260.1"
0.156438603794206,-0.366567245765703,0.06,0.072,1,"GSTCD"
0.156470067782345,-1.11193145518927,0.097,0.157,1,"KCNMB2-AS1"
0.156490167269979,0.29648570224924,0.414,0.347,1,"RAPGEF2"
0.156599358711122,0.377365600244083,0.031,0.02,1,"ASRGL1"
0.156605288236849,0.38760188317285,0.034,0.023,1,"PRDM15"
0.156640069468683,-0.815666329515993,0.008,0.01,1,"AFF2"
0.156665319944645,0.853063382517956,0.01,0.005,1,"AL596202.1"
0.156690609636398,-1.18355301374898,0.011,0.025,1,"NPFFR1"
0.156787469911382,0.571002377912671,0.032,0.014,1,"C19orf53"
0.156802999018334,-0.421833242756865,0.028,0.037,1,"ZNF790"
0.156952276146122,0.509484017539142,0.257,0.169,1,"CMTM7"
0.156994716439341,0.128853707909199,0.112,0.089,1,"DAZAP1"
0.157002786074444,-0.466953999991168,0.015,0.016,1,"TSPOAP1-AS1"
0.157024782152912,-0.41268723863574,0.02,0.021,1,"MKKS"
0.157074531862743,-0.322652559475828,0.324,0.378,1,"CTNNA3"
0.15708174654646,-0.557602877165392,0.015,0.02,1,"VPS16"
0.157217887192226,-0.538832085068943,0.023,0.024,1,"YIPF2"
0.157269627328917,0.160129054471321,0.104,0.077,1,"NSFL1C"
0.157352239342106,-0.839842521256123,0.081,0.081,1,"FOS"
0.157370419765985,-0.622607528107121,0.015,0.016,1,"SRR"
0.157578464758419,-0.103749473545399,0.047,0.048,1,"ZNF594"
0.157592310160845,-0.42594822630355,0.038,0.041,1,"DDAH1"
0.157658638497347,-0.361460416099957,0.026,0.024,1,"EXOC8"
0.157694615108988,1.02051464621158,0.05,0.019,1,"MKNK2"
0.157721727204346,0.197382392375486,0.122,0.1,1,"TOGARAM1"
0.157734860188333,-0.153919159071866,0.065,0.062,1,"AC005165.1"
0.157985913917665,-0.811263078806514,0.006,0.01,1,"DISP2"
0.158090739831985,-0.140452878355229,0.09,0.086,1,"EIF2S3"
0.158116128030565,-0.179666790234137,0.075,0.067,1,"ZC3H18"
0.158275739249562,-0.10481046197947,0.014,0.012,1,"AC004951.1"
0.158437984099547,-0.39204434717003,0.03,0.037,1,"ZNF521"
0.158551529067681,0.423306888306018,0.141,0.094,1,"CAPN7"
0.158582385967968,-0.742436838233924,0.047,0.066,1,"INTU"
0.158614391359867,0.127718910968716,0.16,0.132,1,"ITSN1"
0.158616111097517,0.356962995096069,0.094,0.064,1,"UXS1"
0.158716066905351,-0.240443908588889,0.031,0.027,1,"TBC1D2"
0.159227783355666,-0.216341852365464,0.187,0.227,1,"SLC24A2"
0.159288982160292,0.58451153731309,0.043,0.024,1,"STARD4"
0.159300712395962,0.141384478496644,0.06,0.05,1,"ZNF235"
0.159308588331825,-0.180715293269669,0.074,0.073,1,"ARL13B"
0.159331162558738,-0.190599958633132,0.051,0.049,1,"ARHGAP23"
0.159349032252084,-1.7180457213671,0.007,0.018,1,"LURAP1L-AS1"
0.159405496696105,0.473602442711301,0.091,0.058,1,"ERO1B"
0.159450244265355,-0.614394763149316,0.025,0.027,1,"SVBP"
0.159609643802836,-0.612704912347037,0.016,0.019,1,"AL117335.1"
0.159703135917729,0.234671946686611,0.155,0.144,1,"SPATS2L"
0.159713548335831,-0.198755872232272,0.028,0.026,1,"PPP1R13L"
0.159735000224777,0.626612293298094,0.111,0.071,1,"SPTLC3"
0.159874462474127,0.257442147000953,0.157,0.113,1,"RPS23"
0.160003137260721,-0.775750834366361,0.066,0.117,1,"AC026316.5"
0.160038384844889,0.531995578482608,0.191,0.128,1,"PIP5K1B"
0.160147036887002,0.512692422769265,0.063,0.041,1,"TMEM9B-AS1"
0.160201683665561,0.321290289833404,0.077,0.059,1,"TMEM39A"
0.160517237807945,0.532591344998107,0.045,0.033,1,"LILRB3"
0.160538399613072,-0.181852737837579,0.094,0.086,1,"ZNF708"
0.16055812225755,0.31104082583822,0.025,0.016,1,"ZNF711"
0.160558264554808,0.301603922231757,0.029,0.02,1,"TBP"
0.160657098367481,-0.342743841614303,0.032,0.031,1,"HPF1"
0.160841244917207,-0.557180489502206,0.016,0.022,1,"CACNA1B"
0.160913344042386,0.195686324394695,0.014,0.01,1,"SEZ6"
0.161021346625977,-0.146472302286412,0.01,0.007,1,"MYO5B"
0.161041267570352,0.173119829494701,0.122,0.086,1,"PDE9A"
0.16106025498223,0.184008859308404,0.11,0.08,1,"EED"
0.161266829586512,-0.123074218455278,0.131,0.115,1,"GANC"
0.161405159507898,-0.830855637169204,0.007,0.013,1,"PRR36"
0.161583286579592,-0.489302180276319,0.017,0.018,1,"TBCCD1"
0.161587338497737,-0.221989942480638,0.027,0.022,1,"TVP23B"
0.161598699098,-0.339917594907774,0.012,0.011,1,"EID2"
0.161610446344155,-0.441066778058923,0.022,0.024,1,"SLC12A5"
0.161699836572448,-0.237318053326243,0.011,0.009,1,"AC016205.1"
0.161741723382428,-0.53236285208167,0.033,0.043,1,"SFXN2"
0.161780874241962,-0.429269463421102,0.033,0.036,1,"KCNAB2"
0.161992092673948,-0.308945268452881,0.265,0.282,1,"MTUS1"
0.162027610260718,1.15983343116765,0.014,0.007,1,"AP4M1"
0.162054230786909,-0.481214871882747,0.018,0.019,1,"MAP4K1"
0.162069119825836,0.312766711381562,0.138,0.108,1,"HPGDS"
0.162083742593703,0.514601882627382,0.013,0.007,1,"RABIF"
0.162274094259521,-1.18387849072044,0.01,0.015,1,"TMEM201"
0.1623827482566,-1.15368159436212,0.012,0.018,1,"TST"
0.162470319131517,-0.165464356422269,0.054,0.053,1,"ANKRD46"
0.162582204644547,0.37770835848594,0.243,0.153,1,"FCHO2"
0.16259624761353,0.154044419277128,0.082,0.064,1,"AP5M1"
0.162625131239113,0.177383892586503,0.189,0.151,1,"UBE2G1"
0.162625803584558,-0.128930757124247,0.012,0.011,1,"USP51"
0.162643502267485,-0.623096274337422,0.021,0.026,1,"FAAH"
0.162731501372119,0.249852138944435,0.496,0.423,1,"PPP3CA"
0.162873766867049,-0.353562748184003,0.015,0.018,1,"PSD"
0.162975041008126,-1.28056490780739,0.01,0.017,1,"SEMA3A"
0.16311305218321,-0.248124962955278,0.021,0.019,1,"BTD"
0.163160976144907,0.291363796668363,0.046,0.045,1,"DCC"
0.163378890765257,-0.844590931737373,0.008,0.012,1,"PXYLP1"
0.163530250104556,-0.424772262886002,0.034,0.03,1,"PCDH10"
0.163717227931469,-0.215214908944189,0.057,0.048,1,"PHTF1"
0.163731868926136,-0.163369059597836,0.017,0.015,1,"PGBD1"
0.163750874047569,0.233428801385141,0.029,0.022,1,"AC048341.1"
0.163796150544761,0.17495506353845,0.063,0.046,1,"ARL3"
0.163884596627098,0.316014075708836,0.671,0.606,1,"DSCAM"
0.16392193984513,-0.203123699998567,0.117,0.111,1,"AQR"
0.164042340300048,-0.240251296109707,0.025,0.025,1,"BCAR1"
0.164065717623765,-0.636643282219826,0.038,0.043,1,"SOX9"
0.164108357012156,0.195588869715636,0.207,0.153,1,"RAF1"
0.164226963728021,-0.521716038871555,0.021,0.021,1,"FAM131B"
0.164326445216897,0.439987830463308,0.044,0.028,1,"FAM89A"
0.164653836403728,0.109814053501039,0.266,0.231,1,"MSRA"
0.164794200581857,-0.164463191813533,0.031,0.026,1,"SNX12"
0.165214146369879,0.369125746205406,0.017,0.012,1,"MCAM"
0.165341049440353,-0.377595902986413,0.044,0.041,1,"QTRT2"
0.165511050673591,0.679817728728402,0.032,0.022,1,"ASTN1"
0.165544026739717,-0.111187377224976,0.284,0.259,1,"PABPC1"
0.165790812677836,-0.712140848604955,0.018,0.028,1,"RUNDC3B"
0.165953362880886,-0.172107102208266,0.038,0.033,1,"TMED4"
0.166092308551518,-0.510590357736654,0.055,0.066,1,"ATG14"
0.166194865487278,1.1109240530109,0.038,0.016,1,"HSPB8"
0.166215732030095,-0.55684636637814,0.013,0.015,1,"HEPHL1"
0.166247147529804,-0.20332716262234,0.016,0.015,1,"GBP4"
0.166388971561256,-0.399649779263183,0.042,0.043,1,"CCT2"
0.166720992519891,-0.236685107150403,0.054,0.057,1,"DDX31"
0.166728194542238,0.56500559152444,0.023,0.014,1,"CORO1B"
0.166818139815439,0.745885455182716,0.033,0.015,1,"RAB3IP"
0.1672441698914,0.453765120272887,0.015,0.01,1,"AC239800.3"
0.167376102515896,-0.512064129456296,0.015,0.018,1,"DZIP1"
0.167756571604106,0.202966917056916,0.064,0.047,1,"PRPF39"
0.167825883475391,0.893494222004283,0.016,0.007,1,"PHF13"
0.167898836008977,-0.201312656328317,0.046,0.05,1,"IKBKE"
0.168131501487411,1.918740134792,0.339,0.135,1,"HSPH1"
0.168158100606715,-0.191881299559957,0.061,0.059,1,"RBM23"
0.168277259134125,-0.426939380584706,0.048,0.053,1,"H6PD"
0.168390245227552,-0.212253685439785,0.017,0.012,1,"MRPL57"
0.16842151738378,0.311472051038666,0.114,0.073,1,"SIN3A"
0.16860910601474,0.928386836176352,0.035,0.014,1,"PHF1"
0.168698913744066,0.107782460961651,0.084,0.076,1,"KHDRBS2"
0.168719367259436,0.620482234723199,0.076,0.047,1,"C11orf80"
0.168781773400338,-0.221449043471465,0.09,0.085,1,"PCMT1"
0.168866426949012,2.29725259521897,0.012,0.003,1,"AKR1C1"
0.168891826379485,-0.675753471836248,0.035,0.042,1,"CCNB1IP1"
0.168914360635101,0.155198686633881,0.239,0.183,1,"ANKH"
0.168920874895858,0.215579138368326,0.091,0.065,1,"ARHGEF40"
0.169098545051584,0.171985513013049,0.026,0.018,1,"CLDN12"
0.169165731656058,-0.538205663849131,0.024,0.034,1,"RNF219-AS1"
0.169245805641616,1.78341172467138,0.019,0.003,1,"KLHL25"
0.16934745087274,0.252718327060918,0.225,0.161,1,"RYBP"
0.169368729567398,0.469961609598399,0.148,0.095,1,"PLEKHA1"
0.169392421752511,-0.528990646619136,0.095,0.106,1,"CCDC84"
0.169418512879973,-0.571893953195011,0.03,0.035,1,"DAPK3"
0.169444091854717,-0.588493878961885,0.031,0.037,1,"CLUH"
0.169476495540522,-0.329196127373303,0.035,0.041,1,"MCEE"
0.169536867522091,0.193746465767685,0.02,0.014,1,"CARD6"
0.169682440563642,0.371091111965801,0.01,0.005,1,"RBM44"
0.170200215850718,-0.136057954609271,0.218,0.201,1,"ZFYVE16"
0.170244282196302,-0.81193664047829,0.016,0.024,1,"DYRK4"
0.170517379377989,0.299547520315317,0.046,0.032,1,"CRELD1"
0.170555473054033,1.82156338058767,0.017,0.005,1,"POU5F1"
0.170674846982163,0.152344603487451,0.282,0.223,1,"ARRB1"
0.170761708298844,0.400176704212659,0.039,0.026,1,"GPR135"
0.170955113623863,-0.553615508826033,0.015,0.02,1,"SLC44A5"
0.170980395994002,-0.157004334840127,0.01,0.01,1,"ALKBH4"
0.171051205234153,-0.403973235525437,0.013,0.011,1,"ZNF649"
0.171087010178239,-0.437899866147705,0.023,0.024,1,"ATAD5"
0.171330911929147,-0.845372776592042,0.027,0.043,1,"RHOBTB2"
0.171521884355566,-0.332906991018466,0.088,0.089,1,"TAMM41"
0.171527202434555,0.665754461886199,0.03,0.013,1,"PSRC1"
0.171592926831695,-0.132192268918952,0.015,0.014,1,"ZNF813"
0.171649984092738,-0.3574773482779,0.047,0.044,1,"COQ8A"
0.171713350914881,-0.693087670329037,0.031,0.037,1,"ZNF273"
0.17172468107552,0.284151991666741,0.031,0.024,1,"JAKMIP3"
0.171884908084841,0.254598105525911,0.022,0.017,1,"MRPS33"
0.171953389911828,0.553407540890663,0.099,0.052,1,"TMEM50B"
0.1719688534129,-0.306876545951422,0.097,0.106,1,"ENOX1"
0.17200773933993,-0.183989058576749,0.074,0.075,1,"PTPRZ1"
0.172196881243063,0.117386111994056,0.085,0.064,1,"ORC2"
0.172498823888221,-0.242689235177941,0.078,0.075,1,"PARP11"
0.17278061396385,-0.15700813485996,0.052,0.043,1,"C9orf16"
0.172880479024988,-0.275916180727836,0.036,0.038,1,"TTC39C"
0.172915102298947,-0.829871808194544,0.016,0.021,1,"LINC00968"
0.173082627327071,0.250017267383534,0.044,0.032,1,"GBA2"
0.173087217655424,0.930377896925266,0.012,0.007,1,"SMTN"
0.173266742879417,-0.473998872545475,0.016,0.019,1,"LINC00511"
0.173406479647532,-1.00109016014707,0.011,0.015,1,"MPND"
0.173468367655025,-0.274559395303696,0.066,0.07,1,"GALNT13"
0.173755187852301,-1.22828164083685,0.006,0.011,1,"LRRC3B"
0.173871516781642,-0.144859748597366,0.042,0.041,1,"MED6"
0.173876564081795,-0.473265663440181,0.084,0.092,1,"SGTA"
0.174022783777543,0.558344115938289,0.034,0.023,1,"GCLM"
0.174094382597306,-0.429372052608278,0.012,0.016,1,"FBXL2"
0.174106161812359,-0.13706624663055,0.063,0.06,1,"CRTC3"
0.174165916609306,0.316329706878792,0.087,0.058,1,"ITM2C"
0.174242904244408,0.574055193336741,0.166,0.102,1,"TBL1X"
0.174377437246894,-0.875111010940045,0.015,0.023,1,"ITGA1"
0.174725252816526,-0.7864908608394,0.01,0.012,1,"AL157911.1"
0.174831536584954,0.869067123431021,0.012,0.005,1,"ZNF366"
0.174945123446504,0.337521192200417,0.029,0.022,1,"ZNF624"
0.175016850075857,0.209571065115702,0.038,0.024,1,"MRPL27"
0.175049935997491,0.384797611054979,0.02,0.013,1,"TOMM34"
0.175156042795367,0.266135972755335,0.052,0.044,1,"FPR3"
0.175249833451399,-0.16683320766823,0.12,0.119,1,"WDR59"
0.175279790256514,-0.996065841642245,0.009,0.013,1,"SLC38A3"
0.175283122486197,0.576879090208546,0.032,0.018,1,"AL162431.2"
0.175337834316566,-0.881928905275421,0.019,0.022,1,"PABPC1L"
0.175552960158999,-0.854226228463672,0.012,0.018,1,"PPP1R14C"
0.175616227998687,-0.246918912283205,0.008,0.012,1,"DCAF4"
0.175689082517233,-0.17562669252015,0.041,0.043,1,"IFT74"
0.175775875755108,-0.867485895076711,0.009,0.014,1,"KLHDC8B"
0.17589571879619,-0.49355798250811,0.123,0.149,1,"FTCDNL1"
0.176057051371185,-0.26689295825903,0.155,0.208,1,"ZNF804A"
0.176469862131594,-0.285554067498457,0.033,0.031,1,"PDAP1"
0.176491632011131,-0.246412965982171,0.021,0.02,1,"ZNF337-AS1"
0.176492076546303,-0.752292068042756,0.034,0.047,1,"PEX7"
0.176691831675718,0.199632425925283,0.079,0.057,1,"NFATC1"
0.176710054110579,-0.534055863181068,0.019,0.022,1,"ARHGAP29"
0.176853479143117,2.09774135048656,0.012,0.003,1,"AC008758.6"
0.176964476387997,0.507019454313455,0.117,0.073,1,"LGALS1"
0.176972761040344,0.142693976619724,0.101,0.084,1,"CAMK2G"
0.17707917218094,-1.74805902823609,0.012,0.025,1,"COLEC12"
0.177089776983932,0.191023607371689,0.042,0.028,1,"PGM2"
0.177090859210595,-0.120501997183326,0.015,0.013,1,"TMEM52B"
0.177137371763086,-0.562243597306491,0.029,0.032,1,"TNFRSF21"
0.177292854352262,-0.427161591548179,0.06,0.073,1,"CCDC102B"
0.177358405805992,-0.421379701035839,0.031,0.034,1,"APOL2"
0.177530795491748,-0.21153857626662,0.021,0.017,1,"TOMM22"
0.17755915046505,0.455032786733885,0.027,0.02,1,"BRINP3"
0.177709044851749,0.222854959156462,0.014,0.012,1,"POLR1C"
0.177806670238306,-0.390555994127953,0.081,0.079,1,"NSUN3"
0.17796633596585,-1.02653702188428,0.018,0.023,1,"MCM3"
0.177991061739373,0.194393509164947,0.06,0.046,1,"ESD"
0.177995217041954,0.147306062306884,0.189,0.154,1,"CLOCK"
0.178056744333391,0.152023778307353,0.046,0.039,1,"XBP1"
0.178305101726435,-0.114947489489616,0.067,0.061,1,"TMEM62"
0.17847251812937,-0.629509532703884,0.06,0.081,1,"CR381653.1"
0.17870449536418,-0.223889077049353,0.087,0.079,1,"MBD3"
0.178788751124876,-0.168188171654063,0.027,0.031,1,"PEBP4"
0.178865548654282,-0.408496210833238,0.096,0.108,1,"FAM111A"
0.178907165777048,1.07071269462486,0.012,0.004,1,"CTNNAL1"
0.178934789199415,-0.189534558968798,0.143,0.125,1,"NUMA1"
0.178955646417726,-0.100203253507714,0.133,0.121,1,"GOSR1"
0.179053595356996,0.208272516810383,0.03,0.022,1,"BET1L"
0.179121492458315,0.348032253568762,0.171,0.125,1,"ATP5F1E"
0.179277899490815,0.666689976608034,0.019,0.012,1,"AC093249.2"
0.179410134252535,-0.314098306883602,0.017,0.016,1,"ZNF275"
0.179443592511069,0.835259362162304,0.019,0.01,1,"NIT1"
0.179549170140436,0.460453208830892,0.034,0.021,1,"BCAN"
0.17958389376864,-0.92182111705407,0.014,0.025,1,"CEP76"
0.17959005482464,-0.419271235326551,0.015,0.014,1,"TMEM235"
0.179984118198158,-0.36356401214535,0.03,0.033,1,"RBM42"
0.180057449289218,-0.181630901970357,0.011,0.007,1,"GIMAP7"
0.18007560595377,-0.247816578592389,0.028,0.024,1,"KLHL23"
0.180086048023401,0.442529438776928,0.119,0.075,1,"ARID5A"
0.180180419109651,-0.295584206965782,0.011,0.007,1,"RTL8A"
0.180189108025249,0.13210152476909,0.041,0.032,1,"STT3A"
0.18024639485086,0.61364850816298,0.019,0.012,1,"TESK1"
0.180289743764376,0.118485360690002,0.048,0.039,1,"KHSRP"
0.180477811700387,-0.191114619591588,0.015,0.015,1,"DDX41"
0.180494094568133,-0.154365083082164,0.048,0.05,1,"HS3ST5"
0.180507106322074,-0.137025154900651,0.065,0.056,1,"SAP18"
0.180562422036842,0.118726390709369,0.205,0.184,1,"SLC2A9"
0.180640661875925,-0.273345247123771,0.013,0.015,1,"XRCC1"
0.180650158391748,-0.21540515547903,0.021,0.022,1,"XKR4"
0.180748378521873,-0.949490487468268,0.05,0.071,1,"MX1"
0.180788532346268,-0.111919103750796,0.023,0.019,1,"NOLC1"
0.180979722868965,0.430097228182971,0.053,0.037,1,"ZNF274"
0.181015280207865,-0.163539864397336,0.187,0.177,1,"PCED1B"
0.181379990143171,-0.523391176036023,0.099,0.109,1,"DHCR24"
0.18151213701889,0.214597231925656,0.062,0.044,1,"TTC33"
0.18155305280779,0.497495956851358,0.034,0.016,1,"CFAP74"
0.181553189232772,-0.386534681686885,0.039,0.047,1,"CLDN5"
0.181715375378458,-0.301979679538841,0.027,0.024,1,"SLC35E2B"
0.181759053427631,0.921435396040156,0.02,0.012,1,"GNG12"
0.181807816635236,-0.322687143649899,0.041,0.037,1,"DLGAP2"
0.181981157066316,-0.18309997516877,0.075,0.075,1,"IPO5"
0.182166516453439,-0.483025019453644,0.015,0.014,1,"HSBP1L1"
0.182185403654639,-0.204245282435696,0.045,0.047,1,"GPX3"
0.182301625205496,-0.15599075218583,0.148,0.124,1,"SAMD4B"
0.182317763149664,-0.676012570856517,0.018,0.022,1,"PAOX"
0.182330424188149,-0.477738592196776,0.022,0.024,1,"METTL3"
0.182567053441612,1.71902585186735,0.177,0.061,1,"MRPS6"
0.182684791558178,0.768628352995561,0.051,0.027,1,"FBXO2"
0.182696112440305,-0.424776136658491,0.009,0.01,1,"PACSIN3"
0.18274357908603,-0.453396575874119,0.1,0.109,1,"NUP93"
0.183203880328237,-0.947079882869423,0.016,0.024,1,"CRB1"
0.183294685224606,0.339840366527613,0.096,0.071,1,"LARP1B"
0.183316527334359,-0.273286609809089,0.011,0.006,1,"DALRD3"
0.1833649087315,0.109888764844476,0.022,0.016,1,"FAM120AOS"
0.183430687269091,-0.361255923219245,0.051,0.058,1,"PIGT"
0.183598946772611,-0.462990038194277,0.013,0.016,1,"AC108718.1"
0.183599740743975,-0.10238060095597,0.029,0.03,1,"THOP1"
0.183950744629865,-0.279924142362596,0.032,0.028,1,"DUSP11"
0.184105381829546,0.610771577869672,0.124,0.073,1,"PARVB"
0.184342887585997,-0.105432990885965,0.081,0.073,1,"KLHL28"
0.184484243921542,-0.559106951833674,0.032,0.035,1,"SHARPIN"
0.184830208293435,-0.38374357938129,0.022,0.018,1,"GSDMB"
0.185024134180874,0.280350102589018,0.026,0.022,1,"C5"
0.185164821429372,1.24329111570948,0.013,0.003,1,"LINC02207"
0.185213150695041,0.61113978216002,0.165,0.1,1,"OXSR1"
0.185348565160364,-0.325166040237544,0.171,0.186,1,"LINC01684"
0.185379616279417,-0.2414674011364,0.038,0.043,1,"CDH8"
0.185642677535477,-0.825921420577783,0.024,0.029,1,"GLIPR2"
0.185704296426408,0.120436742143172,0.089,0.075,1,"DENND5B"
0.185766494977608,-0.222399829899679,0.016,0.018,1,"PXMP4"
0.185815447392198,0.238635357144058,0.079,0.058,1,"PLEKHG1"
0.185823086905907,-0.258165465049967,0.175,0.172,1,"TRAPPC12"
0.185829918538256,0.398541886429466,0.015,0.011,1,"CCDC142"
0.185831778429711,0.301662994379953,0.08,0.054,1,"SACS"
0.185860910679893,0.374398142175136,0.018,0.012,1,"LINC00909"
0.185981067156571,-0.702043310698212,0.012,0.017,1,"SPX"
0.186084891222708,0.26669654730176,0.014,0.008,1,"TRMT10C"
0.186102742221632,-0.655061692972724,0.026,0.033,1,"AC109826.1"
0.186143875145397,-0.227193096790019,0.052,0.05,1,"PBX2"
0.186171987375027,1.27730640377772,0.318,0.138,1,"HSPA1A"
0.186316454918534,-0.521325596475053,0.015,0.015,1,"AC010487.3"
0.18640028785204,-0.141678433360509,0.024,0.02,1,"ZMYM3"
0.186429823820117,0.922488077683734,0.056,0.026,1,"PRRG4"
0.186518587410727,0.12151363002593,0.029,0.032,1,"AC007364.1"
0.186653644616281,-0.318284453123129,0.024,0.022,1,"TELO2"
0.186690410984342,0.302143689479837,0.076,0.058,1,"ADARB2"
0.186704273218436,1.26393979246567,0.022,0.009,1,"SNHG19"
0.186723662707108,-0.182428720843981,0.012,0.013,1,"GEN1"
0.186804742065711,-0.461764777492287,0.026,0.025,1,"PAK4"
0.186864884852763,-0.210729925332033,0.104,0.092,1,"MED4"
0.186884426324173,0.740118109354294,0.03,0.015,1,"DNTTIP2"
0.187019337921501,-0.731635190056223,0.041,0.055,1,"FOLH1"
0.18704195242378,-0.694978335209371,0.013,0.02,1,"TBL2"
0.187050494141885,0.149532572756901,0.047,0.026,1,"PAQR5"
0.187074346231026,-0.274462181728474,0.056,0.06,1,"NDUFAF5"
0.187270408807235,-0.263033090171283,0.06,0.061,1,"ZNF25"
0.187487877143293,-0.246945315524619,0.013,0.012,1,"LINC01372"
0.187564265693808,-0.468616253536192,0.016,0.015,1,"IFT27"
0.187573887573145,0.144472239089022,0.072,0.058,1,"VASP"
0.187577141355141,0.514354608260102,0.014,0.007,1,"NT5C3B"
0.187630192034602,-0.471055970925243,0.04,0.052,1,"LINC01376"
0.18778002879108,0.746429855967916,0.014,0.006,1,"AP001059.2"
0.187823990343416,-0.752011533695046,0.09,0.123,1,"ADA2"
0.187883537936422,-0.289630342006209,0.043,0.043,1,"TIMM13"
0.187915861037776,0.201627721144803,0.358,0.285,1,"VPS8"
0.188071368351684,-0.35948429890909,0.012,0.014,1,"FAM131C"
0.188131168826904,-0.188061653134802,0.027,0.022,1,"MMP2"
0.18813431549788,-0.267548361039518,0.037,0.037,1,"TLR3"
0.188149330967832,-0.695429834572379,0.012,0.012,1,"ABHD11"
0.188167864736426,0.892382167558671,0.013,0.005,1,"AC019163.1"
0.18824501019752,-0.502396430830203,0.028,0.035,1,"LMF2"
0.188306487976728,0.414388373489243,0.024,0.015,1,"CREB3"
0.188341328022657,-0.464063016662303,0.034,0.054,1,"AC012593.1"
0.188361513883355,0.452683758175934,0.025,0.018,1,"LRRTM3"
0.188372200697981,-0.329408436120138,0.061,0.065,1,"ORC3"
0.188456918016221,-0.670302579254882,0.014,0.017,1,"CCDC9B"
0.188485227938157,-0.145114623271627,0.019,0.021,1,"CHD5"
0.188546104110779,1.84975436704497,0.016,0.003,1,"IGF2BP3"
0.188637110698257,-0.580995676865724,0.039,0.041,1,"RFC2"
0.18870984631699,-0.479211456993112,0.036,0.039,1,"EFR3B"
0.188854807075347,0.190137522773474,0.082,0.062,1,"ZFYVE9"
0.18886695461808,1.13888270077068,0.061,0.027,1,"PPID"
0.188892415092695,-0.329780022657213,0.013,0.012,1,"AL359921.1"
0.189142250944325,-0.511942405474894,0.011,0.014,1,"MAPK11"
0.189558964429743,-0.178806129968436,0.012,0.01,1,"TAPBPL"
0.189732454397507,0.144764681345642,0.057,0.046,1,"TMCC2"
0.189741775193079,-0.268615954723409,0.032,0.033,1,"CEP250"
0.189921585971498,-0.322905757918264,0.047,0.05,1,"ENDOD1"
0.190024230497171,0.734434593407662,0.306,0.209,1,"APP"
0.190037414074985,-0.498564872980001,0.025,0.026,1,"SF3A1"
0.190173425800839,-0.269878067581246,0.03,0.031,1,"ATAD3B"
0.190214482601585,-0.13719819897949,0.14,0.121,1,"ERCC6"
0.190274722972829,-0.218110225776327,0.081,0.071,1,"MARCKSL1"
0.190287349532723,-0.218415711608267,0.01,0.009,1,"AL355574.1"
0.190301665844255,-0.128442098430144,0.083,0.075,1,"UNC5B"
0.190359875798691,1.8892498168679,0.012,0.003,1,"MTHFS"
0.190619705719851,0.174006084129007,0.074,0.06,1,"AGL"
0.190627331337924,-0.135811938292937,0.031,0.033,1,"SMOX"
0.19098492340004,-0.116415852222952,0.106,0.104,1,"MRPL3"
0.191248248540226,0.20428199743067,0.099,0.073,1,"WDR27"
0.191321948884448,0.199363141991463,0.049,0.035,1,"SS18L1"
0.191401869106594,-0.189222484382259,0.022,0.02,1,"DCTN6"
0.191689593135278,-0.389994744094954,0.018,0.021,1,"SP2-AS1"
0.191827958860463,-0.371662718485418,0.012,0.01,1,"LINC02018"
0.192156730339641,-0.36706270777325,0.043,0.043,1,"WASHC2C"
0.19221197516792,-0.775352821917679,0.018,0.026,1,"MTUS2"
0.192313863623747,-0.426106838186753,0.023,0.022,1,"JRKL"
0.192412029326848,0.34689111434449,0.035,0.024,1,"RFFL"
0.192582212647214,-0.173194482827712,0.021,0.024,1,"R3HCC1"
0.192584799403787,0.639072580829522,0.027,0.013,1,"ZNF467"
0.192607508879199,1.09624473654504,0.028,0.014,1,"AL390957.1"
0.192667147695311,-0.243513625777847,0.033,0.033,1,"PTGES2"
0.192823700535238,-0.581667680656541,0.129,0.159,1,"LPAR5"
0.192824360288373,-0.761899657545714,0.052,0.075,1,"PRMT7"
0.192873634211095,0.653160424672105,0.014,0.01,1,"TEN1"
0.192898796348692,0.100446179217177,0.074,0.065,1,"PPIP5K1"
0.192903110941819,-0.119378756426123,0.088,0.076,1,"NCKAP5L"
0.193017759539512,0.587134499540144,0.012,0.007,1,"PLPP2"
0.193509970731472,-0.420076004369407,0.037,0.042,1,"DNAJB12"
0.193644589617139,-0.360064418232096,0.015,0.014,1,"TRMT12"
0.193852781290913,1.72827773627778,0.026,0.008,1,"CD247"
0.193865554863399,-0.254714104063452,0.011,0.011,1,"COL4A2"
0.193871713088003,-0.270354114405953,0.062,0.064,1,"GANAB"
0.193910854502614,-0.354246849759848,0.013,0.014,1,"TMEM125"
0.194016139841041,-0.510776180642516,0.025,0.026,1,"AL139353.1"
0.194139773359968,-0.129230096320691,0.285,0.274,1,"GIT2"
0.194177113319817,-0.365260861679973,0.027,0.03,1,"BRCA1"
0.194228114211181,0.211333061597496,0.018,0.014,1,"ORAI1"
0.194366722702396,-0.55772409416108,0.011,0.012,1,"CALCR"
0.194379620289246,-0.343648159782244,0.023,0.027,1,"AGBL3"
0.194434754272628,-0.991839291469678,0.021,0.028,1,"RTKN"
0.194444624013683,-0.13746948679735,0.113,0.102,1,"CASC3"
0.194767988647089,0.524758006509239,0.249,0.177,1,"PDE4DIP"
0.194855150100118,0.438904786328245,0.013,0.011,1,"CHST7"
0.194874276676047,-0.42609661595017,0.009,0.01,1,"ZNF667"
0.195055029662308,0.536305695876003,0.035,0.022,1,"WASF1"
0.195079528054532,-0.625397724306824,0.013,0.019,1,"SPTBN2"
0.195158044129954,-0.223082190072681,0.065,0.069,1,"CCDC57"
0.195510983843872,1.25082089639875,0.104,0.05,1,"CYTIP"
0.195576716976903,0.498909282628201,0.053,0.036,1,"SOX2"
0.195645511272729,0.624275574333976,0.011,0.007,1,"U2AF1"
0.195941924798112,-0.258095920823803,0.063,0.06,1,"EIF2A"
0.195971238596744,-0.127603109704362,0.016,0.013,1,"AC007285.1"
0.19604234219085,0.243799415710175,0.048,0.032,1,"PALLD"
0.196043909565549,0.452425154850561,0.082,0.057,1,"SMC6"
0.196068765283142,-0.256547592143972,0.061,0.054,1,"KATNAL1"
0.196239006833302,0.184529655102697,0.076,0.057,1,"ZNF263"
0.196265923758791,0.850549589269383,0.038,0.021,1,"ZNF365"
0.196413579223723,-0.168811864701201,0.129,0.119,1,"SUGP2"
0.196460020649318,0.595096220695874,0.255,0.162,1,"ZBTB1"
0.196558459992631,0.129725554644019,0.019,0.011,1,"TLDC1"
0.196600657138244,-0.20476932147793,0.018,0.02,1,"ST3GAL4"
0.196683459553993,-0.290834841982463,0.049,0.052,1,"CBR1"
0.196877173573903,0.792462624228129,0.019,0.011,1,"ZDHHC11B"
0.196999710677243,-0.838110959773211,0.054,0.108,1,"AC008591.1"
0.197183929204201,0.394769879505918,0.02,0.013,1,"ABCB4"
0.197419485783281,-0.612587693139033,0.064,0.079,1,"TARBP1"
0.197480640668951,-0.32255956844734,0.021,0.018,1,"TCTN3"
0.197673904397593,-0.651545994340184,0.043,0.062,1,"SPOCK2"
0.197722685120969,6.16307868916011,0.012,0,1,"FOSB"
0.197760447445917,-0.839919110305206,0.008,0.012,1,"RNF26"
0.197917319208658,-0.326168856424232,0.043,0.049,1,"AIF1"
0.197922946399377,-0.260098898168501,0.026,0.026,1,"TUBGCP4"
0.198101504847514,-0.454175512835613,0.113,0.125,1,"MYO18A"
0.198298689338567,0.633014437483617,0.025,0.014,1,"SMIM30"
0.198365341292095,0.448779854419342,0.024,0.012,1,"ZNF32"
0.19837760650194,0.243356906430261,0.027,0.018,1,"ZNF823"
0.198563258587232,-1.05678746366666,0.009,0.012,1,"PDIA2"
0.198689685138717,0.546011694346717,0.017,0.012,1,"TSHZ3"
0.198860530162498,0.52723588691855,0.031,0.018,1,"FUNDC2"
0.19899823594011,-0.368809126340555,0.025,0.027,1,"ADRB2"
0.19905846643897,0.665814539666427,0.066,0.034,1,"CCDC126"
0.19907085234163,-0.185676774485054,0.06,0.052,1,"DCTN2"
0.199226134654332,-0.735483953672811,0.009,0.011,1,"AC004241.1"
0.199274052309979,-0.397133423761806,0.057,0.069,1,"LINC01088"
0.199296296430313,-0.470272971684524,0.011,0.01,1,"FTSJ1"
0.199334871993742,-0.328011056003093,0.071,0.077,1,"TWSG1"
0.19942001365089,-0.312375513220757,0.047,0.05,1,"SLC48A1"
0.199753027778721,0.152222488005895,0.021,0.016,1,"SLC7A14"
0.199832743732595,0.142539698818918,0.293,0.249,1,"RAP1GDS1"
0.199964918107085,-0.575045462709246,0.102,0.128,1,"CADPS2"
0.200227154192943,-1.07406515969449,0.011,0.014,1,"MSS51"
0.200289709342538,-0.769743881430826,0.15,0.201,1,"DDX60L"
0.200714346942238,0.187181568411102,0.174,0.129,1,"DHRS3"
0.200787687900738,0.137754781539217,0.125,0.105,1,"ADAMTS10"
0.200912191921543,-0.537798444136329,0.053,0.066,1,"C1orf112"
0.201115376466264,-0.784776689588133,0.02,0.03,1,"RINT1"
0.201388243930632,0.384504737844987,0.06,0.039,1,"MPP1"
0.201544589016441,-0.153822473501915,0.011,0.01,1,"AC006299.1"
0.201780478702478,-0.305296846969285,0.012,0.012,1,"GLT8D1"
0.201833627146588,-0.906026617484104,0.029,0.043,1,"SLC13A3"
0.201853859722731,0.144854955848277,0.019,0.018,1,"PJA1"
0.201942559706313,-0.130302071038591,0.051,0.044,1,"CEP68"
0.201959786501494,0.328573714551843,0.105,0.066,1,"NFKBIA"
0.201996580979436,-0.544036509587884,0.143,0.159,1,"ZMAT1"
0.202034730165726,-0.34151632390502,0.015,0.016,1,"RANBP1"
0.202051765857568,-0.156309723359913,0.009,0.01,1,"MEA1"
0.202238997975321,-0.213306809015494,0.023,0.022,1,"RFXANK"
0.202390115003517,-0.813800225608095,0.013,0.016,1,"GPANK1"
0.202531685165947,-0.783549577931463,0.011,0.015,1,"ADGRV1"
0.202538278050705,0.523718585878746,0.044,0.022,1,"AC044781.1"
0.202760184831319,0.163644263050039,0.079,0.06,1,"ALKBH5"
0.202914221533609,0.325220139007507,0.012,0.007,1,"CNTNAP1"
0.203112331923737,-0.599911440955102,0.016,0.018,1,"IDUA"
0.203155848626042,-0.513709448027981,0.013,0.02,1,"EHHADH"
0.203363158501788,-2.67640010989373,0.002,0.01,1,"CACNA1F"
0.203385093080879,-0.247053947998338,0.059,0.059,1,"SLC31A1"
0.203418347887758,-0.246751197813153,0.022,0.022,1,"ALAD"
0.203499112811618,-0.470541581293409,0.049,0.064,1,"ATP13A2"
0.203518729251977,-0.413310514606254,0.097,0.132,1,"CSMD1"
0.203588899487193,-0.406387958458292,0.077,0.08,1,"ACTR10"
0.203914417683027,-0.512197046802408,0.049,0.054,1,"POLR1A"
0.2040252559266,-0.296655360651673,0.053,0.046,1,"POU3F3"
0.204258901352702,-0.12593401244792,0.052,0.051,1,"TRMT2B"
0.20430456019102,0.100477112671403,0.062,0.054,1,"MLKL"
0.204315538065033,-0.569343691123727,0.023,0.026,1,"DDX23"
0.204472314203817,-0.212154473982625,0.05,0.043,1,"AL390728.6"
0.204781730792847,-0.186938468063685,0.062,0.055,1,"FAM217B"
0.204788833227498,-0.206214392034026,0.027,0.03,1,"CEACAM1"
0.204947057153485,0.470283062023951,0.022,0.019,1,"AC010168.1"
0.20495598310334,0.95193477136737,0.024,0.009,1,"IRF1"
0.205189662793901,-0.111251345147286,0.036,0.033,1,"KXD1"
0.205266138990566,-0.373564080293316,0.023,0.026,1,"AL133523.1"
0.205356747820405,-0.562818471002367,0.016,0.018,1,"ABCF3"
0.205522267715816,0.129681737250388,0.02,0.015,1,"PFDN6"
0.205579236561235,-1.33235857443309,0.082,0.15,1,"IFI44L"
0.205604142321007,-0.191401575351489,0.01,0.009,1,"CFH"
0.205635482717536,-0.741358405645252,0.01,0.012,1,"BORCS6"
0.205676172397141,-0.348057421066909,0.025,0.023,1,"APTR"
0.205753837591216,-0.372799246202889,0.02,0.018,1,"GLI4"
0.205920891543162,-0.594640503402136,0.027,0.033,1,"RMND1"
0.205942354184893,-0.391123617649192,0.065,0.071,1,"AC242426.2"
0.205984715669675,-0.392417760499399,0.06,0.06,1,"TRAPPC6B"
0.206005795234756,0.260973344749336,0.195,0.146,1,"HDLBP"
0.206025031042575,-0.257328752607658,0.046,0.043,1,"LRRC41"
0.206077471995671,-0.128861774888633,0.046,0.046,1,"PSMA3"
0.206083060890274,-0.575630663622372,0.031,0.039,1,"TTC5"
0.206444369950784,0.25435751379306,0.061,0.039,1,"NMT2"
0.206579211620943,-0.245769324739207,0.024,0.023,1,"COG8"
0.206595037116846,-0.128663478698204,0.051,0.044,1,"ADAM22"
0.206949850620204,-0.18964593316577,0.049,0.043,1,"GTF2IRD2B"
0.20697683233663,0.178218841417035,0.047,0.035,1,"TBC1D31"
0.207013492335984,0.410493335196024,0.04,0.028,1,"LPCAT3"
0.207096458279743,-0.248504183287314,0.025,0.024,1,"CPB2-AS1"
0.207208400379227,-0.27493218918662,0.057,0.06,1,"EIF4A1"
0.207590260718534,0.243846001521507,0.106,0.071,1,"RNF168"
0.207644666836919,-0.719582115361336,0.011,0.018,1,"RBMX2"
0.20780656202043,-0.136233165353845,0.02,0.022,1,"TFPT"
0.207852209554308,0.103020664063655,0.09,0.073,1,"CDC123"
0.207902991517314,0.755588869675271,0.026,0.014,1,"AC090518.1"
0.207933314960675,-0.124866021136933,0.124,0.116,1,"PGGT1B"
0.207990726862818,-0.544675969950787,0.036,0.047,1,"ARHGAP4"
0.208040243771107,-0.199417466633796,0.04,0.035,1,"ATP5MD"
0.208067105361134,-0.357832364766094,0.094,0.091,1,"TMEM33"
0.208141511235102,0.152022329846947,0.022,0.018,1,"SNN"
0.20824900800437,-0.397318935385728,0.019,0.02,1,"SLC25A23"
0.20848904209551,-0.533306358483789,0.015,0.019,1,"MON1A"
0.208515121706829,2.70001280943465,0.014,0.002,1,"AL136115.2"
0.208631181711759,0.12048534555696,0.071,0.055,1,"C5orf24"
0.2087097162992,0.841124747879959,0.182,0.098,1,"SEM1"
0.208881607416258,-0.875692169964208,0.022,0.033,1,"PRR16"
0.208963314455266,-0.490256525922543,0.014,0.018,1,"UBXN11"
0.209166742142789,-0.377307181214507,0.038,0.041,1,"EPAS1"
0.209348477611195,-0.299336701434238,0.026,0.029,1,"SNRPB2"
0.209569383957043,0.357224984373379,0.085,0.061,1,"SRSF6"
0.20980198468196,-0.362998837964722,0.118,0.125,1,"SP140L"
0.209906073905195,0.512979249310286,0.014,0.007,1,"ADAM19"
0.209955200982357,-0.264686795206462,0.011,0.013,1,"ENDOV"
0.210376488016205,-0.190452455269217,0.103,0.094,1,"C1orf61"
0.210620643405649,-0.374543724916899,0.027,0.028,1,"CCAR2"
0.210644742487521,-0.696457909217883,0.017,0.016,1,"RPL39"
0.210647932788178,0.186764612965921,0.046,0.034,1,"AL035530.2"
0.210726220912029,-0.271079385506162,0.158,0.161,1,"RCBTB2"
0.211236243083553,-0.145195393306009,0.037,0.035,1,"CATSPERE"
0.211280787832931,0.163889129450669,0.045,0.032,1,"CLHC1"
0.211296370701121,-0.411683467143666,0.024,0.022,1,"OST4"
0.212053827756499,-0.234195690600724,0.03,0.028,1,"C11orf74"
0.2120697578968,-0.285382049716307,0.079,0.081,1,"SLC25A6"
0.212249866333844,0.44037360479778,0.054,0.039,1,"SURF4"
0.212573744895128,-0.827988395370277,0.019,0.022,1,"ACTN2"
0.212809001973326,0.878950884107709,0.032,0.016,1,"DDRGK1"
0.212987094467908,0.130733197549772,0.087,0.066,1,"RPRD1B"
0.213177947901023,-0.192703573691589,0.348,0.341,1,"ASCC3"
0.213377238500302,-0.581790703739707,0.02,0.024,1,"RSPH3"
0.21340253151297,-0.615425317782248,0.01,0.012,1,"GREB1"
0.213731790697429,0.127970255176197,0.048,0.033,1,"KMT5A"
0.213907378809212,0.209708677722936,0.028,0.022,1,"MAGOH"
0.214087916669474,-0.316099799865024,0.026,0.021,1,"DHX37"
0.21409211483272,-0.483167766560946,0.04,0.041,1,"HMGCL"
0.214137402551202,-0.183626560638271,0.068,0.063,1,"CCDC12"
0.214178309968332,-0.479301015304343,0.007,0.01,1,"LILRB2"
0.214199902629008,0.238285626761006,0.041,0.028,1,"DAD1"
0.214366771935304,0.33322825697474,0.187,0.132,1,"EDEM3"
0.214876975439449,0.844928880237278,0.012,0.007,1,"AC012363.1"
0.214895706352734,-0.246096255164218,0.038,0.033,1,"SEC13"
0.214934061474786,-0.301961346315709,0.077,0.092,1,"TMEFF2"
0.2149992216354,-0.189572435625974,0.045,0.041,1,"RBM3"
0.215192400723924,0.574793769986615,0.01,0.005,1,"NPHP1"
0.215202484645919,-0.27034886328117,0.081,0.082,1,"ZNF44"
0.215489488531271,0.376987689159586,0.069,0.045,1,"RIMKLB"
0.21549381897962,-0.420779039946095,0.051,0.059,1,"LHFPL3"
0.215790864417061,0.237514440127383,0.078,0.053,1,"CDC40"
0.216130644347535,-0.85274877172241,0.008,0.01,1,"AP002991.1"
0.216266544009887,-0.160310475633937,0.206,0.201,1,"WDPCP"
0.216423981546545,-0.78036178690583,0.033,0.044,1,"PDCD1LG2"
0.216428154824244,-0.247756367060888,0.02,0.02,1,"METTL23"
0.216466325829239,0.293548107692945,0.034,0.024,1,"HDAC6"
0.216598108527537,-0.307019810300938,0.024,0.022,1,"MTHFSD"
0.217100063140462,-0.274436438938086,0.056,0.052,1,"MEIS1"
0.217139918718335,0.212126071947734,0.037,0.025,1,"AMMECR1L"
0.217315179968973,0.146565348527118,0.068,0.049,1,"WDR81"
0.217316963849777,-2.17057250008948,0.003,0.012,1,"ITGA4"
0.217481638290456,-0.290525565834451,0.019,0.017,1,"SRD5A3"
0.21762689687622,0.222011449860454,0.035,0.026,1,"SIDT2"
0.217709770751565,1.91515827155528,0.01,0.002,1,"ING2"
0.218177679842154,-0.500798721674776,0.039,0.04,1,"PSMA5"
0.218366846579749,2.51465250375397,0.015,0.003,1,"NPTX2"
0.218413817608914,-0.25731320267768,0.027,0.027,1,"PTCD2"
0.218435398513297,-0.435594537354507,0.063,0.08,1,"NLN"
0.218468061034687,-0.381579745098565,0.109,0.113,1,"AL034397.3"
0.218482406897866,-0.557995828189506,0.027,0.032,1,"SLC7A8"
0.218528823460486,-0.888844326695788,0.014,0.022,1,"TAGLN"
0.218683986150973,0.580475526106031,0.019,0.012,1,"AC090833.1"
0.219130282261265,-0.403903262500465,0.016,0.021,1,"TMEM169"
0.219181687255663,-0.654609637864498,0.011,0.012,1,"TMEM18"
0.219199597193048,-0.134557431544608,0.048,0.04,1,"TOLLIP"
0.219454911006127,0.30143547878559,0.077,0.049,1,"CARNMT1"
0.219467259892635,-0.156262329639228,0.08,0.079,1,"SIN3B"
0.219645685311303,-0.538849710000559,0.025,0.033,1,"PNPO"
0.219925626780301,-0.548131948586889,0.027,0.027,1,"C12orf65"
0.21998919952896,-0.426056033102212,0.061,0.062,1,"SHISAL2A"
0.220093994396956,2.50829098005668,0.01,0.002,1,"LYG1"
0.220375564372254,-1.21050318762195,0.015,0.031,1,"NUP210L"
0.220470838201812,0.131491839441946,0.062,0.043,1,"ZNF143"
0.220795030295531,0.297853537194503,0.027,0.02,1,"ADGRB2"
0.22098174440757,-0.560258962778823,0.03,0.038,1,"FGD6"
0.220985798286364,0.830833318081072,0.01,0.005,1,"HSD17B13"
0.221028768189062,-0.52063914905531,0.011,0.009,1,"PJVK"
0.22103553297273,-0.217846225097023,0.018,0.018,1,"ZNF579"
0.221213027708882,-0.19881274013468,0.079,0.073,1,"PCGF3"
0.221246617089669,0.284474433611142,0.015,0.012,1,"SPAG1"
0.221427898294848,0.202667171530664,0.042,0.032,1,"DUBR"
0.221447281532012,-0.294499157189159,0.056,0.064,1,"AP1M1"
0.221468173889522,1.25530283649701,0.045,0.018,1,"BAALC-AS1"
0.221479978693531,-0.131476219727277,0.01,0.009,1,"ABT1"
0.221596584077207,0.228482567999679,0.037,0.031,1,"MVB12A"
0.221763858809531,0.12145414559532,0.062,0.049,1,"SEC61A2"
0.221810125850035,1.08927564944237,0.011,0.005,1,"AC020611.2"
0.221834923950127,0.271279219860437,0.042,0.031,1,"RAP2C"
0.222118359570529,-0.438551766054254,0.01,0.011,1,"ABI3BP"
0.222352468989886,0.447182999826309,0.026,0.016,1,"TMEM132A"
0.22276457989326,-0.604028365373915,0.022,0.031,1,"LRRC4B"
0.22278614786122,0.239388000449973,0.145,0.112,1,"RNF138"
0.222882067030646,-0.256867050069932,0.09,0.083,1,"PQLC1"
0.222967145557128,-0.300314246871514,0.059,0.062,1,"ADCK1"
0.22315545817212,-0.287223123003744,0.014,0.017,1,"TENM1"
0.223341881916207,-0.132197678451316,0.016,0.015,1,"ZDHHC4"
0.223352632853146,-0.888829317539249,0.075,0.109,1,"PPDPF"
0.223767399874933,-0.231364329077188,0.016,0.017,1,"NT5M"
0.223801347776654,0.493562819786761,0.282,0.205,1,"ATF7IP2"
0.224120462846602,0.946417555319086,0.01,0.005,1,"CHTF18"
0.224165991215357,-0.330183198899157,0.02,0.02,1,"PNMA1"
0.224199587469,-0.610239750661721,0.01,0.01,1,"PRTG"
0.224366180718701,-1.08878898981209,0.017,0.031,1,"SVEP1"
0.224404323741975,-0.401368933726665,0.03,0.032,1,"MFNG"
0.224419194337053,-0.916438104288283,0.014,0.02,1,"SCG3"
0.224510102340133,-0.438132081859253,0.049,0.056,1,"SERPINB1"
0.224684280996273,0.268026494783603,0.172,0.13,1,"PTK2B"
0.224737624649857,0.741985520624225,0.123,0.066,1,"FBXO33"
0.22475384733659,0.420900020573285,0.013,0.005,1,"ADCY10"
0.224767125855956,0.122857895155025,0.065,0.044,1,"NEXMIF"
0.224800896351803,0.144286423420465,0.057,0.045,1,"CD44"
0.225117206187046,0.301788153822249,0.325,0.286,1,"STARD13"
0.225201798560219,-0.307979228394383,0.037,0.038,1,"SPNS3"
0.225609768979805,0.322894332067586,0.133,0.087,1,"DGKD"
0.22587330994524,0.36163317980887,0.087,0.062,1,"MFN1"
0.226071323134434,0.479496330113302,0.073,0.044,1,"COX7A2"
0.226157543776338,-0.14340431648546,0.062,0.063,1,"PRR12"
0.226437321909934,-0.408065939905417,0.062,0.068,1,"MTMR8"
0.226544306250966,-1.00492739130135,0.021,0.033,1,"RANBP17"
0.226769268209336,-0.137662814372781,0.086,0.077,1,"TRMT13"
0.22681695337749,-0.324090784186004,0.062,0.068,1,"ZNF346"
0.226929188274575,1.05090965814604,0.012,0.006,1,"ABCC2"
0.226952464032896,-0.387934319047274,0.009,0.01,1,"AC067930.4"
0.226980531678258,0.380037168466441,0.023,0.018,1,"MRPS23"
0.227320137834947,-0.719185614427865,0.017,0.025,1,"AC064807.1"
0.227406680384384,-1.17154873502082,0.016,0.031,1,"VWA1"
0.227469232598537,0.735191114413813,0.015,0.008,1,"ING1"
0.22749525575425,-0.557264333541337,0.034,0.039,1,"ZNF623"
0.227511715395251,-0.633361984941142,0.048,0.056,1,"ZNF197"
0.227603295532196,-0.103064018380798,0.095,0.089,1,"TBC1D23"
0.227814893141428,0.341859402584324,0.022,0.017,1,"ZNF226"
0.228288099607504,-0.278284254471849,0.025,0.022,1,"UBL5"
0.228308384044994,0.217983079148254,0.087,0.064,1,"AC005258.1"
0.228343276401144,0.145819711770184,0.184,0.132,1,"YTHDF3"
0.228367546423797,-0.601644753018546,0.046,0.05,1,"KIF21B"
0.228476357369609,-0.189834833407836,0.045,0.045,1,"GTPBP4"
0.228593635232163,-0.843802127610103,0.027,0.043,1,"AC098829.1"
0.228729011763116,0.165262325870565,0.035,0.028,1,"MCM5"
0.228977364084095,0.248050704482235,0.026,0.014,1,"ARHGEF4"
0.229190981316726,-0.766287096196917,0.041,0.052,1,"TMEM154"
0.229246883315002,-1.61138421042575,0.017,0.028,1,"MPEG1"
0.229288298343812,-0.274512877064138,0.021,0.021,1,"HYI"
0.22960422420632,-0.262141548110881,0.064,0.066,1,"SHROOM4"
0.229868273841456,0.79362139879443,0.039,0.019,1,"MPLKIP"
0.229882651857508,0.336512906515995,0.028,0.02,1,"OPRM1"
0.230070507327641,-0.35575140192222,0.041,0.04,1,"PRDM4"
0.230151018222488,-0.430328621645198,0.135,0.157,1,"NEK6"
0.230238096240263,-0.225110905528656,0.023,0.018,1,"AC068533.4"
0.230273586627647,0.111470906039419,0.145,0.113,1,"SCRN1"
0.23034292231292,-0.822675503737697,0.012,0.016,1,"ZNF280B"
0.230385067101494,-0.649701770093724,0.025,0.04,1,"KIAA1217"
0.23047783854813,-0.131137807218007,0.06,0.06,1,"LINC00844"
0.23070347405448,-0.637334454465569,0.013,0.018,1,"CASC2"
0.230762638368449,0.610464188797003,0.012,0.007,1,"NEXN"
0.230879634718874,-0.191855270917956,0.031,0.028,1,"AF165147.1"
0.231046547025323,1.08022047660769,0.072,0.031,1,"FBXL14"
0.231581961848556,-0.402813656822334,0.077,0.081,1,"ARL8A"
0.231670080472656,-1.05454990805812,0.006,0.011,1,"AC015802.4"
0.231721999532368,-0.633478109913154,0.025,0.032,1,"DUSP6"
0.232058937519628,-0.613296365698814,0.067,0.071,1,"NMD3"
0.232089406010853,-0.399370493169933,0.064,0.058,1,"CMTR2"
0.232124255119783,-0.347172398338533,0.048,0.051,1,"METTL2B"
0.23216096285894,-0.457993409518289,0.018,0.02,1,"ZNF682"
0.232196791859447,-0.359804324064315,0.025,0.027,1,"TSSC4"
0.232446681769509,0.544791105863858,0.011,0.007,1,"FBN2"
0.232537468950729,-0.192355670395418,0.013,0.014,1,"AP000446.1"
0.232660147191366,-0.10236569480135,0.011,0.008,1,"AC002310.4"
0.233309812329212,-0.210444426531675,0.037,0.031,1,"RPS19BP1"
0.23350371833069,-0.26089164861381,0.049,0.044,1,"NBPF15"
0.233813437611294,0.3130975587672,0.014,0.009,1,"CYP2J2"
0.23407136738818,-0.145537844926056,0.044,0.041,1,"GNPTG"
0.234090396999154,-0.380979093837878,0.011,0.012,1,"CSPG5"
0.234169476837693,0.301391943465733,0.13,0.092,1,"MTHFR"
0.234226909059325,-0.334690171259877,0.107,0.131,1,"DAB1"
0.234373347390936,-0.201890855770742,0.031,0.026,1,"GPR137"
0.234466262313253,0.313350316484186,0.103,0.072,1,"AP4E1"
0.234805276970874,-0.526766763808376,0.016,0.014,1,"NTHL1"
0.234919206729473,0.579530711891881,0.044,0.026,1,"PROSER1"
0.234971480107705,-0.459689601885977,0.017,0.02,1,"IFT81"
0.235080005067307,-0.815693589792835,0.017,0.024,1,"AC093827.5"
0.235105161874453,0.188596547070861,0.141,0.111,1,"UBA3"
0.235285174274818,-0.401438937349771,0.035,0.038,1,"DENND2A"
0.235460036005593,0.105717541119092,0.025,0.02,1,"SMPD1"
0.235503988175182,0.444158862887206,0.017,0.011,1,"GLRX2"
0.235765997457134,-0.285049721414986,0.073,0.074,1,"NUS1"
0.235932210791288,-0.107172654004553,0.034,0.035,1,"SLC35C2"
0.235940524380739,0.587473899908124,0.13,0.079,1,"ABCG1"
0.235943689704412,-0.215123823919082,0.01,0.011,1,"AL392086.1"
0.236086008325833,0.315524964974915,0.094,0.069,1,"TMX1"
0.236165914134598,0.463659821429478,0.032,0.02,1,"ID4"
0.236310315466331,-0.262754239849791,0.055,0.053,1,"GOLGA2"
0.23649969113394,-0.600217906393007,0.018,0.02,1,"ZNF414"
0.236589705500626,-0.178891646952796,0.027,0.018,1,"ZFYVE21"
0.236664127803035,0.153435019569812,0.031,0.025,1,"SPSB3"
0.236760150373841,0.215997832727254,0.302,0.237,1,"ZMYND11"
0.236777283008251,-0.190366023770095,0.063,0.067,1,"ANO4"
0.236937625650459,0.487369154351616,0.068,0.04,1,"C16orf87"
0.237086370796831,0.167906245384321,0.041,0.024,1,"AC069368.1"
0.237204258953951,-0.32041264271133,0.025,0.028,1,"SPTBN4"
0.237396275099761,-0.334997223610996,0.012,0.013,1,"AC021054.1"
0.237494937138334,-0.489090026696534,0.019,0.02,1,"AAR2"
0.237557685116899,0.689112704174221,0.021,0.01,1,"NXF1"
0.237580330791953,-0.88652092941676,0.021,0.035,1,"ITGB2-AS1"
0.237584096288618,0.143877856109588,0.14,0.111,1,"ARL6IP4"
0.237616914328988,-0.292334060693469,0.098,0.094,1,"THOC1"
0.237641288968157,-0.848844349625557,0.009,0.01,1,"COX7A1"
0.237751034650974,-0.58036673362109,0.015,0.019,1,"RPGRIP1L"
0.237799677756562,-0.509907722937898,0.062,0.07,1,"PUS7L"
0.237857126093677,-0.526914022212333,0.033,0.036,1,"DLGAP4-AS1"
0.237899747760185,-0.279673927423429,0.026,0.026,1,"HYDIN"
0.238512917408023,0.218321845326919,0.015,0.012,1,"ZNF461"
0.238746249646783,0.445799943935276,0.042,0.022,1,"RBM15"
0.238955427331708,0.126851251685092,0.083,0.069,1,"PTPN13"
0.239151380760652,0.224923664314906,0.018,0.015,1,"TNIP2"
0.239373833768035,-0.660385840664685,0.046,0.062,1,"ATP10B"
0.239711230384116,-0.698956135191468,0.016,0.017,1,"HIST1H2BJ"
0.23975386698777,-1.25762149285174,0.009,0.014,1,"PFAS"
0.239776462227759,-0.349369602538441,0.023,0.033,1,"ABCB1"
0.239819180948703,0.223118273859242,0.012,0.009,1,"ADAMTS1"
0.240012118464112,0.285632061551266,0.044,0.026,1,"AGAP4"
0.240051979408539,-0.732912985561152,0.02,0.023,1,"FAT1"
0.240073604907215,-0.211542293663129,0.046,0.043,1,"TRUB1"
0.240229690728124,-0.143063793089236,0.061,0.056,1,"OTUD6B"
0.240492883542002,0.136645399550467,0.057,0.045,1,"IDH3A"
0.24070554631795,0.851885292838317,0.01,0.006,1,"CLCA4"
0.240825716125758,0.483378270667333,0.021,0.01,1,"FAM89B"
0.240863786785662,0.447203977291019,0.01,0.007,1,"SYCP2L"
0.240989036618874,-0.517394978809666,0.048,0.065,1,"BAX"
0.241097365538225,-0.111781079757352,0.014,0.014,1,"NIPSNAP1"
0.241200902522425,-0.35735442094636,0.029,0.031,1,"LRRC8A"
0.241243940015004,0.192980772983034,0.123,0.089,1,"TBK1"
0.241365042980199,-0.707124635934491,0.01,0.012,1,"LINC01411"
0.24148436795278,-1.3245148063237,0.008,0.012,1,"ZNF598"
0.241665782148587,0.231443530480009,0.043,0.031,1,"CALCOCO1"
0.241716105818908,0.396799886085597,0.015,0.012,1,"FAM160A1"
0.241720113602324,-0.160862471693995,0.015,0.016,1,"SPRYD4"
0.241733786557311,-0.448196058385961,0.056,0.058,1,"AIMP1"
0.241902692405005,-0.162729950569113,0.027,0.024,1,"ENTR1"
0.242051576901667,-0.244497691076924,0.037,0.033,1,"RGS19"
0.242123936723676,-0.31384448115653,0.035,0.039,1,"MXRA7"
0.242155922584135,-0.472969280296303,0.035,0.041,1,"RAD51C"
0.242202381718209,-0.373058757923806,0.061,0.058,1,"ERCC1"
0.242293039784004,-0.537645604514886,0.013,0.014,1,"SS18L2"
0.242497767125714,-0.398022191521452,0.078,0.082,1,"FBXO22"
0.242502044283276,-0.230467101799138,0.032,0.032,1,"ZNF347"
0.242731650374518,-0.159615586879209,0.028,0.024,1,"ADIRF"
0.242792163524365,-0.888780825561187,0.016,0.025,1,"AC096992.2"
0.24283827436655,-0.383128699316817,0.04,0.049,1,"ENTPD3-AS1"
0.24285606346431,0.135740473446094,0.046,0.035,1,"ZNF766"
0.242895240622197,0.211162860946856,0.044,0.031,1,"MRS2"
0.242954402851681,-0.227536376816961,0.036,0.033,1,"YKT6"
0.243018580078895,-0.445411731731539,0.033,0.039,1,"EML6"
0.243021162711687,-0.354528425013518,0.045,0.043,1,"ALG8"
0.243203471515657,0.249723143062517,0.022,0.014,1,"TRUB2"
0.243249468533882,-0.313857939130387,0.045,0.045,1,"CPNE2"
0.2433646516005,-0.467464801674935,0.059,0.064,1,"NAPA"
0.243438327613777,-0.111210694770952,0.046,0.045,1,"ACO1"
0.243440766702018,-0.488209590529511,0.036,0.04,1,"AL603839.3"
0.243454046460799,0.180422542404009,0.052,0.04,1,"TRIM28"
0.243545846679539,-0.439761286004988,0.027,0.029,1,"AC006030.1"
0.243611729522902,0.594538882938279,0.02,0.014,1,"PPP2R3B"
0.243699358684768,0.116042370605274,0.2,0.164,1,"SEC31A"
0.243782263464182,-0.450119714670044,0.011,0.011,1,"CASP6"
0.243890095049791,-0.530332223320226,0.036,0.037,1,"KCTD5"
0.244138843655475,0.355309325664145,0.08,0.065,1,"RAI1"
0.244212761165476,0.221176438245418,0.012,0.009,1,"HES4"
0.244358692550125,-0.808915598058256,0.016,0.018,1,"TARS2"
0.244479996295564,-0.414545659326916,0.015,0.018,1,"TMEM8B"
0.244509582423383,0.120954445161356,0.015,0.013,1,"LIN9"
0.244550965341302,-0.447883951244407,0.154,0.175,1,"ZFX"
0.244741579125655,-2.3373754590912,0.027,0.111,1,"IL21R"
0.244790465241577,-0.337639656495607,0.036,0.043,1,"PYM1"
0.244807546398437,-0.143979481365408,0.092,0.091,1,"NHLRC3"
0.244888197930554,-0.586826406312954,0.014,0.018,1,"EFS"
0.244918873821541,1.43457873733407,0.02,0.007,1,"GTPBP8"
0.245017303164668,0.135350041110576,0.038,0.035,1,"LMTK2"
0.245207897226492,-0.504654452991861,0.099,0.137,1,"PLXNC1"
0.245403376318789,0.363473777083831,0.049,0.032,1,"NUP155"
0.245429109814873,0.301931598064128,0.02,0.016,1,"CSF2RB"
0.245433803063031,0.100402051607303,0.014,0.012,1,"COMMD8"
0.245972269711053,0.381689337021561,0.013,0.006,1,"ZDHHC18"
0.2461912675323,-0.508925296831715,0.055,0.064,1,"ENOPH1"
0.246241071468673,0.139133635284951,0.024,0.02,1,"UTP14C"
0.246300025035876,-0.166933391240031,0.103,0.091,1,"IMMT"
0.246456084004506,0.347222689802558,0.011,0.005,1,"PSEN2"
0.246465188009832,-0.39086968439435,0.01,0.012,1,"FBXO27"
0.246521955143805,-0.576595719123095,0.048,0.06,1,"TMEM72-AS1"
0.246544409965843,-0.173426373383486,0.014,0.016,1,"ST8SIA6"
0.246602151301611,-0.946691101003323,0.01,0.015,1,"ACSS3"
0.246674305766132,-0.649799511097203,0.052,0.077,1,"KCNJ5"
0.247271546416458,-0.174439301475918,0.037,0.037,1,"EFHC1"
0.247494360329352,-0.963076709482336,0.005,0.01,1,"RPL26L1"
0.247546567155481,0.439533187217348,0.012,0.007,1,"RHOF"
0.247650813385404,-0.622019182114392,0.074,0.094,1,"TNPO2"
0.247719764694723,-0.243148443399191,0.084,0.083,1,"HLTF"
0.247896747968814,-0.419012801223215,0.066,0.067,1,"POLR2A"
0.247904327045433,1.03432085419916,0.013,0.005,1,"AC103974.1"
0.247927217967249,-0.894142871375959,0.034,0.052,1,"ARSG"
0.247967267853745,-0.332310205047675,0.014,0.018,1,"GPR173"
0.248087095157413,-0.110541359366078,0.172,0.176,1,"NUBPL"
0.24826532941804,0.178633212977395,0.01,0.01,1,"AC091959.3"
0.248322199401787,0.325035230368763,0.056,0.042,1,"RPL10A"
0.248538076956193,0.161992956456321,0.208,0.154,1,"ARID4A"
0.248608059141394,-0.273397827781195,0.018,0.019,1,"EMC7"
0.248610935807963,0.447495340314842,0.217,0.186,1,"PEX5L"
0.248658049955544,-0.447660158160019,0.064,0.072,1,"BTBD8"
0.248987223169334,-0.398909520394767,0.13,0.146,1,"FCGBP"
0.249007939586669,0.342681149735767,0.011,0.009,1,"GAR1"
0.249303824076428,-0.41231986713575,0.022,0.026,1,"HID1"
0.249392204282838,0.324015172805956,0.01,0.005,1,"AC022167.2"
0.249434385974578,-0.314934566570582,0.039,0.031,1,"GPN3"
0.249529582855884,-0.143129591395674,0.018,0.016,1,"NTMT1"
0.249601588416141,-0.32058009264222,0.08,0.082,1,"WSB2"
0.249726035294647,0.441554946198052,0.044,0.026,1,"CASP7"
0.249897446536891,-0.759077132424186,0.039,0.045,1,"IK"
0.250007296071944,-0.469190500353531,0.015,0.015,1,"ENC1"
0.250045773158649,-0.330523122713135,0.014,0.016,1,"SCN9A"
0.250098890404646,-0.230851150259713,0.04,0.037,1,"POLDIP3"
0.250268289664594,0.188141426617414,0.128,0.087,1,"NECTIN3"
0.250440909166588,0.403991768409646,0.052,0.035,1,"HINT1"
0.250463284376526,0.119669030910585,0.056,0.035,1,"VAMP3"
0.250652776335561,-0.16173778119812,0.018,0.018,1,"LRP11"
0.250745769681746,-0.245815300441239,0.017,0.016,1,"LRRC37A"
0.250781947062462,-0.269583801035629,0.069,0.073,1,"ZNF251"
0.250831703092443,1.06971055664487,0.016,0.005,1,"MRPL50"
0.250843322111099,0.37847878630375,0.027,0.017,1,"CRTC2"
0.250874528368939,0.118913494969594,0.012,0.01,1,"ASB16-AS1"
0.25117200263414,-0.184321021555165,0.035,0.033,1,"CNIH4"
0.251254059240821,0.505192002773514,0.02,0.012,1,"MRPS15"
0.25212973097085,-0.211532825728982,0.026,0.023,1,"AC020928.1"
0.252171803855068,1.11086841692432,0.011,0.005,1,"CORO6"
0.252272729656346,-0.130557099412795,0.14,0.134,1,"RBBP4"
0.252710487462431,-0.66580599394462,0.069,0.092,1,"Z93930.2"
0.252935488751521,0.164884132017387,0.06,0.047,1,"AFG3L2"
0.253144317477941,1.45682316591724,0.091,0.041,1,"CLIC2"
0.253365431728814,-0.652482825032143,0.018,0.02,1,"AP1S1"
0.253644948965983,-0.162046401493702,0.034,0.033,1,"SELENOK"
0.253933846778983,-0.12633543638851,0.011,0.009,1,"DHFR2"
0.254103816881371,2.11963405238205,0.019,0.007,1,"LINC02240"
0.25420847463517,2.71411671514799,0.012,0.001,1,"TDRD10"
0.254304681055639,-0.253234169456364,0.152,0.136,1,"ARPC5"
0.254382862675566,-0.87151224850443,0.017,0.028,1,"HTR7"
0.2546836172105,-0.356406128404025,0.011,0.014,1,"CDK5"
0.255098523618598,-0.898526527741805,0.018,0.023,1,"CKAP4"
0.255185080537124,1.05467311221769,0.025,0.014,1,"CMYA5"
0.255549255852429,-0.937247683301214,0.013,0.02,1,"ADAMTS18"
0.255662095534387,-0.532221395613988,0.011,0.014,1,"AC119403.1"
0.25573086388595,-0.652345185173104,0.01,0.011,1,"NPIPB12"
0.255839739170066,-0.146545941796648,0.025,0.02,1,"SLFN5"
0.255945134869882,-0.742498252722442,0.011,0.012,1,"HIST1H1E"
0.256219680339382,-0.261058966846459,0.05,0.058,1,"ACPP"
0.25622836524381,-0.550163234862872,0.049,0.054,1,"RAB2B"
0.256341043509125,-0.129602432309635,0.023,0.021,1,"LINC01503"
0.256545605868058,0.180539766536709,0.074,0.06,1,"SEC23B"
0.256627223856266,-0.742931911643562,0.029,0.033,1,"CLK3"
0.256639781166868,0.408093714937812,0.011,0.012,1,"APBA3"
0.256710033798884,0.528957346893707,0.013,0.007,1,"AC005342.2"
0.256722563956138,-0.2992178933914,0.012,0.014,1,"DTX3"
0.256841479159479,0.472260013953625,0.023,0.015,1,"AC090907.2"
0.256889467190574,-0.343694303939218,0.017,0.016,1,"ZNF793"
0.256921208569401,-0.222677498358511,0.111,0.1,1,"OS9"
0.256937994959214,-0.42302692706051,0.049,0.047,1,"TXLNG"
0.257252956861674,-0.222869615736666,0.01,0.008,1,"BCL7A"
0.257495448845149,-0.539267726803637,0.025,0.032,1,"ACCS"
0.257505704573561,-0.224280835945397,0.024,0.026,1,"ZNF567"
0.257526440864139,0.297042880426287,0.077,0.056,1,"PRKRA"
0.257626789048498,-0.282285617788809,0.144,0.149,1,"CSK"
0.257975140943848,-0.114172093022025,0.036,0.028,1,"MZT2A"
0.258171463087545,-0.159645701860746,0.062,0.06,1,"ZNF117"
0.258354259833065,0.550958216773799,0.028,0.017,1,"AC005833.2"
0.258374381974332,-0.777333809982637,0.013,0.015,1,"TRDMT1"
0.258526276822314,-1.26691580605971,0.014,0.022,1,"FAM184A"
0.258962812688736,-0.148540384694743,0.044,0.037,1,"RBM22"
0.259007390953595,0.231696499255019,0.136,0.113,1,"TFDP2"
0.259060774075179,0.538092513959804,0.019,0.012,1,"KNDC1"
0.259173974583872,-0.750583780126086,0.013,0.016,1,"MYO16-AS1"
0.259238354503454,-0.359829966287113,0.03,0.031,1,"TLNRD1"
0.259254322778872,0.237589408326675,0.021,0.016,1,"PTPN7"
0.259268533150898,0.486259004343699,0.012,0.008,1,"AL135999.1"
0.259747250597176,0.132732012619299,0.171,0.143,1,"N4BP1"
0.259999796415427,0.523844370573401,0.037,0.022,1,"NR1H2"
0.260086785338134,-0.241697762983572,0.09,0.087,1,"ELL"
0.260135388732415,0.233054059426808,0.093,0.064,1,"GTF2B"
0.260236683391367,-0.57501067285227,0.024,0.027,1,"ZNF282"
0.260650635535585,-0.607788591740639,0.096,0.128,1,"FCGR1A"
0.260900662048025,0.182580030930327,0.19,0.145,1,"STX18"
0.260959553329949,0.201520220759125,0.013,0.01,1,"ZNF697"
0.261025119637736,0.381855582163714,0.012,0.009,1,"ASL"
0.261075900320728,0.200654077562436,0.014,0.009,1,"ADGRL4"
0.261297839667826,0.76850415553713,0.01,0.007,1,"KRBA1"
0.261302417919378,-0.179531081509029,0.037,0.034,1,"MTSS1L"
0.261420025002157,0.616564936553103,0.043,0.023,1,"CD302"
0.261472109297231,0.549151587433065,0.049,0.03,1,"ZSCAN16-AS1"
0.261555588711308,0.504657007260243,0.08,0.043,1,"CEBPG"
0.261843748414479,-0.250618656375783,0.015,0.016,1,"PHF23"
0.262291549586625,-0.100611482388026,0.046,0.045,1,"SMIM4"
0.262673687692261,0.17934504989006,0.145,0.115,1,"SPAST"
0.262829745600344,1.22293610249147,0.058,0.016,1,"STX11"
0.262879303189532,-0.107104754509777,0.087,0.082,1,"SEC23IP"
0.262962676265387,-0.143169991924935,0.132,0.115,1,"MCM3AP"
0.263042413286789,-0.320407832590114,0.055,0.054,1,"URGCP"
0.263137128670536,0.363199130922998,0.093,0.066,1,"ZMYM5"
0.263161734346252,0.102002294140916,0.2,0.169,1,"KPNA3"
0.263299258807057,-0.156339545187612,0.014,0.012,1,"SMAD1"
0.263346298742365,0.151301936701037,0.017,0.011,1,"DCAF15"
0.263350990977685,0.183057954903162,0.205,0.16,1,"SCMH1"
0.263697597996078,-0.149494808986545,0.448,0.445,1,"BCAS3"
0.263782120919932,-0.526381515782846,0.041,0.045,1,"TMEM222"
0.263802038719782,-0.461995770416221,0.012,0.015,1,"FAM81A"
0.263911717598713,1.04391863602024,0.038,0.02,1,"MIR3142HG"
0.263959508592317,-0.152919972617312,0.094,0.083,1,"MPHOSPH9"
0.264239960100306,-0.248040658747902,0.03,0.027,1,"IPO13"
0.264297613557992,0.923444710479014,0.01,0.003,1,"AL355488.1"
0.264299356174678,-0.343574904898734,0.033,0.037,1,"HHAT"
0.264636060129998,-0.622530901035712,0.009,0.013,1,"PRDM5"
0.264647634755079,-0.142824835731412,0.032,0.025,1,"TFCP2L1"
0.264838476350462,0.435100600581127,0.08,0.054,1,"KAT7"
0.264929982429045,-0.449029979308801,0.01,0.011,1,"IRS1"
0.265016746972215,-0.152036228391774,0.065,0.058,1,"ANKRD27"
0.265275134856369,-1.09333352808537,0.008,0.016,1,"IFIT1"
0.26528255495007,-0.423450516080923,0.05,0.052,1,"CTNNBIP1"
0.26531909094494,-0.129249007006027,0.181,0.193,1,"PLPP1"
0.265479574493009,-0.129310646069241,0.039,0.039,1,"MTCL1"
0.265725317611872,1.20122158649039,0.017,0.006,1,"DHPS"
0.265767506504601,-0.229562215278221,0.117,0.12,1,"LAIR1"
0.265775848612691,-0.290496855575602,0.084,0.09,1,"CC2D2B"
0.265859008337092,0.384402926329907,0.017,0.014,1,"CHPF"
0.265876138062474,0.272639474592272,0.104,0.07,1,"DPY19L1"
0.266649672548146,0.168133172371572,0.017,0.014,1,"FHL1"
0.266892344483106,-0.456288869335646,0.016,0.02,1,"UBL7"
0.266914752222226,0.219621723645484,0.035,0.02,1,"SRP68"
0.267031038123681,0.222665047597664,0.076,0.054,1,"PRRC2A"
0.267104723256318,0.242560130294723,0.053,0.037,1,"PPP1R15B"
0.267141740025932,0.254311608908722,0.011,0.007,1,"ZNF268"
0.267245172314362,-0.225096511564413,0.065,0.068,1,"COG2"
0.267694155028843,0.125298644709479,0.025,0.022,1,"SNAI3-AS1"
0.267702973799967,0.172792370485608,0.012,0.01,1,"ANKFN1"
0.2678115660238,0.433235171564225,0.038,0.021,1,"NDUFB5"
0.267865509382035,-0.583386796000733,0.016,0.018,1,"ILVBL"
0.267874370488102,0.533112250739593,0.028,0.016,1,"GNL3"
0.267955793607982,0.428400465257486,0.022,0.013,1,"UBE2F-SCLY"
0.26833903740687,-0.145491052227152,0.027,0.026,1,"ASAP2"
0.268410936776934,0.640596760363517,0.032,0.018,1,"ANAPC11"
0.268671035320798,0.317617371534522,0.082,0.055,1,"MAP7D1"
0.268766303939982,-0.706352123138763,0.021,0.026,1,"DENND6B"
0.26894333681305,0.133768360339752,0.012,0.006,1,"GLA"
0.269337939232608,-0.33873144664069,0.028,0.028,1,"ZNF3"
0.269339359592776,-0.125113745341233,0.113,0.104,1,"NAGK"
0.269347067732395,0.198903407689584,0.076,0.055,1,"SLC25A53"
0.269384450888777,-0.641933672941851,0.067,0.079,1,"ZC2HC1A"
0.269706109922119,-0.392373343958928,0.074,0.077,1,"BCLAF3"
0.269800006807543,-0.621567176186975,0.042,0.047,1,"POC5"
0.27010962353626,0.217351210696068,0.043,0.031,1,"TRAPPC3"
0.270133958833946,-0.298472821369199,0.032,0.026,1,"CYTL1"
0.270434355392007,-0.476453007948053,0.034,0.035,1,"SLC6A1"
0.270510195747716,-0.339835334718214,0.108,0.117,1,"NCK1-DT"
0.270579458483664,-0.519358928799988,0.015,0.016,1,"AL392023.2"
0.270596865252376,-0.337240110460098,0.063,0.064,1,"NME7"
0.270813540874391,0.150984266521873,0.037,0.026,1,"MCM7"
0.270828198766404,-0.868514985491497,0.009,0.01,1,"SLC45A3"
0.270849253039676,0.273525025432125,0.026,0.014,1,"ANKRD24"
0.270900496910027,-0.232038680520215,0.035,0.031,1,"RNFT1"
0.271278124915587,0.178907953270288,0.126,0.11,1,"SOX5"
0.271333923062393,-0.464409609739503,0.046,0.049,1,"AC126177.4"
0.271359903248936,-0.400563847807562,0.017,0.019,1,"TRIM3"
0.271458759808251,0.333261881993619,0.011,0.009,1,"KIAA1549"
0.271484620834783,0.491478119007924,0.054,0.041,1,"RND2"
0.271604256938442,-0.548065545581783,0.029,0.031,1,"PSMC4"
0.27160663597422,0.207511276603938,0.093,0.062,1,"RPS25"
0.271620304618011,-0.741764253801217,0.01,0.012,1,"TMEM53"
0.271673971047992,0.802747695377682,0.01,0.005,1,"MEN1"
0.271971025061685,-0.752521808526453,0.017,0.018,1,"WDR18"
0.271996075083893,0.106137127576086,0.096,0.074,1,"NAPG"
0.272000208724904,-0.232348867834918,0.017,0.016,1,"C17orf51"
0.272005899346467,-0.161142914235012,0.047,0.041,1,"CS"
0.272141170040899,-0.520302209761429,0.027,0.035,1,"ALG14"
0.272221299367014,-0.624941659707697,0.071,0.092,1,"POLR2F"
0.272274194757102,-0.434160994733937,0.01,0.008,1,"CALHM2"
0.272704396532563,0.542936235493664,0.052,0.023,1,"AF127936.2"
0.272704717231036,0.223931382901988,0.011,0.007,1,"SCARA3"
0.272722969835745,-0.489171708642344,0.063,0.068,1,"CMC2"
0.272781621550927,-0.172670013329889,0.084,0.085,1,"RMDN1"
0.273094954568574,-0.647284762302613,0.033,0.039,1,"LDLRAP1"
0.273129001391695,-0.207365175929279,0.07,0.064,1,"SART3"
0.273284765504066,0.23180938444467,0.011,0.006,1,"LINC01099"
0.27338153545282,-0.812214689672357,0.018,0.021,1,"CSTF1"
0.27371358660189,-1.30920844561972,0.011,0.035,1,"CHRNA4"
0.273737984816915,0.30470379233252,0.055,0.045,1,"GRB10"
0.273870787476759,0.156451649833401,0.074,0.059,1,"FYN"
0.273882866452446,-0.80549198048711,0.007,0.01,1,"NDP"
0.274290650398002,-0.861733954472723,0.011,0.015,1,"DRAIC"
0.274336982717052,-0.451622182471842,0.03,0.028,1,"DNASE2"
0.274478269631364,-0.153515096353761,0.08,0.076,1,"TMEM219"
0.27484398380119,-0.353241906822844,0.035,0.032,1,"CDC37L1"
0.275031041887395,0.552624976886942,0.07,0.039,1,"TRAF6"
0.275384001544716,-0.639996875806999,0.019,0.027,1,"B3GALNT1"
0.275488150067682,0.265339554983688,0.07,0.057,1,"ZDHHC13"
0.275792934275734,-0.310842519773761,0.033,0.028,1,"LINC02432"
0.275877960431776,0.299278341346845,0.054,0.033,1,"RPAIN"
0.275957286526162,-0.169405039255139,0.013,0.012,1,"CNTN3"
0.276311266903604,-0.38937097677212,0.033,0.035,1,"ZFAND1"
0.276451704228932,-0.213523784636706,0.027,0.02,1,"SLC24A4"
0.276529000828784,0.177143619763762,0.191,0.155,1,"PPM1L"
0.277045112690838,-0.27360923973297,0.049,0.036,1,"CD9"
0.277064978717261,0.366783978259201,0.072,0.037,1,"SRP19"
0.277141274637091,0.499538217329209,0.019,0.01,1,"C18orf54"
0.277374019772737,-0.385365734276433,0.138,0.153,1,"AKAP8L"
0.277412434840768,0.147446792381864,0.2,0.153,1,"ARFGEF2"
0.277685331389721,-0.571848509925159,0.01,0.01,1,"TMEM106C"
0.277741718395324,-1.29803457172715,0.015,0.026,1,"ABCG2"
0.277941740181131,0.494039069110908,0.014,0.013,1,"SLC1A1"
0.278029326746518,-0.344903842387069,0.034,0.035,1,"TFDP1"
0.27818455756715,0.511581920094577,0.024,0.012,1,"TXNDC9"
0.278234880715774,-0.165364897178381,0.065,0.06,1,"SAP30BP"
0.278282222293804,0.322534011856067,0.017,0.014,1,"CPT1C"
0.278326359163299,-0.12810786345071,0.012,0.01,1,"MLYCD"
0.278350088811715,0.252895444346018,0.064,0.052,1,"AC079447.1"
0.278789877711129,0.581594234924895,0.028,0.017,1,"C12orf73"
0.278863452008274,0.786347100276751,0.012,0.007,1,"DPYSL4"
0.278888695518269,-0.839609549920178,0.009,0.014,1,"JCAD"
0.278970425478305,-0.110849230033552,0.023,0.022,1,"POT1-AS1"
0.279070744174605,-0.270874025418936,0.111,0.106,1,"LIN52"
0.279076565232295,0.800781932346698,0.032,0.019,1,"ANKRD23"
0.279248894976213,-0.103378031639301,0.037,0.035,1,"CEP85"
0.279352979821324,0.146626293578175,0.191,0.153,1,"USP48"
0.279363835585674,1.12594005435401,0.04,0.02,1,"MORC4"
0.279439943545359,-0.339862456681284,0.032,0.033,1,"GYG1"
0.279528208766078,-0.666561598642373,0.023,0.024,1,"YJU2"
0.279644626466681,0.771011650187962,0.042,0.026,1,"SSR4"
0.279689090223702,-0.281978410825249,0.022,0.022,1,"SIRT3"
0.279793022221528,-0.119441096412006,0.039,0.038,1,"CDK16"
0.279913041893626,-0.233490826737052,0.077,0.082,1,"UEVLD"
0.280198183023285,-0.163814348229261,0.062,0.065,1,"MFHAS1"
0.280428458518543,-0.180857422647369,0.05,0.051,1,"AL138752.2"
0.280487031106335,-0.121955590529822,0.061,0.058,1,"ZC3H8"
0.280619415175914,-0.468400511455993,0.023,0.026,1,"SH3BP5L"
0.280990233058999,0.159685451045324,0.05,0.04,1,"ICK"
0.281232112574864,0.625603779141454,0.029,0.015,1,"SULF2"
0.28125367371817,-0.245819765092341,0.096,0.101,1,"ZNF512"
0.281648431306162,-0.605863439968231,0.013,0.017,1,"SLC25A45"
0.281678108408857,-0.607863209894124,0.056,0.06,1,"SORCS2"
0.281717247215365,-0.178520578158027,0.03,0.03,1,"PCTP"
0.281718334165741,-0.109867070930739,0.028,0.024,1,"AC106869.1"
0.282272539840472,0.35661742915908,0.025,0.016,1,"DVL1"
0.28227389640209,-0.261056081005166,0.061,0.06,1,"PIWIL4"
0.282398331511716,0.683638942456938,0.013,0.011,1,"IFI35"
0.28274217504575,-0.483793638491825,0.032,0.037,1,"AC009226.1"
0.282899190987891,-0.522074018330722,0.017,0.018,1,"PAQR4"
0.282956459152137,1.56551956465178,0.049,0.016,1,"MT1F"
0.282956850963717,0.20894307536567,0.029,0.021,1,"AC008124.1"
0.283084821877958,-0.283213482460257,0.021,0.022,1,"ISG15"
0.283226124342087,0.626892470127381,0.052,0.03,1,"PLXNA1"
0.283337351645583,-0.274478974965521,0.031,0.035,1,"MLST8"
0.284527916554918,-0.191148465930058,0.022,0.021,1,"GJB1"
0.284552574069401,0.204893249134539,0.103,0.079,1,"NUP210"
0.284574493307071,0.295167652584258,0.039,0.026,1,"COPS6"
0.284678928137833,-0.32295336306526,0.04,0.05,1,"CD163L1"
0.284799924136171,-0.375997738932653,0.016,0.018,1,"TRAPPC2L"
0.284874032862464,-0.135090539433167,0.011,0.011,1,"SCRN2"
0.284916764499672,-0.388442121575693,0.024,0.031,1,"LINC02210-CRHR1"
0.284951655386416,-0.202952248560321,0.014,0.016,1,"BMP7"
0.28512237184258,0.22411467053088,0.076,0.054,1,"NCKAP1"
0.285288039520563,-0.166844996818171,0.199,0.186,1,"TAF1"
0.285302780246505,-0.231871939265494,0.069,0.064,1,"SUN1"
0.285306015171992,-0.386737366938178,0.05,0.051,1,"DSC2"
0.28532661192351,-0.365356092144911,0.185,0.182,1,"SRRM1"
0.285441000014741,-0.19668307244486,0.037,0.032,1,"TMEM64"
0.28546054352792,-0.673405411241774,0.012,0.018,1,"RETSAT"
0.285624523019079,0.501249960144233,0.026,0.017,1,"AP002812.2"
0.285639959133899,-0.466841162023198,0.011,0.011,1,"LZTS3"
0.285673724539102,-0.530174959041879,0.067,0.087,1,"GALC"
0.285939889186216,0.236902846251684,0.046,0.031,1,"PGM3"
0.285963701671578,-0.535035697625321,0.041,0.045,1,"EDC3"
0.285978273432721,-0.346248087108459,0.041,0.042,1,"MAN2B2"
0.286001357223299,-0.115613474806679,0.21,0.191,1,"PIP5K1A"
0.286088489006534,0.938027249857109,0.016,0.009,1,"MYO1G"
0.286124000341499,0.15432395470647,0.103,0.076,1,"ZNF782"
0.286147412315509,0.15996129451211,0.052,0.041,1,"LZIC"
0.28620890858211,-0.154234464196613,0.044,0.039,1,"TTC9C"
0.286224050234015,0.265846941727617,0.028,0.021,1,"SUPT7L"
0.286258301939453,-0.17505834118879,0.04,0.036,1,"SCNM1"
0.286620231119662,-0.304320010762571,0.098,0.1,1,"MIDN"
0.28667633607206,0.739088423132173,0.014,0.005,1,"C1orf56"
0.286840924123239,-0.53037900779992,0.01,0.013,1,"HYAL1"
0.28686341548405,0.220935167712621,0.121,0.092,1,"MTM1"
0.287025433834669,-0.437301247162386,0.025,0.028,1,"LAMTOR2"
0.287051958871873,0.444313785712836,0.011,0.005,1,"GMPR2"
0.287052072721655,-0.257375943762568,0.024,0.02,1,"NHP2"
0.287118014186194,-0.295491850024782,0.074,0.071,1,"AC108062.1"
0.287439095657811,0.571283199021948,0.04,0.022,1,"AL512625.3"
0.287525332465944,-0.322032551247804,0.016,0.015,1,"MUTYH"
0.28766130859897,0.126529817871867,0.305,0.24,1,"TM6SF1"
0.287675270133243,-0.284396521967621,0.015,0.016,1,"ZNF707"
0.287920071610028,0.460221279007395,0.038,0.023,1,"PKIA"
0.288687712766316,-0.401377239167338,0.066,0.071,1,"SHQ1"
0.289371999502522,-1.51656853224481,0.016,0.028,1,"ADHFE1"
0.289655386394069,-0.564382387788919,0.034,0.037,1,"TCFL5"
0.289752608981933,-0.500755890003787,0.026,0.028,1,"ZNF354A"
0.289923454878249,0.128079256165567,0.017,0.012,1,"CENPA"
0.289941808146911,0.748840213104425,0.225,0.119,1,"BANP"
0.289969897540417,-0.171424133155727,0.059,0.062,1,"AC009950.1"
0.290039403687096,-0.163962617312014,0.014,0.011,1,"POP1"
0.290329580868232,-0.425661838939381,0.017,0.02,1,"SLC35A4"
0.290343372038977,-0.538101186417156,0.026,0.031,1,"THSD7A"
0.290379274446478,-0.578690180913934,0.008,0.01,1,"LBH"
0.290427381686092,-0.658973906726123,0.008,0.012,1,"GSTM5"
0.290666945188786,-0.124853919598604,0.106,0.094,1,"TTC1"
0.290847504311465,0.127171195089763,0.03,0.022,1,"RBM48"
0.291137595009475,0.246535819360196,0.112,0.083,1,"HDAC2"
0.291162548511493,-0.507088551237733,0.017,0.019,1,"NRIP3"
0.291233279997367,0.503006913540681,0.037,0.022,1,"SLC31A2"
0.291372962843581,0.178826904944502,0.015,0.011,1,"MICB"
0.291484221442015,-0.335407267980138,0.01,0.011,1,"PSMG1"
0.291633076089881,0.150347800092778,0.073,0.066,1,"NISCH"
0.291901344314895,1.38986342152617,0.037,0.011,1,"NPY1R"
0.291988949625518,-0.681807126661458,0.071,0.089,1,"P2RY13"
0.29237415906326,-0.597614458896895,0.029,0.04,1,"SLC35F2"
0.29244995989843,-0.146032276462641,0.087,0.077,1,"USP39"
0.292478467098246,1.33285295652856,0.013,0.005,1,"CCDC194"
0.292501178033158,-0.145858065303602,0.051,0.052,1,"HSF1"
0.292567049973571,0.196225841859663,0.036,0.028,1,"SCYL1"
0.293077077438647,0.186185259852756,0.058,0.04,1,"POGLUT1"
0.293120432697489,1.73641417470656,0.01,0.003,1,"PARD6G-AS1"
0.293247542594181,-0.530852964657696,0.01,0.015,1,"LINC02444"
0.293643620454376,-0.602458634286628,0.009,0.01,1,"LRIG3"
0.293729927196309,0.814669025356484,0.156,0.079,1,"USPL1"
0.293820308605612,-0.623613343893526,0.017,0.02,1,"PIPOX"
0.293822464312295,-2.42489526750493,0.003,0.011,1,"AC092650.1"
0.293906231841125,-1.24915558838715,0.012,0.02,1,"N6AMT1"
0.293963663750849,-0.813694494292341,0.01,0.015,1,"DCPS"
0.293996562055915,-1.24694114792692,0.015,0.029,1,"LINC02389"
0.294171940167292,0.171130166353284,0.026,0.024,1,"GOLM1"
0.294397735826518,0.871790422498352,0.184,0.098,1,"LCP1"
0.294525310155091,0.127678785290687,0.143,0.114,1,"TTC19"
0.294599397088394,-0.291856617074434,0.012,0.015,1,"LCA5"
0.294774772347521,-0.238591403551394,0.052,0.052,1,"XYLB"
0.294777630462678,-0.243700793100286,0.024,0.024,1,"FBP1"
0.294826356313819,-0.90288320420589,0.011,0.014,1,"PHKA1"
0.295006016065291,-0.597416245269797,0.01,0.008,1,"LRRTM2"
0.295015227866767,1.87422029007092,0.13,0.037,1,"FKBP4"
0.295147601097062,0.448479826766238,0.049,0.026,1,"BTG3"
0.295180371910092,0.835825571551957,0.065,0.033,1,"NFKBID"
0.295231256981834,-0.307469136767572,0.109,0.119,1,"FAM20C"
0.295245721366486,1.83380798746815,0.026,0.006,1,"LSMEM1"
0.295401558786585,-0.37014242045286,0.037,0.04,1,"COQ4"
0.295583423511375,-0.35492098696991,0.076,0.079,1,"PIGU"
0.29569168305676,0.597067710971768,0.03,0.018,1,"RGMB"
0.295696104894314,-0.136415823743441,0.143,0.128,1,"TIAL1"
0.295784839535048,-0.145659573505832,0.017,0.016,1,"ANAPC13"
0.295863869303243,-0.173303002158388,0.123,0.115,1,"KPNA5"
0.296444049671978,-0.125577352444138,0.106,0.104,1,"MRPS27"
0.296469355652344,-0.132409559282872,0.08,0.075,1,"ITFG2"
0.296878748909942,-0.2133778169902,0.039,0.036,1,"TMEM19"
0.297001302340072,-1.0048339416418,0.011,0.018,1,"TRHDE"
0.297113821139768,-0.665573221304016,0.019,0.028,1,"PAK1IP1"
0.297177036340375,-0.505598246966884,0.026,0.031,1,"DNAJC18"
0.297329473424978,-0.364499393498713,0.021,0.022,1,"ZNF540"
0.29745164971262,-0.173347028881994,0.05,0.049,1,"PRKAG1"
0.297487781439417,-0.380520039010599,0.016,0.012,1,"PEX11B"
0.298081465320253,0.316850997586817,0.021,0.012,1,"TGFB2"
0.298568561542558,-0.249082804083324,0.081,0.077,1,"ZNF430"
0.298846798576521,0.43552038576057,0.015,0.009,1,"FN3K"
0.298856623210044,-0.148812436829636,0.112,0.11,1,"RPN2"
0.298935862730505,0.828703719136274,0.04,0.021,1,"PHGDH"
0.299083751072835,-0.346607732735579,0.129,0.126,1,"LGALS9"
0.299155892266292,0.295353036886626,0.024,0.021,1,"SPATA20"
0.299156978573731,-0.302538418311466,0.033,0.028,1,"PSD4"
0.299354472148162,0.456783727936561,0.063,0.046,1,"CASP4"
0.299371196347295,0.618172195291332,0.141,0.094,1,"MCU"
0.299420375985703,-0.857490752577263,0.017,0.024,1,"PSTK"
0.299697085795554,0.261748831337727,0.031,0.02,1,"ZNF692"
0.29972048676584,-0.850472441770822,0.021,0.033,1,"EPHB1"
0.29973607100027,-0.129225282186789,0.053,0.047,1,"KRR1"
0.300157513103083,-0.218248161206039,0.093,0.091,1,"RCL1"
0.300165006460434,0.338906101355276,0.013,0.011,1,"KMT5C"
0.300742539493727,-0.408449797919696,0.011,0.012,1,"SCN2B"
0.30100480648355,0.101042310859545,0.013,0.012,1,"MAMDC4"
0.301268411766401,-0.385992674335605,0.031,0.031,1,"LMNA"
0.301282575746334,-0.186891817511524,0.034,0.033,1,"MED24"
0.30137215260554,-0.680267748386188,0.034,0.038,1,"AP002884.1"
0.301802964217255,0.293131083630183,0.26,0.192,1,"FARP1"
0.301996790674826,0.179565312540428,0.043,0.032,1,"FOXJ2"
0.302008612089335,-0.74758657452789,0.008,0.012,1,"ENPP5"
0.302025066760196,0.286351334318872,0.05,0.033,1,"NLRC4"
0.302137245138695,-0.487625622094146,0.083,0.09,1,"TMEM106A"
0.302315759353036,-0.135816857410614,0.023,0.02,1,"FKBP9"
0.302421988724256,1.14252484054348,0.014,0.007,1,"GAD1"
0.302930933462533,-0.214707973698137,0.038,0.041,1,"VPS9D1"
0.302966750644663,0.682797685000099,0.01,0.004,1,"U2AF1L5"
0.302984598893122,-0.435424495493157,0.042,0.047,1,"HSPA13"
0.303012734406824,-0.16432641265407,0.016,0.015,1,"ZSCAN32"
0.303124322926997,0.284571203191501,0.015,0.009,1,"CPAMD8"
0.303197168142005,-0.209947548562309,0.066,0.058,1,"NBPF12"
0.303342698104241,1.33343233070906,0.012,0.004,1,"AC245297.2"
0.303488495339065,-0.348816272052399,0.015,0.015,1,"NDUFAF1"
0.303885867949231,-0.658625751457865,0.041,0.055,1,"P2RY6"
0.304005085198865,0.426542258674091,0.013,0.009,1,"PRR5-ARHGAP8"
0.304213152252524,-0.287749472802382,0.047,0.042,1,"STXBP6"
0.304244846238416,-0.471569415163924,0.186,0.232,1,"TMEM144"
0.304448666526819,0.780296317389269,0.012,0.006,1,"AF127936.1"
0.304889630433501,0.473736654276903,0.013,0.008,1,"EPHA4"
0.305164890454292,-0.167571073735048,0.017,0.013,1,"GORASP1"
0.30542384883521,-0.51220403177019,0.088,0.112,1,"CNTNAP4"
0.305585074195325,0.577527686806902,0.037,0.022,1,"HEBP2"
0.305669257028221,0.313376150554574,0.021,0.012,1,"PRELID3B"
0.306104622549568,-0.273320096234958,0.014,0.015,1,"CNNM3"
0.306355809850861,-2.53466400349358,0.003,0.02,1,"SIGLEC1"
0.306544092223222,-0.417577213355294,0.03,0.03,1,"L3MBTL2"
0.306590722834904,0.266356003451794,0.063,0.044,1,"ITGB1BP1"
0.306680352128208,-0.451359695960536,0.021,0.02,1,"FBXL12"
0.307046070145207,0.341306814793436,0.083,0.057,1,"USP45"
0.307137051936577,0.494106044605753,0.052,0.031,1,"DEGS1"
0.307166764598598,-0.931206157414651,0.019,0.027,1,"GFOD2"
0.307303183979226,-0.11708024326132,0.071,0.057,1,"FBXO32"
0.307445805557099,-0.309903358885658,0.018,0.018,1,"AC092902.3"
0.307547665110877,-0.179418936271017,0.025,0.025,1,"PSMC5"
0.307720290524115,-0.285036875543624,0.049,0.053,1,"ANTXR1"
0.307786651347944,0.721350358320513,0.014,0.009,1,"ASXL3"
0.308000506549463,0.253717258467793,0.058,0.038,1,"POLN"
0.308078060265861,-0.346544287090484,0.009,0.01,1,"S100A16"
0.308168331081834,-0.192108128878637,0.019,0.019,1,"AC240274.1"
0.308207040148762,0.236968063672351,0.017,0.012,1,"EMC4"
0.308278433355349,0.222489369664793,0.028,0.02,1,"CELSR2"
0.308529442345798,0.338011936535683,0.169,0.118,1,"UBXN4"
0.308580755954686,-0.255438084596268,0.012,0.009,1,"AC018682.1"
0.308725512388361,-1.02230605197412,0.005,0.011,1,"KCNS3"
0.308732798861459,-0.295397674128572,0.046,0.045,1,"TPRN"
0.308759312774162,0.187775858844666,0.027,0.02,1,"ATP5MC1"
0.309248247135765,1.14809554289518,0.012,0.005,1,"AC011479.1"
0.309561401684585,-0.587263730583842,0.014,0.016,1,"B4GALT3"
0.309658074382696,-0.278211277648359,0.125,0.121,1,"ZNF100"
0.309664484555819,-0.11794121870639,0.013,0.018,1,"GRIA1"
0.309731917291983,-1.32735994938261,0.049,0.102,1,"ADAMTS17"
0.309785850815553,-0.755496954382405,0.028,0.033,1,"BCL7B"
0.310025033249974,0.100099089322421,0.013,0.009,1,"C6orf47"
0.310203156873595,-0.307169655939203,0.022,0.024,1,"HOMER2"
0.310538364498621,-0.697162730301845,0.039,0.045,1,"WDR25"
0.310600246924899,-0.347082859974705,0.02,0.024,1,"EPB41L4A"
0.310629796493217,0.343301800532142,0.028,0.016,1,"AP003469.4"
0.31084450129291,-0.182823227615381,0.015,0.01,1,"APEX2"
0.310943752275991,0.488980578179643,0.027,0.016,1,"PIH1D1"
0.31109177070914,0.157798145892594,0.159,0.133,1,"AHI1"
0.311212254628444,0.365772047318734,0.031,0.023,1,"SNX11"
0.311234247135601,0.512360647546213,0.033,0.016,1,"SLC19A2"
0.311296737910438,-0.723371207153586,0.015,0.014,1,"ZFP28"
0.311325824831683,-3.45201852539416,0.001,0.014,1,"SPATA9"
0.311368308622689,-0.583122506889501,0.03,0.031,1,"LIPG"
0.312160504042774,0.262930417763694,0.07,0.054,1,"ZNF675"
0.312285493131231,-0.649433406510462,0.014,0.016,1,"SYNGAP1"
0.312312772101329,-0.680232682747106,0.01,0.011,1,"ZNF883"
0.312447301196647,-0.485377929060748,0.022,0.022,1,"CCDC58"
0.312455563873514,0.155830163882802,0.02,0.018,1,"NELL2"
0.312497689166018,-0.658558092045644,0.012,0.014,1,"VASH1-AS1"
0.312541006916823,-0.141001145051016,0.059,0.058,1,"NUP85"
0.31261531488769,-0.135799370925612,0.01,0.006,1,"EMILIN1"
0.312994698575857,-0.288866292775644,0.013,0.014,1,"AP000547.3"
0.313003917243905,0.375940798148616,0.11,0.071,1,"FANCC"
0.31334277057528,-1.0822297878119,0.02,0.038,1,"KLHL1"
0.313510205960952,-0.639444336912748,0.015,0.02,1,"GGACT"
0.313586509486426,0.180935604312939,0.033,0.028,1,"LRRC63"
0.313693341456363,-0.135696906267317,0.02,0.016,1,"POLR3G"
0.31387362153958,-0.27819053295827,0.068,0.069,1,"C1orf43"
0.314196024288619,-1.00309667251617,0.017,0.03,1,"LEKR1"
0.314371689741938,0.221261502089459,0.026,0.02,1,"POLR2H"
0.314448546998764,2.06935883673763,0.012,0.003,1,"PCDH11Y"
0.314601990241763,-1.40911750910822,0.011,0.021,1,"LINC00342"
0.314607215034371,0.933815367320674,0.094,0.052,1,"NUDC"
0.31469030732781,-0.424289728944154,0.022,0.023,1,"GTF3C4"
0.31472053312844,-0.360503229655994,0.05,0.05,1,"FGF20"
0.314971372499285,-1.11126118688608,0.011,0.026,1,"SLC22A18"
0.315199978217919,-0.742987786116381,0.008,0.01,1,"C1QTNF1"
0.315214250811795,0.140543755925405,0.098,0.075,1,"HACD4"
0.315220155592302,0.282602781609786,0.014,0.01,1,"ZNF778"
0.315259947358993,0.44405597812547,0.022,0.017,1,"MAP3K12"
0.315615261818975,-0.102754846444501,0.033,0.035,1,"STK35"
0.315626449914779,-0.194480604548748,0.018,0.015,1,"NCAN"
0.315863060797365,-0.528792746971858,0.046,0.052,1,"ETFB"
0.31588521067635,-0.25424960024731,0.06,0.051,1,"RNPEPL1"
0.315901849895873,0.999624566726673,0.026,0.014,1,"NCF4"
0.31612286350615,-0.922816518571333,0.014,0.02,1,"BPNT1"
0.316136974878407,0.667140763254742,0.016,0.009,1,"PIGH"
0.316153863958383,-0.258535135644201,0.09,0.092,1,"EPN1"
0.31630549652843,-0.55818313611819,0.008,0.012,1,"MARVELD1"
0.316451219963915,-0.169451322734219,0.047,0.048,1,"CLPTM1L"
0.316639118819517,-0.482753774777009,0.032,0.038,1,"ITPA"
0.31667192142079,0.150130028308286,0.037,0.028,1,"GALNT8"
0.316677909671469,-0.579176520781706,0.022,0.03,1,"SYNE2"
0.3168241482515,0.112305078550884,0.27,0.213,1,"NCOA7"
0.316848298668159,0.823060789195043,0.019,0.009,1,"SNTB2"
0.316998745761207,-0.223586486399106,0.161,0.161,1,"SPPL2A"
0.317013061715235,-0.319511468562996,0.014,0.016,1,"PIP4K2C"
0.317034320610232,-0.373756404050423,0.045,0.052,1,"ZNF566"
0.317044889704949,0.813152603211488,0.017,0.006,1,"NOP10"
0.31723007844024,-0.34630277329615,0.04,0.039,1,"LINC01356"
0.317328441281303,-0.591665646767525,0.078,0.097,1,"AC097103.2"
0.317380446003293,-0.439096707735417,0.043,0.042,1,"SFI1"
0.317393510332169,-0.317403225014758,0.061,0.059,1,"TYK2"
0.317446338648555,0.228104353694596,0.026,0.021,1,"PANX1"
0.317552562831106,1.13763243584711,0.067,0.039,1,"GRIP1"
0.317741834786782,-0.439061181513194,0.094,0.104,1,"INPPL1"
0.317878545220089,0.17468376500607,0.017,0.018,1,"AC090204.1"
0.317920356088696,-0.218762128762316,0.058,0.06,1,"IRF5"
0.318049342098028,1.34517617279556,0.036,0.017,1,"HTATIP2"
0.318052924484395,-0.332369987253435,0.01,0.009,1,"ADAM11"
0.318139094430658,0.280660086008078,0.028,0.02,1,"VENTX"
0.318352207050491,0.59021881598568,0.01,0.007,1,"NELL1"
0.318366526329782,0.352490165474021,0.039,0.024,1,"STX2"
0.319000379553234,0.548364218718351,0.023,0.014,1,"TCEAL1"
0.319614173883533,-0.243782582023151,0.054,0.055,1,"MRPS21"
0.319784699562326,-0.105827140967424,0.047,0.047,1,"ZNF787"
0.319906622658078,-0.528827458283569,0.033,0.035,1,"GDE1"
0.319911502393171,-0.1041650922772,0.021,0.02,1,"ZNF486"
0.319952478047958,0.347232341011641,0.041,0.032,1,"PTRH2"
0.320360408338811,0.199613322979992,0.067,0.057,1,"DNAJC8"
0.320558914883298,-0.636516996557624,0.009,0.017,1,"ZIC1"
0.32069406330694,-0.32145914564152,0.075,0.09,1,"FIRRE"
0.320803674711411,-0.547966763568886,0.014,0.017,1,"PIGZ"
0.320807245230584,0.203466336156231,0.047,0.038,1,"MAST4"
0.320977909228702,-0.169040101207325,0.05,0.047,1,"WBP11"
0.321921099927701,-0.342673941008302,0.034,0.039,1,"CDKN2B-AS1"
0.321986707594884,-0.451660225731618,0.035,0.039,1,"PECR"
0.322214619758287,0.194225364372673,0.054,0.035,1,"HELLS"
0.322490596889639,-0.403838306499108,0.013,0.014,1,"ABCC6"
0.322777268617211,-0.26873091293795,0.038,0.039,1,"IER5L"
0.322794356972269,-0.722348647009002,0.044,0.059,1,"STYX"
0.322823739068406,0.465746065001773,0.132,0.083,1,"ACVR1"
0.323434933440936,-0.179232810393674,0.073,0.073,1,"SOCS7"
0.323494033335968,-0.556758741537678,0.022,0.029,1,"PGAP2"
0.323569978854893,-0.13527025750837,0.034,0.031,1,"UBFD1"
0.323701921275608,-0.464964096709767,0.025,0.028,1,"CSRNP2"
0.324117687855906,0.228690950578793,0.046,0.037,1,"TTC38"
0.324690610062941,-0.620037779764624,0.013,0.019,1,"BATF"
0.324731729562011,0.226945830114806,0.012,0.012,1,"ASIC1"
0.32474151261663,-0.339865750377012,0.079,0.08,1,"XPC"
0.325344726858953,1.64716204731948,0.042,0.013,1,"CHI3L1"
0.326371626712959,-0.371066773816259,0.029,0.034,1,"GUSB"
0.326583679405961,0.415136189224518,0.269,0.178,1,"IGF1R"
0.32700037494489,0.437322688704277,0.056,0.039,1,"LINC00854"
0.327650551295428,0.524157602916773,0.011,0.008,1,"FAM234B"
0.327788582829574,0.351855345072539,0.017,0.013,1,"AC008741.2"
0.327808679841827,0.107211474206902,0.191,0.163,1,"SLC38A9"
0.32796842067672,-0.654320880587163,0.019,0.021,1,"RRNAD1"
0.328194089061059,-0.185198295710563,0.015,0.01,1,"AL390066.1"
0.328257276142943,-0.334131914279163,0.042,0.041,1,"CD22"
0.328296000319345,0.155968070564054,0.035,0.028,1,"PDIA5"
0.328564302534096,-0.8584633662392,0.013,0.017,1,"AC239809.3"
0.32858437776506,-0.383138277743277,0.063,0.064,1,"PSMD12"
0.3286671286606,-0.15531990773028,0.589,0.663,1,"PCDH9"
0.328692683358091,0.648003752965742,0.018,0.014,1,"EVA1B"
0.329039586505241,-0.226548417859099,0.113,0.115,1,"CREB5"
0.329325011994246,-1.05284952638404,0.015,0.019,1,"AL845472.1"
0.329562027960635,0.909656744335761,0.067,0.033,1,"UTP23"
0.329630521590439,0.181687729751403,0.214,0.163,1,"STXBP5"
0.329773341028522,-0.162568627328373,0.024,0.018,1,"CC2D1B"
0.329787928110397,0.215792383817965,0.042,0.029,1,"CLEC9A"
0.329934179936126,-0.17397182647378,0.032,0.029,1,"SYTL2"
0.330069637516258,-0.18346896172103,0.026,0.022,1,"ZFHX2"
0.330391478598162,-0.291244824846727,0.043,0.037,1,"MAF1"
0.330739972106226,-0.172234897823051,0.075,0.078,1,"EEF2K"
0.33089112770576,-0.354362362482815,0.018,0.02,1,"FO393400.1"
0.3309866564308,-0.257170921925106,0.042,0.04,1,"GTF2A2"
0.331134568281863,-0.776425263057224,0.009,0.011,1,"TRPV1"
0.331452091945658,0.518851170721899,0.042,0.027,1,"SDC2"
0.332235092290346,-0.602231474006355,0.05,0.068,1,"APOL6"
0.332535138959948,0.116823638852393,0.018,0.014,1,"AC012447.1"
0.332614970644272,-0.146045985465189,0.023,0.023,1,"WWC1"
0.332954794845585,0.325690120414562,0.203,0.146,1,"UBE2E3"
0.332980227428326,-0.594333494616003,0.016,0.018,1,"CHAMP1"
0.333270581282307,0.345861923750582,0.116,0.079,1,"SIGLEC8"
0.333396165465272,-0.256972998371586,0.014,0.017,1,"GRIN2A"
0.333713093131453,0.453592591216668,0.024,0.015,1,"CHMP2A"
0.333715263040553,-0.334312125491463,0.042,0.037,1,"CCDC136"
0.333952870903675,-0.475527937752706,0.034,0.037,1,"SPTY2D1"
0.333957320019081,0.382317767760795,0.018,0.011,1,"LRR1"
0.334030792665029,0.221976747501305,0.023,0.014,1,"DPM3"
0.334137161821976,1.33791570408622,0.011,0.003,1,"NABP2"
0.33426813702362,-0.669445474143012,0.015,0.022,1,"MROH8"
0.334373590070244,-0.275990426334734,0.075,0.073,1,"OSTM1"
0.334607687314213,0.162121905835318,0.179,0.14,1,"NEK1"
0.334716083380338,-0.650685729414521,0.023,0.028,1,"LGR5"
0.334890449716301,-0.607965418384553,0.021,0.028,1,"LINC02057"
0.334907914190959,-0.152401207250299,0.01,0.009,1,"AHNAK2"
0.334939309746583,-0.183288762596896,0.017,0.018,1,"EXOSC2"
0.335165093267077,0.536293992113147,0.015,0.009,1,"IMP3"
0.335171948483885,-0.406688879600911,0.017,0.017,1,"DHX16"
0.335197294093523,-0.148666700089957,0.015,0.017,1,"AC020703.1"
0.335204551666241,0.690475790739673,0.028,0.015,1,"PIP4P1"
0.335212504388363,0.180351193727064,0.05,0.042,1,"LUZP2"
0.335243573816017,0.207006583258727,0.07,0.055,1,"CNOT7"
0.33525345727119,0.155441755536185,0.031,0.02,1,"TRAF5"
0.33537903523117,-0.299749775468837,0.035,0.034,1,"TMEM220"
0.335969078071009,-0.767282198065336,0.014,0.02,1,"TRAPPC4"
0.335986539987548,0.253878288375332,0.148,0.113,1,"DCUN1D4"
0.336218496248992,2.44621922068835,0.011,0.003,1,"VSTM2A"
0.336316529689103,0.148050027922453,0.023,0.017,1,"LRRC59"
0.336491126364765,0.323048289252205,0.061,0.039,1,"ZBTB34"
0.336742910064707,-0.461443744530595,0.016,0.018,1,"ZNF727"
0.33693246704593,0.126066546048169,0.011,0.008,1,"FHDC1"
0.33788085719826,0.165469123429312,0.018,0.013,1,"CD320"
0.337936402904475,-0.19988557489908,0.032,0.026,1,"VCPKMT"
0.338040884904015,0.198424856409468,0.111,0.087,1,"ARHGAP30"
0.338494542105341,0.13232082598806,0.012,0.011,1,"AL080276.2"
0.338527020737029,-0.215307306481074,0.033,0.028,1,"CTSL"
0.339355503111943,-0.154668066442384,0.022,0.022,1,"AC096677.1"
0.339666640300603,0.367523722805826,0.047,0.029,1,"TMEM47"
0.339681066315976,0.415115242604626,0.043,0.035,1,"ZNF444"
0.339727173878957,-0.278366333943634,0.029,0.022,1,"SSRP1"
0.339871430397235,0.155568455009341,0.038,0.031,1,"ZNF281"
0.339972562958554,0.663271213850014,0.034,0.018,1,"INTS6-AS1"
0.339983584082792,-0.286014411156276,0.164,0.165,1,"INO80"
0.339986440306331,-0.409752862683487,0.074,0.079,1,"LIN54"
0.340169934142371,1.01211360713273,0.016,0.007,1,"ARHGAP33"
0.340220798494419,-0.405792818290655,0.034,0.039,1,"NRBF2"
0.340237887823763,-0.876116606137185,0.009,0.01,1,"RAB9B"
0.340859493766006,-0.252881288611473,0.078,0.083,1,"AL645568.1"
0.340897459956281,-0.489178264698979,0.011,0.012,1,"AC008764.8"
0.34099603627985,-0.303888341932978,0.028,0.026,1,"KCNE3"
0.341194308881568,0.491573806886108,0.032,0.02,1,"MYLK-AS1"
0.341347364015638,-0.122714475176945,0.024,0.024,1,"ARRDC4"
0.341433574468509,-0.335907063578234,0.033,0.032,1,"SLC25A30"
0.341584299671054,0.148521684505937,0.33,0.262,1,"CCNI"
0.341624907564892,-0.222207995383901,0.021,0.02,1,"RTN2"
0.341781631508279,0.132167188574447,0.045,0.03,1,"SLBP"
0.341911829972807,-0.182625360587996,0.065,0.055,1,"B3GAT1"
0.34198213708513,0.271330079491733,0.036,0.027,1,"RELB"
0.342027119730846,-0.108893635788287,0.153,0.14,1,"ACTN4"
0.342199795136424,-0.16141204785188,0.036,0.033,1,"CCDC47"
0.342369709125772,0.161744451959793,0.072,0.055,1,"LRRC37A2"
0.342380177836885,-0.131929960145518,0.12,0.116,1,"RAB27A"
0.342563309684719,-0.550642740525023,0.026,0.028,1,"LINC02193"
0.343015403999423,0.128439581381882,0.035,0.024,1,"SLC4A1AP"
0.34308840758983,0.348626390626208,0.017,0.012,1,"PRDX4"
0.343104638881257,-0.137665808632194,0.014,0.012,1,"KDELC2"
0.343502789303349,-0.525699819877597,0.02,0.02,1,"AC093668.2"
0.343583026104278,0.140965936787945,0.07,0.058,1,"SH3D19"
0.343609942456064,-0.137028609828768,0.02,0.019,1,"ZNF500"
0.343634694940781,0.352611085432598,0.01,0.007,1,"POMGNT2"
0.343713786911871,-0.533188271378853,0.034,0.047,1,"OAS1"
0.34378879060365,-0.400276599531411,0.026,0.032,1,"ASMTL-AS1"
0.343984733593024,-0.231720455928408,0.041,0.041,1,"ERMARD"
0.344152943350177,-0.107489735529068,0.031,0.03,1,"ZBTB17"
0.344510403519283,-0.100187554398488,0.027,0.024,1,"CTC1"
0.345036038820817,-0.216099759595459,0.066,0.066,1,"TMCO4"
0.345219981621293,-0.833469684730114,0.011,0.015,1,"IQSEC3"
0.345234673407509,-0.28963996442708,0.066,0.073,1,"NPIPB4"
0.345320378454788,-0.303922932331595,0.036,0.037,1,"MIIP"
0.345600008872608,0.550108285000549,0.02,0.014,1,"JRK"
0.345603910896805,-0.832203972138748,0.017,0.014,1,"RPS26"
0.345753119811762,0.685620470538691,0.017,0.009,1,"ELK1"
0.345843370109362,0.378869388083589,0.109,0.077,1,"NPAT"
0.345874404145148,1.569179993729,0.072,0.022,1,"ALPK3"
0.346671674258716,1.05760716605953,0.017,0.007,1,"SGO2"
0.347144754116297,0.774779426839425,0.039,0.016,1,"NKRF"
0.347748618635023,0.28808747850335,0.109,0.09,1,"CD14"
0.3477689028926,-0.302724313111417,0.026,0.024,1,"CISD3"
0.347913521104162,-0.173702145776646,0.013,0.015,1,"ZNF79"
0.347950639817334,-0.154608788906142,0.042,0.037,1,"C5orf22"
0.348022534536618,-0.448265368045767,0.079,0.089,1,"MILR1"
0.348063659522072,-0.23305916631261,0.013,0.012,1,"SCUBE2"
0.348197257203051,0.891641022329942,0.018,0.011,1,"FKBP14"
0.348237060587033,-0.195579715310096,0.079,0.074,1,"DSTYK"
0.348370578060293,-0.118362907935858,0.028,0.026,1,"TIGD4"
0.348407229442909,0.971491414018587,0.019,0.009,1,"COL27A1"
0.348421394700603,1.84867713359926,0.03,0.007,1,"SLC17A9"
0.348491251432925,-0.785079232995774,0.036,0.055,1,"SEMA3B"
0.348579543921251,0.523907034509106,0.194,0.124,1,"GATM"
0.348691840493006,-0.491510965567271,0.029,0.037,1,"P2RY11"
0.34874414595429,0.740992581512799,0.048,0.021,1,"UPRT"
0.348927190580535,0.23310311301218,0.021,0.013,1,"ATRAID"
0.349007339253323,-0.83628514521753,0.02,0.024,1,"SMAD9"
0.349106420402925,-0.514749468660976,0.058,0.068,1,"KDM5C"
0.349275149524459,0.168955797177446,0.021,0.019,1,"BUD13"
0.349429023704859,0.202306952608104,0.113,0.087,1,"PEX14"
0.349429260340689,0.387284656445234,0.14,0.099,1,"RPS20"
0.349492825945641,-0.929885935508147,0.027,0.04,1,"TRG-AS1"
0.349650797727904,-0.470553579721385,0.014,0.018,1,"ZBTB6"
0.349717709489056,-0.341843641386005,0.019,0.023,1,"GNAL"
0.34988996482914,-0.466327645922208,0.021,0.025,1,"ADCYAP1R1"
0.350111808767443,0.302459801445744,0.031,0.025,1,"COL25A1"
0.350261222664524,-0.728677645774285,0.02,0.022,1,"MYADM"
0.350366941565764,-0.207704209705396,0.039,0.041,1,"IL15RA"
0.35057468614834,-1.01836513102798,0.014,0.028,1,"EPHB3"
0.350613297952861,-0.251282879688466,0.015,0.017,1,"E4F1"
0.350760035482281,0.491137864119823,0.025,0.02,1,"AKIP1"
0.351194430764483,-0.283310730232912,0.012,0.016,1,"MAGOHB"
0.351268386382446,0.837299127782323,0.021,0.014,1,"GPS2"
0.351386980771024,0.71379377924752,0.012,0.008,1,"DCTN3"
0.351624317691918,0.834923036444417,0.023,0.012,1,"LINC00159"
0.351736848764044,-0.181233139445723,0.017,0.014,1,"AC138035.1"
0.351836798886907,-0.202076713267697,0.021,0.021,1,"TMEM161A"
0.351899907051377,-0.9558549468794,0.016,0.033,1,"ADGRG6"
0.352284495835574,0.212548241030633,0.027,0.021,1,"PAXIP1-AS2"
0.352336512875783,-0.578299257043842,0.013,0.016,1,"FAM189B"
0.352542617669011,-0.477256106835515,0.025,0.024,1,"LRRCC1"
0.352593855683906,0.142621836799497,0.052,0.041,1,"OGFR"
0.35278634228479,-0.120617621326609,0.023,0.021,1,"MDH2"
0.352921308665655,-0.395789670100744,0.023,0.028,1,"SESN2"
0.352946482893946,0.966147874148657,0.022,0.012,1,"REXO2"
0.352955160720282,0.110372001743818,0.018,0.018,1,"DMPK"
0.353148814641006,-0.447215062375348,0.013,0.016,1,"CABYR"
0.353374456452539,-0.24008085266212,0.021,0.019,1,"MKRN2"
0.35347867677861,-0.444109293212974,0.047,0.052,1,"PRRC1"
0.353485686879302,0.15282327600915,0.017,0.015,1,"RPH3A"
0.353618947247639,-0.523018956411106,0.01,0.007,1,"TTLL3"
0.353644535185624,0.173890455943518,0.07,0.055,1,"AK9"
0.353927921993403,-0.192504117032627,0.036,0.04,1,"UROS"
0.354050291048095,-0.826581576575161,0.011,0.016,1,"PYROXD2"
0.354540375540578,-0.388291496858096,0.026,0.024,1,"FAM104A"
0.354796882050799,0.795147443761501,0.015,0.006,1,"TMEM54"
0.354813328479309,0.708705410285093,0.041,0.025,1,"TNFAIP3"
0.354955781323347,0.32407703793103,0.041,0.026,1,"DENND1C"
0.355029746831209,-0.176928843522755,0.014,0.014,1,"ZNF30"
0.355467150829622,-0.379764261867744,0.03,0.031,1,"PDSS1"
0.355473521051315,-0.368467574698827,0.019,0.02,1,"ALG10B"
0.355675365099507,0.139629389268718,0.049,0.042,1,"FLYWCH1"
0.355691479620486,0.24796852850657,0.034,0.022,1,"SEC61B"
0.355866446032777,-0.259589114651149,0.014,0.016,1,"LRRC6"
0.35588967906622,-0.655609789062727,0.049,0.065,1,"PLGRKT"
0.355949166341419,-0.970693347135509,0.011,0.018,1,"LINC01500"
0.356231685632316,-0.366559909716605,0.026,0.025,1,"AEBP1"
0.356419118235961,0.443437607099548,0.049,0.035,1,"HMGCS1"
0.356481277689281,-0.523743550696294,0.019,0.022,1,"ABCD1"
0.356543040461441,-0.138770185756177,0.071,0.063,1,"SDHB"
0.357197353276832,0.169761253968635,0.037,0.026,1,"PSMB3"
0.357305273529441,-0.151251355520883,0.198,0.178,1,"KDM3B"
0.357314827727171,0.177570624719964,0.054,0.041,1,"HSPA2"
0.35745823446575,-0.782107141261433,0.008,0.011,1,"ABCC9"
0.357546712632565,0.504474455909911,0.025,0.016,1,"MAOB"
0.357929259135731,0.431643451494524,0.019,0.014,1,"NME6"
0.357935068183346,-0.568766925504265,0.055,0.075,1,"HPSE"
0.357944321877635,0.583786238237014,0.02,0.014,1,"CRHBP"
0.358068605562619,1.0215183345593,0.017,0.007,1,"TRAF3IP2"
0.358426616050338,-0.60722186784412,0.02,0.024,1,"SF3A2"
0.358463838757194,1.12651276731129,0.022,0.008,1,"PYURF"
0.358591418890209,-0.652772851009391,0.009,0.011,1,"AC007255.1"
0.358821597105584,1.0731947948703,0.019,0.006,1,"MOV10L1"
0.358845722361068,-0.426282606224566,0.035,0.04,1,"PALM"
0.359028650239364,-0.558767444517809,0.037,0.043,1,"TMEM184C"
0.359093096106568,-0.457601999853365,0.012,0.012,1,"NRL"
0.359232527903462,0.343776351496564,0.076,0.047,1,"TMED5"
0.359288916087801,0.487895977074029,0.018,0.01,1,"AC025178.1"
0.359372767538179,-0.633304971749781,0.013,0.021,1,"LIMS2"
0.359374669339701,-0.350780120156942,0.062,0.058,1,"UNC13B"
0.359527504053774,0.242190745174936,0.123,0.092,1,"ZDHHC7"
0.35972363566757,-0.329568085642296,0.017,0.014,1,"CD151"
0.35989642165372,-0.456139586155709,0.018,0.022,1,"NLGN3"
0.360108458004884,0.638537129547298,0.132,0.076,1,"SLC36A4"
0.360122792160473,-0.471904131363595,0.01,0.018,1,"CSDC2"
0.360395563528641,0.674787777754523,0.01,0.003,1,"EGR3"
0.360560668507541,0.448199194309888,0.043,0.033,1,"VPS37C"
0.360886854924165,0.202149655558483,0.041,0.035,1,"COPZ1"
0.361215781926275,-0.520578729744597,0.019,0.022,1,"POLR1B"
0.36145626253828,-0.150627258712302,0.015,0.014,1,"KLHL26"
0.361633748382271,0.167606537875934,0.112,0.085,1,"COG3"
0.361859091454965,-0.348907556048297,0.072,0.07,1,"LMBRD2"
0.362251916642141,-0.298465102072458,0.066,0.073,1,"GOLGA1"
0.36231455336756,-0.238953912466616,0.013,0.015,1,"AC079760.1"
0.362318331804654,-0.496068648105612,0.06,0.064,1,"NBN"
0.362937119608865,0.447942155024788,0.018,0.014,1,"DNAAF2"
0.362980595530455,0.3441071705094,0.037,0.028,1,"WNK3"
0.363273732871634,0.291728230057925,0.041,0.023,1,"UNKL"
0.363607301672715,1.31610815186628,0.01,0.005,1,"DPYD-AS1"
0.363806476962551,-0.230762442326135,0.077,0.071,1,"FAM177A1"
0.363924231477521,0.110563188406446,0.202,0.155,1,"MPHOSPH8"
0.363980892325216,0.191188074064888,0.07,0.053,1,"NARF"
0.36418388428699,-0.671470099485869,0.014,0.016,1,"HMGN4"
0.364210525640539,-0.123074481764956,0.024,0.023,1,"PNO1"
0.36445679201972,-0.532001291314157,0.055,0.062,1,"TUBGCP5"
0.364516411248367,0.247391733577661,0.011,0.01,1,"ZNF622"
0.364632509166525,-0.408467434747998,0.017,0.015,1,"RAD1"
0.3648277613834,-0.344978246487217,0.015,0.015,1,"ZNF771"
0.364898103079553,0.148045253660039,0.026,0.016,1,"C5orf30"
0.36500713813128,-0.442731388403666,0.019,0.021,1,"POLM"
0.365133320752457,-0.226848155362931,0.024,0.022,1,"FAM96B"
0.365206362049825,0.209180127398397,0.05,0.039,1,"ARL10"
0.365269175054905,-0.190430848678483,0.028,0.026,1,"ZNF428"
0.365624284154328,-0.221939693170071,0.04,0.045,1,"CEP57L1"
0.365653028961684,-0.201612278352663,0.024,0.018,1,"CENPQ"
0.36572656607691,-0.780092445236432,0.028,0.039,1,"VPS52"
0.365802690616232,-0.144419593484868,0.107,0.098,1,"AGO1"
0.365827764394569,-0.299560934505209,0.012,0.012,1,"ZNF614"
0.365844044992954,-0.282536889051424,0.07,0.068,1,"STARD3NL"
0.365856756448903,-0.192035186867651,0.043,0.041,1,"TTF1"
0.365873557278163,-0.247933835148128,0.01,0.009,1,"NOB1"
0.366529794918496,1.4009176809997,0.086,0.031,1,"NETO2"
0.366533806214421,-0.903805708903909,0.018,0.023,1,"EXOSC9"
0.366751943759979,-0.405279991882465,0.13,0.148,1,"EIF2AK2"
0.366852834523839,-0.120439781171879,0.019,0.017,1,"TIFA"
0.367248574177986,-0.541183726884623,0.013,0.016,1,"SHC4"
0.367394549306946,0.334665688604212,0.01,0.008,1,"KMO"
0.367419981649343,-0.333965129585414,0.02,0.021,1,"SLC39A7"
0.367578811551373,0.171515213879671,0.048,0.034,1,"ACADSB"
0.367730571698512,-0.288430806413722,0.033,0.034,1,"GNE"
0.367815036955689,-0.494413645784317,0.025,0.026,1,"SLC2A8"
0.368157047996993,-0.534086003565337,0.044,0.048,1,"TGS1"
0.368165510267489,0.220544009991595,0.158,0.129,1,"LYRM4"
0.368314217777605,-0.399944185813487,0.028,0.029,1,"ACBD4"
0.368470098171945,-0.367213541663019,0.031,0.033,1,"TMEM14A"
0.368619444725285,-0.141920702546426,0.049,0.045,1,"OPCML"
0.368698646927641,0.192585760763002,0.021,0.016,1,"RBPMS"
0.369241701232356,0.212456648527069,0.028,0.024,1,"TMEM126B"
0.369262122927752,-0.463302335819109,0.011,0.013,1,"CDR2L"
0.369452937113038,0.716878652936873,0.022,0.007,1,"HCG27"
0.36947862083799,0.310541635167145,0.018,0.012,1,"AL138881.1"
0.369540479487722,-0.458534433021217,0.029,0.036,1,"ICAM1"
0.369717059773396,0.964663154446403,0.059,0.026,1,"IER5"
0.369721757239643,0.29278274708392,0.019,0.012,1,"ZC3H11B"
0.369971760107597,0.110504675952909,0.039,0.031,1,"PLD2"
0.370332187459355,0.499461472369612,0.012,0.009,1,"RBBP9"
0.370338223586963,-0.539343576081506,0.022,0.027,1,"EME2"
0.370452104691859,-0.174338961383407,0.042,0.036,1,"CWC15"
0.370550079169008,0.109399056619212,0.124,0.099,1,"PMEPA1"
0.370729514314253,-0.582834900631379,0.012,0.014,1,"AC005498.3"
0.37075878942321,-0.291979006388398,0.01,0.01,1,"GALE"
0.371179474552136,-0.236514388392909,0.021,0.022,1,"ZSWIM4"
0.371189367883749,-0.348202939405563,0.009,0.01,1,"CACNA2D2"
0.371446859560142,0.137867301504558,0.065,0.057,1,"ATXN7"
0.371464197062865,-1.47305984894835,0.013,0.03,1,"HPN"
0.371640557131817,0.765300595449158,0.02,0.009,1,"C14orf93"
0.371735006973135,0.260860255041157,0.031,0.022,1,"C4orf33"
0.371823839716359,-0.241119617978861,0.032,0.035,1,"MID1"
0.372001900926573,-0.833371214774855,0.083,0.121,1,"PLEKHA6"
0.372045902797077,0.100551231684959,0.019,0.017,1,"IFT57"
0.372075205579843,0.660101124071308,0.041,0.022,1,"MYBPC1"
0.372086474101593,-0.520818904463362,0.019,0.02,1,"RABL2A"
0.372179048320799,0.214237177352198,0.023,0.02,1,"HEBP1"
0.372257760433839,-0.226321614651539,0.017,0.014,1,"NEMP2"
0.372332769799324,0.314057666868372,0.025,0.018,1,"ZFAND2B"
0.372497515205639,-0.445445222245325,0.019,0.026,1,"ISOC2"
0.372518493076216,0.153224986568847,0.024,0.02,1,"MED9"
0.372834192103908,-0.143975318635404,0.057,0.049,1,"PMP22"
0.373188903275305,-0.317060368505021,0.058,0.061,1,"PRCC"
0.373422830717936,0.650852975782631,0.012,0.008,1,"AC093227.1"
0.373524264957028,-0.344199938913862,0.032,0.032,1,"MPHOSPH10"
0.373639029250005,-0.129321190966879,0.069,0.073,1,"AARS"
0.373967518896964,0.179952018137112,0.024,0.019,1,"ZFP82"
0.374176976634052,0.358141905920307,0.041,0.03,1,"DRAM1"
0.374295613293216,0.128621827598087,0.022,0.017,1,"FHL3"
0.374413806457457,0.471007830639621,0.064,0.043,1,"NDUFB2"
0.374584630169508,0.527158959497334,0.03,0.022,1,"CYP4V2"
0.374619104336591,-0.25077131161274,0.037,0.037,1,"HAGHL"
0.375082924653504,-0.918668673272007,0.017,0.022,1,"LINC02147"
0.375110825242544,-1.10116082494837,0.006,0.011,1,"AL691432.2"
0.375175668823414,-0.23194944770046,0.064,0.059,1,"SF3B2"
0.375396268097286,0.885577817014097,0.044,0.024,1,"ACAA1"
0.375571337691408,0.330128208940374,0.036,0.026,1,"CPSF3"
0.375651332949989,0.37039463272759,0.01,0.005,1,"AC005225.3"
0.375697651842699,0.2894539656022,0.019,0.014,1,"TMEM101"
0.375763826860285,0.47558389383602,0.07,0.043,1,"TDP2"
0.375783204185148,-0.585588591406722,0.012,0.016,1,"LINC01006"
0.375849159652434,-0.21453624034084,0.03,0.026,1,"RPF1"
0.375903632626635,0.646163505930013,0.018,0.007,1,"MIEN1"
0.376144711220016,0.331718130807324,0.015,0.01,1,"C1QL1"
0.376203967443469,-0.645178164943053,0.018,0.022,1,"LENG8-AS1"
0.376298752528821,0.104924604272492,0.021,0.017,1,"APEX1"
0.37651561462311,-0.252505914414799,0.015,0.016,1,"AC016727.1"
0.376948701781299,0.197607667007021,0.131,0.092,1,"ELAVL1"
0.376957034371903,-0.387322552250648,0.042,0.041,1,"SNRNP35"
0.377081793862142,0.85913552089666,0.042,0.023,1,"MGST1"
0.377278013645133,-0.755437253132353,0.01,0.012,1,"RIT2"
0.377499927319819,-0.346557545906662,0.011,0.009,1,"PPFIA4"
0.377644232166038,0.306738080988356,0.054,0.04,1,"KLHDC3"
0.377927543528261,-0.78936402505689,0.016,0.019,1,"WDR53"
0.377960176991114,-0.493488496106447,0.013,0.016,1,"SEMA3E"
0.378054942302743,-0.506637203201202,0.015,0.018,1,"LRCH2"
0.37806210060457,0.11931814689001,0.045,0.039,1,"VRK3"
0.378132396310208,0.448193750205465,0.051,0.031,1,"DUSP18"
0.378458539344434,0.613462976914046,0.025,0.014,1,"RASGRP2"
0.37846040460763,-0.125004361984821,0.174,0.177,1,"LINC01091"
0.378787256000831,-0.244332898713396,0.091,0.086,1,"RNPS1"
0.378817175350492,-0.635785250821391,0.063,0.096,1,"COL4A5"
0.379050306351131,0.41412444228953,0.048,0.031,1,"NDUFB1"
0.379083103003364,0.247242842670542,0.029,0.022,1,"IGFBP5"
0.379430038373457,-0.290081316217495,0.02,0.018,1,"LEO1"
0.379437078703398,-0.24503372015321,0.054,0.053,1,"COQ2"
0.379522989420395,0.198566640468332,0.032,0.019,1,"VXN"
0.379693687471045,0.401440605035732,0.023,0.014,1,"RNASEH2C"
0.379815574194484,0.154268525715626,0.01,0.009,1,"ZNF526"
0.379859462112362,-0.137876872523634,0.013,0.014,1,"AC124319.2"
0.379990224078868,-0.284052764773571,0.011,0.008,1,"AC093297.2"
0.38035942660327,0.230004720988993,0.057,0.042,1,"GMCL1"
0.380741770496887,0.420174853533768,0.018,0.013,1,"JAZF1-AS1"
0.381167008841048,-0.302680137471641,0.017,0.016,1,"INPP5K"
0.381491082867052,-0.26933393363103,0.021,0.02,1,"HS3ST1"
0.381528409765623,-0.545695349318503,0.011,0.012,1,"AL391807.1"
0.381625803720414,-0.418637802964135,0.039,0.043,1,"PSMD7"
0.381758108335002,0.825998393810111,0.032,0.017,1,"CRIPT"
0.381798988732105,0.662766996847848,0.01,0.007,1,"WDR78"
0.381884403841934,0.410896697726495,0.012,0.008,1,"SLC16A5"
0.382564168691677,2.35682609446462,0.021,0.006,1,"RAB3B"
0.382749012920227,-0.217577411339751,0.017,0.015,1,"MCRS1"
0.382890233453266,0.120859676106094,0.114,0.092,1,"C4orf19"
0.382896968222368,-0.37815994740655,0.055,0.06,1,"SLC30A5"
0.382918777182747,-0.467756918048785,0.019,0.017,1,"MORN1"
0.383191896295622,0.598138524964525,0.015,0.009,1,"TMEM150C"
0.383196163473355,-0.697213543764988,0.014,0.019,1,"LZTFL1"
0.383309058765997,-1.09250363114512,0.007,0.012,1,"GAPT"
0.383659765139107,0.17724287098775,0.031,0.022,1,"TIPIN"
0.38371588422178,0.182388455644726,0.013,0.007,1,"TMEM138"
0.383893953881549,-0.106946676582992,0.057,0.057,1,"CYB5R3"
0.384028266574693,-0.350970283186392,0.013,0.009,1,"SPDL1"
0.384212696992209,-0.711010324042969,0.008,0.012,1,"LTBP2"
0.384539405218106,-0.309990911922707,0.072,0.077,1,"EPM2A"
0.384703716956644,0.188544588015409,0.075,0.055,1,"PMPCB"
0.384786840624694,-0.248892087355757,0.015,0.016,1,"ZNF606"
0.384878039150993,-0.758698072173849,0.012,0.014,1,"AC091180.2"
0.384948629274082,-0.237145843130893,0.017,0.022,1,"NOD2"
0.385122123696429,-0.940091872392927,0.015,0.024,1,"MAOA"
0.385154139996295,-0.530579050268381,0.008,0.01,1,"MSTO1"
0.385622325236166,-0.193775595522616,0.057,0.053,1,"UCHL3"
0.385690657027244,-0.177385848787759,0.069,0.062,1,"DTWD1"
0.385737360095518,-0.270611034625513,0.054,0.058,1,"PLIN3"
0.386013669148611,-0.158161419190804,0.054,0.064,1,"AL589740.1"
0.386102188685711,-0.176589301095718,0.03,0.025,1,"TNFRSF13C"
0.386300126514994,-0.196819375065809,0.078,0.068,1,"TEP1"
0.386420497442918,0.145820649692503,0.015,0.012,1,"CENPX"
0.386551289854882,1.046165703742,0.015,0.005,1,"AP005433.1"
0.386843403829981,-0.132900637559385,0.017,0.016,1,"LTBP1"
0.386920971992046,-0.415803858152716,0.011,0.013,1,"CITED2"
0.387076408972167,-0.168032318933782,0.017,0.016,1,"RAB13"
0.387244224262839,-0.289948554330573,0.06,0.062,1,"SH2D3C"
0.387289322635386,0.246387099036617,0.01,0.006,1,"FAM206A"
0.387300067415583,-0.179300460218828,0.027,0.022,1,"YPEL1"
0.387325129641142,-0.530809087330381,0.078,0.086,1,"TADA2A"
0.387330374172289,-0.506248515553568,0.017,0.022,1,"CXorf36"
0.387364800522409,-0.534837850281593,0.011,0.012,1,"SLC39A8"
0.387459517830538,-0.712493565353636,0.028,0.04,1,"LGI4"
0.387786702751322,-0.465677598535747,0.01,0.009,1,"CUL7"
0.387936702451122,0.482206005241607,0.017,0.009,1,"EPOR"
0.388173554875934,-0.101582416658717,0.017,0.015,1,"NAALAD2"
0.388329545968332,-0.366239438830526,0.05,0.049,1,"RAB35"
0.388750010019882,-0.15694379011744,0.155,0.162,1,"CENPP"
0.388753933101708,-0.422679751965621,0.039,0.041,1,"AC027808.1"
0.389175238548921,-0.192846069595543,0.027,0.028,1,"NSMCE4A"
0.389232285210428,0.116694369995263,0.01,0.009,1,"RASSF7"
0.389353368713849,1.09029052514869,0.012,0.006,1,"AC007402.1"
0.389545129805203,0.68593386314911,0.016,0.009,1,"STK19"
0.389691064367085,-0.178445756044383,0.045,0.043,1,"FAM216A"
0.38994934961876,0.120625976523276,0.136,0.113,1,"GLYR1"
0.390013835681326,-0.16698458173417,0.054,0.052,1,"TREM2"
0.390515077002715,-0.308186130152498,0.024,0.019,1,"ETFRF1"
0.390692438214814,-0.623855636710572,0.039,0.047,1,"LGALS3BP"
0.390738343890427,-0.412056020822163,0.013,0.013,1,"THAP7"
0.390743424401977,0.143239532529639,0.013,0.007,1,"AC005480.1"
0.391259921729445,-0.848668144753919,0.01,0.014,1,"APOBEC3F"
0.391712734356123,-0.547114775124875,0.02,0.024,1,"AC123768.3"
0.391874443453753,-0.185677196763133,0.031,0.032,1,"AL445472.1"
0.392518294619738,-0.136427372751267,0.015,0.009,1,"CETN2"
0.392521806490054,0.339725821783442,0.011,0.01,1,"CENPV"
0.392558543567796,1.23467206893949,0.01,0.003,1,"FTCD"
0.392876959653561,-0.481894423596273,0.013,0.013,1,"TNS2"
0.39326873246168,-0.199820827853872,0.07,0.062,1,"TAF1B"
0.393457109933994,1.04680895119675,0.022,0.012,1,"RFX4"
0.393596229502996,-0.417962567129557,0.027,0.029,1,"PMS2"
0.393748354847932,-0.210989124169353,0.024,0.021,1,"DNAJB11"
0.394162637943813,-0.316014854545723,0.014,0.012,1,"GABARAP"
0.394980908301518,0.109441072559108,0.156,0.138,1,"ENOX2"
0.39517552397897,0.649161290830089,0.056,0.033,1,"SGSM2"
0.395298558219277,0.374997094585362,0.023,0.016,1,"C19orf24"
0.395447775803551,-0.549644591178768,0.041,0.064,1,"RAP2C-AS1"
0.395484458000496,0.21849422504517,0.098,0.069,1,"ZCCHC8"
0.395706340617263,0.275636045038744,0.018,0.014,1,"TMEM134"
0.395749376544202,-0.808000460697852,0.014,0.022,1,"STK33"
0.395823732481484,-0.721630290431117,0.02,0.026,1,"NUP37"
0.39599719215765,0.649833636828036,0.066,0.038,1,"AC009063.2"
0.396250466333771,-0.395958934275664,0.01,0.012,1,"CPTP"
0.396732697602176,-0.788929152228151,0.013,0.016,1,"ZNF350"
0.396762836767384,0.641999153539195,0.026,0.017,1,"ATP13A4"
0.396841332671479,-0.555260311240812,0.027,0.031,1,"CCZ1"
0.397016253570962,-0.326285160734804,0.012,0.011,1,"FAM198B-AS1"
0.397258694783744,-1.22567583503873,0.005,0.012,1,"AC105411.1"
0.397372140557906,0.230602708876942,0.028,0.02,1,"MRFAP1L1"
0.397401868064678,-0.419569639431937,0.01,0.008,1,"ICOSLG"
0.397657668262199,0.391952358892584,0.018,0.011,1,"ZDHHC16"
0.397684067101884,-0.310276059995897,0.037,0.035,1,"BCAT2"
0.397690879057837,0.728953308807633,0.031,0.02,1,"PPP1R3F"
0.397717503973573,0.379970067437307,0.014,0.011,1,"RORB"
0.397814728282005,0.103765682402809,0.03,0.024,1,"PRUNE1"
0.398034221068997,0.338740933645188,0.16,0.107,1,"ATL2"
0.398069253200109,0.309314766103134,0.099,0.081,1,"TARSL2"
0.398479094094846,0.109508334874155,0.033,0.024,1,"SLC25A1"
0.398571173829664,-0.679224610404217,0.029,0.036,1,"RGS3"
0.399121471531177,-0.255236699635583,0.048,0.052,1,"FPGS"
0.39931508519411,-0.153137014415304,0.103,0.097,1,"NUP160"
0.399524363558542,-0.357201084266714,0.053,0.064,1,"CALD1"
0.399569250998524,0.154151689599903,0.013,0.01,1,"MRGBP"
0.399766935435351,-0.338131145564163,0.043,0.045,1,"GALNT6"
0.399845000596671,-0.304393370773314,0.013,0.014,1,"MOCS1"
0.39985451296445,-0.487091153265407,0.025,0.028,1,"C6orf203"
0.400647225943557,0.381886159547822,0.2,0.153,1,"CEP128"
0.400685639368753,-0.433427922408114,0.042,0.043,1,"TRMT61B"
0.400967760462109,0.673898244583368,0.159,0.097,1,"NAA50"
0.400982650148549,1.26492505750906,0.045,0.015,1,"SPACA6"
0.401216670909447,-0.32579610229587,0.023,0.024,1,"LRRC47"
0.401345293048416,-0.482641765797312,0.013,0.013,1,"TTLL9"
0.401346588646759,1.49962351535,0.012,0.005,1,"SPR"
0.40157650416069,-0.780452944883063,0.019,0.024,1,"FAM220A"
0.401742231290508,-0.230871452645562,0.03,0.028,1,"TMEM120A"
0.401754199614478,-0.303593962306718,0.038,0.036,1,"SLC35E2A"
0.402054780359277,0.33587322799603,0.066,0.052,1,"NDUFS8"
0.402058655621161,-0.348353933304113,0.035,0.031,1,"UQCC2"
0.402663949687597,-0.609992803302617,0.014,0.016,1,"EPHA1-AS1"
0.402669416398093,0.574480096491022,0.01,0.006,1,"RPS21"
0.40267070897056,-0.554844650758077,0.018,0.022,1,"UTP14A"
0.402688198685075,-0.58780599275411,0.029,0.035,1,"RTN4IP1"
0.403148434130212,-0.662154238492829,0.04,0.075,1,"HBA1"
0.403183603622612,1.11455788422953,0.045,0.021,1,"CFAP161"
0.403267362903744,0.443960983594309,0.018,0.009,1,"LRP2BP"
0.403270619692247,0.46392279885471,0.015,0.012,1,"CHRM3"
0.403335234212141,-0.557256285774406,0.012,0.016,1,"STAC3"
0.403359402160684,-0.78396545823567,0.016,0.02,1,"ITIH5"
0.403877303783596,0.625600977267335,0.039,0.025,1,"SNF8"
0.403972241138764,1.06691186579031,0.012,0.005,1,"TRAPPC1"
0.404045297355583,0.121856498724698,0.058,0.052,1,"CRIM1"
0.404299119730391,0.13736245189629,0.02,0.014,1,"ARMC7"
0.404344604999575,0.756992562776516,0.09,0.051,1,"TENT5A"
0.404389939744373,-0.185438993932175,0.069,0.065,1,"UBE2J2"
0.404611842217753,0.423984831480889,0.015,0.012,1,"APBB3"
0.40461743769606,0.211609103631065,0.025,0.018,1,"ECT2"
0.40496666983439,-0.353926816795012,0.089,0.099,1,"MCRIP1"
0.405162772588453,0.514339913432817,0.041,0.022,1,"ADORA1"
0.405499620718063,-0.308031414026943,0.043,0.049,1,"TDG"
0.405513646593457,-0.220203719806276,0.02,0.025,1,"SLC12A8"
0.405561714832622,-1.0118663076767,0.007,0.012,1,"DAGLA"
0.405758699829066,0.589648114089175,0.036,0.017,1,"VIM"
0.405942256211167,-0.38945388957579,0.025,0.026,1,"CASP2"
0.406076506614391,0.632113406196409,0.011,0.006,1,"AC009690.2"
0.406599703988631,0.203274706544714,0.025,0.018,1,"RSAD1"
0.406624824920851,-0.156584527664772,0.029,0.033,1,"C12orf49"
0.406760927793185,0.331438740797418,0.036,0.024,1,"TRPM4"
0.406962718027816,-0.20938288975319,0.025,0.028,1,"AC114781.2"
0.40701474955226,-0.183801429446044,0.014,0.014,1,"DAXX"
0.407056502965383,-0.506165398842256,0.019,0.02,1,"PODXL"
0.407098515561379,-0.478100693160118,0.039,0.048,1,"LYRM7"
0.407104842182462,0.143448443266792,0.015,0.016,1,"CXXC4"
0.407247624430084,0.473982509640215,0.022,0.017,1,"GABRB2"
0.407405000397855,-0.250221214515164,0.012,0.012,1,"ACP2"
0.407750858529455,-1.02411990405452,0.009,0.013,1,"SNRNP27"
0.407909076397773,-0.675073572355069,0.019,0.026,1,"SNUPN"
0.408190583487336,0.195864729048055,0.028,0.019,1,"NELFCD"
0.408390909355761,0.245750650256672,0.011,0.007,1,"PPP4R4"
0.408422726520124,1.1532360483952,0.014,0.007,1,"TBX6"
0.408466846770523,0.126966815130234,0.036,0.029,1,"DNAJA3"
0.40899803392213,-0.245413699932651,0.089,0.079,1,"NUPL2"
0.409168849342025,0.232728668037879,0.029,0.018,1,"OLFML3"
0.409368066545897,-0.27298673086647,0.022,0.022,1,"ADO"
0.40948120260757,0.703954813104549,0.014,0.007,1,"TSPOAP1"
0.409696793631755,0.720972358437334,0.053,0.031,1,"PGAP1"
0.409730119962323,0.607799524725587,0.017,0.008,1,"AC005332.5"
0.410239489183526,-1.0787326150281,0.021,0.031,1,"DNAH17"
0.41026018827221,0.52228013491352,0.052,0.034,1,"ALDH9A1"
0.410499977049524,0.478146661121361,0.015,0.01,1,"C9orf64"
0.411022486818127,-0.15181556764296,0.072,0.066,1,"SPAG16"
0.411031745911481,-0.536455357175667,0.027,0.043,1,"RUNX1T1"
0.411056184352009,-0.33681265297443,0.036,0.034,1,"FBXO8"
0.411203533487772,0.293749032511428,0.018,0.013,1,"FAM173A"
0.411232685812771,2.75955760878325,0.01,0.003,1,"CCL20"
0.411246189739611,0.189215878151642,0.024,0.018,1,"RXYLT1"
0.411399366933056,-0.228001385988929,0.098,0.093,1,"PPP6C"
0.411760864664575,-0.618261558852387,0.011,0.014,1,"TOX2"
0.411802395792912,-0.124282107284404,0.076,0.069,1,"TRIM4"
0.41180366087957,0.54857283471944,0.032,0.018,1,"PLGLB1"
0.411924473241416,-0.367491897579334,0.032,0.035,1,"COPS3"
0.412357738843667,-0.263320194274704,0.027,0.027,1,"AC010542.3"
0.412414004301864,-0.210210341692398,0.123,0.129,1,"KCNK6"
0.412511882193476,-0.575239732495672,0.017,0.022,1,"ANKRD30BL"
0.413358713621149,-0.123469800750793,0.037,0.031,1,"STRN4"
0.413806036725934,0.194147477916004,0.018,0.016,1,"AC006115.3"
0.414752111136173,0.760579875285959,0.013,0.007,1,"ATP7B"
0.414811474008553,-0.366411011230418,0.021,0.024,1,"SCARF1"
0.415418588518307,0.788556765396945,0.056,0.035,1,"PTMS"
0.415594717106821,0.295125134410114,0.065,0.042,1,"UBE2D1"
0.415700827910577,-0.623652260466648,0.038,0.047,1,"KIFC3"
0.41576060859751,-0.621663241372624,0.009,0.011,1,"SPATA18"
0.416202818540151,-0.47823530807542,0.011,0.016,1,"ZNF70"
0.416292518061882,0.443046518586847,0.062,0.039,1,"BCR"
0.416548971594661,0.154692155687286,0.042,0.032,1,"CMAS"
0.41662688435208,-0.435140767161746,0.043,0.041,1,"ZKSCAN8"
0.416642842900961,-0.192622295301352,0.042,0.039,1,"SCAMP3"
0.416727300665291,0.335415891202284,0.015,0.012,1,"RBM15B"
0.416966485311372,-0.827167595647465,0.087,0.132,1,"SAMD9L"
0.416992860750851,-0.525228669143374,0.022,0.024,1,"GTF2F1"
0.41713920194768,1.30351976655345,0.012,0.003,1,"AVPI1"
0.417187612303353,0.178825593847024,0.027,0.021,1,"HYOU1"
0.417238464045071,-0.106776674445695,0.04,0.037,1,"KAT14"
0.417558679039901,-0.129291595269888,0.067,0.063,1,"LCMT1"
0.417683025715405,-0.173263710252444,0.059,0.056,1,"PFDN1"
0.417873167811185,0.508314335593293,0.02,0.01,1,"E2F4"
0.417977984359777,-0.20467185338725,0.098,0.093,1,"PHF11"
0.418434537754297,-0.46715149005716,0.026,0.033,1,"RENBP"
0.418457645071511,0.148705047646009,0.025,0.02,1,"ADGRL2"
0.419003748769186,-0.78485631499533,0.048,0.068,1,"AC053527.1"
0.419353528576143,0.30014950801907,0.033,0.023,1,"SELENOS"
0.419449412032755,-0.854510336158417,0.013,0.022,1,"PRKCQ"
0.419502725778389,-0.376391722361805,0.024,0.026,1,"PUS1"
0.419517209381493,-0.101100258163761,0.041,0.035,1,"COPG1"
0.420132638790005,0.432982852449468,0.118,0.079,1,"THUMPD3-AS1"
0.420152794477083,-0.234951164672852,0.017,0.013,1,"AKR7A2"
0.420230240847151,0.377747232444732,0.038,0.024,1,"TMEM167B"
0.420297349415552,0.17472150189515,0.03,0.022,1,"NDUFA2"
0.420360355751623,0.174286481588671,0.025,0.022,1,"ZBTB26"
0.420376271004578,0.284509489378099,0.046,0.036,1,"COMMD6"
0.420489198598385,-0.250129597589694,0.017,0.016,1,"HINFP"
0.420618545511673,-0.499261274889925,0.013,0.016,1,"TMEM132D"
0.421000969742127,0.103686358076483,0.03,0.024,1,"PSKH1"
0.421104716008758,0.149294015980961,0.012,0.007,1,"ABRACL"
0.421115119276007,-0.522944314897583,0.029,0.037,1,"MNT"
0.421759608665359,2.06925136696241,0.013,0.002,1,"AL353759.1"
0.421830242408781,0.4248535482799,0.046,0.03,1,"VPS26B"
0.422178802533998,0.315491567557918,0.021,0.013,1,"RP9"
0.422316754095042,-0.504954048787526,0.026,0.028,1,"MTMR7"
0.422341163759342,0.420066812081459,0.044,0.029,1,"WASHC2A"
0.422497878575443,-0.316928974746439,0.019,0.017,1,"TCEAL2"
0.423000741933202,-0.406119310750731,0.015,0.01,1,"PIGA"
0.423524546558667,-0.237598058645072,0.018,0.018,1,"CPEB1"
0.423555383245419,0.167423283796133,0.019,0.018,1,"AC092910.3"
0.423680826254265,0.388093847763665,0.041,0.031,1,"PICK1"
0.423833119537497,-0.440520376697888,0.05,0.05,1,"TMED3"
0.42391038977915,0.202784150773571,0.07,0.049,1,"CYSTM1"
0.424081356997423,0.143008107284176,0.066,0.056,1,"PSMD4"
0.42408900347884,-0.533070125614992,0.011,0.019,1,"CDHR1"
0.424196792802404,-1.1076587926009,0.009,0.014,1,"HLX-AS1"
0.424456367014376,0.250938805977688,0.035,0.027,1,"WDR19"
0.424591566014611,0.136014765811403,0.011,0.007,1,"CYB561"
0.424660918925536,-0.237791104446154,0.015,0.012,1,"MRM2"
0.424705574865869,-0.48714050861637,0.045,0.045,1,"AC068724.3"
0.425210833905236,0.242626391494963,0.133,0.106,1,"SYNJ1"
0.425326490606978,-0.29797651610566,0.01,0.008,1,"PLCD1"
0.425481384296452,-0.356670083024105,0.042,0.041,1,"ZNF529"
0.425623941478593,-0.369521957235939,0.021,0.02,1,"TRIM11"
0.425641466155701,-0.938258382645676,0.011,0.012,1,"LTV1"
0.425868996550513,-0.198065231403377,0.016,0.014,1,"MIS12"
0.425974220968086,0.274271391772671,0.062,0.048,1,"BAALC"
0.426130140985718,-0.636142245671375,0.023,0.029,1,"GSS"
0.426177728309809,0.499689379408755,0.044,0.03,1,"CDH26"
0.426228169283613,0.227954891086533,0.047,0.035,1,"ZNF891"
0.426333617440592,0.855411569733013,0.033,0.013,1,"STK26"
0.426397276684354,-0.457433835523327,0.018,0.021,1,"AC009126.1"
0.426401362355536,-0.231212289739931,0.113,0.109,1,"RPS4X"
0.426421041221686,-0.661426995523551,0.077,0.097,1,"DAAM2"
0.426496839627301,-1.19679128183393,0.019,0.037,1,"AC007952.4"
0.426570419152172,-0.290775423115582,0.023,0.023,1,"ARV1"
0.42663755528609,-0.151863636886216,0.017,0.018,1,"TMEM121B"
0.426677513463842,0.128309858745672,0.015,0.012,1,"TMEM38A"
0.426772517158244,0.332556787833902,0.014,0.009,1,"ACAP1"
0.426821351756431,0.198001055428541,0.042,0.03,1,"NOL7"
0.426958971136004,-0.21956112017177,0.016,0.016,1,"RASGRP4"
0.427194773422971,-0.305834230861806,0.032,0.033,1,"ADI1"
0.427256301155046,0.157410309225486,0.01,0.009,1,"VWA5A"
0.42754724883089,0.364635847454224,0.049,0.031,1,"PFKP"
0.42756539593292,-0.400357655302737,0.053,0.058,1,"MFN2"
0.427628035531023,-0.366839042634381,0.02,0.021,1,"ZCCHC9"
0.428306677095473,0.118527649843279,0.188,0.163,1,"LIMCH1"
0.428323505756499,0.272448157980933,0.06,0.045,1,"KHDC4"
0.428447788786173,-0.336586340439054,0.07,0.106,1,"LINC01505"
0.428735559742123,-0.496932791372695,0.01,0.016,1,"SCN3B"
0.428848509761091,-0.280799835086579,0.024,0.023,1,"AC008083.2"
0.429465384040524,-0.280714034446844,0.04,0.033,1,"SH3GLB2"
0.429585804355271,0.532572008504846,0.305,0.242,1,"NPAS3"
0.429750512628156,-0.200622355286769,0.017,0.02,1,"TAF6L"
0.429888657284819,-0.250519727430661,0.043,0.043,1,"ARHGAP42"
0.429909063235856,-0.219937186354926,0.02,0.025,1,"ATAD3A"
0.429951736430186,-0.149956922134586,0.029,0.023,1,"KCTD10"
0.429978901885446,-0.969728386148067,0.021,0.033,1,"AC093423.3"
0.430093174921764,0.133930657472849,0.032,0.026,1,"R3HDM4"
0.430399913024126,0.193896675202336,0.043,0.033,1,"RSL24D1"
0.430472866119514,0.366818032259751,0.021,0.013,1,"SERPINF2"
0.430573197356095,-1.16940735845757,0.014,0.022,1,"AC004076.1"
0.430784014581545,0.108507601454253,0.056,0.043,1,"METTL14"
0.430865157062154,0.230470548400988,0.236,0.172,1,"WDR26"
0.431281319552221,-0.469499472002513,0.179,0.268,1,"NKAIN2"
0.43156315923473,-0.221595015152009,0.129,0.129,1,"NIPSNAP2"
0.431626811448766,0.396178773487108,0.189,0.132,1,"PITPNA"
0.431692723109218,-0.708194022650713,0.027,0.038,1,"DNAAF4"
0.431778208686496,-0.132647501432969,0.064,0.059,1,"NUP107"
0.431802853460094,-0.270490559393209,0.041,0.037,1,"RSL1D1"
0.431950350142946,-0.42113964081969,0.131,0.143,1,"APLP1"
0.432090673553832,0.230435409765112,0.012,0.009,1,"PCSK2"
0.432188314650389,-1.53463063272128,0.005,0.012,1,"LINC01142"
0.432341236258783,-0.292819981740359,0.093,0.09,1,"ESCO1"
0.432474187274634,0.399022061874478,0.012,0.009,1,"RDH11"
0.432623012845656,-0.133239078836658,0.098,0.09,1,"IPO8"
0.43268715048654,-0.164391143443045,0.138,0.121,1,"TAL1"
0.432711677187145,-1.01466824546184,0.008,0.014,1,"HCN1"
0.432716173733405,-0.221374866928575,0.262,0.261,1,"SLTM"
0.432952709094845,-0.235822670719584,0.087,0.085,1,"ANKRD13A"
0.433279540374218,-0.970458809660318,0.012,0.019,1,"TSFM"
0.433324959905269,0.134790164448376,0.03,0.023,1,"MTA1"
0.433387748827575,-0.980450607768018,0.014,0.03,1,"LINC00587"
0.43342270803696,-0.415624772798804,0.027,0.024,1,"CDK11A"
0.433477935285148,-0.105166709205628,0.089,0.086,1,"EPRS"
0.433638873546797,-0.350619012094753,0.026,0.022,1,"LDLR"
0.433740283318507,0.375716893118076,0.021,0.017,1,"LINC01762"
0.433746294399882,0.207942519825353,0.016,0.008,1,"CDR1"
0.433759316507586,-0.436934217173641,0.011,0.012,1,"GNPNAT1"
0.433942184570583,-0.108172704453701,0.051,0.045,1,"EI24"
0.433958499629929,0.797844461334098,0.01,0.005,1,"CLEC11A"
0.434249131932204,-0.474614290079172,0.033,0.037,1,"MOV10"
0.43456838752815,-0.435380369801046,0.009,0.012,1,"IQCA1"
0.434617577826139,0.268487984656913,0.019,0.014,1,"ANKRD55"
0.434743763979571,-0.124435572856,0.062,0.059,1,"RNF185"
0.434792535176143,-0.46129978376761,0.04,0.044,1,"EML3"
0.434868485576848,0.201850008818574,0.067,0.05,1,"SLC25A24"
0.43503483568248,-0.392163338316655,0.04,0.043,1,"H2AFJ"
0.4351552686945,0.302173339670375,0.024,0.013,1,"AC007881.2"
0.435651653498043,-0.364089416903139,0.05,0.052,1,"RMC1"
0.435749057533815,-3.79735795229383,0.001,0.012,1,"NTSR1"
0.435851731805475,0.458723884796283,0.035,0.026,1,"RYR3"
0.435870958198193,-0.16750466908901,0.086,0.087,1,"CASP8"
0.435980721389559,-0.114733075239778,0.129,0.109,1,"ZC3H14"
0.436201575186741,-0.296032627775616,0.04,0.043,1,"ARL2BP"
0.437001289093903,0.361195799620755,0.028,0.015,1,"TXN"
0.437078488736037,-0.491168579771505,0.028,0.028,1,"TCF3"
0.437305638661252,0.315328460050428,0.026,0.02,1,"OPN3"
0.437305894988975,-0.65807838013797,0.026,0.037,1,"EBPL"
0.437787222598331,-1.32142906379668,0.01,0.018,1,"AC110285.1"
0.437818392637105,-0.339384017013024,0.032,0.035,1,"FZR1"
0.437917813518611,0.352241001087828,0.023,0.015,1,"LINC01678"
0.438171473966602,0.543650100677372,0.017,0.009,1,"DTYMK"
0.43884534636403,0.323477224802675,0.023,0.018,1,"APEH"
0.438853069418086,0.782596998584737,0.022,0.012,1,"HTR2C"
0.439076475813948,-0.601996970175859,0.023,0.026,1,"POLD2"
0.439584110596907,-0.146965438386681,0.032,0.025,1,"AC097634.3"
0.439856171916262,-0.345117138197073,0.021,0.025,1,"BMPR1B"
0.440744240076044,0.408152690006968,0.043,0.042,1,"SNTG1"
0.440905873364936,-0.672184136617926,0.06,0.08,1,"DDX60"
0.440932335957123,0.984847353026481,0.031,0.014,1,"BAG2"
0.440933732023481,-0.412142108092862,0.051,0.058,1,"IFIH1"
0.441352925773354,-0.109236222887452,0.011,0.009,1,"C9orf40"
0.441654129277806,0.26522479969893,0.113,0.082,1,"HNRNPUL1"
0.44170248600873,0.353630780097895,0.024,0.014,1,"AC107214.1"
0.442004979036142,0.346963064867413,0.011,0.009,1,"BBOF1"
0.442141414014402,0.156341802515404,0.243,0.206,1,"RASA2"
0.442337091118734,-0.904176575262158,0.008,0.013,1,"CR382287.2"
0.44236094520682,-0.592518429190983,0.008,0.01,1,"DEGS2"
0.442601805440505,0.59933517162763,0.05,0.027,1,"PRMT9"
0.442614665483538,0.492243203174805,0.043,0.023,1,"PNRC2"
0.442760378865085,-0.155244084268878,0.018,0.021,1,"LAMB2"
0.44277307469282,0.507666132547261,0.045,0.028,1,"PTCH1"
0.442958609359589,-0.306139622902351,0.05,0.045,1,"MEMO1"
0.44297216620066,0.314649085223629,0.011,0.009,1,"MIR137HG"
0.443082523356628,-0.29917484517897,0.1,0.097,1,"NCOA4"
0.443083553870438,-1.08230381975043,0.009,0.016,1,"ID1"
0.443110908282299,-1.00149056434289,0.005,0.012,1,"CD244"
0.443164501589089,-0.182301067335013,0.082,0.075,1,"MAU2"
0.443164814974854,0.931369374136288,0.013,0.007,1,"TMEM159"
0.443206620429802,-0.19582711156783,0.121,0.12,1,"DLC1"
0.443670011355462,-0.470554896862555,0.02,0.02,1,"ADCK5"
0.443735915288523,-0.111271784133549,0.022,0.02,1,"PPIL3"
0.444144725298807,-0.229812905731016,0.127,0.132,1,"GDAP1"
0.444338244772799,0.866472178302879,0.01,0.005,1,"CCDC129"
0.444512144474339,0.257204254012516,0.16,0.12,1,"SMAD5"
0.444620149250912,-0.463948473279957,0.031,0.037,1,"UBOX5"
0.444626495317411,-0.130444305286743,0.033,0.025,1,"HSDL1"
0.444709874804404,0.439688373192223,0.024,0.014,1,"AL034405.1"
0.444796998372916,0.765975209885449,0.022,0.014,1,"LSM14B"
0.444913364982806,0.117472203783745,0.948,0.938,1,"FRMD4A"
0.444918366277171,0.238971746536771,0.016,0.009,1,"ACTR3C"
0.444944897283872,-0.526878826903661,0.022,0.023,1,"CC2D2A"
0.445054592807074,0.778300387717112,0.055,0.031,1,"AC087672.2"
0.445162458342336,-0.105702273695414,0.127,0.112,1,"ICE1"
0.445389503600668,-0.459461868095674,0.015,0.016,1,"ITM2A"
0.445469606829917,0.500915058402983,0.014,0.009,1,"ITGB4"
0.445651456118315,0.121844510384609,0.143,0.125,1,"NT5DC1"
0.445707621382823,0.44063698548458,0.039,0.028,1,"BVES-AS1"
0.445752203703626,0.816384873862414,0.048,0.024,1,"ELOA"
0.445883802933145,0.439536977147168,0.024,0.016,1,"PXDNL"
0.446284390496357,0.545172464833307,0.055,0.034,1,"AC105285.1"
0.446355662737418,-0.488243475636787,0.022,0.022,1,"DBR1"
0.446426907671877,-0.17679865949721,0.04,0.041,1,"SKA2"
0.446460519831595,0.445533932538503,0.025,0.015,1,"EGFR"
0.44661534055776,-0.167658809158817,0.012,0.009,1,"HARS2"
0.446655217203306,0.248727409216919,0.017,0.013,1,"ARMCX1"
0.446939182051229,1.01097082010852,0.09,0.041,1,"S100A6"
0.447057573650563,-0.207422557322172,0.022,0.022,1,"LIG1"
0.447118926483459,-0.793220422939089,0.031,0.041,1,"L2HGDH"
0.44723824960661,-0.212619051969496,0.087,0.093,1,"HEATR3"
0.447357319937615,0.136924570584153,0.25,0.213,1,"STAU2"
0.447467829166829,0.280218037426179,0.041,0.027,1,"ECI1"
0.447839611989934,0.809672395306932,0.024,0.014,1,"AC068234.1"
0.447919724985512,0.228362852768683,0.022,0.016,1,"KCTD6"
0.448102285505158,0.908590208267536,0.015,0.009,1,"PHF19"
0.448106521654071,-0.92597150591259,0.012,0.019,1,"LINC02542"
0.448115635039629,0.107052472795561,0.018,0.014,1,"GSTA4"
0.448119462650129,0.641728363467369,0.042,0.026,1,"ORAOV1"
0.448561783648187,-0.23009142697755,0.07,0.064,1,"NUP54"
0.448586289192165,1.75941696762274,0.01,0.003,1,"HBEGF"
0.448646510769851,-0.511758031363328,0.009,0.012,1,"PCK2"
0.448664954515807,-0.818012037007035,0.025,0.034,1,"SHROOM1"
0.448765140701574,-0.487508907399801,0.049,0.06,1,"AC007038.1"
0.448786775162891,0.175656973390486,0.012,0.008,1,"TSEN34"
0.449185645399412,0.37812127716623,0.044,0.035,1,"ACTA2"
0.44926245095279,-0.510982051440752,0.029,0.038,1,"POLH"
0.449274556756702,-0.229738340667424,0.032,0.032,1,"RAB11FIP1"
0.449357811249687,0.337068484948217,0.015,0.016,1,"SYT16"
0.449473579755363,-0.190611748592682,0.05,0.046,1,"DDX55"
0.449574090970742,-0.383788689809625,0.019,0.018,1,"PNKP"
0.449999475444906,-0.170134573281334,0.041,0.034,1,"SRRT"
0.4502574857566,-0.772316639057403,0.017,0.024,1,"VAMP5"
0.450465948722303,0.16631184304636,0.121,0.103,1,"PSMF1"
0.450483665149928,-0.319734980723002,0.028,0.033,1,"AL356599.1"
0.45049235945457,0.301341251346957,0.024,0.017,1,"PHC1"
0.450570657458727,0.133139220926996,0.03,0.02,1,"ZNF219"
0.450853457448577,-0.162247587054916,0.027,0.031,1,"TSR3"
0.451208461834858,-0.124589017691422,0.047,0.043,1,"MTRR"
0.451918225565689,0.366671483307165,0.033,0.024,1,"SLC39A6"
0.45242774564709,-0.321965313090344,0.078,0.081,1,"NXPE3"
0.452920099149075,0.113516758238801,0.102,0.085,1,"VPS37A"
0.452953474221166,0.28511211839934,0.029,0.021,1,"SEPT3"
0.453030059306081,-0.354537688976651,0.012,0.012,1,"FRAS1"
0.453120635229091,0.196624643713404,0.036,0.024,1,"UNC50"
0.453198437234477,0.59268736996581,0.059,0.033,1,"CRY1"
0.453421803535038,-0.804096506683248,0.031,0.038,1,"CASC15"
0.453698994235791,-0.591039596871325,0.037,0.043,1,"SUGP1"
0.45410407261167,0.333706332270768,0.058,0.043,1,"STXBP4"
0.454125862524764,-0.465284888811131,0.011,0.012,1,"TADA2B"
0.454166503951717,0.362968749963243,0.012,0.009,1,"AC135178.3"
0.454325763663729,-0.422869854951829,0.02,0.023,1,"ADAL"
0.454442890043507,0.154059722586587,0.094,0.079,1,"SPATS2"
0.454452512594777,0.807315348601341,0.064,0.038,1,"WDR36"
0.454521240491194,-0.564941129631669,0.012,0.013,1,"AC008610.1"
0.454607782438663,-0.554613140321719,0.011,0.007,1,"THBS4"
0.454772507566703,-0.330301987198522,0.013,0.013,1,"LCAT"
0.454800352998333,-0.452627864591583,0.031,0.039,1,"ARAF"
0.455246516134154,0.481174326242966,0.01,0.008,1,"LRGUK"
0.45530696546928,0.130198908887824,0.135,0.119,1,"NEO1"
0.455679544028938,-0.807474359193178,0.103,0.166,1,"PVT1"
0.455706322313781,0.116121927731467,0.408,0.357,1,"PAFAH1B1"
0.455799608208155,0.271593141139727,0.01,0.009,1,"TNKS1BP1"
0.455908721543945,0.135303136383137,0.072,0.054,1,"KMT2D"
0.45620780770457,-0.457242313083515,0.029,0.032,1,"SLC35F3"
0.456302531114903,0.134242348013849,0.058,0.048,1,"PARK7"
0.456303490346014,-0.460826012727176,0.021,0.02,1,"TMEM179B"
0.456579362605871,0.310218898744208,0.013,0.011,1,"FAM104B"
0.457530421233005,-0.242899459690829,0.012,0.012,1,"HPN-AS1"
0.457724124524736,0.23427696453125,0.016,0.012,1,"ATG101"
0.457971253127355,-0.375555176335352,0.082,0.095,1,"KIAA0825"
0.458587109267302,0.314431541276489,0.178,0.121,1,"STK17A"
0.458769770197537,-0.914667986784426,0.019,0.025,1,"POLR2G"
0.458807417955233,0.403088462210904,0.024,0.016,1,"AL136454.1"
0.459043503448912,-0.100276760677175,0.032,0.026,1,"AP3M2"
0.459167204667654,-0.555798315216768,0.019,0.022,1,"TMLHE-AS1"
0.459599721383388,0.99747337248876,0.042,0.02,1,"OTUD6B-AS1"
0.459610551191542,-0.24377045618358,0.012,0.01,1,"ST6GALNAC4"
0.459733943819839,0.105996739656047,0.017,0.01,1,"AC008581.2"
0.460193237112537,0.260304258853066,0.032,0.026,1,"TCEAL9"
0.46077505491154,1.03198767524945,0.029,0.014,1,"AC009119.1"
0.460919336137181,-0.407893190589454,0.017,0.018,1,"FAM207A"
0.461100740295953,-1.02425295888438,0.013,0.022,1,"PNMA3"
0.461130915635032,-0.48080077604767,0.067,0.07,1,"RPL22"
0.461186121230993,-0.111236049146083,0.01,0.008,1,"USP21"
0.461382631336005,-0.296667526726085,0.012,0.015,1,"XYLT2"
0.461490289676812,2.01247140854447,0.012,0.002,1,"MROH6"
0.461643208980869,-0.361383825877488,0.017,0.018,1,"AGTRAP"
0.461834750058301,-0.348218626197513,0.032,0.032,1,"WDR77"
0.462434982583998,-0.284230762211135,0.05,0.054,1,"RNF214"
0.462442158629774,0.225611390751274,0.018,0.017,1,"AL354696.2"
0.462609998219869,0.202243404978596,0.029,0.024,1,"ZNF639"
0.462879460202663,0.728862237676581,0.048,0.028,1,"ELMO2"
0.46306925830729,1.00122434666584,0.013,0.006,1,"AC011452.1"
0.463192139560501,-1.20150137249024,0.024,0.045,1,"AC233296.1"
0.463701711905427,-0.373002799335659,0.081,0.089,1,"CKMT2-AS1"
0.463816222474886,-0.204869226805263,0.019,0.016,1,"BBS10"
0.463935776240515,0.811875751236535,0.037,0.02,1,"CFD"
0.464024440846948,-0.122824663551806,0.035,0.037,1,"ALG6"
0.464129569762511,-0.434064651280442,0.027,0.025,1,"KBTBD11"
0.464311142975185,-0.103183128357764,0.017,0.016,1,"OGFOD3"
0.464384051862203,-0.547501822000825,0.018,0.02,1,"ARMC6"
0.464763774157151,-0.272017566981612,0.051,0.052,1,"MRPS25"
0.464925563699537,-0.168413056696432,0.028,0.024,1,"PSMD8"
0.46502436987141,-1.03993702390334,0.016,0.028,1,"OCLN"
0.465344221911856,0.194911151174713,0.02,0.014,1,"ECE1"
0.465731829974136,0.203006873792682,0.039,0.033,1,"KIAA1191"
0.465784047547807,0.19064675531668,0.057,0.05,1,"RFC3"
0.466207742492383,1.01707317550584,0.011,0.006,1,"GIPR"
0.466293974592093,-0.315078564391783,0.032,0.028,1,"LAMTOR5"
0.466584931878086,-0.489542677788226,0.011,0.013,1,"IFI27L1"
0.466888930913923,0.800934629393322,0.035,0.017,1,"SPATA5L1"
0.467126230871481,0.105305099585623,0.015,0.012,1,"NUAK2"
0.467367083875768,-0.249618463920982,0.056,0.049,1,"ZNF76"
0.467557271875985,-0.244948228885611,0.02,0.017,1,"PRR18"
0.467779896011285,0.128671787821804,0.021,0.016,1,"CCDC159"
0.46826401930189,-0.421119667102347,0.019,0.019,1,"POU3F2"
0.468530790322833,0.167456899669503,0.029,0.023,1,"RPS15A"
0.469079853037484,0.149868759554796,0.016,0.015,1,"SKIV2L"
0.469326362225998,0.659778125819801,0.045,0.026,1,"AL596220.1"
0.469377406668746,0.456294929277781,0.117,0.079,1,"UBA6-AS1"
0.469437958891638,2.74684853407868,0.018,0.002,1,"MT1H"
0.469617125430098,-0.228733722139261,0.116,0.105,1,"LBR"
0.46983590309712,-0.680462273324391,0.01,0.012,1,"ZNF646"
0.469890513811899,-0.507648868683121,0.017,0.02,1,"MGAT3"
0.469954753982547,0.158577898580268,0.082,0.061,1,"ATP5MG"
0.470311218826832,-0.201300997780892,0.07,0.064,1,"ANAPC7"
0.470739918745374,1.40155978436006,0.015,0.007,1,"C9orf153"
0.470780740564172,-0.177166145530033,0.051,0.047,1,"TXLNA"
0.47087109093279,-0.569866366229711,0.011,0.014,1,"TXNRD3NB"
0.470995265634045,1.14744305524711,0.073,0.029,1,"SHC3"
0.47104307807091,-0.250126842118766,0.011,0.009,1,"SLX4"
0.471585276661378,0.33862776410649,0.051,0.044,1,"WWTR1"
0.471586648271874,-0.56088021881073,0.031,0.041,1,"THAP6"
0.471607988762332,0.384261638142565,0.028,0.018,1,"GTPBP2"
0.471812450940692,-0.15007793580333,0.024,0.026,1,"C11orf68"
0.47190361208272,-0.131310332718939,0.062,0.057,1,"SLC25A33"
0.471950675805068,1.10446882493712,0.03,0.017,1,"ACTN1"
0.471952854816702,-0.258949078453075,0.015,0.013,1,"SPRTN"
0.471975344761991,-0.185852108069856,0.072,0.068,1,"PIK3R6"
0.472206390209017,-0.213580277609191,0.032,0.032,1,"KIAA1755"
0.4725506855888,-0.466799830290097,0.009,0.013,1,"AC008467.1"
0.472931945427069,-0.12240313907874,0.061,0.056,1,"TSPAN15"
0.473032143407886,-0.712653233093491,0.014,0.017,1,"MSRB3"
0.473131829365074,-0.243040381891301,0.018,0.018,1,"GBP3"
0.473236860028438,-0.385474374700161,0.033,0.034,1,"SCGB2B2"
0.473237232155665,1.15758304601798,0.039,0.017,1,"P2RY8"
0.47325736768723,0.540909108485113,0.018,0.012,1,"SDE2"
0.473279006198448,-1.41168691768554,0.009,0.016,1,"SMIM15"
0.473897230829407,0.275480516278775,0.02,0.017,1,"CYP46A1"
0.474519254948953,-0.307490264069897,0.189,0.184,1,"TTC14"
0.474532143399825,0.148959066564913,0.079,0.063,1,"OXCT1"
0.474538067815347,-0.309225375957854,0.048,0.047,1,"ZNF316"
0.474573175364468,-0.426325805106058,0.197,0.262,1,"PPP2R2B"
0.474718067864797,0.756157729813173,0.148,0.115,1,"HMOX1"
0.474978928918407,0.186371691524046,0.016,0.012,1,"PDHB"
0.475060126207418,0.164392357503257,0.022,0.02,1,"ETV1"
0.475170187890856,0.139441124488033,0.06,0.045,1,"WRNIP1"
0.475749809208807,-0.79284781846093,0.009,0.017,1,"GFRA1"
0.476237928056399,-0.882530203582073,0.014,0.02,1,"AGA"
0.476384612055519,0.43298479646594,0.095,0.063,1,"RGL3"
0.476619387540744,0.356807919764261,0.061,0.037,1,"MYL12B"
0.476882945709837,-1.18408565503854,0.007,0.012,1,"COL21A1"
0.476929144669784,-0.257392412208601,0.012,0.012,1,"F3"
0.47704133603472,0.1153697362761,0.024,0.018,1,"GRK4"
0.477086451613817,1.51320672158253,0.012,0.003,1,"TCERG1L"
0.477507193760078,0.652194933183323,0.025,0.017,1,"CAMK2N2"
0.477512130354747,-0.545224385920882,0.017,0.018,1,"BRSK2"
0.477544870729951,-1.56983317280923,0.006,0.012,1,"PTRH1"
0.47762922705152,-0.256343741752859,0.01,0.012,1,"CAMK1"
0.477744297350458,-0.922189197121102,0.01,0.016,1,"SSPO"
0.477959168618759,0.632404633163311,0.038,0.023,1,"STK32C"
0.478445210594564,-0.111751538997828,0.034,0.029,1,"NECAP2"
0.478576901446821,-0.144062566939805,0.05,0.041,1,"AL117336.3"
0.478759100487074,0.106390718199519,0.054,0.044,1,"BLZF1"
0.478837357901853,0.918568702012527,0.014,0.007,1,"CHCHD1"
0.478845691339552,0.206800197314141,0.312,0.252,1,"MAP2K5"
0.478859913807947,-0.451373873677832,0.201,0.216,1,"MLXIPL"
0.47890809672928,-0.253293071565567,0.027,0.026,1,"TMEM143"
0.479025246230128,-0.203344533498801,0.01,0.008,1,"GFER"
0.479147873194222,-0.822952069858566,0.045,0.068,1,"AC024230.1"
0.479488298415139,-3.32996516090835,0.007,0.059,1,"TH"
0.479840669841252,-0.967478968332773,0.021,0.032,1,"CDADC1"
0.47998671998815,1.12821747352799,0.013,0.005,1,"MFSD5"
0.479991034404563,0.260221701635753,0.037,0.029,1,"POLR3E"
0.480144258309724,-0.140478417692535,0.053,0.047,1,"MTFMT"
0.480542204985511,-0.304715794841589,0.013,0.008,1,"AP001831.1"
0.480793877481373,-1.30432601560339,0.008,0.021,1,"COL15A1"
0.481005995944027,0.15071524385185,0.117,0.098,1,"LIFR"
0.481316397183164,0.128057642978021,0.03,0.026,1,"MED21"
0.48141207114627,-0.223235621565858,0.025,0.02,1,"TEX22"
0.481423507625064,0.496730400496326,0.045,0.026,1,"FADS1"
0.482055522267013,0.455732921205922,0.02,0.014,1,"CCDC77"
0.48272702014638,-0.333209043221996,0.034,0.034,1,"ACYP1"
0.48284491753992,-0.128418661844642,0.036,0.031,1,"MRNIP"
0.482854063783111,-0.187135274888099,0.031,0.026,1,"ZDHHC24"
0.482870481329439,-0.293839340101693,0.022,0.023,1,"C20orf96"
0.482911044242054,0.199893272699362,0.038,0.028,1,"YAE1D1"
0.482965074313919,-0.251473788284267,0.027,0.029,1,"NDUFA12"
0.483202659776844,0.235663380755198,0.153,0.123,1,"ZNF718"
0.483332092599433,0.578237529317509,0.037,0.022,1,"TNFRSF10A"
0.48351554348554,0.19526904048188,0.036,0.028,1,"ARL5B"
0.484025143745254,0.109092501926279,0.011,0.01,1,"PMFBP1"
0.484053960331481,0.176664710069875,0.061,0.045,1,"RPA2"
0.484077499349397,-0.438709226085856,0.035,0.043,1,"ODF2"
0.484118885946726,-0.362043644770598,0.034,0.041,1,"LINC01266"
0.484240751343209,0.290386441430305,0.036,0.033,1,"ALDH1L1"
0.484466273901522,-0.292297230069254,0.069,0.071,1,"LILRB4"
0.484731878671347,-0.565575280331006,0.03,0.037,1,"KLHL4"
0.48491391956072,-0.252739561611257,0.032,0.032,1,"FAM114A2"
0.485081806971759,-0.15179442974747,0.044,0.039,1,"MTPAP"
0.485286863145196,0.123722959945128,0.026,0.018,1,"AC098613.1"
0.485426382202515,-1.13772293582318,0.017,0.025,1,"ENPP6"
0.485461547446158,-1.04680997995077,0.018,0.024,1,"FKRP"
0.485505667632332,0.101928451262628,0.012,0.01,1,"C3orf14"
0.485540832586224,-0.150605517258199,0.019,0.016,1,"CTBP1-DT"
0.485680149938476,-0.214141654304421,0.012,0.011,1,"ELMO3"
0.485760010385931,-0.392152688871525,0.009,0.012,1,"TMEM237"
0.485995201628503,0.691839481415727,0.012,0.005,1,"LINC01800"
0.48643405834844,0.242345967180531,0.019,0.014,1,"MED31"
0.486534438049035,-0.109855239681034,0.022,0.026,1,"EARS2"
0.486974094040495,0.100321860568977,0.016,0.014,1,"MRPS2"
0.487075524987039,-0.240177890628669,0.013,0.01,1,"NSUN7"
0.48778375398394,-0.770562936062891,0.023,0.035,1,"APC2"
0.487817503311069,0.118870107196246,0.012,0.01,1,"PGAP3"
0.487940512743587,0.286718929620804,0.033,0.023,1,"CDH19"
0.488101987596224,-0.878197703369461,0.03,0.036,1,"AMOTL2"
0.488149207019463,-0.135089462994095,0.041,0.039,1,"RNF167"
0.488340301483883,0.259864753820654,0.012,0.008,1,"COA4"
0.488357572000541,-0.580179815965441,0.044,0.048,1,"ADH5"
0.488491710279565,0.131170718509906,0.078,0.065,1,"PPP1R12C"
0.488675171726245,0.302765093048655,0.015,0.011,1,"TSPAN9"
0.489148236978162,0.319931496782989,0.012,0.007,1,"SLC24A3"
0.48938987029395,-0.381366715061021,0.041,0.037,1,"BLOC1S2"
0.489462686334486,-0.454600420092649,0.045,0.046,1,"MED12L"
0.489598598171317,-0.252009410861306,0.028,0.024,1,"GSKIP"
0.48973124187327,-0.851136886042887,0.008,0.012,1,"C2"
0.489808701463667,0.546167871027367,0.096,0.058,1,"CALR"
0.489866222838028,-0.680055723132876,0.031,0.037,1,"ZNF136"
0.489980184196985,-0.614301936613811,0.014,0.016,1,"LTB4R"
0.490135021676608,0.128459594156648,0.047,0.036,1,"ISCU"
0.490474305501095,0.667474219578892,0.02,0.01,1,"ATP5PD"
0.490670507763436,2.14088034100987,0.09,0.026,1,"DNAJA4"
0.490825525261679,-0.590243380833764,0.01,0.014,1,"LINC01137"
0.491367993066363,0.279319450286866,0.02,0.016,1,"TMEM258"
0.49176180906066,0.504203101122673,0.023,0.016,1,"C7orf26"
0.492074916795254,0.10094827947814,0.021,0.018,1,"CIT"
0.492087328031403,-0.780166195437456,0.018,0.026,1,"GRK6"
0.492092722624092,1.145907630406,0.011,0.005,1,"AL354822.1"
0.492101659360785,-0.651462202537353,0.028,0.035,1,"POMT1"
0.49214543165986,0.325600043247731,0.034,0.026,1,"POC1B-AS1"
0.492180152267222,-0.157096590184724,0.041,0.045,1,"ZNF75A"
0.492291867114546,-0.109749515136039,0.011,0.01,1,"MRPL32"
0.492707906773999,-0.124658160602974,0.021,0.016,1,"SIVA1"
0.492838306181127,-0.147908730773519,0.028,0.027,1,"MIR503HG"
0.493108019000169,-0.141197011568763,0.043,0.041,1,"MORC2"
0.493111248718154,-0.800546014112799,0.051,0.083,1,"MAFB"
0.493231276333579,-0.493246985847731,0.067,0.075,1,"PRIMPOL"
0.49328864893075,0.317619539952913,0.047,0.041,1,"SLC7A11"
0.493364426096791,-0.611367257331577,0.025,0.031,1,"IRAK1BP1"
0.493518067244239,-0.42062352072827,0.066,0.066,1,"ZNF337"
0.493810420003168,-0.120593541887559,0.052,0.044,1,"SNAP29"
0.493813792002547,0.791361044554791,0.034,0.018,1,"DNA2"
0.49401268993643,0.377512025199229,0.031,0.022,1,"DNTTIP1"
0.494197158862877,0.574049972055242,0.02,0.01,1,"GTF3C6"
0.494308463253475,0.584829470541948,0.022,0.014,1,"TCEAL7"
0.494458119146372,0.219805922825282,0.026,0.018,1,"C5orf63"
0.494470283816755,-0.360714624736692,0.05,0.053,1,"SCAND1"
0.494723644936241,1.46109682982092,0.016,0.007,1,"ASIC2"
0.495524099268452,-0.252039059757378,0.047,0.048,1,"EIF3G"
0.49570757246156,-0.179162713564341,0.042,0.041,1,"HEATR6"
0.495709424721998,-1.51065928175583,0.014,0.031,1,"HIST1H2BG"
0.49652865442625,0.124426109523157,0.026,0.022,1,"KLC4"
0.496594362495694,-1.15039337597051,0.007,0.012,1,"STON1-GTF2A1L"
0.49664505582587,-0.209940483165237,0.046,0.049,1,"C19orf25"
0.496847893175057,0.190946965553544,0.149,0.105,1,"MLLT6"
0.496910331730665,0.209424991952185,0.056,0.037,1,"CCNK"
0.497026865444427,-0.176986286596303,0.156,0.143,1,"STAM2"
0.497249439677459,1.67960823999515,0.308,0.092,1,"LINC00278"
0.497379461116961,0.61490736231946,0.016,0.01,1,"FURIN"
0.498031624665727,0.391971300719671,0.134,0.096,1,"ARHGDIB"
0.498144981006728,-0.108005005462905,0.059,0.052,1,"RBSN"
0.498161373718024,0.294338563851955,0.05,0.036,1,"PSMD13"
0.498397612428046,-0.701929277246681,0.013,0.014,1,"SLC43A1"
0.498452465286147,-0.132921446896143,0.014,0.012,1,"SNRPE"
0.498466738478691,0.387454039796981,0.038,0.022,1,"ZBTB21"
0.49849686471088,0.263165858730759,0.034,0.028,1,"RAB3D"
0.498797377671439,-0.505338704457566,0.105,0.115,1,"ITGB2"
0.498827955278349,0.266698581466829,0.044,0.031,1,"CARD19"
0.499179313405588,0.511033268411856,0.011,0.007,1,"AP003486.1"
0.49932917546521,0.44048965349225,0.036,0.023,1,"PARP16"
0.499419944056663,0.180993014093589,0.016,0.013,1,"TTI2"
0.499488856411144,-0.33170442398715,0.02,0.02,1,"SPAG6"
0.500192193320418,-0.833000875360023,0.011,0.015,1,"AC068631.1"
0.500383653488901,-0.169199629936744,0.011,0.009,1,"RBP1"
0.500460209682497,-0.70712010543944,0.02,0.028,1,"AC004690.2"
0.500471015011415,-0.147886708847619,0.022,0.02,1,"HMGA1"
0.500753224041911,-0.312928410896316,0.01,0.011,1,"PDRG1"
0.500811305600392,0.328892622702081,0.077,0.056,1,"SRP14"
0.500883856215472,0.443076939436918,0.011,0.007,1,"MYLK4"
0.501188240561926,-1.22812706417059,0.011,0.022,1,"RDH13"
0.501446118517768,-0.363629518927179,0.015,0.019,1,"TMC3-AS1"
0.501709022378425,-0.167654038898882,0.082,0.079,1,"INTS9"
0.501877052862108,-0.382139089607253,0.044,0.045,1,"ITPRIP"
0.501895606497041,0.371619785047279,0.01,0.007,1,"Z98884.1"
0.501911920200372,-0.841444127517557,0.014,0.019,1,"SHF"
0.502375653424272,0.323011205220364,0.012,0.007,1,"SETD9"
0.502744249745112,-0.224719536423615,0.059,0.059,1,"TRIM25"
0.502753370383465,-0.540803623836579,0.05,0.058,1,"TCHP"
0.502874589629395,1.07154818958564,0.028,0.014,1,"ADAMTSL3"
0.503572949690736,-0.30858764715095,0.021,0.02,1,"C1orf123"
0.503607677824932,-0.10309018836847,0.059,0.054,1,"FAM122B"
0.503647478155853,0.192341237899337,0.019,0.014,1,"RNF123"
0.503918751122029,-0.364525720232012,0.048,0.051,1,"STX18-AS1"
0.504305644258885,-0.170889645538855,0.024,0.02,1,"POMT2"
0.50435803476254,0.937465488724559,0.012,0.008,1,"SLC39A13"
0.504807938474021,-0.172683378439787,0.164,0.148,1,"AP1G1"
0.504968075315951,0.206151997976062,0.034,0.025,1,"LILRA2"
0.505105231096798,-0.742653612254992,0.04,0.057,1,"ITGA2"
0.505408768315525,-0.712937793332681,0.013,0.014,1,"FH"
0.505618377634287,-0.128998882602056,0.01,0.012,1,"ZNF391"
0.50609053120185,0.303309623729646,0.037,0.028,1,"ESRRB"
0.506138288323353,-0.328808783502537,0.01,0.012,1,"GLRA3"
0.50630189880578,-0.119993801839832,0.077,0.066,1,"STAMBP"
0.5063226618206,-0.451113090164225,0.022,0.023,1,"AL591895.1"
0.506327054106757,0.295084837509105,0.016,0.013,1,"ZBTB14"
0.506394442252491,0.365789201949893,0.048,0.037,1,"TMEM182"
0.50642228668713,-0.29890761913827,0.079,0.081,1,"RPL7A"
0.506516983572597,-0.486448239325472,0.011,0.012,1,"ODC1"
0.506717149502485,-0.237723234429258,0.024,0.022,1,"DDA1"
0.506932339981782,-0.262453706402352,0.075,0.072,1,"HUS1"
0.507099662688584,-0.11264546633007,0.045,0.049,1,"SEZ6L"
0.507417668614236,-0.280526412022194,0.048,0.063,1,"LINC01608"
0.507718896117714,-0.187297854987537,0.025,0.021,1,"SYF2"
0.507858542269969,-0.468327605604155,0.092,0.095,1,"EFHD1"
0.507968870795533,0.273130865606442,0.01,0.005,1,"AL138686.1"
0.508204768747361,0.139931618693341,0.012,0.008,1,"INPP5E"
0.508816696950869,-0.898076564225502,0.009,0.015,1,"PCAT1"
0.50888806660061,-0.270535622807184,0.11,0.108,1,"TASP1"
0.509206592679097,0.377021757686049,0.015,0.014,1,"AC008438.1"
0.509609885046104,0.555895863274955,0.17,0.104,1,"ST13"
0.509618559868903,-0.144521092985265,0.021,0.025,1,"AL391684.1"
0.509682790360541,0.584475245300661,0.028,0.016,1,"CRYGS"
0.509685831233415,-0.434084799021327,0.059,0.063,1,"PCNT"
0.509866074918702,-0.432348198085058,0.025,0.028,1,"RFT1"
0.510194715445021,1.37650142984087,0.022,0.007,1,"GLT1D1"
0.510236024580535,0.134321412699054,0.11,0.096,1,"ATP5ME"
0.510433750683336,-0.674048198848824,0.011,0.014,1,"MMP24"
0.511050175554924,0.333831615610635,0.045,0.038,1,"NEDD4"
0.511071658076559,0.139098072583286,0.051,0.037,1,"VDAC2"
0.511197317705498,-0.276616685016389,0.032,0.031,1,"ZNF283"
0.511668452039083,-0.581979919437554,0.045,0.049,1,"RNF180"
0.512108513552014,-0.540992422551712,0.023,0.024,1,"GTF2E1"
0.512440722073129,0.125542026661679,0.027,0.021,1,"FAM76A"
0.512650247609547,0.651234482404592,0.043,0.028,1,"SLC25A39"
0.512792223887756,0.598505785196533,0.027,0.014,1,"AC074117.1"
0.512801164929751,0.261400100363955,0.026,0.021,1,"MRPS36"
0.513168030048927,-0.407665060047247,0.035,0.039,1,"POLG2"
0.513173640653767,-1.06453346629003,0.048,0.074,1,"MX2"
0.513336115089639,0.754393794785385,0.052,0.03,1,"DPF2"
0.513423420037131,0.48215491449897,0.023,0.015,1,"GCC2-AS1"
0.513586935184604,-0.862281299229324,0.007,0.011,1,"PRELP"
0.513755000104057,0.791332253792195,0.012,0.005,1,"AC246817.1"
0.513952329741993,-0.668991891514321,0.009,0.011,1,"RIMKLA"
0.514010353284337,-0.701894324387768,0.024,0.033,1,"PLEKHG3"
0.514026883226573,-0.662271846283823,0.023,0.032,1,"TXNRD3"
0.514267134164095,0.220327869619251,0.101,0.075,1,"RPA1"
0.514490166628396,-0.137028034939764,0.021,0.02,1,"PQBP1"
0.514600939939731,0.766667431266513,0.016,0.008,1,"TMEM79"
0.514793852225805,0.63812680622586,0.072,0.05,1,"TGFA"
0.514899555674846,-1.38799282922735,0.005,0.012,1,"AC115622.1"
0.515089272922688,0.238981217733477,0.015,0.013,1,"MATN2"
0.515346693487314,0.801354198805748,0.113,0.062,1,"S100A1"
0.515564344312801,1.09544361170713,0.028,0.011,1,"GRM7"
0.515580975919243,0.564216543316063,0.035,0.022,1,"TENM3"
0.515608122384308,-0.227523970006813,0.038,0.035,1,"OTUD3"
0.5156629843213,-0.296575561109382,0.03,0.03,1,"APH1A"
0.515762322909661,-0.550232101697782,0.024,0.032,1,"ACOT8"
0.515969582676093,0.464403600325507,0.054,0.038,1,"POLR2L"
0.516021197856947,0.469110841720616,0.075,0.05,1,"MECOM"
0.51611899614654,-0.269524813118445,0.021,0.024,1,"FUK"
0.516248243836011,-0.23604773484271,0.018,0.018,1,"EHD1"
0.516480423152285,0.136685561151317,0.017,0.011,1,"TPM2"
0.516797818967568,-0.163255588761337,0.051,0.05,1,"RMDN2"
0.516890253967511,0.504367466024583,0.024,0.017,1,"MZT1"
0.51702128716564,0.718101357909271,0.01,0.003,1,"CALM2"
0.517056523298518,0.401898754295794,0.039,0.028,1,"ATP6V1F"
0.517194282516666,-0.239420072337648,0.032,0.035,1,"FES"
0.517427043051116,-1.00177103537421,0.013,0.02,1,"LRRC29"
0.517509600569905,-1.11654570300971,0.007,0.014,1,"SAMD12-AS1"
0.517553885088626,-0.432787098965306,0.016,0.014,1,"AC015712.1"
0.517673795843457,0.460521220443809,0.019,0.01,1,"NOP53"
0.518165447632987,-0.383080814866643,0.011,0.009,1,"ZHX1-C8orf76"
0.518192495971848,0.253290049750207,0.046,0.035,1,"TMEM9B"
0.518340822478736,-0.297320606158385,0.04,0.043,1,"TMEM94"
0.518673718059248,-0.636646594388829,0.016,0.02,1,"PTPRB"
0.519152302643632,-0.277018207809934,0.089,0.097,1,"GGA1"
0.519537962214118,-0.131425684385061,0.015,0.016,1,"TRIM35"
0.519567251791767,-0.425060749827176,0.076,0.08,1,"RAB40C"
0.519832759860134,0.134904529353003,0.017,0.018,1,"NR2F1-AS1"
0.520215128208902,-0.464256030521883,0.007,0.01,1,"AFAP1L2"
0.520274700842001,-0.946097706477008,0.014,0.022,1,"AC108047.1"
0.520524650822677,-0.268633649286984,0.012,0.016,1,"HMGCLL1"
0.520601195008319,-0.23166631616684,0.051,0.049,1,"C1D"
0.520678259398258,-1.02595181192394,0.053,0.085,1,"ID2"
0.520966346939392,-0.296510325248851,0.015,0.013,1,"ADRA1A"
0.521204130565084,-0.407261338740099,0.045,0.041,1,"FAM76B"
0.52174866874613,-0.207150081517503,0.04,0.039,1,"AC007216.4"
0.521832104942034,0.113862323841772,0.057,0.045,1,"GATB"
0.521973949534894,-0.40345308909707,0.057,0.059,1,"RILPL1"
0.522006161465448,0.23904441056899,0.124,0.088,1,"RBM14-RBM4"
0.522086991161254,-0.862580733109257,0.066,0.099,1,"LINC00609"
0.522204711973975,0.657375225658441,0.014,0.009,1,"CHST6"
0.522369947846031,-0.116463388649274,0.273,0.256,1,"CCSER2"
0.522465830869954,-0.616228184668695,0.035,0.045,1,"RANBP6"
0.522706919946512,0.265573955413304,0.024,0.018,1,"POU6F1"
0.522726426984889,0.285994700837834,0.037,0.026,1,"TRIM16"
0.523203466982215,-0.198059819603017,0.222,0.216,1,"SEMA4D"
0.523269593720436,-0.861638647411069,0.011,0.015,1,"TSTA3"
0.52332837477195,-0.21353557019113,0.022,0.026,1,"AL627309.1"
0.523571786443415,0.401046089575771,0.015,0.01,1,"KBTBD8"
0.524054674670067,0.548379710047277,0.021,0.014,1,"PDE3A"
0.52412085543562,-0.534159407631531,0.016,0.018,1,"AL162417.1"
0.52417703454162,0.500664319027853,0.015,0.007,1,"COA6"
0.524637458630031,-0.377955643231454,0.02,0.019,1,"CCHCR1"
0.525071701297826,0.809019504053898,0.026,0.012,1,"AC091180.5"
0.525154639390639,-0.14680288101996,0.018,0.017,1,"TTPAL"
0.525353531988849,0.159168835299946,0.149,0.108,1,"ZNF562"
0.525577556228983,-0.161364558065737,0.013,0.009,1,"CHRAC1"
0.52597807276876,0.187531613453822,0.135,0.11,1,"WRN"
0.526071479022838,0.305971642314788,0.153,0.114,1,"LEPR"
0.526102633974899,0.239409949114312,0.046,0.035,1,"SCML1"
0.526123346451583,-0.553288605679199,0.044,0.047,1,"TIPRL"
0.526126478188039,0.149108288231025,0.021,0.016,1,"AL445250.1"
0.526213112708104,0.951516594871917,0.01,0.003,1,"AL034417.4"
0.526246228101786,0.102970141671053,0.035,0.026,1,"STN1"
0.52654856928951,-1.37584437212649,0.007,0.016,1,"LINC01877"
0.526647020001768,-0.340289900907482,0.054,0.052,1,"C1orf122"
0.526901747853399,-0.650663788643718,0.008,0.012,1,"HSD3B7"
0.52708708518843,0.780388649485316,0.021,0.009,1,"DISP1"
0.527231899666207,0.557593963284928,0.033,0.024,1,"BAD"
0.527252755832693,-0.72470001137148,0.01,0.012,1,"AC114490.3"
0.527307529786957,-0.321195303370874,0.025,0.027,1,"B4GALT2"
0.527332546900448,-0.349237575637386,0.072,0.076,1,"DNAJC16"
0.527428680927965,1.14052474371421,0.014,0.01,1,"AC011287.1"
0.527476675217846,0.157251222224306,0.105,0.089,1,"ARF1"
0.527590079338463,0.573961868479829,0.013,0.009,1,"CTSK"
0.527669721815311,-0.109999452983858,0.184,0.16,1,"SRSF4"
0.527678315450814,-0.40120962760905,0.01,0.009,1,"HGH1"
0.527901083377441,-0.737574688247245,0.016,0.019,1,"ARL16"
0.528342503126641,0.446300216020253,0.021,0.012,1,"ZNF852"
0.52842820156983,0.770088518511072,0.025,0.013,1,"LPL"
0.528489457054252,0.430187896534201,0.073,0.049,1,"GNPAT"
0.528533715701333,-0.127273376105137,0.121,0.107,1,"USP14"
0.528709074749867,-0.295635776951135,0.068,0.068,1,"AL035587.1"
0.52905381761878,0.44988476661742,0.019,0.011,1,"SNRNP25"
0.529884893432775,0.763504011562296,0.025,0.016,1,"ANKRD49"
0.530201271163067,0.231527064259024,0.022,0.018,1,"CSMD2"
0.530498442887797,0.121254702115114,0.167,0.132,1,"PPM1K"
0.530507537820489,0.151451599071755,0.011,0.01,1,"DNAH12"
0.530761168419647,-0.576586526536349,0.009,0.012,1,"CASKIN2"
0.530874990480299,0.340296651901834,0.027,0.018,1,"FCHSD1"
0.53168374742467,-0.940590481047282,0.013,0.022,1,"ZNF257"
0.532442961920692,-0.323214947738788,0.018,0.017,1,"SLC25A5"
0.532562240580633,0.110594305802912,0.018,0.012,1,"MCM6"
0.532746366879095,0.247182497959908,0.017,0.014,1,"ACTR8"
0.532952811725262,0.376539360279683,0.066,0.066,1,"RALYL"
0.533970037934365,0.100135740064816,0.209,0.186,1,"MYO9A"
0.534033698291002,0.258505782642391,0.012,0.007,1,"INHBA"
0.534034113090404,-0.591743390527595,0.018,0.02,1,"SLC25A42"
0.534283649468233,-0.280635970573607,0.042,0.044,1,"MIER2"
0.535637737841574,0.547157471569657,0.022,0.012,1,"PWWP2B"
0.536174830423135,-0.408164429690125,0.021,0.019,1,"AP001347.1"
0.536262271976503,0.190191757585848,0.028,0.022,1,"AP006621.3"
0.536497554320991,-0.22909695424887,0.041,0.047,1,"SCAF1"
0.536687272236379,0.423168852015801,0.029,0.019,1,"ASB8"
0.536759912289823,-0.105373883811175,0.059,0.058,1,"ZMYM1"
0.53677539255896,-0.480075480822809,0.031,0.035,1,"PMPCA"
0.537146263014603,0.438182306457127,0.02,0.013,1,"ANKHD1-EIF4EBP3"
0.537274233013493,-0.167544333996443,0.041,0.041,1,"AC015712.2"
0.537330228740607,0.487515288313825,0.01,0.007,1,"TP53RK"
0.537374105013352,-0.561970380859615,0.012,0.015,1,"AC145422.1"
0.537395418516351,-0.195161918160873,0.049,0.041,1,"RBM45"
0.537449518108091,0.58404039411137,0.097,0.058,1,"TMEM243"
0.537617497531981,0.611142363044475,0.012,0.007,1,"SYS1-DBNDD2"
0.53776134300728,0.570339319024963,0.011,0.007,1,"YDJC"
0.538385695601841,0.447835630485864,0.033,0.023,1,"MRPL39"
0.538493079594907,-0.232295263681828,0.023,0.025,1,"SRP14-AS1"
0.538616345058665,0.368772745166245,0.018,0.015,1,"CDC42EP4"
0.538995101220079,-0.306712621044546,0.021,0.024,1,"PRPS1"
0.539023733741027,-0.696662574857587,0.009,0.012,1,"A1BG"
0.539463561701074,-0.184064710156195,0.01,0.009,1,"SLC35B2"
0.539642791997686,0.399378114066476,0.015,0.007,1,"TG"
0.540081295483132,0.154811939654822,0.015,0.013,1,"AQP4-AS1"
0.540489613917452,-0.228116382643221,0.014,0.016,1,"NUMBL"
0.540928582082624,0.916569463649578,0.017,0.005,1,"GNB1L"
0.541061506011264,-0.241942437658715,0.01,0.009,1,"SPATA2L"
0.541194016177787,0.228574985651004,0.05,0.037,1,"B4GALT4"
0.541257746409422,0.346589171791277,0.016,0.013,1,"EVI2A"
0.541271117467541,0.671311790120022,0.05,0.028,1,"FAM173B"
0.541420555226747,-0.131065007409776,0.091,0.084,1,"RPL35A"
0.541831443618519,0.466654812008055,0.04,0.031,1,"AC006148.1"
0.542161249496639,-0.290916918139365,0.039,0.037,1,"AL035413.1"
0.542216986651364,-0.121153916052277,0.056,0.055,1,"PLBD2"
0.54231640683161,1.07883455886551,0.034,0.02,1,"EMP2"
0.542577084676987,0.222003966646771,0.022,0.015,1,"MED22"
0.542759750391042,0.359918298035661,0.014,0.011,1,"SLC35B1"
0.542786459903184,-0.557374418227994,0.013,0.014,1,"SNAP47"
0.543142188783023,-0.770216113658531,0.014,0.014,1,"AC018742.1"
0.54367781472072,-0.29743212897434,0.058,0.063,1,"DHRS7B"
0.544138988516423,0.730775081127548,0.012,0.007,1,"MRPL58"
0.544325909694555,-0.607658149719762,0.014,0.014,1,"KANK2"
0.5444185645098,-0.257290003026357,0.021,0.018,1,"KLF2"
0.544642861531687,-0.163238947693147,0.023,0.022,1,"NCAPG2"
0.544646923674537,-1.17640676011599,0.008,0.012,1,"AC092329.3"
0.544816187030323,1.61412318246998,0.021,0.006,1,"LONRF3"
0.544871075946532,0.242920467060229,0.042,0.033,1,"FBRS"
0.544911712209193,0.246946513148706,0.019,0.016,1,"DICER1-AS1"
0.54502727443338,-0.346871767313494,0.038,0.044,1,"PEX1"
0.545893851991429,-1.59416102850045,0.004,0.01,1,"FASTKD3"
0.546359028047796,0.162718736962598,0.033,0.02,1,"LINC01374"
0.546786388295033,-2.37036219471047,0.011,0.037,1,"MIR4300HG"
0.547054999470018,-0.24718927547567,0.029,0.031,1,"NMNAT3"
0.547103580487718,-0.312263463155845,0.058,0.062,1,"ZCCHC10"
0.547105666225321,-0.351660730776094,0.027,0.028,1,"VSIG10"
0.547147259253753,-0.790009755565248,0.013,0.02,1,"ARSD"
0.547400015936775,0.52115221379655,0.069,0.041,1,"IDH1"
0.547401144227956,-0.747946989370942,0.029,0.038,1,"AL356356.1"
0.547654039110432,-0.355259446546309,0.109,0.114,1,"QRICH1"
0.547825171742425,0.387663179027436,0.035,0.025,1,"PAN2"
0.548004914307269,-0.526911326254369,0.02,0.02,1,"RWDD4"
0.548241486523306,-0.130793510551662,0.048,0.045,1,"ZNF420"
0.549084912634107,-0.420497449420238,0.009,0.013,1,"TDRP"
0.549648853163857,-0.253936173580547,0.02,0.016,1,"AP4B1"
0.550214735046527,-0.211415348594347,0.029,0.026,1,"ZNF571"
0.550517565608888,-0.618386871622307,0.014,0.02,1,"CDH10"
0.550663116103273,0.45255698353788,0.017,0.011,1,"PHF7"
0.550856227770086,1.60209695480633,0.019,0.006,1,"NPIPA1"
0.551044731595691,-0.341516053113148,0.029,0.031,1,"EVI5L"
0.55109269002477,0.310451579135558,0.037,0.026,1,"CTSF"
0.551178130141661,0.783418211177256,0.011,0.005,1,"DLGAP1-AS1"
0.551525621416714,0.221251776683911,0.038,0.026,1,"LRPAP1"
0.551527118672878,-0.410244770432332,0.043,0.047,1,"NUP43"
0.551774821504375,0.346836890947566,0.012,0.01,1,"IMPG2"
0.551940924195402,-0.175317290060441,0.023,0.022,1,"MPDU1"
0.552667338946295,-1.10136138115558,0.018,0.037,1,"SNTB1"
0.552905458904061,0.105105965201199,0.037,0.031,1,"TRAM2"
0.553000560656263,-0.656151331443929,0.014,0.014,1,"SMIM15-AS1"
0.553181786266592,-0.353999361604323,0.044,0.049,1,"ARNT2"
0.553599440167476,-0.213418847933323,0.013,0.011,1,"SEMA4A"
0.553769464096455,0.12070631559221,0.022,0.016,1,"SNRPB"
0.553797644207066,-0.714602228478145,0.012,0.016,1,"ZWILCH"
0.554025282038265,0.676799808355565,0.027,0.016,1,"COMMD4"
0.554263347365599,-0.21084046565377,0.026,0.027,1,"PLPPR2"
0.555111675259799,-0.907209691538235,0.024,0.037,1,"CDC42EP1"
0.555211722076213,-0.434123545242556,0.014,0.011,1,"SMIM10L1"
0.555305621781476,1.04798565003674,0.01,0.004,1,"SPDYA"
0.555500588889527,-0.258436332000188,0.011,0.008,1,"RPS6KA6"
0.555682293545865,0.106877293002958,0.013,0.011,1,"C11orf71"
0.555723631419331,0.146857769492962,0.01,0.007,1,"LHFPL1"
0.555999421972892,-0.248722048346101,0.021,0.018,1,"MRPS7"
0.556133168994792,0.493014362983964,0.01,0.005,1,"CCDC85C"
0.556217672992027,0.180327403913735,0.034,0.031,1,"PDE10A"
0.556253250672404,-0.241863973242284,0.039,0.036,1,"RRN3"
0.556545517729273,-0.433568845791105,0.045,0.054,1,"ALKBH8"
0.556983738646161,0.377972033790394,0.016,0.009,1,"HTRA2"
0.557427052736798,0.16434026983772,0.035,0.028,1,"NSUN5"
0.557593756226959,1.24982129718511,0.046,0.02,1,"SERPINH1"
0.557868793203032,0.147925071438259,0.015,0.012,1,"ZNF836"
0.557985543076383,-0.358397713922819,0.022,0.022,1,"QPRT"
0.558832938277816,-0.407898178215119,0.018,0.019,1,"AC010890.1"
0.558885774367331,-0.962337403070114,0.008,0.011,1,"ZKSCAN4"
0.559060785820345,-0.41355194301354,0.055,0.058,1,"HELQ"
0.559116757521917,-0.364626253358908,0.03,0.03,1,"LMAN2L"
0.559591266690993,-0.252613248435875,0.019,0.018,1,"IQCE"
0.559751306557799,0.22853534614498,0.061,0.044,1,"FDX1"
0.559890908556537,0.445234958168027,0.01,0.007,1,"MAK"
0.559902673832477,0.39706248772455,0.056,0.036,1,"CCDC69"
0.559946104214007,-0.13232991774202,0.029,0.029,1,"GCH1"
0.559957124929241,-0.587838637845326,0.014,0.012,1,"ZNF232"
0.560176698990106,0.231095094661603,0.043,0.03,1,"OTUD1"
0.560283511772744,-0.31910250068012,0.017,0.014,1,"ERI2"
0.560335190505256,-0.348141621462816,0.02,0.024,1,"POLR2I"
0.560340600773916,-0.174243258257491,0.121,0.114,1,"CEP63"
0.560835055871885,1.0550058002517,0.026,0.013,1,"AL035071.1"
0.561737945694386,-0.202709823541827,0.019,0.022,1,"CHST12"
0.561760639414964,0.273549911526695,0.029,0.02,1,"GRHPR"
0.561783058604836,-0.372880915138851,0.026,0.028,1,"CDC25B"
0.562241167829885,-0.678149682467892,0.069,0.089,1,"AKR1A1"
0.563603482408151,0.376614332377607,0.217,0.165,1,"PITPNC1"
0.563738901775526,-0.505739459375689,0.015,0.016,1,"AL161772.1"
0.563746079270595,-0.345819625728269,0.022,0.03,1,"TMEM108"
0.564133452324342,-0.423677173701165,0.01,0.012,1,"AC007325.4"
0.565172318786794,0.3712359041563,0.034,0.021,1,"HRAS"
0.565215526716359,-0.571632189507743,0.031,0.033,1,"AKAP17A"
0.565424395611334,0.184503537950479,0.032,0.028,1,"LILRA4"
0.565504275082682,-0.172027036320089,0.02,0.014,1,"MRPL35"
0.565549321769872,0.176451026495704,0.013,0.012,1,"DMAC2"
0.565945627483833,-0.870149969333546,0.023,0.035,1,"G6PC3"
0.565996476380616,0.849422359042896,0.01,0.005,1,"SLC35A1"
0.566322210577154,-0.209389032774792,0.02,0.022,1,"ZNF839"
0.566346148208681,-1.37267318245414,0.012,0.018,1,"PQLC2"
0.566741167682986,-0.266804042880862,0.037,0.033,1,"VTI1B"
0.566771569483836,-0.276119947935933,0.035,0.037,1,"ZNF519"
0.566845699061729,0.320879476531753,0.01,0.01,1,"RAB34"
0.566901108816234,-0.851402203464791,0.013,0.022,1,"CNTNAP3B"
0.567333848105316,1.35728789965287,0.011,0.003,1,"TRAF4"
0.567555422814058,-0.323944471175939,0.03,0.033,1,"P2RX1"
0.567629655798059,2.04047661136573,0.037,0.008,1,"TAC1"
0.56776857727723,0.893858864421445,0.029,0.014,1,"NR2F1"
0.567928106795235,0.153046858512861,0.017,0.012,1,"CENPT"
0.568035995297692,-0.2227702140959,0.029,0.026,1,"MBD6"
0.56840830843452,-0.38427928464444,0.055,0.059,1,"DYNC1I1"
0.568434526967796,0.133277447405802,0.012,0.009,1,"TMEM44"
0.568742569028413,-0.670558326811345,0.008,0.01,1,"AC002116.2"
0.568971879451361,-0.223872389094641,0.06,0.055,1,"KIAA1211L"
0.569206632451095,0.331091837809408,0.021,0.016,1,"SEC16B"
0.569230135033224,1.37811328055326,0.047,0.019,1,"VWC2"
0.569710083207,0.955210368796338,0.048,0.023,1,"L3MBTL3"
0.56972354626428,0.167628751444569,0.081,0.067,1,"ZNF33B"
0.569909126910671,0.247917619752502,0.197,0.149,1,"NBDY"
0.57005972678825,0.101737802943432,0.025,0.021,1,"C2orf68"
0.570159941071465,-0.37514572640308,0.053,0.057,1,"DNHD1"
0.570567109137604,-0.812959395635017,0.012,0.014,1,"WDR34"
0.570638096757638,-0.24526491990673,0.022,0.024,1,"TMEM8A"
0.570659637378109,-0.126308674769014,0.025,0.022,1,"TMEM132C"
0.570848683925018,0.27385474632742,0.029,0.02,1,"ANKRD42"
0.570869905216837,0.343027180697424,0.085,0.057,1,"TOMM7"
0.571076639816337,0.686979813141724,0.012,0.004,1,"PCBD1"
0.57134060706671,-0.305426220674986,0.055,0.054,1,"WASF3"
0.571396798980298,0.27709026204751,0.289,0.212,1,"RHOQ"
0.571414779561167,-0.487198550519496,0.022,0.032,1,"IDNK"
0.571616179644389,0.379547957440689,0.037,0.031,1,"FIGN"
0.571670693179217,-0.978036335304899,0.01,0.016,1,"RAC3"
0.571841521652611,-0.366645965547771,0.025,0.026,1,"GPN2"
0.57190097961314,-0.314421374455646,0.029,0.028,1,"AC092835.1"
0.572033283352781,0.186857676659863,0.026,0.019,1,"MYNN"
0.572531016551747,0.354779035305824,0.054,0.045,1,"CDH2"
0.572568111401835,0.189355545404363,0.017,0.017,1,"ZNF549"
0.572590214318924,-0.188544494462993,0.025,0.024,1,"ACTR1B"
0.572597286202539,-1.45677796576737,0.01,0.019,1,"MYL9"
0.572727343174512,0.154471340630846,0.01,0.009,1,"AC007220.1"
0.57289506654601,1.38840969215787,0.02,0.009,1,"AC007923.4"
0.5729669885836,-0.894818008406918,0.012,0.019,1,"ZNF200"
0.573496738189629,-0.367918212390369,0.025,0.026,1,"RECQL5"
0.573719499755928,0.328002115294651,0.021,0.014,1,"SUPT4H1"
0.57380295257454,0.445375091194127,0.019,0.012,1,"ZNF558"
0.573983627248568,-0.694683142185569,0.01,0.012,1,"RAP1GAP"
0.574058509457333,-0.508162519786693,0.009,0.012,1,"MRPL21"
0.574486400355589,-0.369717805688871,0.011,0.007,1,"CRISPLD2"
0.574918285721392,-0.214875898920885,0.049,0.045,1,"NDUFA5"
0.574946282720827,0.603824288412175,0.034,0.019,1,"MOCS2"
0.575031219677018,-0.841540709824668,0.01,0.008,1,"NPIPB2"
0.575072534768381,0.24517346165365,0.086,0.075,1,"FUT9"
0.575275619204198,-0.217968151865869,0.015,0.014,1,"ZNF93"
0.57532036855919,-0.298667669411278,0.057,0.058,1,"HMGXB3"
0.576228738785746,-0.327700203079694,0.011,0.012,1,"CCDC22"
0.576558059875855,-0.183174863677265,0.025,0.024,1,"MTRF1L"
0.576587439723555,0.531134711835641,0.079,0.052,1,"DNASE1"
0.576591944087921,0.266238421543078,0.096,0.07,1,"ATG2B"
0.576648336529936,-0.49720368394718,0.017,0.02,1,"THNSL2"
0.576792488087901,-0.582455499830925,0.011,0.012,1,"PDE5A"
0.577037136254043,-0.187891491270265,0.064,0.064,1,"TRMT1"
0.577545296471528,-0.432505977089275,0.014,0.016,1,"FAM110A"
0.577631227121319,0.598838969260484,0.041,0.026,1,"C2orf69"
0.577840722131233,-0.239589831120379,0.069,0.07,1,"CAMKK2"
0.57815578282191,-0.141748200003131,0.066,0.063,1,"ZFP14"
0.578180257322389,-0.209018203554091,0.014,0.011,1,"LTBP4"
0.578280502486263,-0.14185013802157,0.014,0.014,1,"ZNF845"
0.578869489176371,0.14777703359973,0.086,0.064,1,"DHX34"
0.579127254006152,-0.263396219316038,0.026,0.026,1,"AC027117.2"
0.579563109709529,-0.249306271118694,0.016,0.019,1,"BRCA2"
0.579698791492198,-0.259203525630796,0.016,0.017,1,"IL17D"
0.579960036785941,0.218786663471722,0.053,0.045,1,"ZNF761"
0.579999515095943,-0.439203748189663,0.022,0.02,1,"ANKRD18A"
0.580609237467559,-0.193457571429838,0.032,0.034,1,"BLVRB"
0.581318020161044,0.27911332209111,0.043,0.031,1,"GPS1"
0.581446514129329,0.459127605020869,0.047,0.032,1,"SNRPD2"
0.581726620233949,-0.457185683465802,0.024,0.031,1,"NLGN4X"
0.581933221513352,-0.531063520490914,0.02,0.022,1,"LMLN"
0.582102723868649,-0.129868474359462,0.051,0.041,1,"TJAP1"
0.582431526297349,-0.189617251062326,0.012,0.013,1,"CCDC3"
0.582437495408644,-0.334686341611364,0.015,0.011,1,"FAM229B"
0.582474738037142,-0.120975515946953,0.034,0.031,1,"CXXC1"
0.582533701122862,-0.30408579353777,0.022,0.023,1,"ZNF627"
0.582750614321304,0.109661783178307,0.016,0.013,1,"RPH3AL"
0.582838762825015,0.367191097000179,0.071,0.049,1,"DLGAP4"
0.584376716357804,-0.76232797686819,0.027,0.031,1,"SNX22"
0.584592601767571,0.777494203909395,0.022,0.012,1,"ADAMTS9-AS2"
0.5850096977041,-0.285341836144445,0.021,0.022,1,"BRMS1"
0.585018790809514,-0.575108716812513,0.021,0.026,1,"OSER1-DT"
0.585215783136466,-0.100181066376746,0.092,0.082,1,"UCK2"
0.58526283937474,-0.581238346652498,0.023,0.028,1,"COQ8B"
0.585440499636988,0.206617902186419,0.04,0.032,1,"GPR89B"
0.585562118588304,-0.916687855202797,0.017,0.026,1,"SLC6A16"
0.585917951413087,0.300132582291839,0.015,0.009,1,"EYA4"
0.585978616517756,0.225497581536572,0.02,0.017,1,"LSM3"
0.586732249816145,-0.131573581741976,0.153,0.149,1,"MGST2"
0.587166061754748,0.119888864093798,0.022,0.022,1,"DDR2"
0.587250065897808,0.229773918260378,0.029,0.016,1,"RNF7"
0.587417028820673,-0.462619656359679,0.023,0.026,1,"SPINT2"
0.58742797146686,-0.2631404210318,0.019,0.015,1,"GPSM1"
0.587743714420005,0.521453255480428,0.043,0.028,1,"RNF6"
0.587986853028693,0.905728651603331,0.051,0.026,1,"GADD45GIP1"
0.588414462331595,0.17719702533015,0.066,0.049,1,"CCT6A"
0.58853336846354,-0.454495504465341,0.016,0.022,1,"PLCD3"
0.588793569491726,-0.375343781264039,0.048,0.056,1,"CMTM3"
0.588827462312072,-0.808315200827337,0.012,0.016,1,"RAB11B-AS1"
0.58883989878322,-0.118879640064682,0.015,0.012,1,"PDP2"
0.589034835145999,-0.197546769139415,0.035,0.029,1,"DMAP1"
0.589306388990561,0.27972760869447,0.066,0.054,1,"TMCO3"
0.589385508671884,-0.358069568214009,0.013,0.012,1,"PCYOX1L"
0.589912021387767,0.477595802641071,0.016,0.011,1,"MRPS18A"
0.589935897803324,-0.408871130218563,0.03,0.031,1,"ZNF786"
0.590411114257899,0.626449800386984,0.03,0.019,1,"KIAA1586"
0.590442539495055,-0.776333552891511,0.007,0.01,1,"TLR8"
0.591052579480897,-0.436241938336193,0.153,0.175,1,"TRANK1"
0.591363148864506,-0.392940683122732,0.01,0.01,1,"SLC2A4RG"
0.591703053402978,-0.398068856833501,0.018,0.02,1,"NKAPD1"
0.591980249441687,-0.16614833848099,0.02,0.023,1,"AC022784.6"
0.592560256860743,0.12062427213014,0.095,0.08,1,"VTA1"
0.592747153092308,0.487970560829662,0.069,0.041,1,"POLR1D"
0.593094050533725,0.182833666666231,0.01,0.009,1,"HAX1"
0.593280883028629,-0.489146776920532,0.034,0.042,1,"ZNF66"
0.59343448379927,-0.399553733886983,0.015,0.016,1,"TMEM11"
0.593661585016013,-0.163473677618051,0.04,0.037,1,"KLF16"
0.593936169348651,0.463775366386915,0.206,0.152,1,"PPARG"
0.594415244515995,0.412584359879166,0.014,0.01,1,"LRRC14"
0.594959483595631,0.285799244138627,0.019,0.014,1,"DVL2"
0.595013828852183,1.84511327604127,0.027,0.011,1,"BAIAP3"
0.595038225938039,-0.210949377466032,0.057,0.054,1,"NRDE2"
0.59554265689822,1.3184589222363,0.015,0.003,1,"OSGIN1"
0.595776322512963,-0.57006890313319,0.02,0.024,1,"WDR74"
0.595778127586133,0.848024322945953,0.034,0.016,1,"POLR2J"
0.595918221533383,-0.35717352688815,0.012,0.009,1,"POLD1"
0.595997266616712,0.333702961800995,0.031,0.018,1,"PPIF"
0.596602509743182,-0.196528262946174,0.041,0.037,1,"SLC4A2"
0.59672889372332,0.572801048656943,0.023,0.016,1,"MRPS18C"
0.597371038701268,0.443203076133779,0.018,0.012,1,"AL096865.1"
0.59781106718246,-0.42603287892177,0.077,0.085,1,"SETDB2"
0.59796808668975,-0.458027480256273,0.073,0.083,1,"RNF144A"
0.597986224485275,-0.124782191629165,0.254,0.285,1,"PTPRD"
0.598095252944265,0.229878042989855,0.021,0.014,1,"EMD"
0.598528899383704,0.522185641993685,0.018,0.011,1,"C1QTNF6"
0.598575705589328,-0.678727143712269,0.044,0.057,1,"SH3TC2"
0.59896605714813,0.435627849050317,0.013,0.011,1,"B4GALT7"
0.599229169067446,-0.557032546633732,0.018,0.022,1,"ZNF710-AS1"
0.599363707108156,-0.313597593374549,0.018,0.019,1,"NPAS2"
0.599540087298648,0.277944686809008,0.016,0.014,1,"PTGER4"
0.599920213451162,0.406534532026444,0.022,0.015,1,"PIDD1"
0.599942277670001,0.659913548391574,0.025,0.014,1,"UXT"
0.599976040137452,0.298254568888888,0.027,0.02,1,"ZNF561"
0.600019276184102,0.475468449511786,0.018,0.012,1,"NFKBIB"
0.600154609028027,-0.116641124632027,0.022,0.02,1,"ABCB9"
0.600177390014593,0.425580169991065,0.011,0.009,1,"SGPP2"
0.600384723827429,0.369260902193528,0.15,0.1,1,"NPIPB5"
0.600481442493886,-0.485790167856085,0.022,0.021,1,"STS"
0.600586072440115,0.150350569171461,0.036,0.028,1,"WFS1"
0.600787414719527,-0.687599821845473,0.022,0.033,1,"COBLL1"
0.601181022418433,-0.167791923576214,0.014,0.013,1,"CLPP"
0.601264175017741,0.202582856457301,0.119,0.081,1,"DYNC1LI1"
0.601292536309109,-0.355449870395885,0.015,0.016,1,"ANKRD54"
0.601297897914682,-0.398681593159718,0.018,0.016,1,"TMEM208"
0.601343948866216,0.18643076351804,0.028,0.024,1,"TAF1A"
0.60164884657758,-0.3338105851866,0.011,0.012,1,"ZNF185"
0.6017682562683,-0.590699349039156,0.011,0.014,1,"ZBED8"
0.601952447554875,-0.588683738796822,0.011,0.012,1,"YIF1A"
0.603003594548651,-0.105570290552011,0.011,0.014,1,"MALRD1"
0.603059093158274,-0.293568419394038,0.029,0.024,1,"GAS2"
0.603464060962059,-0.891458166675158,0.009,0.014,1,"GSTO2"
0.603688642762126,-0.256514781587854,0.012,0.012,1,"POLD4"
0.603948224650184,0.36866119952498,0.021,0.014,1,"PCDH11X"
0.604058277543385,-1.05563763605413,0.006,0.01,1,"MRVI1"
0.604370569575788,-0.562161890849317,0.043,0.048,1,"PELP1"
0.604576835724768,0.158604049834963,0.028,0.022,1,"ANKRD16"
0.604639148089741,-0.592917847237781,0.024,0.026,1,"GPATCH1"
0.604661587859605,-0.512490551948658,0.014,0.015,1,"ZSCAN21"
0.606165608226035,-0.261353990902352,0.014,0.009,1,"KNSTRN"
0.606405920281409,-0.464042414502116,0.017,0.021,1,"PDZRN3"
0.60707827223163,0.987894148120262,0.019,0.009,1,"SPOUT1"
0.60754391762675,0.116820139504426,0.052,0.036,1,"MOB2"
0.607706212838013,0.213083109825559,0.033,0.022,1,"METTL17"
0.608080976070552,-0.160760039441085,0.021,0.024,1,"NACAD"
0.60843165991993,0.182201451971442,0.028,0.021,1,"CD2BP2"
0.608561130602961,-0.48313004543183,0.03,0.037,1,"LINC00907"
0.609305016399196,-0.422156829880412,0.015,0.018,1,"DNASE1L1"
0.609478041769497,0.908320203866734,0.039,0.022,1,"TRAF2"
0.609641300612915,0.194034991088316,0.076,0.054,1,"C3orf38"
0.609725873180234,0.18275100339191,0.013,0.008,1,"AC106739.1"
0.610033214764871,-0.573213089504379,0.01,0.009,1,"FIGNL1"
0.610492365678447,1.06008331150229,0.02,0.008,1,"RANBP3L"
0.610608751665731,-0.171964504856084,0.039,0.043,1,"ZNF746"
0.610941164953071,0.250889018519095,0.012,0.007,1,"NOMO2"
0.610981621479882,-1.05451370939021,0.007,0.013,1,"RAB26"
0.611093666746357,0.437020999087791,0.034,0.026,1,"AP002884.3"
0.611147976857544,0.129582490182425,0.045,0.035,1,"CCDC138"
0.611268768402286,-0.359832240127183,0.011,0.014,1,"C6orf120"
0.61149748655853,-0.224427679967147,0.051,0.049,1,"NUDCD1"
0.61208679578845,1.04472377075933,0.048,0.019,1,"LRP4"
0.61209949970339,-0.192015275495289,0.023,0.024,1,"ACSL5"
0.612123245264435,0.282600134505367,0.014,0.009,1,"AL117339.5"
0.612629599620348,-0.181571464354707,0.014,0.014,1,"HIST1H2BE"
0.612997343530026,0.318631186306223,0.024,0.015,1,"RBM38"
0.613256111494983,0.813902161386138,0.011,0.005,1,"VMO1"
0.613348181760628,-0.386103921042781,0.042,0.041,1,"SETD1B"
0.613374866172036,0.279238395327765,0.014,0.009,1,"EBF4"
0.613400200490255,0.357616540307291,0.096,0.061,1,"SERP1"
0.614014280077715,-0.319300127088559,0.023,0.022,1,"MIEF1"
0.614054205771617,0.220700902144422,0.058,0.044,1,"NONO"
0.614199558191243,-0.325162436586112,0.01,0.012,1,"EFEMP2"
0.614344250130932,0.263789488665631,0.04,0.037,1,"MEIS2"
0.614842959861031,0.219911715743749,0.025,0.021,1,"P3H1"
0.61521694945571,-0.164830553825316,0.051,0.044,1,"CHMP5"
0.61522767835596,-0.4216878579474,0.011,0.012,1,"GLI3"
0.615259912334522,0.286494841159215,0.051,0.036,1,"UBAC1"
0.615304093714962,-0.290325661312867,0.027,0.028,1,"NR1H3"
0.615309069902061,-0.341842459719286,0.035,0.037,1,"TMEM175"
0.615895222609424,-0.586094144102106,0.013,0.014,1,"GEMIN2"
0.616033788848496,0.769792691148375,0.016,0.009,1,"LINC01588"
0.616155559705136,-0.133485154683908,0.017,0.013,1,"MRTO4"
0.616216300496448,-0.383015813104153,0.038,0.041,1,"VIPAS39"
0.616483400598744,0.30040416436978,0.012,0.008,1,"PLAT"
0.61669692725149,0.191035139324766,0.025,0.02,1,"GMEB2"
0.617078850000276,-0.432573647269828,0.013,0.012,1,"SHANK2"
0.617350640241732,-0.315717739240757,0.024,0.026,1,"NTNG2"
0.617734086912093,0.857938003415374,0.162,0.091,1,"NUPR1"
0.618370068446639,0.705731742730421,0.081,0.047,1,"TAF7"
0.618497636326594,-0.147024148642627,0.01,0.01,1,"LRFN4"
0.618542807990878,0.225948353332074,0.043,0.034,1,"C12orf57"
0.618758116299802,2.0872421896915,0.023,0.006,1,"AL645941.2"
0.6187708545033,-1.08162314418406,0.008,0.015,1,"FSIP2-AS1"
0.618854141499228,-1.41131870008624,0.014,0.03,1,"LINC01285"
0.618869805602081,0.182194557932876,0.01,0.008,1,"GOLGA8B"
0.619134695730516,1.14144602025137,0.012,0.007,1,"AC104151.1"
0.619459702470036,0.29218318386177,0.014,0.009,1,"MTERF2"
0.619685312151133,-0.748950163468574,0.01,0.012,1,"TMEM220-AS1"
0.619687466566396,-0.565402516402245,0.068,0.079,1,"CCDC112"
0.619735858929973,0.298473198709471,0.011,0.009,1,"EMG1.1"
0.619837487487186,0.732293290835742,0.015,0.009,1,"PIANP"
0.620873095207061,-0.230848574420638,0.013,0.012,1,"FAAH2"
0.620890400322935,0.226148414680715,0.093,0.077,1,"AC007388.1"
0.621071848332784,-0.20173882841598,0.039,0.037,1,"ZNF573"
0.621331925450413,0.441395458979573,0.026,0.02,1,"LRRC25"
0.62149857573504,0.217099731686277,0.034,0.025,1,"CDK7"
0.621733583774619,-0.284482231254181,0.036,0.043,1,"NCF2"
0.622128513003444,-0.201838520689169,0.023,0.018,1,"AC091563.1"
0.622290386296101,-0.562398746164293,0.012,0.015,1,"PLEKHG5"
0.62243396435661,-0.178335548914697,0.013,0.012,1,"GPATCH3"
0.622728201379319,0.102518721905388,0.014,0.012,1,"TBCE"
0.622873671500844,0.199964717119443,0.018,0.015,1,"MPI"
0.622922727157205,-0.475827377629369,0.01,0.012,1,"POP5"
0.623080278802209,0.423455658048431,0.02,0.014,1,"METRNL"
0.623156474565173,0.584220774784391,0.072,0.043,1,"XPO5"
0.623307645031633,0.966734052254589,0.025,0.012,1,"MYL12A"
0.623387035247071,-0.322616961120298,0.053,0.058,1,"PRR5"
0.623448974047845,-0.238893652428636,0.038,0.041,1,"ZNF189"
0.623659657343252,-0.3970823567814,0.051,0.053,1,"AL031777.3"
0.623742452846264,0.198427243862075,0.028,0.022,1,"IAH1"
0.623871713019914,-0.774749634178601,0.031,0.041,1,"LIAS"
0.624186348195656,-0.294657056155153,0.092,0.099,1,"RAB30-AS1"
0.624376821098108,-0.182550901868932,0.108,0.097,1,"SALL1"
0.62446422962637,-1.2315128918168,0.01,0.018,1,"C19orf48"
0.625054855602948,-0.399489856112655,0.021,0.019,1,"ABHD15"
0.625083255578259,-0.270232478643171,0.149,0.144,1,"SMIM14"
0.625573428006085,-0.338389135569548,0.026,0.028,1,"RRP1"
0.62557695716366,1.86428144682763,0.013,0.003,1,"RDH14"
0.625718951829927,0.278474603174362,0.102,0.073,1,"FAM133B"
0.626197148933754,-0.370675262416941,0.01,0.009,1,"HIST1H1C"
0.626438730859217,0.982844006426265,0.039,0.02,1,"NDUFA1"
0.62660689123359,0.108865901120918,0.009,0.01,1,"NR2F2-AS1"
0.626823036161326,-1.28883726175782,0.009,0.015,1,"HIST1H2BF"
0.627082230999115,-0.257760101395739,0.02,0.018,1,"C12orf29"
0.62753443904095,-0.269272787952018,0.041,0.038,1,"MRPL48"
0.627778266779291,1.53984751650208,0.01,0.003,1,"CDH6"
0.628083839818036,0.397881135664192,0.024,0.017,1,"PIGP"
0.629621355393947,-0.197916389462062,0.136,0.152,1,"PRELID2"
0.629749509619158,-0.382880796294014,0.025,0.021,1,"HEMK1"
0.630330758645307,-0.218077257442683,0.019,0.018,1,"AC022400.6"
0.630591116709191,-1.21384869214262,0.012,0.024,1,"NRIR"
0.631116336033184,0.893676293279232,0.012,0.005,1,"CASP5"
0.631179387041048,0.478077463391237,0.015,0.01,1,"ZNF101"
0.631245506473055,0.123579675378869,0.034,0.026,1,"OGFOD1"
0.631442633462186,1.33987269977312,0.015,0.005,1,"PADI1"
0.63147425346441,0.120571207251239,0.05,0.037,1,"AC010618.3"
0.631487718899306,0.817582813394836,0.04,0.022,1,"C5orf17"
0.63157402265263,-0.542574402559519,0.035,0.04,1,"C20orf27"
0.631719438149679,-0.312976494596026,0.01,0.011,1,"DHRS4"
0.631766269382921,0.100254568782157,0.069,0.046,1,"DPM1"
0.632071987359232,-0.364501428438534,0.013,0.011,1,"GDPD5"
0.632290139521951,0.429350135488738,0.023,0.015,1,"QRICH2"
0.632565835400131,0.330809296133227,0.044,0.029,1,"NPIPB13"
0.63309830480954,0.269330238227651,0.025,0.019,1,"RIOK2"
0.633367250370261,0.427374293731834,0.046,0.03,1,"OSER1"
0.633386540456976,0.223676287653972,0.015,0.011,1,"BRINP2"
0.63351084290145,-0.159349328406359,0.02,0.02,1,"CD274"
0.633589861217663,-0.874604565839487,0.006,0.01,1,"U91328.2"
0.633590224635852,-0.182938814349824,0.089,0.077,1,"WDR48"
0.633631625143037,-0.673503341183906,0.015,0.018,1,"CDKN2AIPNL"
0.633814390384558,-0.11424375657848,0.045,0.047,1,"RACGAP1"
0.63393783805392,1.54331212215187,0.028,0.009,1,"SPINDOC"
0.633983280487551,0.519321434610085,0.039,0.024,1,"SPIN3"
0.634191691156022,0.159513148841405,0.058,0.045,1,"SLC25A40"
0.634271601528429,0.145912075156712,0.029,0.029,1,"DMAC1"
0.63478112446507,0.256530851102086,0.037,0.027,1,"DLAT"
0.635274894247984,0.600277229105215,0.029,0.017,1,"AC040934.1"
0.635677183053606,-0.80002733254608,0.01,0.01,1,"TCTEX1D1"
0.635770016496131,-0.776154341114659,0.031,0.046,1,"SNHG22"
0.635824766351482,-0.323884680129562,0.012,0.012,1,"DHCR7"
0.635990840009397,-0.153961317003229,0.048,0.043,1,"COL9A2"
0.636016309446197,0.507549612902988,0.023,0.015,1,"MED12"
0.63613967686115,-1.49178017001936,0.011,0.022,1,"LINC00539"
0.636671332191933,2.71469336018553,0.018,0.003,1,"SOD2"
0.637395652468798,-0.531223657388376,0.027,0.032,1,"FAM66D"
0.637523661513755,-0.351785002520157,0.036,0.036,1,"METTL22"
0.637798382005701,0.146101110831894,0.035,0.026,1,"NAE1"
0.637944745469014,-0.212030033332002,0.033,0.029,1,"LIPE"
0.637972181222106,0.600048530327099,0.01,0.006,1,"NUDT15"
0.637983598432522,0.250113865405023,0.011,0.008,1,"BBOX1"
0.638509981564387,-0.739689511903959,0.021,0.03,1,"SEC24B-AS1"
0.638931690113269,-0.549473248794711,0.011,0.014,1,"BCDIN3D"
0.639627304189749,-0.125947621424737,0.037,0.038,1,"POMGNT1"
0.639849186594138,0.150516913710081,0.022,0.02,1,"ZBTB49"
0.639916340145242,-0.275044196007326,0.018,0.016,1,"MRPS22"
0.640252859990754,-0.21709519826768,0.047,0.042,1,"PYROXD1"
0.640612770729783,-0.212149639447752,0.059,0.056,1,"EPHX1"
0.640791966824454,0.778172866730856,0.145,0.072,1,"METTL21A"
0.641618549338509,-0.148204998352551,0.01,0.007,1,"C7orf43"
0.641969713470729,-0.300937093918225,0.012,0.014,1,"APOL3"
0.642129630683263,-0.263940171615785,0.029,0.026,1,"ZGRF1"
0.642201522706091,-0.602089470077619,0.036,0.041,1,"INTS11"
0.642345532267089,0.742374405702706,0.077,0.039,1,"ZBTB11"
0.64241444910105,0.34181112886028,0.031,0.025,1,"SLC6A15"
0.642421733923581,-0.507581875102591,0.029,0.031,1,"ZNF569"
0.642469120522648,-0.341211997846745,0.03,0.031,1,"SRSF8"
0.642502729275061,-0.251717732179285,0.034,0.033,1,"DCBLD1"
0.642527174878667,-0.313474115079501,0.012,0.011,1,"DACT1"
0.642540494079975,0.208465172604554,0.052,0.037,1,"AL157392.5"
0.642634201111997,0.40469127142427,0.04,0.028,1,"TBPL1"
0.642856369794444,-0.236339851568225,0.012,0.012,1,"TBKBP1"
0.642874825409978,-0.424462208751584,0.041,0.043,1,"OSCAR"
0.642910747872945,-0.391740989212528,0.037,0.033,1,"COQ10B"
0.642934682236486,0.310561097926797,0.01,0.006,1,"AC002996.1"
0.643225941729603,-0.266870792764636,0.019,0.021,1,"UFL1-AS1"
0.643358914458802,-0.222578463931531,0.014,0.012,1,"IKBKG"
0.643462230133409,-0.110475579594882,0.018,0.017,1,"KCTD16"
0.644148230255736,-0.485556413422032,0.047,0.057,1,"MIR181A2HG"
0.644332881251418,-0.401792515501345,0.009,0.01,1,"IBA57"
0.644357330484181,-0.780251665458231,0.014,0.02,1,"IFT46"
0.644577059327087,0.577318480787058,0.012,0.005,1,"SPATA6L"
0.64490704347385,0.465160189929847,0.011,0.007,1,"TOR2A"
0.645644490587387,0.994510982571084,0.017,0.007,1,"LINC00310"
0.646243098683985,-0.432599948506281,0.02,0.022,1,"ADCY3"
0.646296569900593,-0.534079142311352,0.015,0.014,1,"ACAT2"
0.646378504197494,-0.271500894098492,0.011,0.014,1,"KCNB1"
0.646679122890945,0.291298112409603,0.026,0.021,1,"UGDH"
0.646700651468589,-0.657621403034674,0.016,0.014,1,"METTL2A"
0.646850035903941,-0.248630639749843,0.037,0.037,1,"PSMG4"
0.647078646216522,0.495248650572827,0.015,0.008,1,"GADD45B"
0.647130239454966,0.130851487990773,0.042,0.035,1,"AC105052.3"
0.647393029595044,0.721230286957276,0.016,0.01,1,"OVCH1-AS1"
0.647667962794213,0.334483334430243,0.041,0.028,1,"ANKDD1A"
0.647932720942329,1.0336160694418,0.016,0.006,1,"NR2F2"
0.648626236230421,0.469454339603237,0.016,0.014,1,"RIMS3"
0.649681708585229,0.270413998548544,0.098,0.073,1,"AC114763.1"
0.64998620651474,0.725658761130423,0.038,0.02,1,"TMEM71"
0.650224156580109,-0.655548082252113,0.017,0.022,1,"LINC00891"
0.650686200198093,-0.426056707658441,0.088,0.102,1,"ZNHIT6"
0.651354898025853,-0.196410877478607,0.02,0.022,1,"SRF"
0.651840454380124,0.285809351328735,0.078,0.058,1,"STAT5A"
0.651857476754465,-0.298638195423337,0.028,0.03,1,"HMGN5"
0.652041581188527,0.375784236958954,0.015,0.012,1,"CCDC43"
0.652044041588012,-0.728064408844263,0.012,0.018,1,"OSBPL10"
0.652056565389067,-0.374977426275522,0.019,0.016,1,"ZFPL1"
0.652339571845876,-1.40569128557244,0.012,0.018,1,"VSTM2B"
0.65258997022857,-0.177754270831181,0.051,0.044,1,"RPP38"
0.652846716642637,-1.02749489274742,0.014,0.017,1,"SYNPO2"
0.653286289511646,-1.4628905669602,0.01,0.019,1,"SH3TC2-DT"
0.653461203453655,0.277487290060008,0.026,0.017,1,"TEX264"
0.653728021034047,-0.10918819632756,0.055,0.054,1,"USP13"
0.653803840931468,0.295534929034332,0.052,0.034,1,"NUDT16"
0.65390616062146,0.182576770427071,0.019,0.013,1,"RABL2B"
0.653987798414128,-0.279753895741579,0.082,0.083,1,"BCL7C"
0.654207710807989,0.108432876400021,0.056,0.039,1,"PSMA7"
0.654386912581064,-0.334537657978728,0.009,0.01,1,"STEAP2"
0.654404607602088,0.162396759096963,0.012,0.007,1,"TMEM223"
0.654454236959618,0.804814734740622,0.011,0.005,1,"C19orf54"
0.654479560108366,-0.170025067629345,0.041,0.041,1,"POLR3B"
0.654560471378513,0.160457547895888,0.034,0.026,1,"CCT7"
0.654756664711668,1.0239315026252,0.011,0.005,1,"DPAGT1"
0.654854828198357,-0.101171219873017,0.01,0.01,1,"SLC25A22"
0.65505953615445,-0.231052209393283,0.048,0.047,1,"ECHS1"
0.655284748667912,0.223119179219447,0.075,0.053,1,"ECD"
0.655515670487235,-0.17348704078903,0.011,0.01,1,"RAB27B"
0.65594572403955,-0.167990034974769,0.055,0.048,1,"MGME1"
0.65628461717327,-0.194014052897153,0.012,0.009,1,"AC005921.2"
0.656376391583756,0.716038111179585,0.164,0.087,1,"SQSTM1"
0.656596890341755,0.170810139472246,0.049,0.035,1,"ACVR2B"
0.656599105563159,-0.376993281043029,0.015,0.012,1,"EIF1AD"
0.656747408944938,0.166380449845472,0.073,0.061,1,"RAB4A"
0.656874621314192,-1.04559907473624,0.007,0.011,1,"NTN1"
0.657331855293871,0.836950576000132,0.015,0.009,1,"DGKQ"
0.657389823998873,1.62107834044967,0.019,0.005,1,"NQO1"
0.657756995621605,0.126250511159888,0.028,0.022,1,"GIN1"
0.658073976590812,0.121025701089974,0.195,0.153,1,"FMNL1"
0.658187279460924,-0.731068535218316,0.035,0.047,1,"GPAA1"
0.658473138112909,0.348714737746773,0.108,0.075,1,"SIAH1"
0.658847853619516,-0.478197386541419,0.039,0.036,1,"SLU7"
0.659394966133581,2.07284307723292,0.01,0.003,1,"MRPL10"
0.659400705179937,0.367172308161595,0.041,0.024,1,"HOOK2"
0.659518422705292,-0.4569521651283,0.009,0.012,1,"ZNF225"
0.659662417433362,-0.639128907445757,0.011,0.01,1,"HIST1H2BC"
0.659995481563674,-0.372863717586928,0.011,0.013,1,"AC092958.1"
0.660146739990239,-0.243057950285515,0.025,0.024,1,"APRT"
0.660578010854846,-0.47336990026335,0.06,0.057,1,"HAT1"
0.660890934770954,-0.606797133543762,0.009,0.014,1,"TNC"
0.661126645083275,-0.43356702200001,0.01,0.014,1,"GRIN2D"
0.661311716450924,0.451212753574287,0.078,0.051,1,"TSNARE1"
0.661657419011772,0.43650453781864,0.198,0.124,1,"AFDN"
0.661947598728032,0.174731319829568,0.01,0.007,1,"FNDC4"
0.662236587633664,-0.191396817189271,0.057,0.052,1,"PFKFB2"
0.662527150807142,-0.315482972217604,0.028,0.028,1,"PDE12"
0.662786635429975,-0.617995112366203,0.027,0.033,1,"PALB2"
0.662840435531558,0.893559410365129,0.02,0.01,1,"ANKDD1B"
0.662944242947088,-0.37135201592692,0.043,0.051,1,"ATP6V0E2"
0.662957575024595,-0.365075982974674,0.033,0.033,1,"LINC00685"
0.663273780059331,0.47017930228731,0.121,0.082,1,"HPRT1"
0.663310933543106,0.182528645182238,0.061,0.047,1,"GIMAP4"
0.663419351085834,-0.185010734478678,0.044,0.04,1,"TAOK2"
0.6635429080335,0.212399314526692,0.045,0.033,1,"ALDH7A1"
0.664108639405514,-0.466301796854167,0.03,0.037,1,"GHDC"
0.664365604117888,0.220070919825083,0.056,0.041,1,"SREK1IP1"
0.664441149173692,-0.336052834796678,0.122,0.14,1,"PARD3B"
0.66495428315001,-0.620986647952075,0.027,0.033,1,"PHLDA3"
0.665035307813438,0.30568847014476,0.027,0.02,1,"NOMO1"
0.665372378979999,0.487989389878093,0.021,0.013,1,"AC091057.6"
0.665452617121219,-0.201727611957717,0.025,0.023,1,"INPP1"
0.665556720001075,-0.189197308141829,0.014,0.008,1,"POLR2K"
0.665637360433114,-0.337921852006583,0.042,0.041,1,"SAV1"
0.665764833009304,0.15998348546741,0.039,0.031,1,"COX17"
0.666286825731608,0.764435034464146,0.022,0.012,1,"PLEKHH2"
0.666294138634006,-0.485566101885353,0.033,0.034,1,"CIB1"
0.666779591552656,0.234451991066366,0.021,0.014,1,"AL157392.2"
0.666930305289078,-0.370379023361063,0.016,0.018,1,"PDK2"
0.666932728945029,0.339309431814842,0.056,0.039,1,"RBCK1"
0.666994381210861,-0.214235451196362,0.011,0.012,1,"AP000787.1"
0.667467794875179,-0.401712622266199,0.021,0.023,1,"RNF128"
0.667808547958194,0.418343557158738,0.024,0.013,1,"CCNG1"
0.66782607087531,-0.264070702519197,0.01,0.011,1,"BBC3"
0.66813387467651,-0.282703590585548,0.019,0.016,1,"ZNF524"
0.668202871628195,-0.203918332969837,0.02,0.018,1,"RGMA"
0.668487588307008,-0.828741016806806,0.025,0.031,1,"RMDN3"
0.668506728511059,-0.223979445472418,0.027,0.026,1,"FAS"
0.669499427992218,0.471981023661334,0.01,0.007,1,"GNG4"
0.669529644523605,1.21145067020536,0.028,0.01,1,"AC022826.2"
0.669914695992614,0.305428814443435,0.041,0.027,1,"TOB1"
0.670239795739691,0.656755363597173,0.087,0.044,1,"GLRX"
0.670513115422566,-0.532266621318307,0.009,0.011,1,"SNAPIN"
0.670784207783352,1.31138112639924,0.016,0.009,1,"CHRM5"
0.671609673905288,-0.366235911123336,0.013,0.016,1,"AC020915.3"
0.67193668906199,-0.384133830385865,0.026,0.029,1,"VPS72"
0.671946150484238,0.42601828002225,0.026,0.016,1,"ETNPPL"
0.672163118592202,0.322519496740187,0.038,0.031,1,"AC109927.1"
0.672335010953388,0.101188764412636,0.03,0.022,1,"CBX4"
0.672644906076938,-0.695974788112395,0.014,0.014,1,"NDUFAF3"
0.672706669777711,-0.801303983728118,0.015,0.019,1,"PLPP3"
0.673171142518506,-0.142680113443211,0.087,0.079,1,"SINHCAF"
0.67380527104766,0.25077811038692,0.14,0.097,1,"ELK4"
0.673864678117424,-0.661287419830981,0.012,0.021,1,"LINC01122"
0.674239491827872,0.104631428869726,0.171,0.138,1,"CHIC2"
0.674315133615975,-0.190191181575878,0.018,0.02,1,"BORA"
0.674751185841971,-1.79044838992273,0.004,0.011,1,"EFHB"
0.6748665403885,0.738151842427506,0.011,0.005,1,"TMEM60"
0.674966841604191,0.88225062939379,0.031,0.012,1,"NKIRAS1"
0.675129051738984,0.149274206541929,0.027,0.021,1,"ALAS1"
0.675312379354712,-0.165609155176406,0.117,0.101,1,"TMC6"
0.675729620347727,0.301368080891251,0.016,0.013,1,"PSMG3"
0.676174717653245,-0.326484240108401,0.04,0.046,1,"DUS2"
0.676297951846224,-1.18406471680082,0.035,0.071,1,"ANKRD22"
0.6763313704355,-0.744007978517933,0.015,0.021,1,"SPEF2"
0.676446781072845,0.107877739131702,0.025,0.016,1,"ALG2"
0.676643357452012,-0.415470349912821,0.024,0.021,1,"RGPD8"
0.677056762571386,-1.07141186911739,0.012,0.012,1,"HES6"
0.677109693686063,-0.634360125716947,0.024,0.028,1,"WDR3"
0.677579502673959,0.17804815134509,0.065,0.047,1,"EIF2AK1"
0.677623472099673,-0.224508015148332,0.112,0.105,1,"ACSS1"
0.677816310563558,0.325571810038161,0.01,0.007,1,"AGBL5"
0.677982025892744,0.309100073703153,0.023,0.015,1,"STRADB"
0.678149661186984,0.26571493375401,0.046,0.039,1,"IRAK1"
0.67825916213337,0.15576049817851,0.11,0.079,1,"LRP6"
0.678592281207479,-0.423078948360161,0.012,0.015,1,"TGFB3"
0.679184251917794,-0.51021396879622,0.034,0.04,1,"SMNDC1"
0.679483665801103,0.609681528224761,0.01,0.006,1,"NPIPB11"
0.679617306577372,0.473874383473561,0.027,0.016,1,"IGSF10"
0.67992934328041,0.764905700163319,0.035,0.019,1,"MAIP1"
0.68100834911645,0.431116610469013,0.036,0.025,1,"EIF3J-DT"
0.681106415993369,-0.803263297058062,0.009,0.012,1,"PEX10"
0.681283464311762,-0.728293085028937,0.019,0.028,1,"CAD"
0.681617928658885,-0.776160051486475,0.016,0.02,1,"SNX20"
0.681895867792227,-0.163929264947709,0.016,0.016,1,"TPRKB"
0.682272400224215,0.212681402942023,0.024,0.02,1,"MAP7D3"
0.682664856672704,0.211065493073299,0.03,0.023,1,"PDCD2"
0.683307738684645,-0.732267430938554,0.024,0.035,1,"ZC3H12D"
0.683405334746739,-0.106242216921356,0.048,0.047,1,"ETS1"
0.683558987315813,-0.570548065693834,0.04,0.045,1,"FBN1"
0.683606705459022,-0.572840896776984,0.024,0.031,1,"AC078785.1"
0.683736824555979,0.103856709943729,0.04,0.031,1,"LACTB2"
0.683781206895162,1.17464454886185,0.028,0.011,1,"NDUFC1"
0.683835260092419,1.21235853653344,0.015,0.006,1,"PLPPR3"
0.684147531544168,-0.797733335143799,0.008,0.014,1,"POLR2C"
0.684779842699105,-0.122664584057235,0.016,0.014,1,"POFUT2"
0.68514810497394,-0.129381202304727,0.011,0.007,1,"SEL1L3"
0.685442545380669,-0.642892760391694,0.01,0.012,1,"PGAM2"
0.685490335982534,1.04682023357478,0.036,0.022,1,"LY6H"
0.686675042065348,-0.173700238580143,0.017,0.018,1,"MUL1"
0.686998710631866,-0.676635317094411,0.025,0.031,1,"PPP1R1B"
0.687175280310917,-0.160271909932478,0.016,0.013,1,"SEPHS2"
0.687176221496541,-0.519195136692379,0.03,0.032,1,"ALDH18A1"
0.687260547554758,-0.18621605514845,0.009,0.01,1,"ZFP3"
0.687474971809268,-0.21544146605657,0.05,0.053,1,"URB1"
0.68757566418969,0.565472939827898,0.01,0.007,1,"GPR35"
0.687610994674629,-0.548983681937805,0.086,0.097,1,"HERPUD2"
0.688016122464389,-0.185357407096161,0.065,0.058,1,"SMARCAL1"
0.688040320634235,-0.474166543380551,0.018,0.02,1,"SAAL1"
0.688142595356288,-1.21818246137848,0.006,0.012,1,"EMCN"
0.688333530036915,-0.200364048587571,0.042,0.043,1,"JAKMIP2"
0.688380425702775,-0.424253500619175,0.01,0.013,1,"KLKB1"
0.688736256829266,-0.497429500952968,0.025,0.027,1,"ZNF808"
0.68900358971229,0.790213661660946,0.017,0.01,1,"FN3KRP"
0.68911376411171,0.570903847908518,0.01,0.005,1,"STARD5"
0.689373349774654,0.213193646347341,0.026,0.015,1,"LINC01355"
0.68949702240512,-0.754784606013412,0.022,0.029,1,"DCAF13"
0.690228482577984,8.74024040330654,0.028,0,1,"CARTPT"
0.690807163416456,0.431305086678239,0.01,0.006,1,"ZGLP1"
0.691028476688019,0.117574129572359,0.034,0.024,1,"BANF1"
0.69137762441705,1.0723327120317,0.011,0.005,1,"C1GALT1C1"
0.691503595615729,-0.869766448503041,0.034,0.042,1,"LDB3"
0.691636197287305,-0.250644491443786,0.015,0.014,1,"AC073896.1"
0.692037480599224,0.382589454952254,0.064,0.039,1,"JADE1"
0.692171538806002,-1.00466038497554,0.012,0.016,1,"AC138627.1"
0.692610098380917,-0.395414982562159,0.032,0.038,1,"CALCB"
0.693144297867324,2.59224852573542,0.044,0.007,1,"LINC02397"
0.693702313424895,0.125192156053441,0.035,0.028,1,"TBC1D8B"
0.69396810323464,0.413611955833986,0.044,0.027,1,"TULP3"
0.693976436650797,-0.162224483302083,0.042,0.04,1,"PLXNA2"
0.69407035548762,-3.20632693551631,0.006,0.045,1,"SLC18A2"
0.694632087145962,-0.211045106600709,0.145,0.131,1,"ANAPC5"
0.694729636380111,0.158419696283696,0.018,0.013,1,"FAM196B"
0.694856188219863,0.215247461977782,0.05,0.041,1,"RASSF8-AS1"
0.695047528836202,0.251172475955861,0.016,0.01,1,"FANCB"
0.695318693044188,-0.407049728399386,0.015,0.016,1,"CRAT"
0.695387709339903,-0.492556015688013,0.034,0.037,1,"NCBP2"
0.695434570760248,-0.281149012119311,0.062,0.071,1,"KLHL22"
0.695550774395854,1.06749214582951,0.021,0.009,1,"TMEM199"
0.695766016853464,1.2204503307229,0.037,0.012,1,"CRYZ"
0.695829803727597,-0.396930944724579,0.066,0.073,1,"IMMP1L"
0.696125550502447,-0.280383627853971,0.049,0.048,1,"CNIH3"
0.696278252305313,0.622458289432976,0.023,0.012,1,"COMMD5"
0.696348626742652,-0.254653520455389,0.025,0.022,1,"LLGL2"
0.69677420243905,-0.518843797484791,0.041,0.048,1,"ARMC2"
0.696929381207711,-0.12517147161292,0.047,0.041,1,"ZDHHC6"
0.697401207034744,-0.263955591352962,0.038,0.035,1,"CCDC174"
0.697550791919983,-0.248682703229559,0.049,0.044,1,"GTPBP6"
0.697905587268341,0.186449079714982,0.022,0.018,1,"CUEDC2"
0.698111558411682,0.112275753696564,0.049,0.04,1,"GPR132"
0.698491862690461,-0.465689688960526,0.045,0.051,1,"LRRC8C-DT"
0.698604749071988,-1.25035202959842,0.026,0.042,1,"HLA-DOA"
0.699402613039599,0.416238803952106,0.052,0.039,1,"CTR9"
0.700104779941116,-0.132127487059146,0.043,0.035,1,"MSH6"
0.70016333231194,-0.329855095059222,0.014,0.014,1,"AEN"
0.700284553805919,0.207070494054135,0.01,0.006,1,"AL080317.1"
0.700524384627082,0.790563854230144,0.013,0.007,1,"TIGD7"
0.700633690415422,-0.384901461926603,0.027,0.028,1,"ACSBG1"
0.700676830419985,-0.140887303560331,0.043,0.04,1,"DCAF16"
0.700752492313664,0.687952548910073,0.019,0.011,1,"PCP4"
0.701336392682765,-0.509628644620388,0.056,0.06,1,"UBLCP1"
0.701544934516543,0.40983344597586,0.062,0.043,1,"AC107884.1"
0.70165778536139,-0.324584530100724,0.024,0.024,1,"SMARCD1"
0.701703480872629,0.840460152345583,0.015,0.01,1,"SLC12A4"
0.701897646228095,-0.189241201765296,0.04,0.04,1,"FAM124A"
0.701960686106621,0.167742124390454,0.033,0.023,1,"MRPL13"
0.70202814217791,0.170419785125171,0.04,0.031,1,"HSD17B14"
0.702087908934758,0.507449195088166,0.053,0.03,1,"UBE2A"
0.702134197199258,-0.137782188954715,0.19,0.197,1,"ARHGAP18"
0.702801197741031,0.194900727494864,0.019,0.016,1,"CD200"
0.702939462536905,-0.215361116146859,0.019,0.018,1,"AC058822.1"
0.702972114765702,0.205089185968956,0.011,0.009,1,"ORMDL3"
0.702975066938679,-0.292945267682782,0.03,0.032,1,"USP30"
0.703009999515554,-0.447076932392222,0.021,0.022,1,"MRPS10"
0.703135877929702,-0.38275215034784,0.008,0.011,1,"DLEC1"
0.703757472317191,0.412372016835746,0.036,0.024,1,"FAM160A2"
0.703800192498794,-0.556160328085199,0.012,0.014,1,"AC063944.1"
0.704872793318249,-1.07489918577329,0.022,0.045,1,"AC090502.1"
0.705194390489008,0.251874449366502,0.018,0.013,1,"FAM200A"
0.705316210906845,-0.286576123363635,0.029,0.029,1,"DHRS4-AS1"
0.705862524481376,-0.307886400892956,0.104,0.106,1,"METTL16"
0.70597099102691,1.12304246996388,0.012,0.007,1,"CDK2AP1"
0.706518365440029,-0.68658216733086,0.04,0.053,1,"GPD1L"
0.706548787475898,-0.186332211908421,0.039,0.031,1,"JPT2"
0.706639079376826,-1.5340058625387,0.005,0.011,1,"FAM71F2"
0.706646467808144,-0.154113257720701,0.011,0.008,1,"NBPF20"
0.706744408712712,-0.217894963115359,0.077,0.077,1,"TMEM63A"
0.707434885691817,0.305938756453607,0.037,0.024,1,"BTF3"
0.707533762916308,-0.782711245747389,0.018,0.026,1,"AC011476.3"
0.707552438132387,-0.268710239349909,0.044,0.043,1,"NMRK1"
0.707788488000087,-0.831274911802528,0.017,0.025,1,"MECR"
0.707862331863428,1.85044648238256,0.236,0.073,1,"NLGN4Y"
0.70787846578125,-0.207427033603711,0.011,0.012,1,"SLC50A1"
0.707994467420471,0.443417532883693,0.026,0.019,1,"AL450384.2"
0.708061080665091,0.546693631163618,0.304,0.226,1,"SESN3"
0.708176164983529,-0.182769188994474,0.042,0.043,1,"MIB2"
0.708277723470316,-0.399245934473632,0.014,0.017,1,"PCYT1B"
0.708511476908883,-0.414125347685691,0.036,0.042,1,"RAB32"
0.708711733608352,-0.400569840064987,0.02,0.024,1,"TBRG4"
0.709746778879544,-0.152318919964372,0.019,0.018,1,"AF241726.2"
0.710167579888492,0.214277600777652,0.016,0.01,1,"PHYH"
0.71020697300851,0.104551607822386,0.045,0.036,1,"FKBP3"
0.710266445990337,0.857009276595163,0.06,0.029,1,"DGKE"
0.710928526663519,0.419429751187525,0.058,0.043,1,"B3GLCT"
0.710985603687193,-0.223819151211565,0.059,0.058,1,"GK5"
0.711104645527267,-0.247174684914357,0.027,0.027,1,"C19orf66"
0.711132776340997,-0.287585474959244,0.06,0.06,1,"GOPC"
0.711533135350801,-0.482753732739979,0.034,0.036,1,"RHOT2"
0.711536602908128,0.434795983074657,0.024,0.014,1,"ANKUB1"
0.711571596450215,-0.230268797486014,0.023,0.02,1,"C1QBP"
0.7115952775551,-0.895845175611999,0.015,0.016,1,"TGFBR3"
0.711993078082913,-0.105204524211099,0.012,0.009,1,"CSF1"
0.712206912895045,0.241972106931956,0.024,0.016,1,"UTP25"
0.71225863928496,0.386675784773005,0.087,0.055,1,"YPEL5"
0.71256967450719,-0.583990661337297,0.022,0.026,1,"TRAPPC6A"
0.71284623792198,0.227890540715189,0.053,0.034,1,"GPATCH11"
0.712886631239146,0.117401851634381,0.011,0.009,1,"EFCAB6"
0.712983206237395,1.44589475754463,0.013,0.004,1,"CRELD2"
0.713179102757647,0.242919986512579,0.012,0.011,1,"NFKBIL1"
0.713384383869613,-0.293603192880533,0.018,0.017,1,"VILL"
0.713408853758699,-0.288071323458555,0.068,0.068,1,"TBC1D22B"
0.713615779133701,0.507933067705408,0.067,0.041,1,"NEK4"
0.713705898444524,0.104908347641259,0.05,0.041,1,"AC025682.1"
0.714654880745658,0.132308644261213,0.109,0.079,1,"MICAL1"
0.71478327927705,0.207792859799448,0.028,0.015,1,"RUVBL2"
0.714832119259811,-0.283345036122252,0.024,0.026,1,"IGHMBP2"
0.71495717100043,-0.144695713089732,0.026,0.022,1,"MED30"
0.715032740560352,1.04949905140749,0.017,0.007,1,"LINC00513"
0.715045352248608,-0.218147670114802,0.015,0.016,1,"CACHD1"
0.715047212347661,-0.461941163255368,0.03,0.031,1,"SELENOM"
0.71518790353848,-0.13450833806163,0.014,0.014,1,"LYSMD4"
0.715327693394253,0.332159388461053,0.041,0.024,1,"SPESP1"
0.715490496706216,-0.341216875269574,0.054,0.066,1,"PPIL2"
0.715551134779204,0.313998962603192,0.011,0.007,1,"NOMO3"
0.715597310525523,0.150830813206442,0.024,0.026,1,"CYC1"
0.715605106351828,0.395942076054362,0.123,0.085,1,"MIA3"
0.715902105388306,0.337122616557154,0.022,0.017,1,"ARAP3"
0.716294578420294,0.184374897463709,0.07,0.055,1,"ACOT11"
0.716355150210817,-0.124781575041891,0.025,0.019,1,"SH3BP4"
0.716464347315208,-0.174697680937788,0.011,0.009,1,"DNAJC30"
0.716587303295443,-0.129984615173032,0.068,0.058,1,"HACL1"
0.717314959788715,0.6362211297438,0.024,0.015,1,"SLC5A6"
0.717416892845062,-0.22858320087406,0.029,0.031,1,"AC135050.3"
0.717714839269433,-0.399221239407269,0.01,0.012,1,"AC093627.3"
0.717722637726391,-0.581767925932559,0.009,0.012,1,"THYN1"
0.71811050519254,-0.432608871947866,0.013,0.016,1,"CHAF1A"
0.718176596827098,-0.628301433154048,0.01,0.011,1,"MGAT2"
0.718284824141605,0.519109403198128,0.019,0.012,1,"ACVR1C"
0.718474996098154,0.277526817501755,0.046,0.037,1,"MIGA2"
0.718618618633251,0.906287149581371,0.014,0.007,1,"CLDN4"
0.719421453831781,-0.820495551615968,0.025,0.032,1,"ZCCHC3"
0.719505773270451,0.489804006051634,0.065,0.035,1,"CCT5"
0.71956110904277,-1.00417804780926,0.01,0.015,1,"IFIT3"
0.720181416195964,-0.275139089416483,0.145,0.153,1,"SNX19"
0.720424954193042,0.66257374275696,0.016,0.008,1,"C18orf32"
0.720712839102312,0.227630589537909,0.05,0.039,1,"FAAP20"
0.720836952454471,-0.714133475322864,0.019,0.02,1,"NHSL2"
0.721038333010462,-0.134993269259791,0.013,0.018,1,"LINC01426"
0.721069754800515,-0.587762030284865,0.09,0.141,1,"ESR1"
0.721076289098866,-0.20226321491771,0.062,0.058,1,"PAIP2B"
0.722357450831891,0.599116065706805,0.017,0.009,1,"AP002336.2"
0.723175062192181,-0.523248852745195,0.011,0.014,1,"GRAP"
0.723206582112783,0.340400064982526,0.012,0.007,1,"AC010149.1"
0.723860900136011,-0.164739989641538,0.009,0.01,1,"TXNDC17"
0.724049212673534,-0.202844898971748,0.01,0.007,1,"SMIM27"
0.724209348683349,-0.322633861716891,0.013,0.013,1,"CHST10"
0.724309518857776,-0.159685384767758,0.01,0.009,1,"ZNF286B"
0.724636122417693,-0.127082058232559,0.054,0.048,1,"RAD23A"
0.72480163423189,0.194237379763137,0.015,0.007,1,"NOTCH4"
0.724947868375646,0.341660155725761,0.049,0.037,1,"JTB"
0.724998124506898,0.445293424188181,0.022,0.016,1,"LLPH"
0.725032286129141,-0.627894599649315,0.027,0.031,1,"SEPHS1"
0.72522078336279,0.310833279774918,0.02,0.015,1,"TLE1"
0.725304559980558,1.18569895864272,0.012,0.006,1,"CCDC71L"
0.726054635140497,0.318718681115279,0.02,0.015,1,"NPEPL1"
0.726931487753203,0.351466703819805,0.027,0.016,1,"SF3B5"
0.727384090865244,0.247828432268008,0.011,0.006,1,"DIAPH2-AS1"
0.727590703998308,0.770172808605915,0.012,0.009,1,"LIN7B"
0.727774872954703,1.14435471020071,0.017,0.007,1,"Z84485.1"
0.728327112481898,0.772934129983351,0.014,0.006,1,"AP001043.1"
0.728563188399648,-0.607095912818599,0.014,0.014,1,"TFB2M"
0.729269272240495,0.529980148733991,0.014,0.009,1,"ALK"
0.729459921970985,-0.367950033184251,0.022,0.022,1,"PLPPR1"
0.729475375833879,0.203295902694887,0.018,0.013,1,"UQCC3"
0.729526420614501,0.102845498802017,0.113,0.094,1,"INTS6L"
0.729609345351348,-0.142331705421204,0.05,0.039,1,"DPY30"
0.729764766904299,0.570498801969273,0.041,0.031,1,"TSPYL2"
0.729922693979021,0.184554159472362,0.017,0.014,1,"AL161457.2"
0.729956579901535,-1.52795228391723,0.025,0.045,1,"GPIHBP1"
0.73038403902246,0.270604131789276,0.077,0.056,1,"KAT8"
0.730496545849994,-0.432220337617327,0.015,0.014,1,"C17orf75"
0.730549683729309,0.356877823256295,0.011,0.009,1,"KCNC1"
0.731006768152614,-0.870202690613069,0.014,0.016,1,"STAG3"
0.731076355309746,0.3582938916047,0.056,0.039,1,"CCDC18"
0.731106553697571,-0.1975419862596,0.043,0.044,1,"AL592295.4"
0.731112762146831,0.567608687629606,0.016,0.008,1,"KLF10"
0.731282508483631,0.617780182996543,0.026,0.014,1,"IFT140"
0.731600047115805,0.323227113332127,0.055,0.041,1,"CASP1"
0.731718638922825,-0.327850669320045,0.044,0.046,1,"DHX8"
0.73185309586984,0.167103525507581,0.065,0.051,1,"TRIM26"
0.73205170600829,2.30288624521014,0.012,0.002,1,"DIRAS3"
0.732061479258512,-0.432746340705394,0.011,0.009,1,"ALG10"
0.732206549791233,0.25670501465999,0.081,0.062,1,"RPS27L"
0.732465259707858,-0.253843086468659,0.033,0.032,1,"TMEM39B"
0.732840467093963,0.29438113160117,0.026,0.018,1,"ZNF250"
0.732903640839547,-0.285270536388545,0.024,0.02,1,"CCDC134"
0.733705911835795,-0.238313244253639,0.046,0.039,1,"INO80E"
0.73371841574853,-0.272908155660865,0.018,0.016,1,"DBF4"
0.733817785344669,0.460459235073984,0.127,0.084,1,"COX5B"
0.734097441841495,0.21495626313081,0.053,0.038,1,"RAB9A"
0.734279828842035,-0.120859525640088,0.079,0.076,1,"ACSF3"
0.734357805373595,-1.9517440792502,0.006,0.011,1,"SGK2"
0.735294430496039,-0.406401507816116,0.008,0.01,1,"MSANTD3-TMEFF1"
0.735600036615845,0.302005376761271,0.037,0.028,1,"SHKBP1"
0.735670332904947,0.160810549521698,0.029,0.019,1,"JMJD6"
0.735701300339069,0.509050023430571,0.015,0.011,1,"CSTF2T"
0.736585742407195,-0.284268564533148,0.022,0.022,1,"ILF2"
0.736586686029339,2.21185073221017,0.022,0.006,1,"GAD2"
0.737123009496802,-0.253452781190069,0.041,0.042,1,"FRMD8"
0.737640551522869,-0.210623981735336,0.013,0.012,1,"ZNF629"
0.738030330972093,-0.487323856755793,0.066,0.079,1,"ATF6B"
0.738151090450541,0.554275659885252,0.024,0.013,1,"ZNF525"
0.738581699833345,0.347204514361063,0.01,0.007,1,"BTNL9"
0.738596846007129,-0.206785865743531,0.027,0.026,1,"SAMM50"
0.738756440201644,-0.475466494402342,0.012,0.011,1,"ZSCAN12"
0.738956042730365,0.160951075925219,0.013,0.009,1,"C1orf174"
0.739333515506131,-0.400537485023206,0.027,0.026,1,"DOK1"
0.739644766093636,0.236471042043803,0.045,0.033,1,"VDAC3"
0.739923884237145,0.754349890051695,0.021,0.013,1,"NXPH1"
0.739995483026381,0.816891315235603,0.039,0.019,1,"CCDC59"
0.74034648660349,0.487838424686473,0.01,0.004,1,"LAGE3"
0.740384869194154,-0.694375826503035,0.019,0.028,1,"LRRC4"
0.740427439179703,-0.131497103982841,0.015,0.011,1,"GAL3ST1"
0.740739169481928,0.219013589421498,0.058,0.041,1,"RPL7L1"
0.740969892577783,-0.867113380144303,0.007,0.013,1,"FAM213B"
0.741111420483432,0.502032125233297,0.017,0.012,1,"ZNF593"
0.741415911915667,-0.156173772792837,0.01,0.01,1,"AL360091.3"
0.741977246539566,-0.268481216558022,0.009,0.011,1,"C11orf96"
0.741984101181889,0.876936286146784,0.011,0.007,1,"ZBTB7C"
0.741986578343468,0.322242579301551,0.091,0.068,1,"ZNF90"
0.742134826285198,0.656771669702284,0.014,0.007,1,"AL139011.2"
0.742286840599621,-0.178816572104584,0.016,0.016,1,"F8"
0.742509465156441,-0.198172665174582,0.024,0.028,1,"TEX41"
0.742585161278476,0.807013091357498,0.015,0.008,1,"CCDC167"
0.742723315381219,0.174260102868052,0.026,0.021,1,"LIG4"
0.742808608273357,0.411284255352292,0.072,0.046,1,"HIKESHI"
0.743813933129463,0.112405742463387,0.033,0.024,1,"MRPL18"
0.744042899726904,-0.205797249525362,0.01,0.009,1,"AC012184.2"
0.744260354724035,-0.835078626198142,0.016,0.022,1,"GUCD1"
0.745006626689596,0.789917624715545,0.01,0.007,1,"AC084816.1"
0.745147580862734,0.209898915303079,0.027,0.018,1,"ZBTB5"
0.745245574717897,0.194456216151192,0.039,0.029,1,"ETFDH"
0.74531415669566,0.529240572117336,0.042,0.031,1,"MAFG"
0.74532299342568,-0.438935136705891,0.019,0.021,1,"RBM4B"
0.745417640824281,-0.269821626534789,0.013,0.014,1,"MRPL2"
0.745504722375657,-0.239848503627007,0.076,0.082,1,"MBNL3"
0.745685202648073,0.675389487918983,0.01,0.004,1,"ZNF853"
0.745765952802814,0.178891111722303,0.108,0.102,1,"KLHL32"
0.745799983495519,-0.247535078362631,0.103,0.104,1,"IDE"
0.745857057796057,-0.748908393913709,0.014,0.016,1,"BOP1"
0.746783342698707,-0.137009347484009,0.012,0.011,1,"CITED4"
0.746893821794671,-0.300765600515559,0.05,0.049,1,"CHUK"
0.747078179226966,0.159128973320372,0.063,0.045,1,"BRD3"
0.748414109220692,0.521013172342332,0.019,0.008,1,"DIO2"
0.748863572015328,-0.133265086040706,0.012,0.012,1,"LMNB2"
0.749072458421807,0.503649570342863,0.025,0.02,1,"CYB5D2"
0.749394151413377,-0.124827799622786,0.014,0.012,1,"ACADS"
0.749703438228917,0.429294226359993,0.036,0.028,1,"RIDA"
0.749880974550948,0.179135143226024,0.24,0.195,1,"CEP192"
0.750137314872317,0.364875276354918,0.013,0.009,1,"POLE2"
0.750316761190734,-1.66240518143934,0.017,0.04,1,"EBF1"
0.750638163134794,0.551529109975183,0.037,0.018,1,"ZNF701"
0.751350164486392,-0.301035921804588,0.02,0.017,1,"AC016597.1"
0.752209173269138,0.40024959869313,0.066,0.041,1,"CHD4"
0.752219640578223,-0.248835561642267,0.062,0.055,1,"SLC40A1"
0.752481608395499,0.37581840508086,0.036,0.031,1,"ZNF354B"
0.7525363320962,0.30082419059557,0.056,0.038,1,"LINC01736"
0.752602468909469,0.313013866157504,0.022,0.019,1,"ROBO3"
0.75265372345236,0.928076127303894,0.021,0.01,1,"NUDCD2"
0.752912041769464,0.173020183809692,0.027,0.022,1,"L3HYPDH"
0.75295789770102,0.5171431900914,0.065,0.039,1,"CCDC117"
0.753035959515089,0.273231901479004,0.034,0.026,1,"CHURC1-FNTB"
0.753197249870573,-0.282441738232872,0.026,0.029,1,"SMC5-AS1"
0.75325295155644,0.160395650511501,0.018,0.012,1,"AP006565.1"
0.753455469265591,0.841689240528354,0.01,0.006,1,"PDZD11"
0.75370161542672,0.478757196675945,0.025,0.014,1,"SYCP2"
0.753760653329147,-0.155453871530148,0.095,0.098,1,"SUCLA2"
0.754384250795882,0.138294113884309,0.026,0.024,1,"SLC6A11"
0.754447598563033,0.397533845725369,0.022,0.013,1,"SRPRA"
0.754564664568415,0.341673017791653,0.02,0.012,1,"AC073610.3"
0.755052993507981,0.382829589987579,0.046,0.031,1,"ING3"
0.755286568340041,1.50014996501066,0.014,0.005,1,"DDIT3"
0.755363579289204,-0.233726626874616,0.026,0.03,1,"LINC02008"
0.755388079562469,0.362534052412261,0.047,0.033,1,"ENY2"
0.755410606429586,-0.180040357711068,0.048,0.045,1,"INIP"
0.755845340839558,0.274088066838337,0.023,0.018,1,"UBE2L6"
0.756384830742934,0.396997178327159,0.031,0.021,1,"AMY2B"
0.756826211334082,0.316642556392339,0.011,0.008,1,"KLF15"
0.757590312819008,-0.567483523900484,0.009,0.012,1,"TCF7L1"
0.757746187084771,-0.838025608564905,0.016,0.022,1,"ZNF552"
0.757945531674268,0.247717212845673,0.026,0.017,1,"SOX12"
0.75832620453091,0.654558934096496,0.02,0.012,1,"MFSD2A"
0.758444724883597,-0.296655260098608,0.026,0.022,1,"HAUS1"
0.758473850247379,-0.324923769850047,0.029,0.031,1,"GPR37L1"
0.758964426311005,-0.474073023118468,0.019,0.016,1,"SPRY1"
0.759267761994376,0.594492054265798,0.029,0.019,1,"ZDHHC8"
0.759407500503537,1.39109748766877,0.013,0.003,1,"CXCL13"
0.759702336053368,-0.372174582423089,0.024,0.024,1,"RPL34-AS1"
0.75990630807002,0.477434846580725,0.011,0.005,1,"NFKB2"
0.759915873819946,-0.17383164704652,0.193,0.205,1,"DNAJC6"
0.760209552423046,0.289228871809089,0.018,0.011,1,"DPH3"
0.760407260227051,-0.175999490411552,0.033,0.032,1,"ZNF14"
0.760973309116171,0.324897886933398,0.037,0.028,1,"JPT1"
0.761139633266547,0.114113326773881,0.03,0.019,1,"FAM210B"
0.761298998936081,-0.118373391451303,0.01,0.01,1,"AC092378.1"
0.761334913451101,0.524328689214725,0.021,0.013,1,"TCTA"
0.761703412919767,-0.55606351980921,0.052,0.062,1,"ZFYVE26"
0.761803776648418,-1.35260377010725,0.006,0.016,1,"MACC1"
0.762771103238106,0.454188006561934,0.115,0.079,1,"POLB"
0.763272109629316,-0.206697244103707,0.017,0.016,1,"AC011468.3"
0.763289062762939,-0.30635422558786,0.022,0.022,1,"ADRM1"
0.763417646670861,-0.209335747648082,0.018,0.017,1,"HMCES"
0.763830737464938,-0.126497264898224,0.064,0.058,1,"IDH2"
0.763920249616297,-0.197742617870601,0.048,0.051,1,"SPG21"
0.764024458403257,0.605973430377615,0.02,0.012,1,"MRPL44"
0.764228922143587,-0.213235971474594,0.011,0.011,1,"TAP1"
0.764388124946908,0.114323548424454,0.1,0.076,1,"RIOK3"
0.764481420113122,-0.128346176430805,0.06,0.06,1,"PLAA"
0.764571989947687,-0.401054506128017,0.04,0.046,1,"ZSWIM5"
0.764613514456871,0.411892526796267,0.051,0.031,1,"ABHD5"
0.765159074603946,0.129484780880917,0.021,0.016,1,"MPG"
0.765270364601755,-0.366822158885965,0.021,0.019,1,"RUNDC1"
0.765472209616161,-0.172909390939185,0.028,0.026,1,"LUC7L2"
0.765530478346349,0.307921909757907,0.033,0.022,1,"DUSP12"
0.765593624339835,-0.389055081940216,0.041,0.037,1,"CNIH1"
0.76616333353257,0.130001271144193,0.015,0.013,1,"C1orf35"
0.766356524980408,0.944235910614569,0.013,0.006,1,"TNFAIP8L3"
0.766501224500617,0.317241926013023,0.01,0.007,1,"AL357060.1"
0.766830172510672,0.62172173427342,0.032,0.016,1,"CDK2AP2"
0.766875938488488,0.101005287506856,0.04,0.031,1,"SUMO2"
0.766893516706779,0.677288725727158,0.01,0.005,1,"AC093323.1"
0.766937412751193,-0.424313019187799,0.035,0.044,1,"TMEM255A"
0.767250011515522,0.171052485576216,0.096,0.086,1,"GTF2IRD1"
0.767338788140284,0.629119635372694,0.035,0.024,1,"ROMO1"
0.767471445311109,-0.736411311464404,0.014,0.02,1,"TRPM6"
0.767699781852835,-0.171030231825655,0.158,0.161,1,"PTAFR"
0.767728507575815,0.486832923538959,0.06,0.041,1,"SLIRP"
0.767817276036443,0.555176010820606,0.013,0.009,1,"MFSD13A"
0.768171602129199,-0.243920427919734,0.017,0.02,1,"TMCC1-AS1"
0.76911309649489,-1.81140403313653,0.019,0.047,1,"ALDH1A1"
0.769287090690371,-0.465478241733028,0.04,0.049,1,"PTER"
0.769322450934176,0.323212121936311,0.084,0.065,1,"ZNF720"
0.769579208270677,0.215846751840556,0.038,0.031,1,"GIPC2"
0.769978594769381,0.157824814082709,0.012,0.011,1,"FRAT1"
0.769991851760277,0.11617377643619,0.042,0.036,1,"ACOX3"
0.770112816183291,-0.209668358957782,0.035,0.036,1,"GATD1"
0.77041910296541,0.379005039220942,0.027,0.02,1,"ZEB1-AS1"
0.770465572116318,-0.281711840370211,0.026,0.022,1,"SETD1A"
0.770626465646153,1.35281393477274,0.214,0.081,1,"TTTY14"
0.771497905725697,-0.188549285781343,0.009,0.01,1,"FUZ"
0.771589301628213,-0.309545738822293,0.072,0.075,1,"ZRSR2"
0.772023090000347,0.540451888339468,0.014,0.01,1,"TXK"
0.772033562872624,-0.35465344344771,0.122,0.124,1,"GJA1"
0.772222484460749,-0.381476447159287,0.04,0.046,1,"CEP78"
0.772265233868888,-0.301004930051318,0.033,0.035,1,"RAD9A"
0.772364800328604,-0.331124749336537,0.053,0.06,1,"ALS2"
0.772583139947384,-0.530152136941866,0.012,0.014,1,"NIT2"
0.772774945020945,0.182508507595891,0.16,0.119,1,"CAMSAP1"
0.772947496259915,0.687090016943011,0.028,0.017,1,"HAUS2"
0.773043765461131,0.369177575508704,0.063,0.042,1,"ABCB10"
0.773240673661585,1.44603506969318,0.058,0.016,1,"RPS4Y1"
0.773314294781369,-0.735594866827193,0.01,0.018,1,"AC107204.1"
0.774022965882058,0.447084542817319,0.113,0.077,1,"TFG"
0.774265607656246,0.373233725940274,0.015,0.009,1,"DNAJC12"
0.774687497039252,0.541409105519924,0.01,0.007,1,"SORCS3"
0.774851384849646,0.354997830951483,0.024,0.018,1,"TIMM50"
0.77561628070033,0.537898875133994,0.021,0.014,1,"ZPR1"
0.775676138182522,-0.361484892565733,0.045,0.048,1,"AC022509.2"
0.776097440403248,0.174453036843173,0.01,0.008,1,"SLITRK2"
0.776225215923144,-0.597265312680865,0.031,0.043,1,"SFXN4"
0.776285626676206,-0.278990333297469,0.084,0.092,1,"DBNL"
0.776357972770023,-0.290955326888406,0.026,0.031,1,"PPP2R5D"
0.776877271082434,-0.879268078678074,0.013,0.016,1,"GLMP"
0.777120952069592,0.16325176699049,0.019,0.016,1,"ZNF528"
0.777200881050553,-0.239828947631397,0.044,0.042,1,"PPP2R3A"
0.777447869413699,0.332428396726249,0.021,0.017,1,"TYSND1"
0.777842279114115,-0.289189387378703,0.076,0.091,1,"TBC1D19"
0.777877770069085,-0.1972475746974,0.073,0.066,1,"CWC22"
0.777994697974001,1.49277328531194,0.014,0.005,1,"RAB7B"
0.77846788274976,0.452748318888015,0.019,0.012,1,"ISOC1"
0.778575440421622,0.84320709823088,0.06,0.034,1,"CACNB4"
0.778685655014379,0.14326845026483,0.062,0.053,1,"DERL1"
0.779294781689882,-0.250646777510531,0.01,0.01,1,"FRMD6"
0.779354645015353,0.375138411184302,0.015,0.009,1,"AC027682.4"
0.780194487578518,0.516495371908318,0.02,0.019,1,"TGFBI"
0.780573615473434,0.566221046220779,0.081,0.052,1,"PPP1R18"
0.781134143573513,0.12084864098586,0.066,0.051,1,"DLD"
0.781583335036566,-0.325125572935557,0.02,0.022,1,"CTSO"
0.781746369806843,-0.222801387120634,0.033,0.03,1,"NCMAP"
0.781928127428989,0.456126996750687,0.015,0.012,1,"INAFM1"
0.782008111420679,1.22984011677515,0.01,0.004,1,"TUFT1"
0.782131631215626,0.327518027532526,0.046,0.033,1,"DPEP2"
0.782216781400615,-0.211312212431415,0.01,0.005,1,"AC110285.2"
0.782642835701094,-0.621285262119517,0.02,0.022,1,"ASB3"
0.782707849932884,-0.586585289124277,0.011,0.016,1,"SLAMF8"
0.782839056822528,0.52605235495778,0.01,0.006,1,"TMEM150A"
0.78307905000224,-0.754954290388226,0.017,0.025,1,"CBY1"
0.783079660512283,-0.368921486633915,0.061,0.07,1,"NEB"
0.783116475620597,-0.285373886683546,0.044,0.045,1,"GLE1"
0.783280099093226,-0.245184665273941,0.063,0.068,1,"LACTB"
0.783451576100978,-1.06512490031537,0.006,0.012,1,"TMEM254-AS1"
0.783487286428639,-0.212782790923599,0.301,0.332,1,"MAGI2"
0.783990928525016,1.87126083855861,0.061,0.021,1,"HSPA6"
0.78402156840034,-0.16055292135538,0.037,0.036,1,"SNX17"
0.784033752581809,0.448472056297159,0.083,0.055,1,"BROX"
0.784174544613957,0.827228804275977,0.011,0.007,1,"UTP15"
0.784342086225803,-0.358482319092567,0.015,0.014,1,"TMEM250"
0.784426823806324,-0.561140131096465,0.021,0.028,1,"FBXO4"
0.784613077559507,0.614821841310149,0.016,0.01,1,"FAM151B"
0.784650882031226,-1.29067074467518,0.008,0.013,1,"GGT5"
0.784878893443859,0.167990403612992,0.028,0.021,1,"UBALD1"
0.785016168369474,-0.433372744950521,0.048,0.05,1,"PPP5C"
0.785039581993935,-0.876437681247827,0.018,0.027,1,"KCND3"
0.786028772933657,-0.567593927940786,0.017,0.018,1,"SNED1"
0.786153753512131,-0.557615078718393,0.02,0.02,1,"ETAA1"
0.78620798205139,0.18533658732059,0.11,0.086,1,"ANKAR"
0.78653501646632,0.563837227422915,0.027,0.016,1,"TOMM40"
0.786687386329319,0.529375286168708,0.011,0.007,1,"IDI2-AS1"
0.786941394101485,-0.652672066914876,0.013,0.018,1,"RPAP1"
0.787142961633736,1.4947289372518,0.017,0.007,1,"TTTY10"
0.787355237804915,-0.278598620255516,0.048,0.049,1,"RRP15"
0.787388429575032,0.275541504936684,0.038,0.024,1,"BMF"
0.787534156551746,-0.206891604534694,0.065,0.071,1,"GRIA2"
0.788260905435595,-0.36743951321972,0.039,0.039,1,"FAXDC2"
0.789518704251694,-1.6289409426722,0.011,0.027,1,"VNN2"
0.790107752161056,0.694330017196865,0.01,0.005,1,"MYORG"
0.790534161294674,-0.719953254091905,0.017,0.027,1,"PAQR7"
0.790646440834746,-0.414304575059075,0.011,0.013,1,"CPEB1-AS1"
0.790858202321526,0.84362573849632,0.147,0.077,1,"CCT4"
0.790927029179379,0.482212983703147,0.041,0.021,1,"TMEM14C"
0.79099123293173,-0.655556618411569,0.065,0.08,1,"D2HGDH"
0.791105932254064,0.865755315817939,0.024,0.015,1,"KLK6"
0.791511301777445,-0.434774749771293,0.014,0.015,1,"FSTL3"
0.791648267344991,-0.191433270175296,0.01,0.009,1,"TFAP2E"
0.791732323990823,-0.40415011169195,0.016,0.018,1,"ATG4D"
0.791835234848155,-0.419480117698985,0.014,0.014,1,"AC011447.3"
0.791847836013529,1.55068094382897,0.012,0.004,1,"NYNRIN"
0.791849209153348,-1.43510977895488,0.007,0.014,1,"KANK4"
0.792922494288685,1.50933227267732,0.011,0.004,1,"AL365361.1"
0.793057141042782,1.01065243656649,0.01,0.005,1,"AL080250.1"
0.793084936217685,-0.923079844374783,0.012,0.021,1,"OAS2"
0.793093881457105,0.295878019164853,0.022,0.014,1,"PSD2"
0.793165008011639,-1.28747178793917,0.012,0.027,1,"TRIP6"
0.793314382220208,0.163916369976173,0.085,0.062,1,"TTL"
0.793805733479458,-0.263127418900753,0.023,0.02,1,"CD33"
0.79418902402405,-0.636400677827125,0.007,0.01,1,"CPS1"
0.79445889847956,0.653792289905749,0.012,0.007,1,"THTPA"
0.795061405944962,-0.974071399508619,0.023,0.035,1,"CAVIN1"
0.795380585853224,0.427341264578144,0.017,0.012,1,"PSMB8"
0.795636985183255,0.886589876085107,0.015,0.007,1,"RNF126"
0.795997271839779,-0.572338564845789,0.027,0.031,1,"AC099669.1"
0.796210454623327,1.05452634000107,0.011,0.005,1,"TRAF7"
0.796411551140447,-0.335093427401847,0.098,0.103,1,"SLC25A12"
0.796996418953127,-0.139273445186652,0.01,0.009,1,"LFNG"
0.797162550578041,-0.412908061880711,0.069,0.101,1,"HBB"
0.797263674240943,-0.471873352437515,0.076,0.077,1,"BTK"
0.797377042960254,-1.53328426372367,0.021,0.055,1,"SMIM35"
0.797679425576248,-0.276986642457862,0.017,0.018,1,"MARCH9"
0.798143582878327,0.119312408758409,0.059,0.049,1,"SZRD1"
0.798526243156694,-0.156909160000977,0.013,0.012,1,"TRAF1"
0.798759953314685,0.653003628269391,0.03,0.016,1,"AC027031.2"
0.79882002676225,0.543970853028684,0.01,0.007,1,"IL4I1"
0.799171313075751,0.883425755999384,0.013,0.007,1,"RRAS2"
0.799201139991607,1.63081764929003,0.054,0.016,1,"ZFY"
0.799388049410388,0.93973422052515,0.01,0.007,1,"CPEB2-DT"
0.800144102515496,-0.501129409561418,0.017,0.019,1,"C11orf65"
0.800646528972389,-0.121681489164007,0.071,0.067,1,"PRKCZ"
0.800936932073083,0.802733240315226,0.014,0.008,1,"UBE2S"
0.801348730490551,0.904720340024112,0.028,0.015,1,"ZSCAN9"
0.80158758526167,0.440676681047006,0.031,0.015,1,"HEXIM1"
0.801890587382574,0.535462996311042,0.028,0.018,1,"ZFYVE19"
0.801916687231283,0.326213881267048,0.068,0.049,1,"ORMDL1"
0.80225153460535,-0.184238034862685,0.027,0.027,1,"ZNF565"
0.803922101426731,0.586213973793147,0.035,0.018,1,"PIK3IP1-AS1"
0.803947576936263,-0.965000740283336,0.024,0.041,1,"TMEM173"
0.803993049525003,-0.448581053675142,0.007,0.01,1,"KIF15"
0.804098753785208,-0.220916870503153,0.05,0.043,1,"RIOK1"
0.805390170310025,0.299702283267462,0.012,0.009,1,"PACRG-AS3"
0.805416535540475,-0.495871023728525,0.029,0.034,1,"UPP1"
0.805540295255083,0.169400632276509,0.027,0.021,1,"CGRRF1"
0.805555102274614,-0.275986264485815,0.032,0.036,1,"FAT3"
0.80580005087427,-0.605697439296601,0.013,0.016,1,"ERG28"
0.805982778220687,-0.434716212621743,0.012,0.013,1,"ZNF687"
0.806015496809192,0.391505754982415,0.014,0.012,1,"SPINT1"
0.806182123422419,-0.718882552453103,0.011,0.014,1,"PRMT5"
0.806994900637102,0.587335488087899,0.013,0.008,1,"NFE2L3"
0.807009902993009,-0.656780216588589,0.016,0.024,1,"ERCC2"
0.807023642252193,-0.576685896524811,0.012,0.018,1,"PPP1R26"
0.807138286020646,-0.318014139398235,0.028,0.03,1,"ATAT1"
0.8075536736946,-1.01607863812387,0.007,0.011,1,"ZSCAN20"
0.807614605902673,0.216714709953035,0.025,0.018,1,"ARHGAP10"
0.808144846274433,-0.184844259161235,0.029,0.032,1,"BAP1"
0.808224716233061,1.47011250124091,0.013,0.005,1,"LINC01340"
0.808850683019331,-0.395099347597466,0.025,0.03,1,"UCK1"
0.809291372786843,0.142930326168647,0.027,0.022,1,"RABL3"
0.80971590180953,0.167371279063087,0.012,0.009,1,"AL117348.2"
0.810079075335567,0.715995094593889,0.01,0.006,1,"RAPGEFL1"
0.810544976148446,-0.162123540614326,0.051,0.045,1,"NOP56"
0.811790920477885,-0.5934775874256,0.011,0.013,1,"ADPRH"
0.811814761355054,-0.964857683730039,0.008,0.012,1,"JMJD4"
0.812589346991612,0.129731646914452,0.083,0.064,1,"MARCH5"
0.812647136813358,-0.223197495317948,0.067,0.065,1,"VAV2"
0.812650975370181,0.390538482202912,0.053,0.032,1,"GOLGA8A"
0.812743632940777,-0.439438116671028,0.011,0.014,1,"WDR24"
0.812859891195678,-0.249547917734145,0.044,0.045,1,"ZNF169"
0.812882495308306,0.209516411004945,0.01,0.009,1,"LINC02343"
0.813241888331718,-0.363416967384482,0.017,0.02,1,"TRIM62"
0.813950978932588,-0.45667254023068,0.027,0.026,1,"LINS1"
0.814153839485246,0.490599228601145,0.012,0.009,1,"C2orf91"
0.814471075213798,-0.370874623391723,0.03,0.033,1,"DERL2"
0.814602368592377,1.0130453264715,0.012,0.006,1,"BCL2L2"
0.814688381515846,-0.636184002317333,0.011,0.018,1,"TTN"
0.814826548255349,0.257166002887344,0.048,0.043,1,"TNR"
0.814837139014144,0.167162723533752,0.025,0.019,1,"TIMM44"
0.814845139530865,-0.711453482570731,0.03,0.038,1,"NMNAT2"
0.814872409663784,0.212760672960426,0.162,0.152,1,"NLGN1"
0.815117804889033,0.320188614609082,0.016,0.012,1,"DZANK1"
0.815226376747739,-0.26861776221935,0.083,0.083,1,"TBC1D32"
0.815313494607171,-0.192203429602263,0.105,0.104,1,"MLEC"
0.816434523419477,-0.449202027087234,0.01,0.009,1,"SAYSD1"
0.816657258376187,0.219219432963979,0.033,0.026,1,"ALG1"
0.816772479967065,0.487703201467106,0.017,0.012,1,"MCM8"
0.816992169361897,-0.263865885062458,0.096,0.101,1,"DCAF1"
0.817450083673378,-0.154167650653558,0.025,0.02,1,"LYPLA2"
0.817473841038029,0.580192664477076,0.019,0.014,1,"ZNF768"
0.818049632374889,-0.169416990635647,0.039,0.046,1,"PALM2"
0.8184548418675,0.189844178945028,0.035,0.03,1,"SOX6"
0.818576849379427,-0.767782356115533,0.02,0.03,1,"ATP10A"
0.818773212265253,0.185685687741783,0.026,0.02,1,"NDUFS3"
0.819053469082988,0.12195864469335,0.078,0.06,1,"TUBGCP2"
0.819149314752876,-0.631238953700818,0.007,0.01,1,"LRRC45"
0.819211010558175,-0.140164714839218,0.03,0.026,1,"GNAZ"
0.819786734786047,0.475886542960257,0.011,0.008,1,"SAC3D1"
0.819832073551408,-0.69462234459434,0.006,0.01,1,"FCAR"
0.820193963767489,-1.02453888307903,0.007,0.014,1,"RASL10A"
0.820315787136066,0.404818526599918,0.013,0.012,1,"WNK2"
0.820471060626251,-0.590712595010867,0.01,0.012,1,"C1orf109"
0.820796764089794,0.498062135127215,0.019,0.011,1,"LYRM1"
0.821193468641656,-0.252134474579278,0.021,0.02,1,"COQ5"
0.821590414178029,-0.58304581155269,0.026,0.029,1,"ADAT2"
0.821726232663828,-0.226501102568269,0.013,0.014,1,"KBTBD7"
0.821795840320877,0.375943418468301,0.01,0.004,1,"LINC00222"
0.822085397389438,0.565929404202959,0.012,0.006,1,"AC019186.1"
0.822202147122759,0.172318825626909,0.014,0.011,1,"RFX5"
0.822545923059348,-0.113802720749038,0.072,0.075,1,"C2CD3"
0.823126951014382,0.208911018613481,0.033,0.022,1,"Z94721.1"
0.823205875781535,-0.667303838313762,0.01,0.014,1,"AC091551.1"
0.823223690479926,-0.159801828100974,0.013,0.015,1,"OPRL1"
0.823676469425236,0.314302641030199,0.028,0.019,1,"AL121761.1"
0.823703472427754,-0.310323462641175,0.015,0.017,1,"METTL13"
0.823922597659134,-0.266064969130327,0.027,0.028,1,"THEM4"
0.823990101900998,-0.159253106521198,0.027,0.025,1,"CD40"
0.824420552110975,0.11077667046861,0.024,0.017,1,"NDUFAB1"
0.824906343647584,0.378320025350926,0.033,0.02,1,"FAM200B"
0.825937084951215,-0.259349744826459,0.022,0.02,1,"BTN3A3"
0.82595763081811,-0.910369011840848,0.036,0.056,1,"AC021231.1"
0.825986933377687,-0.661927946513147,0.012,0.016,1,"PABPC3"
0.826092481314872,-0.481184852260428,0.011,0.015,1,"TACC3"
0.826144069049363,0.47496052200715,0.075,0.049,1,"BRK1"
0.826347410855989,0.108496506749694,0.026,0.022,1,"ZNF740"
0.826960968182434,-0.225401904750314,0.019,0.015,1,"CLTCL1"
0.826979444261015,-0.174113840653922,0.017,0.015,1,"PRRX1"
0.826998248244458,-0.117532613629616,0.045,0.038,1,"AC010422.6"
0.827048693437283,-0.312388304257387,0.03,0.031,1,"THOC5"
0.827151586091397,0.347617679865906,0.046,0.037,1,"ARCN1"
0.827333249396635,0.420083526942141,0.012,0.008,1,"FAM69C"
0.828099312268542,-0.608305102246331,0.012,0.016,1,"CDH4"
0.829592058336893,-0.57541562990988,0.01,0.008,1,"GDPD3"
0.83013850843006,-0.193389535838516,0.022,0.02,1,"MAGEF1"
0.830406380130464,-0.108463520865804,0.119,0.111,1,"TYW1B"
0.830506655389164,-0.298479814508575,0.066,0.072,1,"LDAH"
0.83056754154109,0.261757064306582,0.028,0.02,1,"NDOR1"
0.830791638034255,-0.511683325449908,0.039,0.044,1,"VPS4A"
0.830904063658132,-0.569370226942957,0.016,0.021,1,"MYBBP1A"
0.83106064474436,-0.207534497065505,0.079,0.082,1,"RTF1"
0.831236316723502,-0.154588399577252,0.056,0.048,1,"TAF11"
0.831259716016317,0.152231493250864,0.03,0.023,1,"GPT2"
0.831297819050221,0.111778095586038,0.036,0.033,1,"AL136295.1"
0.831582460932051,0.764740870529876,0.053,0.03,1,"PLOD1"
0.831599344481517,-1.25411349260996,0.009,0.016,1,"SPIRE2"
0.831701952196999,-0.136588944171123,0.023,0.023,1,"COX18"
0.832273105422382,0.251392973962262,0.04,0.033,1,"C12orf45"
0.832387307091126,-0.284653411117472,0.085,0.089,1,"PPM1F"
0.83256633285302,-0.24863187163266,0.019,0.022,1,"PRKAR2B"
0.832663594816616,0.107486504459514,0.011,0.009,1,"TOMM40L"
0.832669758741189,0.1746980770237,0.044,0.033,1,"HDDC2"
0.832672203720736,0.285388599182859,0.021,0.017,1,"FBXO41"
0.833516881592199,-0.626771149777046,0.012,0.016,1,"ZNF658"
0.833739590528123,-0.365105014127061,0.032,0.046,1,"LINC01170"
0.834076277979092,-0.34464224504072,0.044,0.041,1,"ZNF703"
0.8341656133733,0.267661813885318,0.031,0.02,1,"DFFB"
0.834860229686259,-0.554945917548636,0.017,0.019,1,"TOR3A"
0.834921540400331,-0.194053582751124,0.15,0.161,1,"DGLUCY"
0.835193294544747,-1.48079051888944,0.006,0.012,1,"NOCT"
0.835202186097725,0.212376669255546,0.059,0.043,1,"IFI27L2"
0.835285129538559,0.698104476837065,0.033,0.02,1,"RUNX3"
0.83534812043196,0.173326846907999,0.013,0.013,1,"SLITRK5"
0.835845294095654,0.287636483780117,0.01,0.008,1,"CA13"
0.835856463774049,0.274038397906302,0.042,0.033,1,"SLIT2"
0.835879849249938,-0.323165022078943,0.03,0.031,1,"ZNF484"
0.836499946934796,-0.140034549797764,0.061,0.06,1,"PIEZO2"
0.836527578495736,0.396063145624246,0.064,0.041,1,"WHAMM"
0.836758198343923,0.312401525263035,0.098,0.068,1,"GPR137B"
0.836981444815381,-0.415168662746336,0.015,0.016,1,"AL137145.1"
0.837554151573457,0.768715364660241,0.01,0.003,1,"KMT2E-AS1"
0.837635988014207,-1.36946784807071,0.008,0.02,1,"LINC01482"
0.837683227090962,-0.674063005306514,0.012,0.017,1,"RHPN1"
0.838041611392104,0.179436570649837,0.082,0.061,1,"SREBF1"
0.838691280325823,0.50147680306187,0.012,0.007,1,"USP35"
0.838762120814443,-0.435592101726361,0.011,0.017,1,"LINC00467"
0.838909022509072,-0.292073615779194,0.042,0.044,1,"SKP2"
0.839036605716039,-0.957816302151183,0.008,0.012,1,"ZNF487"
0.839465001380059,-0.176139287103128,0.01,0.009,1,"AL357055.3"
0.840098670754557,-0.734944219942658,0.011,0.014,1,"RELL2"
0.840104002583506,-0.513580947655882,0.012,0.016,1,"UBIAD1"
0.840118591464811,-1.17450987572671,0.008,0.018,1,"MMD2"
0.840511398759064,0.146815340136967,0.043,0.036,1,"SAP30L-AS1"
0.840564556362452,-0.215851103153719,0.016,0.016,1,"FANCI"
0.840658870663805,-0.411661924752793,0.016,0.016,1,"MRPL34"
0.841231312852033,0.906463632318219,0.01,0.005,1,"AC079305.3"
0.841478719328483,0.396009854775678,0.017,0.009,1,"HAUS8"
0.842052310472795,-0.317263655325512,0.072,0.073,1,"SMYD4"
0.842572818888102,-0.548458385470172,0.062,0.077,1,"PARP12"
0.84310289989237,-0.393915808712401,0.037,0.039,1,"CADM4"
0.843471599033321,-0.608185213645098,0.01,0.011,1,"ROM1"
0.843937122789379,-0.131127290520783,0.064,0.058,1,"IGBP1"
0.844847210376279,0.314142769434188,0.026,0.019,1,"CFAP70"
0.845070869496307,-0.29789544947575,0.011,0.012,1,"TRMT6"
0.845154063116997,-0.920208908253467,0.01,0.013,1,"PPOX"
0.845165380472911,0.508306014352905,0.01,0.009,1,"AC024901.1"
0.845285734384445,-1.13527443133259,0.009,0.012,1,"TMEM107"
0.845295302712853,-0.169659367617026,0.018,0.018,1,"PLAGL2"
0.845378864370569,-0.632498418762855,0.04,0.046,1,"SCYL3"
0.845655432403404,-0.108892415161596,0.047,0.043,1,"CXorf21"
0.845687961647362,0.983755612536488,0.012,0.007,1,"PPARGC1A"
0.845861847747446,0.202180637088921,0.018,0.013,1,"ECH1"
0.846373182871312,-0.440211569748315,0.022,0.024,1,"ZNF180"
0.846649140545861,-0.41137552473158,0.033,0.037,1,"PLEKHJ1"
0.847103226972547,-0.806446070325487,0.013,0.019,1,"SMYD5"
0.847558080120009,0.414140584698994,0.016,0.009,1,"SERPINF1"
0.847973133701396,0.362013319084161,0.033,0.024,1,"TAF4B"
0.848692800730929,-1.39961933691483,0.012,0.02,1,"SULT1A1"
0.848800730691212,0.48322656584864,0.021,0.014,1,"FOXRED1"
0.850096709530145,-0.348993398084337,0.026,0.037,1,"KCNAB1"
0.850126041166567,-0.579474883704908,0.034,0.041,1,"AGT"
0.850286490170382,-0.506221178755232,0.017,0.016,1,"ZNHIT3"
0.8503803907784,-0.254084266401251,0.053,0.058,1,"SEPT9"
0.85124949545232,0.457608686238964,0.028,0.017,1,"AC005670.2"
0.85148383866875,-0.944385905855976,0.023,0.034,1,"CHADL"
0.851534813175606,0.735804570585529,0.025,0.015,1,"COA3"
0.851544184389032,-0.115844112113533,0.023,0.022,1,"PLPP7"
0.852016249809829,-1.20509754003254,0.006,0.012,1,"IL10RB"
0.853018871008602,-0.218340120042065,0.011,0.012,1,"PCNA"
0.853082131274648,-0.115729423149908,0.035,0.035,1,"ANKS6"
0.853529839971133,-0.645616425320005,0.026,0.033,1,"CATSPERG"
0.853575494200991,0.403121949230467,0.072,0.054,1,"ASB7"
0.853790850477638,0.162739302371306,0.037,0.03,1,"GPSM2"
0.854323826393938,0.557471952699134,0.041,0.025,1,"ACP1"
0.854980788830875,-0.182730030123427,0.011,0.009,1,"SIGMAR1"
0.855152616511224,0.220401477863903,0.058,0.048,1,"EDRF1"
0.855468453663906,-0.185183711896364,0.039,0.031,1,"L3MBTL1"
0.855473968030797,0.842654421581555,0.017,0.008,1,"PHLDA1"
0.856272485470929,0.155456403605157,0.051,0.036,1,"U2AF2"
0.856348329112583,-0.566274121601817,0.013,0.018,1,"LINC02340"
0.856477106521064,-0.127046876671072,0.053,0.053,1,"TTC8"
0.856516274051823,0.256647922781344,0.016,0.012,1,"AC004943.2"
0.856970109210518,-0.454373783766347,0.019,0.021,1,"PTCHD1-AS"
0.857057465697236,-0.771775996389325,0.023,0.032,1,"TREML1"
0.857129395546332,-0.679561967806034,0.006,0.01,1,"IQCH"
0.857523731589806,0.182294293012827,0.013,0.007,1,"IL18BP"
0.857904231462642,-0.71906201790308,0.015,0.018,1,"BEND6"
0.858303151976232,-0.565213914553177,0.01,0.014,1,"AC019257.8"
0.858541013264189,0.580814401633231,0.011,0.005,1,"PNP"
0.858659122479082,0.195577326966917,0.01,0.005,1,"SDK2"
0.858721407161846,-0.103181082482762,0.053,0.05,1,"FAM149B1"
0.859338820022873,0.774617683485572,0.011,0.003,1,"PRRT3-AS1"
0.859438310563921,-1.66570241429549,0.005,0.012,1,"LINC00607"
0.860357443248825,-0.493445302926707,0.014,0.014,1,"TMEM67"
0.860396589565604,1.24561624908783,0.014,0.006,1,"DLL1"
0.860517231000544,0.355464156126317,0.02,0.014,1,"ASF1A"
0.860530504749939,0.398075051789976,0.011,0.008,1,"PTCH2"
0.860598341116176,0.737181037766666,0.029,0.018,1,"PHB"
0.860798736349749,0.304897853044025,0.032,0.024,1,"GPAM"
0.861286913904381,-0.602298878652566,0.03,0.041,1,"KCNMB3"
0.861294960545469,-0.170671322675286,0.075,0.071,1,"GTF2H1"
0.861299663816533,0.463855663741716,0.034,0.021,1,"AK6"
0.861465177993427,0.574220718008497,0.047,0.025,1,"GXYLT2"
0.861521417343161,-0.706756015571456,0.015,0.022,1,"RGS11"
0.861679787570763,0.236036326334342,0.014,0.011,1,"AP000766.1"
0.861993544777395,-0.360182748283899,0.017,0.02,1,"URB2"
0.862047950092684,0.380211639326348,0.022,0.016,1,"TRIL"
0.86261916740586,-0.176497794418561,0.023,0.02,1,"SHANK3"
0.862641772191897,-0.299828484924218,0.053,0.06,1,"ELOVL7"
0.862789191963831,0.199088484999116,0.017,0.014,1,"NRG2"
0.862942211295418,-0.132810328159852,0.07,0.058,1,"TMEM192"
0.863427170625421,-0.388905996359282,0.018,0.02,1,"PROCR"
0.864019665999551,0.136313305588475,0.024,0.018,1,"SOX10"
0.864078814566429,-0.174084943414516,0.013,0.01,1,"NIF3L1"
0.86412269770971,-0.243442692369618,0.015,0.016,1,"ELP5"
0.864186939136074,-0.386338804925002,0.014,0.014,1,"AC231533.1"
0.864468143797932,-0.344924835983195,0.032,0.033,1,"SLC35A5"
0.864993281938002,0.583114000771336,0.094,0.063,1,"TLR7"
0.86554642898725,1.3289332554995,0.011,0.003,1,"ZCCHC12"
0.865601478353073,-0.156512247762084,0.037,0.033,1,"CEP41"
0.865693341740722,-0.153310099294477,0.045,0.047,1,"SLC7A6OS"
0.865936024330388,-0.271625573993339,0.029,0.027,1,"RAI14"
0.865973615236019,-0.812357198966331,0.009,0.011,1,"AL080317.3"
0.866025357307937,0.196355186944768,0.081,0.069,1,"NOD1"
0.866196069844763,-0.104685518554163,0.058,0.055,1,"SDC3"
0.866233557801129,0.100950919053163,0.023,0.024,1,"TXNRD2"
0.866639712351031,-0.422374993542852,0.035,0.035,1,"KATNA1"
0.866903888673783,0.115118421306507,0.019,0.018,1,"IL20RB"
0.86692255329406,-0.607030687382719,0.038,0.045,1,"CEP164"
0.866965874359417,-0.599727011917796,0.013,0.016,1,"GIMAP6"
0.867157664428496,-0.308806639911929,0.073,0.08,1,"MAP3K11"
0.867340010909485,-0.667002723308197,0.009,0.011,1,"THOC6"
0.867392684389852,-0.328055113726576,0.032,0.036,1,"PDCL"
0.867695048720996,0.302020077355579,0.01,0.006,1,"AC073283.3"
0.867827855529025,-1.33239047516009,0.012,0.025,1,"CRYBG1"
0.868299387215982,0.676983625083659,0.018,0.012,1,"BCL9"
0.868476720879621,-0.169156733749771,0.041,0.035,1,"NDUFB6"
0.868672264922119,-0.719844448726947,0.027,0.029,1,"NRAS"
0.868759213403877,-0.2714090257732,0.107,0.115,1,"TAF2"
0.869348156093108,-0.324004849915863,0.118,0.128,1,"WDR43"
0.869383202460605,0.181263766344614,0.054,0.039,1,"ALDH3A2"
0.869399395076295,0.47025407888404,0.027,0.016,1,"ERRFI1"
0.869450484406627,0.715321335853822,0.013,0.005,1,"AP002954.1"
0.869684126942281,0.118092862002787,0.01,0.012,1,"CHODL"
0.869690085036503,0.218160406548404,0.012,0.012,1,"PDE8B"
0.869702009169379,-0.146790359365581,0.016,0.016,1,"TCEANC"
0.869898632088915,0.118113197679115,0.065,0.051,1,"CSNK1E"
0.870203498744239,0.110874930339436,0.013,0.014,1,"CCDC61"
0.870390562340816,0.161629435311309,0.047,0.037,1,"FUT11"
0.870477575635433,-0.1900773754566,0.051,0.051,1,"TNFSF8"
0.870914112900888,0.614815221196595,0.034,0.013,1,"LMO1"
0.870974038779131,-0.251101339885929,0.033,0.03,1,"COX11"
0.871014582039493,-0.761806861892213,0.013,0.014,1,"TMIGD2"
0.871682861984101,-0.547074694646694,0.012,0.014,1,"CCDC115"
0.872023597014392,0.1356293484164,0.024,0.014,1,"AIP"
0.872053079602265,-1.12845436256043,0.011,0.019,1,"ZNF45"
0.872197156292199,1.03131871093503,0.02,0.01,1,"USE1"
0.872677456963579,-0.17401193751453,0.046,0.044,1,"EHMT2"
0.872819021004142,-0.682554987595225,0.009,0.012,1,"CSPG4"
0.872903138565262,-0.169324664515488,0.01,0.007,1,"AC137770.1"
0.872957085867705,-0.298804638908055,0.021,0.024,1,"IPP"
0.873376166232103,-0.499905241670651,0.02,0.018,1,"POLDIP2"
0.873383320498342,-0.352337712492155,0.024,0.024,1,"RRM1"
0.87338468741419,-0.412638389412405,0.039,0.052,1,"AC024084.1"
0.873527760937105,-0.323322930109124,0.038,0.037,1,"TOX4"
0.873811357493994,0.849763566368586,0.045,0.023,1,"TMTC1"
0.874296205245425,2.5985719659535,0.112,0.026,1,"BAG3"
0.874694770668344,-1.02428029815046,0.007,0.012,1,"NME9"
0.875787112598094,0.424513768103917,0.038,0.026,1,"CAT"
0.876303588623589,-0.307451762585365,0.009,0.012,1,"COQ6"
0.87666599669343,0.576951541303286,0.014,0.008,1,"PAF1"
0.878574417777541,-0.234070952467034,0.015,0.013,1,"AC130324.2"
0.878575351956044,-0.737974945079246,0.038,0.047,1,"RGS16"
0.879127074312895,-0.245216214897738,0.012,0.009,1,"SRCAP"
0.879397604721569,-0.201116128598182,0.062,0.064,1,"SLC22A15"
0.879418612462091,-0.635993079907692,0.019,0.028,1,"IFI6"
0.880145246243268,0.387123126526776,0.011,0.007,1,"ZBED3"
0.880272403320744,0.828340440114816,0.031,0.019,1,"SLC41A2"
0.880482782209795,0.172349108662044,0.059,0.045,1,"THOC7"
0.880573370387411,-0.459241792774191,0.01,0.014,1,"AL359265.3"
0.881935656752692,6.35436444308137,0.108,0.005,1,"HCRT"
0.881939136704647,-0.410515065839766,0.028,0.03,1,"TBC1D25"
0.882042834522681,-1.15676881932911,0.012,0.024,1,"APLNR"
0.882230824520361,-0.832306424785061,0.01,0.012,1,"HHIPL1"
0.882260836377391,0.393762339671756,0.015,0.012,1,"FAM32A"
0.882754573315298,-0.160432817137772,0.039,0.039,1,"UBAP1L"
0.882811708684485,0.442043984206164,0.07,0.041,1,"MZT2B"
0.883695797920209,-0.244958764294258,0.016,0.018,1,"IKZF4"
0.883788645975486,0.548201025574037,0.015,0.007,1,"MZF1-AS1"
0.884118840088723,-0.377721216372612,0.008,0.01,1,"NEURL1"
0.884360364819554,0.31970957490887,0.252,0.188,1,"PAK1"
0.884370267609056,-0.47589170234497,0.013,0.015,1,"AC002480.3"
0.884418524582681,-1.00612281500404,0.023,0.037,1,"HOTAIRM1"
0.884806784758818,-0.95980619732154,0.007,0.01,1,"AC103409.1"
0.885145605261057,0.15879609156716,0.01,0.007,1,"C7orf61"
0.885229294180319,0.217358198178629,0.02,0.017,1,"POLE4"
0.885260013865386,-0.95077898887308,0.009,0.013,1,"ZNF613"
0.885899770439526,-1.19614519514788,0.012,0.017,1,"ZNF16"
0.886753546066116,-0.25774999290099,0.027,0.026,1,"SAP30L"
0.886840856337117,0.72146477572118,0.01,0.006,1,"LINC02482"
0.887197009664446,1.51482030520968,0.069,0.021,1,"KDM5D"
0.887295192542931,0.453961729543364,0.013,0.008,1,"ADCY6"
0.887408700911463,0.821191438707073,0.012,0.007,1,"ESS2"
0.887651998407824,0.130667558608635,0.099,0.083,1,"TBRG1"
0.887797127465838,0.216656781109545,0.01,0.008,1,"ZNF426"
0.887856220565128,-0.32672597868216,0.019,0.018,1,"ZNF674"
0.888160202838072,0.624604678104092,0.03,0.02,1,"NUDT16L1"
0.888304687113679,-0.294420061301739,0.01,0.008,1,"SERTAD3"
0.88837051121562,-0.428140753478395,0.043,0.045,1,"RRAGC"
0.888638957012448,-0.179566684298132,0.027,0.024,1,"LRRC8D"
0.889089769055709,-0.141039602250919,0.023,0.022,1,"ZNF227"
0.889227692854584,-0.209438456755293,0.05,0.047,1,"LINC00630"
0.889752098433068,-0.290846299615138,0.079,0.086,1,"NALCN"
0.889766386607639,0.540438498973193,0.015,0.01,1,"FITM2"
0.88981461898491,-0.716520581548779,0.009,0.014,1,"AC002480.2"
0.890195355284354,0.242574312927905,0.021,0.014,1,"LRRC75A"
0.890234818824972,2.38286287353445,0.011,0.001,1,"AC093151.3"
0.890401333103278,-0.584396225838382,0.036,0.043,1,"SAMD9"
0.891089045488834,0.476596875314878,0.028,0.02,1,"PRIM1"
0.891948247798619,-0.468741326431249,0.011,0.013,1,"RADIL"
0.892270155858696,-0.611521372085966,0.032,0.036,1,"DRG2"
0.89242351589928,-0.33487026001674,0.027,0.029,1,"FAM8A1"
0.892431174060813,0.173966673355548,0.012,0.009,1,"PPP1R16A"
0.892501746822452,-0.410341453730051,0.008,0.012,1,"PNMT"
0.892978865168998,0.105385249388651,0.067,0.056,1,"NRBP1"
0.893248520923486,0.159986553254851,0.071,0.059,1,"APLF"
0.893857180548145,0.334575112302859,0.016,0.013,1,"TMEM202-AS1"
0.894024003398702,0.245558753041753,0.235,0.173,1,"SEPT6"
0.894189556676768,0.454133140986332,0.018,0.01,1,"AC012150.2"
0.89436898354628,-0.188958884972769,0.039,0.033,1,"AC116667.1"
0.894715288796094,-0.305922459646845,0.011,0.008,1,"LINC01515"
0.894981897528753,-0.269453044524875,0.016,0.018,1,"RNFT2"
0.896604788614291,-0.499853043887225,0.039,0.048,1,"SARM1"
0.897029812134138,-0.304076069994359,0.012,0.016,1,"ZNF512B"
0.89723692666306,-1.69423549117629,0.007,0.014,1,"LINC00923"
0.897569637755687,-1.20840195967023,0.011,0.016,1,"FAM161A"
0.898236615115045,0.101152543726638,0.01,0.008,1,"AL121760.1"
0.898461719991028,0.497927107385096,0.159,0.104,1,"RASGRP3"
0.898500399341742,-0.174348490300589,0.038,0.035,1,"EIF3D"
0.898825606594909,0.351709580194401,0.125,0.081,1,"FMR1"
0.899135203066597,0.34391527847522,0.046,0.035,1,"AP1G2"
0.899638757761499,0.561658644587214,0.024,0.016,1,"SNRPC"
0.900382111089946,0.610260224733981,0.011,0.006,1,"ARFIP2"
0.900678831070917,1.61502533053115,0.386,0.118,1,"UTY"
0.900776233396289,0.194190749789519,0.019,0.017,1,"MBLAC2"
0.900816513053096,0.452848844614278,0.011,0.007,1,"ZNF473"
0.901200057458256,0.450610612048706,0.01,0.005,1,"PAXIP1-AS1"
0.901504090340381,0.111916948459163,0.009,0.012,1,"SERPINB8"
0.901872802772569,0.255364651399837,0.037,0.029,1,"RTRAF"
0.902039499572404,0.165521805934747,0.046,0.035,1,"OARD1"
0.902121737402855,-0.253083870293249,0.015,0.016,1,"TM2D2"
0.902403465071433,-0.157609162141593,0.111,0.098,1,"SLC17A5"
0.902815921628422,-1.02239463894252,0.009,0.015,1,"TMEM86B"
0.903404436012363,-1.84059080905639,0.005,0.012,1,"SLC49A3"
0.903676651903533,-0.76612902300111,0.033,0.045,1,"ZNF140"
0.903732537354156,-0.118292404643147,0.026,0.026,1,"FAM227B"
0.904225886864308,0.194439893103527,0.081,0.054,1,"HDX"
0.904236321914252,-0.102537083976543,0.032,0.029,1,"MFSD4B"
0.904261248309996,-1.15972431618002,0.024,0.042,1,"PDE7B"
0.904337354205461,1.46267309551888,0.015,0.006,1,"ANKRD7"
0.904378075745176,0.133924434585694,0.024,0.022,1,"INTS14"
0.905183787852939,0.7066727526427,0.034,0.019,1,"EGLN3"
0.905340985302945,-0.886590963174208,0.007,0.01,1,"MEX3D"
0.905784934688249,-0.306770699326789,0.011,0.01,1,"RTL6"
0.905906811757767,-0.262415556481628,0.015,0.014,1,"TFIP11"
0.905933162314784,0.325256798188841,0.011,0.009,1,"ZNF71"
0.906923276419184,0.177299662797637,0.022,0.018,1,"TSR2"
0.907002441533831,-0.176045136805127,0.032,0.034,1,"RUNDC3A"
0.907159876593134,0.454689678978263,0.029,0.019,1,"BOD1"
0.90726959298616,-0.284085999941495,0.034,0.04,1,"NCLN"
0.907273404349149,0.430469938862028,0.011,0.008,1,"IFI27"
0.907479905495243,0.819004143407466,0.014,0.007,1,"TMEM136"
0.907528787822548,-0.305460436577556,0.031,0.027,1,"ITGAE"
0.908155307424692,0.288344398427225,0.016,0.012,1,"TRADD"
0.909326132903666,-0.372076085950368,0.039,0.039,1,"TBC1D10B"
0.909648950216292,-0.153340908635173,0.016,0.011,1,"ZNF830"
0.909784999102281,0.333944138227846,0.03,0.027,1,"LINC01301"
0.909851198012107,-0.3317085668346,0.018,0.02,1,"NRSN2-AS1"
0.911368758585688,-0.286195341813018,0.182,0.203,1,"TTLL7"
0.912795396663796,0.197604264969979,0.021,0.015,1,"COIL"
0.913106999478762,-0.17483226668993,0.024,0.022,1,"MHENCR"
0.913661948914577,-0.518412240073837,0.024,0.031,1,"VPS18"
0.913905020195622,0.827085889863723,0.027,0.009,1,"PER2"
0.914436978188593,0.751670911557024,0.01,0.007,1,"WDR83"
0.914459724911294,0.395457018100588,0.016,0.012,1,"GRPEL1"
0.91488548730849,0.623264790834412,0.027,0.023,1,"YJEFN3"
0.915666388548658,-0.327984267024115,0.018,0.019,1,"AC083798.2"
0.915699225525556,-0.208485258307925,0.031,0.034,1,"COPS7A"
0.91590791262346,-0.821067016164273,0.01,0.016,1,"ARHGEF28"
0.916080590351683,-0.269080039273604,0.059,0.069,1,"UTP20"
0.916829745884044,0.109589482512493,0.011,0.012,1,"QPCTL"
0.917147534463333,-0.74243893950864,0.017,0.024,1,"C17orf80"
0.917469479146479,0.170863368681682,0.07,0.058,1,"CEBPZOS"
0.917600900117994,-0.139368343988049,0.01,0.009,1,"AC097460.1"
0.917904391928897,0.332057633135791,0.08,0.06,1,"AC078881.1"
0.918241454561679,0.564014367151445,0.01,0.005,1,"KCNIP3"
0.918337716935139,-0.838995308245411,0.006,0.01,1,"AC107032.2"
0.919032117590205,-0.370064870044181,0.019,0.021,1,"TMEM185A"
0.919127227818153,-1.03289235568979,0.01,0.012,1,"AL357992.1"
0.919621119155536,0.901434635194511,0.011,0.006,1,"FAM229A"
0.919777949759346,-0.108811525597159,0.03,0.031,1,"PITRM1"
0.919820483209267,-0.933107208653745,0.01,0.012,1,"WDR92"
0.919942197626318,-1.36968951072124,0.013,0.024,1,"FAHD2B"
0.920366687778122,0.380150994716636,0.047,0.026,1,"MAP2K3"
0.920422581283009,0.381768836221208,0.01,0.008,1,"FAM184B"
0.920473356722125,-0.29888800123471,0.011,0.011,1,"HNRNPA1P48"
0.921267033281683,0.107846868236856,0.024,0.019,1,"CD180"
0.921468305416028,-0.177130509951738,0.011,0.011,1,"TIMD4"
0.921624704783874,0.522494065892797,0.031,0.019,1,"CBFA2T3"
0.92196555612006,-0.472505103264663,0.021,0.022,1,"EIF3I"
0.921970134139836,-0.46494471441613,0.018,0.025,1,"WDR11-AS1"
0.922241338754006,0.210627788470088,0.01,0.008,1,"LAMC1"
0.922587968286516,-0.454829522586623,0.024,0.03,1,"NOP14"
0.923047690331271,-0.413012316291638,0.028,0.036,1,"TMEM178B"
0.923091666846631,-0.393748740222997,0.081,0.09,1,"GCLC"
0.923635657604561,-0.114919794075371,0.011,0.009,1,"KTN1-AS1"
0.923709847207259,0.975960460295242,0.012,0.006,1,"AC091057.2"
0.923745151671649,-0.127094840009345,0.036,0.03,1,"GOLGA8N"
0.924030762580029,-0.233981491310757,0.011,0.011,1,"NPR2"
0.924046593024182,-0.17980122012506,0.013,0.014,1,"LINC00571"
0.924363386851713,0.569105071376446,0.016,0.01,1,"AC025164.1"
0.924683746747919,-0.483402115371215,0.01,0.012,1,"ZNF689"
0.924753026630341,-0.641919188048814,0.028,0.039,1,"KIAA2013"
0.924933959113353,-0.566723631844677,0.029,0.034,1,"FBXO46"
0.925319925287414,-0.149632088474996,0.031,0.028,1,"INTS12"
0.925400047778714,-0.371340536257473,0.011,0.012,1,"ELMO1-AS1"
0.925991826227574,-0.630256211054966,0.009,0.012,1,"PTPN21"
0.926510555654621,-0.66051132803122,0.017,0.026,1,"AL359710.1"
0.926669191257508,-0.246736091113701,0.015,0.014,1,"IL1A"
0.927667922130559,-0.183116355974851,0.012,0.011,1,"TOR1A"
0.927703334241063,0.59255281149617,0.027,0.016,1,"AL356417.3"
0.927878514658994,0.114942468189191,0.01,0.009,1,"CACTIN"
0.927886686091766,0.671198699648357,0.028,0.016,1,"AC099518.3"
0.928024009872037,-0.985312309190331,0.011,0.017,1,"POLE3"
0.92819173041605,0.351119390990894,0.088,0.068,1,"SMARCC2"
0.928990213470573,-0.136869915759268,0.015,0.013,1,"OLIG2"
0.929117002037557,0.213736377741491,0.05,0.039,1,"AURKAIP1"
0.929207240578473,0.440407309984637,0.016,0.012,1,"ZNF18"
0.929315763758186,-0.215650250190064,0.029,0.028,1,"ZNF672"
0.929639797590538,0.83823251164603,0.036,0.018,1,"PKDCC"
0.929657987402172,-0.36982883033749,0.042,0.041,1,"TBC1D17"
0.929758171156231,-0.502991407602035,0.018,0.02,1,"TEX9"
0.930016365746728,0.234281135955902,0.035,0.026,1,"MTRF1"
0.930727643674366,0.230819442049766,0.01,0.009,1,"ZBTB47"
0.932393394515304,0.801845389290431,0.093,0.052,1,"CCDC30"
0.932723764734672,0.47491156323442,0.011,0.007,1,"SLC25A14"
0.933432336022131,0.467113085453094,0.057,0.032,1,"PLS1"
0.933466950026324,-0.163879148308891,0.013,0.009,1,"C14orf119"
0.934414366628093,0.378843565489631,0.011,0.009,1,"CACNA1E"
0.9346190260853,0.269474222329891,0.062,0.041,1,"PCID2"
0.934799816189419,-0.555134803679992,0.022,0.027,1,"DNAAF5"
0.934970935663506,-0.159836795187683,0.079,0.087,1,"LIMK1"
0.935285276982728,-0.362626427528843,0.052,0.049,1,"MCPH1-AS1"
0.935691417363407,-0.952587278168346,0.006,0.012,1,"AC073389.2"
0.935711015614631,-0.55756331123313,0.01,0.011,1,"SLC52A2"
0.93581388320783,0.338195803979767,0.055,0.037,1,"TUBB2B"
0.935981314898301,-0.161778306747454,0.018,0.015,1,"RNF139"
0.93634527004848,-0.200262094192163,0.026,0.023,1,"SIRT5"
0.936460821824638,0.182174279878178,0.141,0.111,1,"TUBGCP3"
0.936476818428994,0.682223671383561,0.014,0.009,1,"CYP2S1"
0.936850692614148,0.233051569136362,0.026,0.017,1,"POMK"
0.938467873816,-1.13763523615434,0.011,0.018,1,"SDSL"
0.93863913890976,1.0085184910689,0.01,0.006,1,"CDON"
0.939191771284691,0.223592017096682,0.014,0.012,1,"FAM53A"
0.939951785053366,-0.477229973563981,0.019,0.018,1,"MLX"
0.940040312383925,0.621805383320286,0.011,0.007,1,"AC007106.1"
0.940077374702758,-0.857916110722265,0.065,0.098,1,"STAT1"
0.940080051871052,-1.08689293698921,0.01,0.018,1,"ARMCX5"
0.940308699907105,0.833828723654974,0.016,0.007,1,"BPGM"
0.940366979732629,0.641788475354302,0.01,0.005,1,"POP4"
0.940413668577285,-0.374810919054673,0.021,0.031,1,"AL359232.1"
0.940952907249856,-0.149479471707357,0.025,0.024,1,"ZNF354C"
0.940991494327476,-0.232944753501919,0.011,0.009,1,"MATK"
0.941564221777978,-0.45459312301363,0.013,0.018,1,"AJAP1"
0.941586127985679,0.380911708919834,0.05,0.039,1,"CC2D1A"
0.941988061150119,0.107301018497907,0.02,0.015,1,"AL683807.1"
0.942533075248534,-0.673235163675822,0.007,0.011,1,"HFE"
0.942808146636986,-0.614944775021648,0.024,0.038,1,"LY6E"
0.943673345118983,0.104954111432238,0.035,0.031,1,"EDEM2"
0.943965712928132,-0.471607851537885,0.02,0.022,1,"CXorf56"
0.944273071968093,0.597656677599024,0.128,0.078,1,"SFXN5"
0.944567969888652,-0.293945761866653,0.011,0.011,1,"SEPT1"
0.944880451702228,0.174570735903675,0.093,0.071,1,"HACD3"
0.944927838386584,-0.467804865764112,0.026,0.033,1,"ZNF28"
0.944943502894851,0.46674270885093,0.01,0.009,1,"WDR76"
0.945341578889082,-0.469204161327266,0.019,0.025,1,"C12orf66"
0.946319695003994,-0.293724986873722,0.018,0.017,1,"CDC34"
0.946383267029348,-0.189355653391391,0.022,0.026,1,"CCDC122"
0.946867192300845,-0.29902718892373,0.01,0.008,1,"ZXDB"
0.947032185393714,-0.465855957905969,0.056,0.054,1,"SLC6A8"
0.947325216536964,-0.346305574023384,0.015,0.014,1,"ZSCAN29"
0.947477422283544,-0.285846386900822,0.039,0.04,1,"PPP1R16B"
0.947678540260742,-0.811955307073756,0.009,0.016,1,"AL162586.1"
0.947903333245396,-0.741205807362806,0.015,0.021,1,"TRMO"
0.948012968912985,-0.165543358112068,0.039,0.036,1,"TECPR1"
0.948589419478412,0.378855003932819,0.036,0.026,1,"EZH2"
0.948772084191544,-0.12894212472308,0.05,0.044,1,"FAM98B"
0.948869489021089,-0.260235027432798,0.018,0.02,1,"GMPPA"
0.949278693486987,-0.146919720699107,0.052,0.048,1,"IFT43"
0.949548614630834,0.316400600850213,0.032,0.019,1,"AGAP9"
0.949644792936748,0.1480820804182,0.021,0.013,1,"AL021368.2"
0.949704432106353,0.528431997514072,0.023,0.016,1,"MRI1"
0.949794125411251,0.511457608931683,0.016,0.009,1,"MRPL23"
0.950645456205523,0.527889832782614,0.012,0.007,1,"USP19"
0.950865901539101,0.464266363748782,0.021,0.014,1,"DDX54"
0.951288856444831,-0.287503119770632,0.111,0.112,1,"SELENOT"
0.951393311616329,0.16880656227514,0.073,0.052,1,"DCAF17"
0.951447743298914,-0.223888286359911,0.076,0.077,1,"RPL27"
0.951685889690082,-0.141959595841289,0.015,0.014,1,"C22orf46"
0.951771124435441,-0.19961147673161,0.024,0.02,1,"SFXN3"
0.952843316848912,-0.657227862232034,0.028,0.034,1,"CCDC191"
0.952936939451946,0.318901675572842,0.018,0.013,1,"TUBG2"
0.953294358375226,0.176972026409944,0.032,0.03,1,"ENTPD5"
0.953386579155201,0.692800201323977,0.013,0.009,1,"ALG12"
0.953599872172731,0.525140674486656,0.112,0.065,1,"AC008105.3"
0.953883256974827,-0.136074670325388,0.015,0.013,1,"HPCAL4"
0.954276350786447,-0.408726822676059,0.065,0.075,1,"PYGB"
0.954520635060413,1.00590725713991,0.085,0.039,1,"C17orf67"
0.955184308242217,-0.242668591546498,0.016,0.015,1,"FAM117A"
0.955323666472606,-0.264497471486263,0.011,0.012,1,"CCDC15"
0.955551010807845,-0.291311202731068,0.023,0.02,1,"ADGRA3"
0.956224358585855,-0.640203872746327,0.048,0.062,1,"ZNF133"
0.95629181527297,-0.973729673139572,0.008,0.015,1,"AL160313.1"
0.957070199545348,-0.412083078245386,0.028,0.029,1,"DNAJC27"
0.957407736941954,-0.326502357967321,0.011,0.011,1,"ADGRE3"
0.957408206354888,-0.228770198596129,0.033,0.031,1,"SDC4"
0.957770981542681,-0.132562830214658,0.023,0.024,1,"NOXA1"
0.958373560922903,-0.942056694624131,0.009,0.019,1,"ADGRE1"
0.958478652829241,-0.371744475026271,0.016,0.017,1,"ANKRD9"
0.958555402351681,0.689192388110051,0.021,0.014,1,"AL356124.1"
0.959768575146316,-1.28312062924648,0.097,0.22,1,"HBA2"
0.960121465535627,-0.389198216359401,0.012,0.014,1,"ASPDH"
0.960928948326251,-0.282745829490413,0.01,0.01,1,"AC011330.3"
0.961077813065273,0.524744771584662,0.018,0.008,1,"GDF11"
0.961171143305753,0.277235401165223,0.013,0.01,1,"FANK1"
0.961322102589279,-0.684040186169631,0.011,0.016,1,"SLC24A1"
0.961407186125575,0.369750910068015,0.013,0.008,1,"SLC25A38"
0.961636360937525,-1.62827198919285,0.007,0.016,1,"MORN4"
0.961882924211256,-0.227483943881512,0.01,0.009,1,"AC087294.1"
0.961910209239822,0.831026464836322,0.01,0.005,1,"AL445426.1"
0.962216446577828,0.887913989782663,0.013,0.007,1,"KIAA1549L"
0.962249370354947,-0.609180091571909,0.009,0.01,1,"RHOJ"
0.962805449216044,-0.479942367285856,0.042,0.044,1,"KDELR1"
0.963103720000433,-0.594675379165076,0.01,0.013,1,"PLCH1"
0.963254596018968,-0.404492798826352,0.009,0.011,1,"AP000763.3"
0.963260069916995,1.0010447800342,0.022,0.012,1,"TIMM21"
0.963956084283455,0.262168408771217,0.036,0.024,1,"EMP3"
0.964581734167807,-0.497334924666598,0.02,0.024,1,"AVIL"
0.96465770053407,-0.627750399987103,0.094,0.135,1,"DMD"
0.965067180641351,0.328177020392196,0.076,0.062,1,"PDZD2"
0.96522410770295,0.586573082041197,0.022,0.015,1,"FXYD1"
0.965292805257622,0.692563472327262,0.012,0.007,1,"TRIM47"
0.96545808100365,-0.455715650311318,0.041,0.043,1,"SLC35B3"
0.965673143821658,0.419088203199356,0.037,0.028,1,"PTPRF"
0.966189178365236,-0.987902387977099,0.007,0.011,1,"SEMA4F"
0.966629093883143,-0.12391522311295,0.011,0.009,1,"TAF5"
0.966877424558249,0.192136572908732,0.012,0.007,1,"USP6"
0.967480595044878,0.214400660562009,0.013,0.012,1,"GMPR"
0.96769805199708,-0.444778260296038,0.034,0.04,1,"AC093157.1"
0.967784019171649,0.664969055115548,0.011,0.006,1,"AL160290.2"
0.967932971999567,-0.13874725656477,0.033,0.032,1,"CLK2"
0.968221526597255,0.318397046437704,0.02,0.017,1,"AC108488.2"
0.968430090198164,0.114631335550959,0.082,0.065,1,"KCTD3"
0.968474977177155,-0.182038479078176,0.018,0.02,1,"GRIK4"
0.968919275987285,0.355746909147189,0.023,0.016,1,"DBF4B"
0.968962343103032,0.724352413684138,0.032,0.018,1,"MRC1"
0.969148910109915,-0.139120180085197,0.075,0.068,1,"AREL1"
0.969380272985564,-0.268543663490103,0.029,0.025,1,"FAM156A"
0.970074304938135,0.317054818133361,0.015,0.012,1,"ZNF814"
0.970901243704977,0.309045031461994,0.032,0.022,1,"ANKRA2"
0.970973721121828,-0.831114478703947,0.013,0.022,1,"LINC01358"
0.971436403414055,0.443197269409414,0.012,0.008,1,"MOSPD1"
0.972167934963784,0.60250746866909,0.025,0.01,1,"NR4A1"
0.972292132409798,0.319285284047767,0.016,0.012,1,"ATG2A"
0.972439654151933,0.253381609036485,0.06,0.042,1,"NELFA"
0.972498008273197,-0.614664343063054,0.01,0.016,1,"FRK"
0.972505267579593,-0.298591834257431,0.068,0.071,1,"ENHO"
0.973120705919159,0.450658664984773,0.013,0.01,1,"MAST1"
0.973339053291492,0.835137209622526,0.026,0.014,1,"KLRG1"
0.973678910525992,-0.857895876367712,0.008,0.016,1,"AC021504.1"
0.97370772695122,0.277552162802254,0.019,0.015,1,"FAM129B"
0.974204372621287,-0.145390333338588,0.051,0.045,1,"CAMKK1"
0.974405846020059,-0.540469214305026,0.013,0.014,1,"SDHAF4"
0.974785561944525,-0.139473629387485,0.128,0.133,1,"LINC02391"
0.974856730307231,-0.499105744351052,0.017,0.023,1,"OPALIN"
0.974988581427427,-0.381160277274922,0.053,0.057,1,"ALKBH1"
0.97519062465471,-0.393231817061788,0.046,0.037,1,"TIMP3"
0.975532402300289,-0.192972905112097,0.028,0.029,1,"CDH11"
0.975610340818785,-0.249560605012931,0.058,0.061,1,"PTS"
0.975721160158004,-0.172403376291729,0.013,0.014,1,"SSH3"
0.97586613162346,-0.540864504860886,0.017,0.018,1,"MAGED2"
0.976151802247674,0.518322685049169,0.021,0.012,1,"IFIT5"
0.976503517170127,1.19489628795113,0.021,0.01,1,"FBL"
0.976817922200962,-0.26869679849819,0.017,0.02,1,"CCNJ"
0.977164461535211,0.457533080628832,0.027,0.016,1,"SCRG1"
0.977391249919016,0.286414269700594,0.042,0.027,1,"SAT2"
0.977535051870603,-0.261619094779791,0.056,0.061,1,"HPSE2"
0.977539871146003,-0.40001760943648,0.012,0.014,1,"TMEM115"
0.977902199613074,-0.124004522978628,0.019,0.019,1,"ATG4A"
0.978576743578152,-0.162307046526047,0.047,0.047,1,"REX1BD"
0.978997824011589,0.135085155038195,0.02,0.016,1,"TEPSIN"
0.979287392398234,-1.10211936286854,0.007,0.012,1,"ZNF485"
0.980232570553896,-0.116118187052884,0.015,0.016,1,"M1AP"
0.981312392943281,-0.826857418172245,0.025,0.033,1,"SMC2"
0.981430319248947,-0.778845382972607,0.01,0.014,1,"PPM1N"
0.981499538701049,-0.133212853960758,0.014,0.012,1,"CHPF2"
0.981877536049347,-0.191288762696668,0.027,0.026,1,"TIMM17A"
0.981925609083879,0.608017546460772,0.014,0.008,1,"TRIP10"
0.9821147684075,-0.451132411019042,0.009,0.011,1,"DHX33"
0.982230004058761,-0.947979684038753,0.008,0.012,1,"PDE6B"
0.982258056514985,-0.305792842399596,0.022,0.019,1,"PSTPIP1"
0.982566746871741,0.104856035979595,0.038,0.033,1,"OXA1L"
0.984234300992719,0.292246710382723,0.022,0.015,1,"WNT5B"
0.984298203141213,-2.12951786287211,0.006,0.018,1,"AC009065.4"
0.984581172289295,-0.536056308591457,0.014,0.018,1,"CPT2"
0.98473255795606,0.128759502342056,0.013,0.009,1,"AC024145.1"
0.984915887628696,0.571545516342084,0.022,0.012,1,"TOP3B"
0.984973099381425,0.200992249046122,0.013,0.01,1,"ZFP1"
0.985039831009172,0.131410492075185,0.022,0.018,1,"YIPF3"
0.985130459294909,1.21901742193738,0.01,0.006,1,"ITGB1-DT"
0.985502693546084,1.25761557451164,0.042,0.016,1,"MPP6"
0.985781354888757,-0.28073765307211,0.012,0.011,1,"ZC3H12B"
0.985968438301007,-0.306125354718705,0.016,0.015,1,"LSM5"
0.985973339100745,0.107981282827625,0.018,0.014,1,"FAM135B"
0.986549130108989,-0.193293535796731,0.042,0.037,1,"ZFYVE27"
0.986633530418011,-0.113353094052538,0.014,0.013,1,"ACAD8"
0.986754328500586,1.80871646759166,0.015,0.005,1,"GABRA3"
0.986854097060888,0.484358197476012,0.01,0.007,1,"AC019131.1"
0.986994791658669,0.655206344657334,0.034,0.016,1,"HCG22"
0.987201642786493,-0.358618659379858,0.065,0.068,1,"TSEN2"
0.98786004178312,-0.646519677578095,0.023,0.034,1,"GRIA3"
0.988304514123934,-0.437348521364051,0.013,0.016,1,"UPP2"
0.988430218959192,0.185439774466665,0.02,0.014,1,"FABP5"
0.989375210750631,-0.730055600352186,0.017,0.02,1,"TSEN54"
0.989656672284795,-0.611725678576307,0.045,0.05,1,"AL137186.2"
0.99085123170483,1.16064084363487,0.032,0.012,1,"LINC01001"
0.990887918069735,0.536842457138061,0.06,0.035,1,"GPAT3"
0.991428294525833,-0.552563768698665,0.013,0.014,1,"THAP9"
0.991454443913497,0.288985539139307,0.065,0.048,1,"ELP1"
0.991717322894001,0.108320735572976,0.039,0.03,1,"ABCC10"
0.991834522364184,0.55726077325962,0.022,0.014,1,"TUBGCP6"
0.992227510907208,0.284407666641005,0.015,0.011,1,"SPATA2"
0.993177913609691,-0.150855432486903,0.034,0.032,1,"EXTL2"
0.994294074995522,-0.307010429100086,0.037,0.037,1,"RCAN3"
0.994686948528814,-0.779344745604684,0.008,0.012,1,"LMCD1"
0.995443176410437,-0.317276388196945,0.052,0.054,1,"TMEM127"
0.995496000790082,0.425261708789899,0.035,0.026,1,"THUMPD3"
0.995950380105005,0.155934147946247,0.036,0.026,1,"C2orf76"
0.996116634723232,-0.534802513368424,0.027,0.035,1,"ZNF546"
0.996173784639452,-0.689909335304751,0.008,0.01,1,"TMEM25"
0.996748586864543,-0.971756954797349,0.007,0.014,1,"MOK"
0.997852989938743,-0.343552449289376,0.037,0.044,1,"SMOC1"
0.998483020280823,-0.814705050802313,0.053,0.072,1,"ENOSF1"
0.999284347425082,-0.116495519489078,0.014,0.012,1,"GLIPR1L2"
0.999303153904375,0.897377783092256,0.01,0.006,1,"TDRD6"
0.999646959126113,-0.368010870000098,0.044,0.048,1,"TP53"
0.999832983011287,0.202410230171397,0.058,0.039,1,"GNA15"
0.999918340110881,-0.245802278684407,0.022,0.022,1,"CD82"
1,1.55936191355911,0.216,0.066,1,"USP9Y"
1,2.13266229296365,0.085,0.015,1,"DDX3Y"
1,0.438737854418185,0.238,0.17,1,"ABCA1"
1,1.40912434800856,0.094,0.038,1,"CACYBP"
1,7.48561940681686,0.052,0.001,1,"PMCH"
1,1.80676766412099,0.063,0.016,1,"TTTY15"
1,-3.79431652033263,0.004,0.049,1,"SLC6A3"
1,2.65791113145595,0.045,0.007,1,"HSPE1-MOB4"
1,0.218135708849111,0.076,0.056,1,"PLEKHA3"
1,1.71773510850653,0.019,0.004,1,"EIF1AY"
1,1.58300719389304,0.018,0.005,1,"HAVCR1"
1,-1.3476365062228,0.013,0.025,1,"CMTM5"
1,-0.658444669444686,0.022,0.033,1,"SLC35G2"
1,1.6590852587118,0.017,0.006,1,"MIR155HG"
1,1.42906426485154,0.016,0.005,1,"AC068768.1"
1,3.28770864233238,0.012,0.001,1,"P4HA2"
1,0.388111859241033,0.028,0.018,1,"GNPDA2"
1,1.16352402038652,0.014,0.004,1,"COL6A1"
1,0.373789743820712,0.027,0.018,1,"LRRC57"
1,1.20837634545791,0.013,0.004,1,"BAIAP2-DT"
1,-0.774154258154375,0.017,0.026,1,"FBXO36"
1,1.33952490681611,0.011,0.003,1,"CCK"
1,0.80455547338972,0.013,0.005,1,"EGR1"
1,1.08524485901059,0.013,0.005,1,"KCNJ14"
1,-1.67626541944263,0.003,0.011,1,"MAFTRR"
1,0.11347286973055,0.016,0.009,1,"ADGRE5"
1,0.818772189930517,0.012,0.005,1,"AL513327.1"
1,-1.30494084896429,0.003,0.01,1,"MDGA1"
1,0.956205169351078,0.012,0.005,1,"TP53TG1"
1,0.528740192906004,0.015,0.008,1,"AC009554.1"
1,1.20337308955176,0.011,0.004,1,"AC145285.2"
1,0.497147961156338,0.017,0.011,1,"CLDN15"
1,-0.980116666600476,0.006,0.012,1,"ADAMTS19"
1,0.932297984834512,0.01,0.004,1,"CCDC81"
1,0.96725918315454,0.01,0.004,1,"ITGA10"
1,1.40592751790817,0.01,0.004,1,"QPCT"
1,0.56008200858845,0.011,0.005,1,"TCEAL5"
1,0.569691661119463,0.014,0.009,1,"AC010642.2"
1,0.222156950171505,0.027,0.022,1,"GEMIN8"
1,0.194698563498327,0.02,0.015,1,"TADA1"
1,1.01046899155422,0.01,0.005,1,"MS4A6E"
1,-0.726461693618524,0.006,0.011,1,"AC011899.2"
1,0.336972048785561,0.012,0.008,1,"CRCP"
1,0.272918034448073,0.021,0.017,1,"LINC00461"
1,0.193107888295573,0.014,0.01,1,"XKR9"
1,0.447051292088607,0.011,0.007,1,"TINCR"
1,-0.792454404207796,0.007,0.01,1,"APLN"
1,0.239987157042629,0.01,0.007,1,"TMEM63C"
1,-1.04872008178212,0.007,0.01,1,"ZNF460-AS1"
1,-0.426775133769133,0.012,0.015,1,"AC008892.1"
1,-0.620943883337897,0.01,0.013,1,"CNTFR"
1,-0.154177759380651,0.018,0.015,1,"GJC2"
1,-0.216428075156359,0.037,0.034,1,"SLC14A1"
1,-0.344313932156603,0.01,0.008,1,"IQCN"
1,-0.142961290671863,0.022,0.02,1,"LGALS3"
1,-0.192824679697243,0.016,0.018,1,"RTN4RL1"
1,-0.136487556121003,0.01,0.009,1,"AC112206.2"
1,-0.5441356783188,0.021,0.02,1,"FAM234A"
1,-0.385670848496131,0.048,0.047,1,"OPTN"
1,0.120593758640941,0.017,0.016,1,"STK32A"
1,-0.371636741445608,0.011,0.011,1,"ERBB3"
